Node,Full_Depth,Max_depth(SWMM),basement flooding
100100,35.0,3.43,0
100200,35.0,6.01,0
100300,35.0,4.52,0
11521,25.5,25.5,1
11523,29.265,29.27,1
11R-2,22.84,0.27,0
11R-3,20.78,0.69,0
11R-4,20.06,0.72,0
11R-5,19.75,0.78,0
11R-6,19.06,0.94,0
11R-7A,18.35,1.05,0
11R-7B,18.35,18.35,1
11R-9,17.97,16.97,1
13,30.829,23.69,1
16475,32.81,13.88,0
16741-1,9.97,23.34,1
16741-2,13.5,4.02,0
16742-1,21.9,97.0,1
1795-11,63.0,80.5,1
1795-12,63.0,80.5,1
1795-13,63.0,80.5,1
19-55,16.6,0.37,0
20310,33.71,29.32,1
20315,23.52,23.52,1
20316,23.18,23.18,1
20317,25.73,23.02,1
20318,29.0,23.0,1
20319,16.0,13.45,1
21285_1_OMID,61.0,0.41,0
21285_2_OMID,37.2,0.27,0
22-55,16.5,0.6,0
23015_2_OMID,23.47,0.25,0
23016_1_OMID,51.01,0.37,0
23091_1_OMID,41.1,0.76,0
23117_OMID,38.2,0.69,0
23118_OMID,27.2,0.36,0
23213_OMID,26.4,0.17,0
23214_OMID,37.2,0.27,0
23901_2_OMID,31.4,0.44,0
26A-55,13.9,0.93,0
2909-03,7.47,0.97,1
29910,7.24,5.01,1
29934,6.91,0.89,1
29942,9.93,9.93,1
29944,8.06,8.06,1
29946,9.19,9.19,1
29948,10.12,10.12,1
29-95,16.5,0.99,0
29950,9.06,9.06,1
29952,10.16,10.16,1
29954,10.87,10.87,1
29958,13.22,13.22,1
29960,13.62,13.62,1
3005,28.86,25.95,1
3205,33.7,33.7,1
3210,38.0,38.02,1
3511,27.58,1.72,0
3512,24.87,1.65,0
3513,21.26,2.8,0
3514,20.98,4.31,0
3516,24.0,7.36,0
3517,22.66,6.03,0
3518,28.0,7.54,0
3521,33.3,6.54,0
35215,35.53,8.76,0
3526,28.62,12.23,0
35263,31.03,4.73,0
3527,36.37,10.23,0
3528,37.95,11.79,0
3528_A,32.98,11.97,0
3529,27.6,13.87,0
3529_A,26.6,14.07,0
3531,35.71,11.97,0
3532,36.62,10.08,0
3533,36.64,8.8,0
3534,29.39,7.57,0
3536,23.98,6.27,0
3537,30.27,5.66,0
3541,31.12,4.92,0
3542,31.03,12.83,0
3544,31.1,4.88,0
35441,24.45,5.73,0
3545,25.13,6.7,0
3546,23.85,6.12,0
3547,32.44,5.51,0
3548,41.13,5.21,0
3549,32.51,8.29,0
3551,27.73,7.26,0
3552,18.35,6.62,0
3553,22.87,6.14,0
35-95,16.4,0.73,0
3600,33.82,20.03,0
36009,29.21,21.83,1
3601,28.0,16.46,0
36011,28.0,16.46,0
36013,28.0,7.66,0
36015,28.0,7.66,0
36017,22.0,0.0,0
36018,22.0,0.0,0
36019,21.0,0.0,0
36020,22.0,0.34,0
37801-01,36.0,1.54,0
37801-02,41.0,1.3,0
43,27.69,16.17,0
5215,26.0,19.64,1
5215-01,89.5,89.47,1
5215-02,89.5,89.47,1
5215-03,89.5,89.47,1
5215-04,89.5,89.47,1
5215-05,89.5,89.47,1
5215-06,89.5,89.47,1
5215-07,89.5,89.47,1
5215-08,89.5,85.75,1
5216,90.5,121.64,1
5217,90.5,124.53,1
5218,90.5,115.29,1
5219,90.5,86.75,1
5219-01,90.5,113.72,1
5219-02,90.5,127.95,1
5219-03,90.5,128.34,1
5219-04,90.5,120.78,1
5220-01,90.5,143.9,1
5220-02,90.5,103.17,1
5726-05,47.5,18.25,0
5731-1,63.0,0.0,0
5731-2,63.0,0.0,0
5731-3,63.0,0.0,0
5731-4,63.0,56.0,1
5732-1,64.0,0.0,0
5732-2,64.0,0.0,0
5732-3,64.0,0.0,0
5732-4,64.0,31.21,0
6015,40.9,40.91,1
6035,47.06,31.37,0
6035-01,39.85,6.74,0
810_OAK,39.41,39.41,1
8DR-10,34.38,34.38,1
8DR-12,35.7,34.4,1
8DR-13,35.2,35.2,1
8DR-15,34.65,34.65,1
8DR-17,34.52,34.52,1
8DR-18,35.52,35.52,1
8DR-19,33.91,33.91,1
8DR-20,34.0,34.0,1
8DR-21,33.0,33.0,1
8DR-22,32.38,32.38,1
8DR-25,34.07,33.34,1
8DR-31,29.93,29.93,1
8DR-32,31.88,31.88,1
8DR-38,28.36,28.36,1
8DR-40,28.43,28.43,1
8DR-41,28.17,28.17,1
8DR-42,28.17,28.17,1
8DR-44,27.94,27.94,1
8DR-44A,27.9,27.9,1
8DR-45,27.85,27.85,1
8DR-46,27.495,27.5,1
8DR-47,31.65,28.07,1
8DR-48,32.15,28.24,1
8DR-49,32.01,28.43,1
8DR-5,37.61,30.13,1
8DR-50,32.66,28.58,1
8DR-51,32.3,28.74,1
8DR-52,33.21,28.88,1
8DR-53,33.44,29.07,1
8DR-54,33.1,29.22,1
8DR-55,33.19,29.35,1
8DR-56,34.2,29.49,1
8DR-57,33.6,29.61,1
8DR-59,32.21,28.55,1
8DR-6,36.15,32.22,1
8DR-60,32.03,28.27,1
8DR-61,32.58,28.06,1
8DR-63,33.2,27.84,1
8DR-64,33.52,27.96,1
8DR-65,34.14,28.41,1
8DR-66,34.97,27.14,1
8DR-67,35.45,26.95,0
8DR-7,35.66,32.34,1
8DR-8,35.05,35.05,1
9MD-10,11.55,11.55,1
9MD-11,12.31,12.31,1
9MD-12,13.07,13.07,1
9MD-13,12.83,11.38,1
9MD-14,12.59,11.41,1
9MD-15,12.35,11.59,1
9MD-16,13.11,11.72,1
9MD-17,12.87,11.84,1
9MD-18,13.13,11.93,1
9MD-19,13.39,12.01,1
9MD-2,10.37,10.37,1
9MD-20,13.15,12.09,1
9MD-21,13.91,12.16,1
9MD-22,12.73,12.2,1
9MD-23,14.09,12.22,1
9MD-24-1A,14.31,12.2,1
9MD-25,18.49,14.09,1
9MD-26,21.86,14.73,1
9MD-29,18.69,16.64,1
9MD-3,10.29,10.29,1
9MD-30,16.71,16.44,1
9MD-31,16.22,16.22,1
9MD-32,17.82,17.29,1
9MD-33,19.28,18.63,1
9MD-34,20.28,19.79,1
9MD-34A,20.0,20.0,1
9MD-34B,20.0,20.0,1
9MD-35,21.32,20.47,1
9MD-35A,21.0,20.81,1
9MD-35B,22.2,20.93,1
9MD-36,23.33,20.94,1
9MD-36A,23.4,20.77,1
9MD-37,23.77,20.68,1
9MD-38,23.0,20.85,1
9MD-38A,23.0,21.15,1
9MD-38B,23.0,21.46,1
9MD-38C,23.5,21.71,1
9MD-39,24.92,21.94,1
9MD-39A,24.5,22.34,1
9MD-4,10.05,10.05,1
9MD-40,24.38,23.69,1
9MD-41,24.62,24.62,1
9MD-42,26.44,26.44,1
9MD-42A,25.3,25.3,1
9MD-43,29.0,29.0,1
9MD-44,30.48,29.88,1
9MD-45,29.32,29.32,1
9MD-46,33.36,33.36,1
9MD-47,33.5,33.5,1
9MD-48,32.42,32.42,1
9MD-49,33.54,33.54,1
9MD-5,10.81,10.81,1
9MD-50,33.78,33.78,1
9MD-51,33.74,33.74,1
9MD-52,33.86,33.86,1
9MD-53,34.41,34.41,1
9MD-6,10.57,10.57,1
9MD-7,10.33,10.33,1
9MD-8,10.09,10.09,1
9MD-9,10.85,10.85,1
AP3421,23.11,11.19,0
AP3422,14.46,0.96,0
BBC010,24.812,24.81,1
BBC010_2,24.812,24.81,1
BBC0C8,26.012,26.01,1
BBC0C8_2,26.012,26.01,1
BBCA10,25.501,25.5,1
BBCA10_2,25.501,25.5,1
BBCA12,24.085,24.09,1
BBCA12_2,24.085,24.09,1
BBCB10,25.494,25.49,1
BBCB10_2,25.494,25.49,1
BBCC10,24.768,24.77,1
BBCC10_2,24.768,24.77,1
BC_EffFG1,25.396,20.94,1
BC_EffSF2,25.507,25.51,1
BEA-10,19.52,19.52,1
BEA-11,19.1,19.1,1
BEA-13,16.93,16.93,1
BEA-14,15.54,15.54,1
BEA-16,14.6,14.6,1
BEA-17,12.78,12.78,1
BEA-19,12.32,12.32,1
BEA-2,22.91,20.35,1
BEA-21,12.9,12.9,1
BEA-23,11.8,11.8,1
BEA-24,14.75,14.75,1
BEA-25,14.2,14.2,1
BEA-26,13.8,13.8,1
BEA-3,20.59,17.97,1
BEA-7,21.21,21.21,1
BEA-8,20.44,20.44,1
BEA-9,19.58,19.58,1
BEA-9MD-1,18.48,16.31,1
BEI-1,16.7,4.81,0
BEI-10,15.36,3.09,0
BEI-10A,17.0,2.97,0
BEI-13,15.65,2.5,0
BEI-14,15.65,2.38,0
BEI-15,16.5,2.23,0
BEI-16,17.31,2.05,0
BEI-17,18.71,1.45,0
BEI-18,18.57,1.32,0
BEI-19,21.42,1.17,0
BEI-2,15.7,12.18,1
BEI-20,22.3,1.06,0
BEI-21,20.3,0.65,0
BEI-22,19.51,0.62,0
BEI-23,19.74,0.62,0
BEI-24,23.5,0.62,0
BEI-25,23.19,0.61,0
BEI-26,19.35,0.26,0
BEI-27,19.06,0.19,0
BEI-28,19.73,0.12,0
BEI-29,19.4,0.08,0
BEI-3,17.7,4.51,0
BEI-3A,18.0,8.03,0
BEI-4,25.5,4.07,0
BEI-4A,26.4,5.71,0
BEI-5,18.3,3.83,0
BEI-5B,23.3,3.74,0
BEI-5C,18.0,6.18,0
BEI-5E,23.6,6.47,0
BEI-6,16.82,3.58,0
BEI-6A,16.5,6.05,0
BEI-7,13.5,3.68,0
BEI-8,16.59,3.36,0
BEI-9,16.47,3.2,0
BEI-BER-2,21.07,2.79,0
BER-1,28.99,0.72,0
BER-10,26.61,0.41,0
BER-11,25.58,0.4,0
BER-12,26.17,0.41,0
BER-13,23.88,0.23,0
BER-14,24.44,0.14,0
BER-15,22.94,0.14,0
BER-16,17.46,0.24,0
BER-16A,22.94,0.0,0
BER-16B,26.63,0.0,0
BER-18,17.89,0.48,0
BER-2,27.07,0.73,0
BER-20,17.71,0.41,0
BER-21,15.71,0.2,0
BER-22,14.82,0.49,0
BER-23,13.64,0.43,0
BER-24,12.04,0.44,0
BER-25,18.5,2.78,0
BER-26,16.3,2.42,0
BER-27,16.59,2.17,0
BER-28,17.21,1.95,0
BER-29,17.38,1.73,0
BER-3,26.46,0.72,0
BER-30,18.0,1.52,0
BER-32,17.71,1.35,0
BER-34,17.69,1.27,0
BER-35,19.3,1.17,0
BER-36,20.64,1.16,0
BER-37,21.81,1.17,0
BER-38,21.68,1.16,0
BER-39,21.43,1.15,0
BER-4_11R-1,25.15,0.8,0
BER-40,20.93,1.17,0
BER-41,21.79,1.16,0
BER-42,22.23,0.92,0
BER-43,22.92,1.03,0
BER-44,23.68,1.03,0
BER-45,24.27,1.06,0
BER-46,24.73,0.99,0
BER-47,24.32,1.01,0
BER-5,23.92,0.64,0
BER-6,23.71,0.44,0
BER-7,23.51,0.41,0
BER-8,25.11,0.41,0
BER-9,26.26,0.41,0
BLAT-1,24.8,14.89,0
BLAT-10,19.19,19.19,1
BLAT-11,17.8,17.8,1
BLAT-12,18.4,13.86,1
BLAT-13,19.07,13.06,1
BLAT-2,23.92,23.92,1
BLAT-3,23.12,18.24,1
BLAT-4,22.0,18.76,1
BLAT-5,20.23,15.99,1
BLAT-6,19.93,15.68,1
BLAT-7,19.96,16.12,1
BLAT-8,20.13,16.04,1
BLAT-9,19.05,15.45,1
BLAT-RED-CON,20.0,15.66,1
BLT137019B,66.32,2.63,0
BluehillDSChamber,33.23,21.09,0
BluehillPS_Div,43.84,47.28,1
BonHeurDischarge1,21.0,0.59,0
BonHeurDischarge2,21.0,0.0,0
BonHeurDischarge3,21.0,0.0,0
BonHeurDischarge4,21.0,0.0,0
BonHeurOutlet1,26.0,1.02,0
BonHeurOutlet2,26.0,1.21,0
BonHeurOutlet3,19.0,1.29,0
BOU-11,26.15,22.92,1
BOU-2,28.0,28.0,1
BOU-4,30.5,30.5,1
BOU-5,29.87,26.36,1
BOU-6,29.1,29.1,1
BOU-7,28.52,28.52,1
BOU-8,26.29,26.29,1
BOU-9,25.65,25.65,1
BRIT-1,16.13,12.38,1
BRIT-2,15.58,15.58,1
BRIT-4,14.5,9.57,1
BypassGateDS,20.5,12.89,1
CCDWMH11,13.8,2.84,0
CCRegulator_DS,30.9,22.07,0
Chamber1,28.75,29.72,1
Chamber13,17.266,7.05,0
Chamber14,17.708,4.76,0
Chamber15,53.43,45.78,1
Chamber16,52.67,46.67,1
Chamber17,22.77,22.77,1
Chamber2,29.52,29.82,1
Chamber23,52.95,31.07,0
Chamber3,21.29,27.71,1
Chamber33,43.37,44.15,1
Chamber4,18.91,27.63,1
Chamber44,10.89,20.34,1
Chamber45,8.4,18.91,1
Chamber46,12.36,15.37,1
Chamber53,30.78,21.13,0
ChapatonIntermediate1,19.75,25.94,1
ChapatonSanitaryDischarge1,59.0,89.0,1
ChapatonSanitaryDischarge2,58.0,81.87,1
ChapatonSanitaryDischarge2A,19.75,49.75,1
ChapatonSanitaryDischarge3,28.5,37.97,1
ChapatonSanitaryDischarge4,19.75,8.46,0
ChapatonStormDischarge1,6.5,0.0,1
ChapatonStormDischarge2,6.5,36.5,1
ChapatonStormDischarge3,6.5,36.5,1
CM1,23.07,2.83,0
CM2,21.42,3.01,0
CM3,34.18,16.69,0
CM4,29.77,14.22,0
CM5,36.23,26.14,0
CON_Discharge10u,60.0,113.82,1
CON_Discharge11u,60.0,160.56,1
CON_Discharge12u,60.0,102.3,1
CON_Discharge1u,60.0,21.52,0
CON_Discharge2u,60.0,61.07,1
CON_Discharge3u,60.0,21.52,0
CON_Discharge4u,60.0,21.52,0
CON_Discharge5u,60.0,60.48,1
CON_Discharge6u,60.0,0.0,0
CON_Discharge7u,60.0,0.0,0
CON_Discharge8u,60.0,0.0,0
CON_Discharge9u,60.0,155.41,1
CON_DischargeD,28.0,20.26,1
CON_DischargeD2,30.8,21.89,0
CON_SanDisChamber,59.0,43.41,0
CUSH-1,16.58,16.58,1
CUSH-3,15.79,8.56,1
DAV-1,28.71,24.55,1
DAV-3,25.63,20.25,1
DAV-4,18.53,18.53,1
DAV-6,17.69,10.3,1
DN1000,10.0,1.13,0
DN100113,50.0,0.24,0
DN100120,50.0,0.46,0
DN100122,50.0,0.31,0
DN100125,50.0,0.18,0
DN100140,50.0,0.0,0
DN100141,50.0,0.41,0
DN100145,50.0,0.23,0
DN100150,50.0,0.49,0
DN1006,15.55,0.06,0
DN1007,16.08,0.07,0
DN1008,17.93,0.07,0
DN100805,50.0,0.05,0
DN100806,50.0,0.48,0
DN100843,50.0,0.82,0
DN100844,50.0,0.63,0
DN100844B,50.0,0.56,0
DN100845,50.0,0.67,0
DN100846,50.0,0.7,0
DN100853,50.0,0.7,0
DN100854,50.0,0.36,0
DN100854B,50.0,0.32,0
DN100855,50.0,0.19,0
DN100856,50.0,0.64,0
DN1009,23.95,0.12,0
DN100906,50.0,1.27,0
DN100910,50.0,1.38,0
DN100915,50.0,1.03,0
DN100918,50.0,0.67,0
DN100920,50.0,0.39,0
DN100925,50.0,0.12,0
DN1009294,50.0,0.17,0
DN1009300,50.0,0.2,0
DN1009301,50.0,0.34,0
DN100935,50.0,0.29,0
DN1009350,50.0,0.17,0
DN1009351,50.0,0.19,0
DN1009352,50.0,0.42,0
DN1009353,50.0,0.22,0
DN1009354,50.0,0.29,0
DN1009355,50.0,0.25,0
DN1009356,50.0,0.29,0
DN1009357,50.0,0.26,0
DN1009359,50.0,0.45,0
DN101,27.03,27.03,1
DN1010,24.0,0.16,0
DN101151,50.0,0.4,0
DN101152,50.0,0.36,0
DN101153,50.0,0.46,0
DN101222,50.0,0.32,0
DN101223,50.0,0.37,0
DN101251,50.0,0.42,0
DN101252,50.0,0.49,0
DN101311B,50.0,0.42,0
DN101314B,50.0,0.39,0
DN1014,9.34,0.02,0
DN101485B,50.0,0.62,0
DN101489,50.0,0.23,0
DN1015,23.71,0.07,0
DN101501,50.0,0.42,0
DN101502,50.0,0.36,0
DN101503,50.0,0.42,0
DN101504,50.0,0.15,0
DN101510,50.0,0.2,0
DN101515,50.0,0.58,0
DN101516,50.0,0.93,0
DN101530,50.0,0.26,0
DN101535,50.0,0.24,0
DN101536,50.0,0.98,0
DN101555,50.0,0.26,0
DN101600,50.0,1.76,0
DN101601,50.0,1.09,0
DN101602,50.0,0.69,0
DN101603,50.0,0.58,0
DN101604,50.0,0.75,0
DN101606,50.0,0.63,0
DN101700,50.0,0.47,0
DN101701,50.0,2.11,0
DN101702,50.0,1.76,0
DN101703,50.0,2.22,0
DN101704,50.0,0.54,0
DN101705,50.0,0.75,0
DN101706,50.0,2.12,0
DN101710,50.0,0.32,0
DN101716,50.0,1.89,0
DN101720,50.0,2.03,0
DN101725,50.0,2.07,0
DN101726,50.0,0.63,0
DN101732,50.0,1.07,0
DN101735,50.0,1.55,0
DN101736,50.0,1.04,0
DN101737,50.0,1.94,0
DN101738,50.0,1.93,0
DN101748,50.0,2.91,0
DN101750,50.0,3.38,0
DN101751,50.0,0.13,0
DN101756,50.0,1.75,0
DN101757,50.0,1.37,0
DN101759,50.0,1.66,0
DN101760,50.0,2.57,0
DN101761,50.0,1.8,0
DN101763,50.0,0.48,0
DN101764,50.0,1.35,0
DN101765,50.0,0.93,0
DN101766,50.0,3.55,0
DN101776,50.0,1.01,0
DN101777,50.0,1.6,0
DN101778,50.0,1.51,0
DN101787,50.0,0.79,0
DN101788,50.0,1.68,0
DN101789,50.0,2.07,0
DN101794,50.0,1.33,0
DN101796,50.0,1.72,0
DN101798,50.0,1.43,0
DN101798B,50.0,1.71,0
DN1019,7.15,0.02,1
DN102,28.0,25.67,1
DN1020,22.82,0.06,0
DN1024,8.64,0.02,0
DN1025,20.8,0.05,0
DN10252,10.95,0.0,0
DN1026,12.56,0.05,0
DN102604,50.0,0.15,0
DN102606,50.0,0.36,0
DN102700,50.0,0.4,0
DN102704,50.0,1.74,0
DN102705,50.0,0.33,0
DN102706,50.0,1.28,0
DN102710,50.0,0.47,0
DN102716,50.0,2.92,0
DN102720,50.0,2.39,0
DN102725,50.0,2.85,0
DN102726,50.0,0.38,0
DN102732,50.0,2.81,0
DN102735,50.0,2.26,0
DN102736,50.0,1.71,0
DN102737,50.0,1.71,0
DN102738,50.0,1.66,0
DN102748,50.0,0.98,0
DN102750,50.0,1.8,0
DN102751,50.0,1.87,0
DN102756,50.0,1.6,0
DN102757,50.0,1.79,0
DN102759,50.0,1.87,0
DN102760,50.0,2.86,0
DN102761,50.0,0.66,0
DN102763,50.0,2.02,0
DN102764,50.0,2.73,0
DN102765,50.0,1.78,0
DN102776,50.0,1.9,0
DN102777,50.0,1.41,0
DN102778,50.0,1.43,0
DN102786,50.0,2.37,0
DN102787,50.0,1.85,0
DN102788,50.0,1.49,0
DN102794,50.0,1.61,0
DN102796,50.0,1.88,0
DN102798,50.0,0.97,0
DN102798B,50.0,1.13,0
DN103100,50.0,0.67,0
DN103101,50.0,0.5,0
DN103110,50.0,1.13,0
DN103130,50.0,0.76,0
DN103150,50.0,0.21,0
DN103151,50.0,0.27,0
DN103160,50.0,0.35,0
DN103161,50.0,0.33,0
DN103171,50.0,0.12,0
DN103211,50.0,0.32,0
DN103220,50.0,0.38,0
DN103300,50.0,0.73,0
DN104200,50.0,0.91,0
DN104300,50.0,0.55,0
DN104301,50.0,0.36,0
DN104303,50.0,0.91,0
DN104303B,50.0,0.33,0
DN104350,50.0,0.11,0
DN104351,50.0,0.4,0
DN104353,50.0,0.67,0
DN104353B,50.0,0.36,0
DN105,10.25,2.87,1
DN105100,50.0,0.76,0
DN105200,50.0,0.28,0
DN105350,50.0,0.93,0
DN1067,10.14,0.02,0
DN1068,5.55,0.07,1
DN1069,3.41,3.41,1
DN1070,13.76,10.59,1
DN107100,50.0,0.96,0
DN107251,50.0,0.58,0
DN107261,50.0,0.5,0
DN107361,50.0,0.47,0
DN107370,50.0,0.54,0
DN107371,50.0,0.4,0
DN107380,50.0,0.42,0
DN107381,50.0,0.29,0
DN107430,50.0,0.3,0
DN107431,50.0,0.34,0
DN107451,50.0,0.37,0
DN107461,50.0,0.42,0
DN107471,50.0,0.39,0
DN107480,50.0,0.7,0
DN107500,50.0,0.35,0
DN107501,50.0,0.28,0
DN107550,50.0,0.12,0
DN107551,50.0,0.28,0
DN1084,20.67,16.3,1
DN108401,50.0,0.32,0
DN108403,50.0,0.34,0
DN108403B,50.0,0.11,0
DN10841,21.94,16.68,1
DN10842,10.67,10.67,1
DN1085,9.1,9.1,1
DN1086,9.14,9.14,1
DN10861,9.76,9.76,1
DN108631,50.0,0.37,0
DN108632,50.0,0.36,0
DN108633,50.0,0.65,0
DN108633B,50.0,0.26,0
DN108651,50.0,0.37,0
DN108653,50.0,0.47,0
DN108653B,50.0,0.18,0
DN1087,9.85,9.85,1
DN109450,50.0,0.25,0
DN109451,50.0,0.28,0
DN109992,50.0,0.63,0
DN109993,50.0,0.73,0
DN109995,50.0,0.29,0
DN1100,13.59,0.04,0
DN1105,16.52,0.03,0
DN11051,10.47,0.0,0
DN1106,13.01,0.02,0
DN1107,11.03,0.03,0
DN1108,13.49,0.02,0
DN1109,13.71,0.02,0
DN110997,50.0,0.51,0
DN110998,50.0,0.25,0
DN110999,50.0,0.3,0
DN1110,15.1,0.04,0
DN1111,13.25,0.04,0
DN1112,11.59,0.03,0
DN1113,11.42,0.03,0
DN1114,10.8,0.02,0
DN1120,16.08,0.07,0
DN1121,13.79,0.05,0
DN1122,13.57,0.04,0
DN1123,12.33,0.03,0
DN1124,9.98,0.03,0
DN1125,10.71,0.0,0
DN113,28.0,1.34,0
DN113060,50.0,1.08,0
DN113070,50.0,0.37,0
DN113080,50.0,1.13,0
DN113110,50.0,0.36,0
DN113120,50.0,0.59,0
DN113130,50.0,0.38,0
DN113140,50.0,0.53,0
DN113143B,50.0,0.71,0
DN113150,50.0,1.22,0
DN113160,50.0,1.3,0
DN113250,50.0,0.66,0
DN113350,50.0,0.45,0
DN113360,50.0,0.75,0
DN113370,50.0,0.92,0
DN114100,50.0,0.38,0
DN114151,50.0,0.72,0
DN114200,50.0,1.01,0
DN114251,50.0,0.68,0
DN114301,50.0,0.66,0
DN114321,50.0,0.55,0
DN114331,50.0,0.36,0
DN114340,50.0,0.8,0
DN114341,50.0,0.65,0
DN114350,50.0,0.72,0
DN114351,50.0,0.36,0
DN114361,50.0,0.34,0
DN114371,50.0,0.56,0
DN114401,50.0,0.46,0
DN114411,50.0,0.82,0
DN114421,50.0,0.54,0
DN114451,50.0,0.53,0
DN114471,50.0,0.55,0
DN114500,50.0,0.49,0
DN114501,50.0,0.55,0
DN114511,50.0,0.4,0
DN114521,50.0,0.62,0
DN114531,50.0,0.62,0
DN114550,50.0,0.73,0
DN114551,50.0,0.35,0
DN114561,50.0,0.61,0
DN114571,50.0,0.61,0
DN114581,50.0,0.6,0
DN114600,50.0,0.09,0
DN114601,50.0,0.34,0
DN114611,50.0,0.48,0
DN114651,50.0,0.24,0
DN114701,50.0,0.91,0
DN114710,50.0,0.28,0
DN114730,50.0,0.2,0
DN114740,50.0,0.31,0
DN114751,50.0,0.67,0
DN114770,50.0,0.25,0
DN114780,50.0,0.78,0
DN114800,50.0,0.76,0
DN114850,50.0,0.73,0
DN114901,50.0,0.77,0
DN114910,50.0,0.75,0
DN115,27.55,1.4,0
DN1151,27.31,1.01,0
DN1152,18.18,0.87,0
DN1153,17.6,0.77,0
DN1156,20.51,0.1,0
DN1157,18.29,0.05,0
DN1158,16.09,0.06,0
DN1159,14.35,0.05,0
DN1160,15.57,0.05,0
DN116050,50.0,0.53,0
DN116051,50.0,0.14,0
DN1161,14.42,0.04,0
DN1162,14.48,0.04,0
DN1163,13.82,0.04,0
DN1164,12.5,0.03,0
DN1165,11.52,0.02,0
DN1166,10.23,0.01,0
DN1172,14.27,0.01,0
DN1173,11.58,0.0,0
DN1174,15.93,0.03,0
DN117400,50.0,0.22,0
DN117404,50.0,0.1,0
DN117405,50.0,0.1,0
DN117406,50.0,0.47,0
DN117410,50.0,0.39,0
DN117430,50.0,0.0,0
DN117440,50.0,0.28,0
DN117441,50.0,0.2,0
DN117442,50.0,0.15,0
DN117443,50.0,0.36,0
DN117450,50.0,1.58,0
DN1175,14.87,0.08,0
DN1176,18.7,0.09,0
DN1177,19.1,0.09,0
DN117750,50.0,0.31,0
DN117751,50.0,0.5,0
DN117752,50.0,1.21,0
DN1178,16.67,0.08,0
DN117801,50.0,0.29,0
DN117802,50.0,0.43,0
DN117811,50.0,0.21,0
DN117812,50.0,0.6,0
DN117840,50.0,0.29,0
DN1179,17.61,0.08,0
DN117930,50.0,0.14,0
DN117931,50.0,0.14,0
DN117932,50.0,0.35,0
DN117933,50.0,0.35,0
DN117934,50.0,0.43,0
DN117935,50.0,0.37,0
DN1180,16.67,0.08,0
DN1181,15.62,0.07,0
DN1182,15.63,0.07,0
DN1183,13.76,0.04,0
DN1184,13.67,0.03,0
DN1185,13.03,0.02,0
DN1186,10.21,0.01,0
DN1187,29.37,0.04,0
DN1190,12.75,0.0,0
DN120,26.77,1.06,0
DN1205,13.3,0.05,0
DN1210,12.2,0.05,0
DN121001,50.0,0.37,0
DN121011,50.0,0.22,0
DN121021,50.0,0.31,0
DN121031,50.0,0.22,0
DN121041,50.0,0.35,0
DN121050,50.0,0.6,0
DN121051,50.0,0.2,0
DN1215,10.7,0.05,0
DN1216,12.5,0.05,0
DN1217,11.78,0.0,0
DN1218,12.45,0.0,0
DN1219,10.66,0.0,0
DN122,19.71,1.02,0
DN1221,14.0,0.61,0
DN1222,13.5,0.61,0
DN1223,14.0,0.46,0
DN1231,14.81,0.09,0
DN1233,14.24,0.1,0
DN1235,13.36,0.1,0
DN1237,13.34,0.08,0
DN1238,8.4,0.08,0
DN1239,8.21,0.07,0
DN1240,8.55,0.07,0
DN124000,50.0,0.24,0
DN124010,50.0,0.16,0
DN124020,50.0,0.34,0
DN124050,50.0,0.59,0
DN124060,50.0,0.18,0
DN124070,50.0,0.35,0
DN124080,50.0,0.38,0
DN124090,50.0,0.32,0
DN124100,50.0,0.26,0
DN124110,50.0,0.55,0
DN125,18.24,0.83,0
DN125001,50.0,4.13,0
DN1251,17.18,0.82,0
DN1252,16.99,1.01,0
DN127400,50.0,0.32,0
DN127401,50.0,0.32,0
DN127402,50.0,0.32,0
DN127403,50.0,0.24,0
DN127410,50.0,0.24,0
DN127411,50.0,0.32,0
DN127412,50.0,0.32,0
DN127413,50.0,0.32,0
DN127430,50.0,0.34,0
DN127431,50.0,0.36,0
DN127432,50.0,0.34,0
DN127440,50.0,0.32,0
DN127441,50.0,0.32,0
DN127442,50.0,0.32,0
DN127443,50.0,0.27,0
DN127450,50.0,2.1,0
DN127451,50.0,0.32,0
DN127750,50.0,0.18,0
DN127751,50.0,0.23,0
DN127752,50.0,0.81,0
DN127800,50.0,0.23,0
DN127801,50.0,0.26,0
DN127802,50.0,0.14,0
DN127810,50.0,0.19,0
DN127811,50.0,0.23,0
DN127840,50.0,0.24,0
DN127841,50.0,0.28,0
DN127842,50.0,0.28,0
DN127843,50.0,1.4,0
DN127844,50.0,1.27,0
DN127930,50.0,0.22,0
DN127931,50.0,0.21,0
DN127932,50.0,1.07,0
DN127933,50.0,1.15,0
DN127934,50.0,0.73,0
DN127935,50.0,1.07,0
DN1305,25.07,7.31,0
DN1306,24.8,6.12,0
DN1307,28.5,5.18,0
DN1308,28.6,4.1,0
DN1310,31.1,3.28,0
DN1311,26.5,2.67,0
DN1312,21.36,2.52,0
DN13121,18.73,2.36,0
DN1313,23.7,2.61,0
DN131310,50.0,0.7,0
DN131320,50.0,0.97,0
DN131330,50.0,0.53,0
DN131340,50.0,0.86,0
DN131350,50.0,0.45,0
DN131360,50.0,0.98,0
DN1314,21.96,2.56,0
DN13141,21.47,2.63,0
DN13142,20.98,2.65,0
DN13143,20.49,2.46,0
DN13144,17.6,1.59,0
DN1315,23.22,2.38,0
DN131510,50.0,0.11,0
DN131511,50.0,0.32,0
DN131520,50.0,0.11,0
DN131521,50.0,0.31,0
DN131530,50.0,0.48,0
DN131531,50.0,0.4,0
DN1316,18.0,2.21,0
DN1317,18.1,2.35,0
DN131710,50.0,0.44,0
DN131711,50.0,0.54,0
DN131720,50.0,0.29,0
DN131730,50.0,0.4,0
DN131740,50.0,0.25,0
DN131741,50.0,0.4,0
DN1320,24.21,1.75,0
DN13201,20.6,0.99,0
DN1325,19.8,0.83,0
DN1330,18.41,0.39,0
DN13301,18.48,0.37,0
DN133010,50.0,0.42,0
DN133020,50.0,0.37,0
DN133030,50.0,0.62,0
DN133040,50.0,0.56,0
DN133050,50.0,0.37,0
DN133060,50.0,0.32,0
DN133070,50.0,0.47,0
DN133080,50.0,0.47,0
DN1335,15.24,1.82,0
DN1336,14.37,2.01,0
DN1337,14.55,1.77,0
DN1385,26.21,22.82,1
DN1392,25.07,4.38,0
DN1393,23.2,4.75,0
DN1394,24.02,6.4,0
DN140,8.5,2.01,1
DN1405,25.61,10.2,0
DN140811,50.0,0.25,0
DN140821,50.0,0.42,0
DN140830,50.0,0.68,0
DN140841,50.0,0.3,0
DN140851,50.0,0.38,0
DN140861,50.0,0.38,0
DN140871,50.0,0.42,0
DN140881,50.0,0.34,0
DN1410,21.0,7.24,0
DN1412,23.52,6.06,0
DN1414,23.88,5.66,0
DN1415,22.08,4.96,0
DN14151,15.41,1.75,0
DN14152,13.0,1.14,0
DN142,10.04,0.78,0
DN142011,50.0,0.44,0
DN142021,50.0,0.54,0
DN142031,50.0,0.53,0
DN1423,22.57,5.05,0
DN1424,23.46,4.93,0
DN1425,28.0,4.79,0
DN1427,29.4,3.77,0
DN1428,29.0,3.72,0
DN143,11.25,0.28,0
DN1430,28.49,3.66,0
DN143000,50.0,0.95,0
DN143001,50.0,0.45,0
DN143002,50.0,0.52,0
DN143003,50.0,0.39,0
DN143003B,50.0,0.2,0
DN143011,50.0,0.32,0
DN143013,50.0,0.54,0
DN143013B,50.0,0.21,0
DN143021,50.0,0.35,0
DN143022,50.0,0.54,0
DN143023,50.0,0.68,0
DN143023B,50.0,0.27,0
DN1432,22.34,3.13,0
DN14321,21.2,3.47,0
DN14322,21.0,3.46,0
DN14323,21.0,3.45,0
DN14324,21.0,3.42,0
DN14325,20.0,3.36,0
DN14326,20.0,3.34,0
DN1433,21.08,3.36,0
DN1434,21.5,3.19,0
DN1435,19.82,3.07,0
DN143510,50.0,0.16,0
DN143511,50.0,0.42,0
DN143520,50.0,0.11,0
DN143521,50.0,0.42,0
DN143523,50.0,1.65,0
DN143523B,50.0,0.28,0
DN143530,50.0,0.35,0
DN143531,50.0,0.45,0
DN143533,50.0,0.64,0
DN143533B,50.0,0.26,0
DN143540,50.0,0.12,0
DN143541,50.0,0.45,0
DN143543,50.0,0.67,0
DN143543B,50.0,0.27,0
DN14361,20.05,2.77,0
DN1437,19.7,2.87,0
DN1440,20.02,2.87,0
DN144000,50.0,0.32,0
DN144001,50.0,0.49,0
DN144010,50.0,0.34,0
DN144011,50.0,0.31,0
DN144012,50.0,0.63,0
DN144022,50.0,1.26,0
DN144023,50.0,1.23,0
DN144023B,50.0,0.32,0
DN144030,50.0,0.37,0
DN144031,50.0,0.46,0
DN144032,50.0,0.08,0
DN144033,50.0,0.56,0
DN144033B,50.0,0.22,0
DN144041,50.0,0.45,0
DN1441,21.0,2.87,0
DN1442,21.0,2.75,0
DN1445,20.53,2.67,0
DN1447,20.0,2.6,0
DN145,22.75,0.63,0
DN1450,20.0,2.54,0
DN145000,50.0,0.26,0
DN145001,50.0,0.38,0
DN145011,50.0,0.35,0
DN145021,50.0,0.35,0
DN145030,50.0,0.58,0
DN145031,50.0,0.39,0
DN1451,18.9,2.33,0
DN1452,18.7,2.39,0
DN1453,18.2,2.25,0
DN1455,20.9,2.1,0
DN145500,50.0,0.48,0
DN145501,50.0,0.47,0
DN145510,50.0,0.46,0
DN145511,50.0,0.42,0
DN145520,50.0,0.33,0
DN145521,50.0,0.47,0
DN145530,50.0,0.15,0
DN145531,50.0,0.46,0
DN145540,50.0,0.12,0
DN145541,50.0,0.4,0
DN14561,20.0,2.03,0
DN1457,19.5,2.06,0
DN1458,19.1,1.79,0
DN1460,19.7,1.52,0
DN1461,17.57,0.73,0
DN1463,17.3,1.03,0
DN1465,16.0,1.04,0
DN14651,14.0,1.11,0
DN14652,14.0,0.97,0
DN14653,13.0,0.94,0
DN14654,18.25,0.81,0
DN1467,24.37,2.45,0
DN1468,23.81,2.29,0
DN1470,23.32,2.27,0
DN1471,19.84,3.01,0
DN1472,14.14,2.59,0
DN1473,19.03,2.54,0
DN1474,20.56,2.14,0
DN1475,20.6,2.08,0
DN14751,20.0,1.9,0
DN14752,18.8,1.64,0
DN14753,18.6,1.44,0
DN14754,17.9,1.01,0
DN1477,22.73,2.17,0
DN14771,22.0,2.01,0
DN14772,26.8,1.05,0
DN1478,20.0,1.85,0
DN1479,19.0,1.67,0
DN1480,16.41,1.66,0
DN1485,18.3,2.06,0
DN1486,15.94,1.32,0
DN1487,18.58,1.34,0
DN1488,14.27,0.79,0
DN1489,12.89,1.38,0
DN1490,9.5,0.53,0
DN1491,11.76,0.37,0
DN1492,9.82,0.41,0
DN14920,10.67,0.46,0
DN1493,28.11,19.22,0
DN1493310,50.0,0.77,0
DN1495,22.5,9.51,0
DN1496,20.5,7.53,0
DN1497,32.0,7.53,0
DN1498,31.9,7.57,0
DN1499,31.8,7.49,0
DN150,20.01,0.99,0
DN1501,16.2,1.0,0
DN1502,15.25,0.81,0
DN1503,13.0,0.68,0
DN1504,12.0,0.33,0
DN1505,39.4,6.86,0
DN1510,20.75,6.42,0
DN1513,23.67,4.33,0
DN1515,23.1,3.78,0
DN151500,50.0,0.73,0
DN151501,50.0,0.07,0
DN151510,50.0,0.91,0
DN151520,50.0,0.6,0
DN151521,50.0,0.29,0
DN152,16.66,0.49,0
DN1520,23.54,2.92,0
DN1525,17.95,2.46,0
DN1527,16.45,1.04,0
DN1530,16.26,1.4,0
DN1535,13.0,1.41,0
DN1540,17.0,3.86,0
DN1545,21.4,2.66,0
DN1550,21.04,2.12,0
DN1555,16.28,1.28,0
DN156,16.45,2.01,0
DN157,12.35,0.24,0
DN158,12.34,4.91,1
DN1586,33.43,33.43,1
DN1587,20.84,20.84,1
DN1594,23.3,7.77,0
DN161030,50.0,0.3,0
DN161031,50.0,0.42,0
DN16275,16.8,5.48,0
DN170910,50.0,0.68,0
DN170920,50.0,0.67,0
DN171010,50.0,0.92,0
DN171011,50.0,0.41,0
DN171500,50.0,0.65,0
DN171510,50.0,0.54,0
DN171520,50.0,0.49,0
DN171540,50.0,0.65,0
DN171550,50.0,0.76,0
DN171560,50.0,0.7,0
DN171570,50.0,0.82,0
DN171610,50.0,0.34,0
DN171710,50.0,0.66,0
DN171711,50.0,0.24,0
DN171721,50.0,0.46,0
DN171730,50.0,0.34,0
DN171731,50.0,0.29,0
DN171741,50.0,0.42,0
DN173511,50.0,0.52,0
DN173521,50.0,0.42,0
DN175010,50.0,0.58,0
DN175011,50.0,0.29,0
DN175021,50.0,0.38,0
DN175030,50.0,0.2,0
DN175031,50.0,0.23,0
DN175040,50.0,0.17,0
DN175041,50.0,0.22,0
DN175051,50.0,0.39,0
DN175061,50.0,0.21,0
DN175071,50.0,0.35,0
DN175081,50.0,0.41,0
DN175250,50.0,0.47,0
DN175251,50.0,0.41,0
DN175311,50.0,0.39,0
DN175320,50.0,0.59,0
DN175321,50.0,0.33,0
DN175361,50.0,0.52,0
DN175371,50.0,0.52,0
DN175450,50.0,0.28,0
DN175451,50.0,0.38,0
DN175460,50.0,0.6,0
DN175461,50.0,0.13,0
DN175470,50.0,0.32,0
DN175471,50.0,0.42,0
DN175501,50.0,0.41,0
DN175511,50.0,0.41,0
DN176010,50.0,0.42,0
DN176021,50.0,0.27,0
DN176030,50.0,0.17,0
DN176031,50.0,0.23,0
DN181500,50.0,0.37,0
DN181501,50.0,0.33,0
DN181511,50.0,0.32,0
DN181521,50.0,0.26,0
DN181531,50.0,0.36,0
DN181550,50.0,0.2,0
DN181551,50.0,0.31,0
DN184011,50.0,0.49,0
DN184013,50.0,0.46,0
DN184013B,50.0,0.24,0
DN184021,50.0,0.36,0
DN184031,50.0,0.33,0
DN184041,50.0,0.26,0
DN184043,50.0,0.53,0
DN184043B,50.0,0.2,0
DN186311,50.0,0.4,0
DN186312,50.0,0.54,0
DN186320,50.0,0.09,0
DN186321,50.0,0.56,0
DN186511,50.0,0.5,0
DN186513,50.0,0.72,0
DN186513B,50.0,0.29,0
DN186520,50.0,0.45,0
DN186521,50.0,0.32,0
DN186523,50.0,0.43,0
DN186523B,50.0,0.15,0
DN186530,50.0,0.3,0
DN186531,50.0,0.33,0
DN186533,50.0,0.57,0
DN186533B,50.0,0.31,0
DN196810,50.0,0.22,0
DN196811,50.0,1.21,0
DN196823,50.0,1.52,0
DN196824,50.0,0.29,0
DN196824B,50.0,0.08,0
DN196826,50.0,0.39,0
DN196848,50.0,0.41,0
DN196849,50.0,2.59,0
DN196849B,50.0,0.28,0
DN196850,50.0,0.27,0
DN196851,50.0,0.46,0
DN197823,50.0,0.65,0
DN197824,50.0,1.78,0
DN197824B,50.0,0.28,0
DN197825,50.0,0.05,0
DN197826,50.0,0.64,0
DN2000,18.14,1.23,0
DN2001,13.19,1.16,0
DN20015,14.57,7.66,1
DN2002,13.19,1.48,0
DN2003,13.8,2.2,0
DN20030,23.51,4.3,0
DN20035,23.51,9.75,0
DN2004,13.56,4.08,0
DN20040,19.29,9.2,0
DN2005,23.2,4.72,0
DN20050,21.57,13.11,0
DN2005B,13.73,4.98,0
DN2006,10.59,10.59,1
DN20060a,20.0,14.79,1
DN20065,20.0,15.37,1
DN2007,11.27,11.27,1
DN20070,15.9,10.33,1
DN20070a,23.75,13.07,0
DN2008,14.01,14.01,1
DN20080,25.0,10.43,0
DN20080a,22.6,16.22,1
DN2009,27.46,8.23,0
DN20090,15.9,6.34,0
DN20090a,23.9,17.05,1
DN20091,27.7,13.72,0
DN20092,27.9,22.6,1
DN20094,23.6,17.33,1
DN20095,22.68,18.67,1
DN2009B,27.01,8.5,0
DN2010,12.75,10.0,1
DN2011,12.48,10.33,1
DN2012,10.19,9.69,1
DN20120,23.58,19.01,1
DN20124,21.35,17.7,1
DN20125,21.38,18.15,1
DN2013,14.2,9.59,1
DN20130,20.52,18.23,1
DN2014,21.15,8.79,0
DN20140,18.88,18.88,1
DN20145,18.33,18.14,1
DN20148,15.8,16.92,1
DN2015,14.48,13.34,1
DN20150,15.0,16.86,1
DN2015B,20.96,8.71,0
DN2016,16.94,10.6,1
DN20165,18.21,18.22,1
DN20167,18.82,18.82,1
DN2017,17.44,16.74,1
DN20170,19.84,19.85,1
DN2017B,22.29,19.8,1
DN2018,38.66,18.87,0
DN20180,21.22,21.22,1
DN20185,19.2,19.23,1
DN2019,34.24,17.52,0
DN20190,20.4,17.71,1
DN20195,20.52,20.52,1
DN2020,34.67,16.5,0
DN20200,18.99,18.99,1
DN2021,26.69,14.08,0
DN20210,21.57,19.01,1
DN20215,23.05,19.04,1
DN20217,17.22,14.29,1
DN2021A,23.89,16.46,1
DN2021B,37.35,14.11,0
DN2022,37.2,37.2,1
DN20220,23.4,19.42,1
DN20221,23.58,19.07,1
DN20222,23.27,19.63,1
DN20223,18.45,17.09,1
DN20225,22.43,20.36,1
DN2023,36.45,15.59,0
DN2024,38.33,23.6,0
DN20240,22.1,20.37,1
DN20245,23.28,22.17,1
DN2025,35.69,35.69,1
DN20250,25.46,25.46,1
DN20255,26.18,21.15,1
DN2026,35.07,35.07,1
DN20260,24.21,17.19,1
DN2027,33.33,33.33,1
DN20275,19.01,19.01,1
DN20276,18.86,18.86,1
DN20277,17.96,17.96,1
DN2028,29.15,29.15,1
DN20283,21.32,15.72,1
DN20285,21.3,17.39,1
DN2029,31.94,31.94,1
DN2030,29.89,29.89,1
DN20305,18.5,14.2,1
DN2031,29.14,29.14,1
DN20310,19.67,16.56,1
DN203102,20.6,21.5,1
DN203103,12.4,13.96,1
DN203104,12.0,14.4,1
DN20312,15.1,14.42,1
DN20313,12.1,15.13,1
DN203130,16.15,16.21,1
DN203131,15.55,15.7,1
DN203132,18.71,18.75,1
DN203133,13.14,15.6,1
DN203134,14.56,15.75,1
DN203135,16.79,16.96,1
DN203136,16.34,17.21,1
DN203137,17.11,17.84,1
DN203138,19.24,19.4,1
DN2032,30.59,30.59,1
DN20320,8.5,2.23,1
DN203201,14.0,5.07,0
DN20321,8.0,1.77,1
DN20323,23.7,23.7,1
DN20324,16.86,16.86,1
DN20325,23.05,20.6,1
DN20326,23.53,23.53,1
DN20327,24.33,24.33,1
DN20328,23.82,19.73,1
DN20329,24.0,21.96,1
DN2033,30.52,27.8,1
DN20330,25.06,23.7,1
DN203301,13.75,4.45,0
DN20331,14.35,14.36,1
DN20332,22.27,22.27,1
DN20333,27.08,24.31,1
DN20334,30.74,30.74,1
DN2034,30.1,28.78,1
DN20340,27.17,27.17,1
DN2035,32.25,32.25,1
DN20356,20.0,14.81,1
DN20357,18.2,18.2,1
DN20358,18.4,18.4,1
DN20359,17.6,17.6,1
DN2036,38.88,38.88,1
DN20360,17.27,16.52,1
DN20365,15.77,16.42,1
DN2037,39.63,39.63,1
DN2038,38.88,38.88,1
DN2039,31.42,31.43,1
DN20390,16.08,14.4,1
DN20395,15.4,14.32,1
DN2040,34.97,34.97,1
DN20400,14.65,13.61,1
DN20405,12.92,12.92,1
DN2041,36.34,36.34,1
DN2042,34.71,34.71,1
DN20420,14.08,14.08,1
DN20425,13.15,13.15,1
DN2043,31.98,31.98,1
DN20430,9.13,12.14,1
DN2044,32.24,27.81,1
DN20440,14.33,14.33,1
DN20445,12.52,12.53,1
DN2045,31.64,31.64,1
DN20450,11.64,11.67,1
DN2046,32.66,32.66,1
DN20460,13.37,13.4,1
DN2047,34.43,34.43,1
DN20470,17.08,17.12,1
DN20475,19.04,19.04,1
DN2048,36.03,36.03,1
DN20480,17.82,17.85,1
DN20485,17.17,17.17,1
DN2049,31.88,31.88,1
DN205,6.37,3.05,1
DN2050,31.82,31.98,1
DN20500,15.12,12.26,1
DN20501,15.45,15.38,1
DN20502,15.78,15.78,1
DN20505,16.05,12.77,1
DN20506,16.34,16.34,1
DN20508,16.3,16.3,1
DN2051,36.8,36.81,1
DN20510,19.9,19.28,1
DN20511,19.64,19.64,1
DN20514,21.56,21.61,1
DN20515,21.32,21.37,1
DN20517,20.97,21.0,1
DN20518,15.69,12.17,1
DN2052,40.97,40.97,1
DN20520,13.84,11.28,1
DN2053,45.54,45.54,1
DN20531,20.0,10.08,0
DN2054,40.32,40.33,1
DN20540,15.04,8.99,1
DN20543,14.42,8.26,1
DN20545,14.2,8.03,1
DN2055,41.68,41.68,1
DN20550,13.56,7.34,1
DN20555,11.97,5.63,1
DN20556,15.89,1.52,0
DN20559,11.5,4.47,1
DN2056,40.24,40.24,1
DN20560,12.35,2.39,0
DN20565,12.06,1.1,0
DN20567,11.71,0.77,0
DN2057,40.91,40.91,1
DN20575,15.42,0.0,0
DN20576,18.38,3.06,0
DN20580,19.82,4.31,0
DN20583,20.38,4.98,0
DN20585,26.74,10.32,0
DN20588,24.03,9.5,0
DN20590,20.6,8.58,0
DN20593,26.39,10.87,0
DN20595,26.04,11.5,0
DN20596,17.8,15.35,1
DN20597,17.78,15.33,1
DN20598,17.58,15.21,1
DN20599,17.28,15.5,1
DN20600,17.18,15.68,1
DN206001,16.6,14.09,1
DN206002,16.25,9.15,1
DN20601,13.1,3.63,0
DN20602,22.9,14.89,0
DN20603,12.17,2.71,0
DN20604,7.14,1.19,1
DN20605,16.1,8.74,1
DN20610,16.8,7.27,0
DN20612,14.3,3.82,0
DN20614,21.33,14.91,1
DN20615,14.33,3.85,0
DN20619,24.1,11.76,0
DN20620,13.46,3.42,0
DN20621,12.9,2.94,0
DN20622,9.5,0.0,0
DN20625,22.22,11.7,0
DN20626,21.0,2.49,0
DN20630,25.66,11.61,0
DN20631,23.0,7.23,0
DN20670,13.82,11.5,1
DN20675,13.97,11.97,1
DN20676,12.89,12.89,1
DN20679,13.8,12.79,1
DN20680,13.43,12.19,1
DN20683,12.67,10.39,1
DN20684,11.67,10.07,1
DN20685,10.67,10.02,1
DN20687,10.61,9.22,1
DN20690,10.57,9.21,1
DN20691,10.47,10.47,1
DN20692,10.37,8.79,1
DN20694,18.5,13.13,1
DN20695,18.37,13.86,1
DN20698,18.1,14.24,1
DN20699,18.06,14.81,1
DN207,5.2,0.9,1
DN20700,17.91,10.36,1
DN20703,17.7,11.92,1
DN20705,17.5,10.91,1
DN20710,17.2,17.2,1
DN20715,16.9,7.07,0
DN20800,20.7,7.94,0
DN20805,21.55,7.46,0
DN210,17.75,0.55,0
DN2101,12.8,0.47,0
DN21016,17.92,12.73,1
DN21017,42.2,42.29,1
DN21018,44.68,44.85,1
DN21019,27.07,27.24,1
DN2102,11.4,0.41,0
DN2103,16.9,1.09,0
DN2104,15.4,1.01,0
DN2105,14.1,1.07,0
DN2205,18.4,0.05,0
DN2210,19.81,0.08,0
DN2215,10.64,0.08,0
DN2220,6.02,0.08,1
DN2225,19.76,14.07,1
DN2230,14.22,11.72,1
DN2235,9.83,9.83,1
DN2240,9.44,9.44,1
DN2267,10.3,0.04,0
DN2269,10.1,0.05,0
DN2270,10.45,0.06,0
DN2275,9.85,0.05,0
DN2280,7.45,0.04,1
DN2285,7.6,0.06,1
DN2289,10.75,0.08,0
DN2305,20.18,0.06,0
DN2310,21.18,0.43,0
DN231210,50.0,0.43,0
DN231420,50.0,0.83,0
DN231430,50.0,0.83,0
DN231440,50.0,1.04,0
DN2315,3.19,0.44,1
DN2320,21.0,0.0,0
DN232010,50.0,0.43,0
DN2325,8.6,0.0,0
DN23737,11.03,0.57,0
DN23745,6.97,0.68,1
DN23803,20.92,10.42,0
DN23816,19.0,5.19,0
DN23849,23.484,14.06,0
DN239330,50.0,0.59,0
DN24065,19.07,11.93,1
DN241511,50.0,0.82,0
DN241521,50.0,0.81,0
DN24250,50.0,0.8,0
DN242510,50.0,1.0,0
DN242520,50.0,1.02,0
DN243210,50.0,0.48,0
DN243211,50.0,0.49,0
DN243221,50.0,0.44,0
DN243240,50.0,0.48,0
DN243241,50.0,0.64,0
DN243251,50.0,0.44,0
DN243260,50.0,0.48,0
DN243261,50.0,0.51,0
DN243331,50.0,0.55,0
DN246511,50.0,0.3,0
DN246521,50.0,0.38,0
DN246531,50.0,0.37,0
DN246541,50.0,0.49,0
DN247510,50.0,0.55,0
DN247511,50.0,0.65,0
DN247521,50.0,0.6,0
DN247531,50.0,0.65,0
DN247541,50.0,0.67,0
DN247710,50.0,0.48,0
DN253,6.38,3.03,1
DN254,6.5,0.99,1
DN256,6.7,0.67,1
DN258,7.92,4.57,1
DN260,7.93,0.46,1
DN263,11.36,0.47,0
DN27895,16.31,16.62,1
DN305,14.39,6.6,1
DN310,15.17,5.42,0
DN311,17.5,4.85,0
DN313,18.9,3.09,0
DN3131,19.3,1.74,0
DN3132,18.7,2.02,0
DN3133,17.6,1.61,0
DN3134,15.5,1.52,0
DN3135,13.5,1.19,0
DN3136,12.6,1.1,0
DN315,21.3,2.18,0
DN3151,17.7,1.06,0
DN3152,17.4,0.89,0
DN3153,16.4,0.91,0
DN316,20.35,1.95,0
DN317,24.9,1.61,0
DN3171,16.3,0.98,0
DN3172,15.8,0.93,0
DN3173,13.3,0.9,0
DN3174,11.7,0.76,0
DN321,20.4,2.2,0
DN322,17.0,1.41,0
DN330,15.5,1.7,0
DN3301,16.4,1.49,0
DN3302,14.3,1.33,0
DN3303,16.9,1.38,0
DN3304,18.3,1.17,0
DN3305,16.1,1.02,0
DN3306,15.5,0.85,0
DN3307,12.8,0.85,0
DN3308,10.2,0.61,0
DN353,14.4,6.49,1
DN354,11.5,4.42,1
DN356,11.5,3.72,1
DN360,18.57,2.64,0
DN365,14.6,0.58,0
DN405,18.25,4.38,0
DN40600,10.0,0.11,0
DN40601,10.0,0.11,0
DN40602,10.0,0.14,0
DN40603,10.0,0.14,0
DN40604,10.0,0.15,0
DN40605,10.0,0.16,0
DN40606,10.0,0.16,0
DN408,21.94,3.16,0
DN40800,10.0,0.06,0
DN40801,17.6,0.06,0
DN4081,13.44,0.58,0
DN4082,16.0,0.45,0
DN4083,12.0,1.06,0
DN4084,14.92,0.98,0
DN4085,13.68,0.88,0
DN4086,14.0,0.81,0
DN4087,8.72,1.11,1
DN4088,9.31,0.59,0
DN410,29.19,2.07,0
DN4101,16.1,1.15,0
DN415,26.9,2.27,0
DN417,25.09,2.13,0
DN420,24.28,2.16,0
DN4201,21.4,2.55,0
DN4202,21.12,1.85,0
DN4203,20.63,1.69,0
DN423,23.98,2.16,0
DN424,23.24,2.13,0
DN425,24.0,3.88,0
DN430,23.47,3.03,0
DN4300,22.7,2.62,0
DN4301,22.1,2.18,0
DN4302,21.5,1.76,0
DN435,21.76,1.88,0
DN4351,19.6,1.83,0
DN4352,19.0,1.76,0
DN4353,18.3,1.64,0
DN4354,17.5,1.36,0
DN440,18.31,1.46,0
DN4401,16.0,0.98,0
DN4402,16.0,1.1,0
DN4403,16.1,0.91,0
DN4404,15.3,0.57,0
DN450,19.33,1.59,0
DN4501,18.26,1.7,0
DN4502,17.8,1.64,0
DN4503,17.38,1.6,0
DN455,17.95,1.38,0
DN4551,16.25,1.2,0
DN4552,16.2,1.09,0
DN4553,15.5,0.87,0
DN4554,15.0,0.6,0
DN463,18.26,4.39,0
DN465,16.25,1.8,0
DN466,16.26,1.51,0
DN480,16.23,0.63,0
DN485,17.5,1.05,0
DN510,13.82,4.58,0
DN511,16.0,3.29,0
DN515,17.07,2.9,0
DN5151,21.32,1.73,0
DN5152,25.66,1.12,0
DN520,23.41,0.33,0
DN563,13.83,4.59,0
DN564,13.32,1.33,0
DN570,20.89,4.85,0
DN580,13.83,0.41,0
DN605,9.71,2.76,1
DN610,9.68,0.58,0
DN6101,13.88,0.57,0
DN6102,14.0,0.63,0
DN6103,14.0,0.6,0
DN6104,14.0,0.14,0
DN667,10.0,0.87,0
DN669,10.0,0.98,0
DN685,11.5,0.35,0
DN705,24.87,8.54,0
DN709,26.55,8.42,0
DN7091,18.6,1.78,0
DN7092,20.58,0.83,0
DN710,27.89,8.23,0
DN715,26.69,8.01,0
DN7150,19.39,1.95,0
DN7151,15.65,1.75,0
DN7152,14.15,1.65,0
DN7153,13.82,1.45,0
DN7154,10.6,2.0,0
DN7155,9.55,1.79,1
DN71555,9.5,0.46,0
DN7156,21.2,4.77,0
DN7157,19.08,3.35,0
DN716,19.1,7.82,0
DN7161,13.22,0.33,0
DN717,26.54,7.68,0
DN7171,18.6,1.02,0
DN7172,17.16,0.82,0
DN7173,16.2,0.76,0
DN7174,18.5,0.67,0
DN720,24.56,7.63,0
DN723,22.05,5.19,0
DN725,21.59,5.0,0
DN735,25.09,3.83,0
DN7351,14.11,0.81,0
DN7352,13.6,0.56,0
DN7353,12.7,0.0,0
DN736,24.57,3.61,0
DN737,22.47,3.18,0
DN738,22.04,3.22,0
DN743,17.8,1.48,0
DN745,17.34,1.15,0
DN746,15.55,1.13,0
DN747,13.94,1.13,0
DN748,11.47,1.18,0
DN749,8.33,0.66,1
DN7491,9.79,0.14,0
DN7492,11.94,0.14,0
DN7493,12.3,0.33,0
DN750,19.14,3.86,0
DN7502,12.45,0.85,0
DN7503,12.41,0.6,0
DN7504,11.11,0.38,0
DN7505,13.64,0.75,0
DN7506,13.56,0.66,0
DN7508,13.21,0.62,0
DN7511,14.48,0.95,0
DN7525,20.87,3.12,0
DN7530,24.95,3.26,0
DN75301,18.31,0.6,0
DN75302,14.96,0.76,0
DN7531,24.65,3.13,0
DN7532,21.71,3.04,0
DN7535,19.78,2.96,0
DN75351,17.7,1.27,0
DN75352,14.47,1.05,0
DN75353,12.95,0.97,0
DN75354,12.93,0.76,0
DN75355,12.02,0.64,0
DN7536,18.4,2.46,0
DN7537,18.6,2.4,0
DN7540,17.67,2.24,0
DN75401,17.3,0.89,0
DN75402,15.0,0.78,0
DN75403,16.3,0.65,0
DN7542,15.94,2.05,0
DN75421,15.78,1.42,0
DN75422,16.09,1.35,0
DN75423,13.22,1.24,0
DN75424,11.95,1.17,0
DN7543,21.76,1.66,0
DN7545,19.06,1.76,0
DN75451,16.94,1.8,0
DN75452,16.05,1.45,0
DN75453,15.71,0.93,0
DN75454,17.51,0.82,0
DN7547,16.76,1.2,0
DN755,18.14,1.94,0
DN7550,16.9,1.13,0
DN75510,13.5,0.45,0
DN759,20.04,4.24,0
DN760,16.68,1.2,0
DN7601,16.72,0.89,0
DN7602,11.9,0.58,0
DN7603,9.28,0.5,0
DN779,21.5,3.79,0
DN790,20.0,20.0,1
DN795,24.87,9.0,0
DN805,19.05,7.81,0
DN810,33.19,6.42,0
DN815,25.75,4.89,0
DN8150,25.49,4.64,0
DN8151,27.0,4.15,0
DN8152,26.91,3.67,0
DN8153,26.0,3.23,0
DN8155,30.0,5.23,0
DN820,25.62,2.99,0
DN823,24.02,2.1,0
DN825,22.25,2.67,0
DN840,21.89,2.36,0
DN8401,21.97,2.42,0
DN8402,22.04,2.44,0
DN8403,22.12,2.45,0
DN8404,21.91,2.48,0
DN845,24.21,2.36,0
DN846,22.0,1.94,0
DN847,21.52,1.88,0
DN848,22.04,1.88,0
DN849,24.21,1.83,0
DN850,20.45,1.57,0
DN852,21.85,1.21,0
DN853011,50.0,0.43,0
DN853020,50.0,0.66,0
DN853021,50.0,0.27,0
DN853511,50.0,0.45,0
DN853521,50.0,0.45,0
DN853531,50.0,0.45,0
DN853541,50.0,0.41,0
DN853551,50.0,0.44,0
DN854011,50.0,0.41,0
DN854021,50.0,0.42,0
DN854031,50.0,0.45,0
DN854211,50.0,0.36,0
DN854221,50.0,0.35,0
DN854231,50.0,0.52,0
DN854241,50.0,0.71,0
DN854511,50.0,0.35,0
DN854521,50.0,0.24,0
DN854531,50.0,0.45,0
DN854541,50.0,0.57,0
DN855,17.85,1.28,0
DN855011,50.0,0.41,0
DN855020,50.0,0.36,0
DN855021,50.0,0.56,0
DN863,26.65,1.28,0
DN8631,25.77,1.91,0
DN8632,24.9,1.74,0
DN865,24.03,1.67,0
DN8651,24.08,1.79,0
DN8652,24.13,1.7,0
DN8653,24.18,1.63,0
DN870,24.23,1.56,0
DN887,25.7,14.15,0
DN888,19.05,4.21,0
DN893,22.01,7.62,0
DN895,16.86,1.81,0
DN905,15.97,5.15,0
DN906,27.02,4.42,0
DN910,26.48,3.95,0
DN911,26.78,2.82,0
DN912,25.58,2.25,0
DN915,24.58,1.89,0
DN918,23.92,1.48,0
DN920,19.67,0.95,0
DN923,17.73,0.48,0
DN925,16.86,0.55,0
DN927,15.58,0.47,0
DN9290,12.43,0.07,0
DN9291,10.81,0.07,0
DN9292,11.41,0.05,0
DN9293,11.37,0.27,0
DN9294,9.85,0.25,0
DN9295,10.12,0.05,0
DN930,11.78,0.45,0
DN9300,10.45,0.59,0
DN9301,8.6,0.63,1
DN9302,11.95,0.42,0
DN933,17.09,1.37,0
DN9331,17.0,1.41,0
DN935,14.3,1.27,0
DN9350,11.0,0.48,0
DN9351,9.67,0.81,0
DN9352,9.8,0.59,0
DN9353,9.94,1.35,0
DN9354,10.22,1.06,0
DN93541,8.78,0.03,0
DN93542,8.7,0.0,0
DN93543,6.2,0.0,1
DN9355,14.2,1.0,0
DN9356,14.18,1.05,0
DN9357,14.65,0.74,0
DN9358,14.28,0.58,0
DN93580,8.48,0.02,0
DN93581,8.31,0.04,0
DN93582,6.37,0.03,1
DN9359,13.52,0.6,0
DN940,11.0,0.19,0
DN945,10.65,0.53,0
DN97,24.5,15.75,0
DN98,25.4,20.05,1
DN988,16.07,4.43,0
DN990,25.56,22.59,1
DN994,18.22,18.22,1
DN995,17.63,7.36,0
DN997,10.0,0.86,0
DN998,10.0,0.96,0
DN999,10.0,1.05,0
DNNE_04,15.0,13.73,1
DNNE_05,15.0,15.41,1
DNNE_07,10.0,10.0,1
DNNE_08,23.34,23.95,1
DNNE_08a,15.0,16.18,1
DNNE_09,15.38,15.41,1
DNNE_09a,15.0,15.05,1
DNNE_1,15.35,22.87,1
DNNE_10,13.48,20.14,1
DNNE_11,13.21,17.21,1
DNNE_12,17.04,21.73,1
DNNE_12a,15.0,22.96,1
DNNE_1a,15.0,23.37,1
DNNE_6,17.66,17.66,1
DNNE_6a,15.0,15.95,1
DNNE2,17.48,17.68,1
DNNE2a,15.0,19.66,1
DON-1,17.8,17.8,1
DON-3,16.79,9.39,1
DS_BackwaterGates,28.34,24.3,1
DS_Woodmere,19.5,0.0,0
DSScreen1-4,26.5,23.12,1
Dummy1,28.18,0.0,0
Dummy2,17.18,0.0,0
DUMMY3030N,35.25,2.9,0
EPNE-10,23.62,23.62,1
EPNE-11,23.78,23.78,1
EPNE-12,23.48,23.48,1
EPNE-16,13.83,13.25,1
EPNE-17,12.95,12.72,1
EPNE-18,12.87,12.87,1
EPNE-19,11.93,11.93,1
EPNE-2,24.96,24.96,1
EPNE-20,11.87,11.87,1
EPNE-21,11.77,11.77,1
EPNE-22,11.3,11.3,1
EPNE-3,23.85,23.85,1
EPNE-4,23.73,23.73,1
EPNE-5,24.84,24.84,1
EPNE-6,24.33,24.33,1
EPNE-7,23.93,23.93,1
EPNE-8,24.53,24.53,1
EPNE-9,24.38,24.38,1
EPNE-ST-1,19.61,19.61,1
EPNE-ST-2,19.07,19.07,1
EPNE-ST-3,18.83,18.83,1
EPNE-ST-4,18.59,18.59,1
EPNE-ST-5,18.3,18.3,1
EPNE-ST-6,18.01,18.01,1
EPNE-ST-7,17.71,17.71,1
EPNE-ST-8,17.42,17.42,1
EPNE-ST-9,18.07,18.07,1
epSFIT44709,9.13,9.13,1
epSFIT46447,10.0,10.09,1
epSFIT52599,12.1,16.22,1
epSFIT61228,10.0,12.71,1
epSFIT62375,10.0,12.8,1
epSMH00157,14.89,14.89,1
epSMH00663,14.85,26.15,1
epSMH00907,14.26,14.27,1
epSMH01185,16.37,1.83,0
epSMH01470,7.31,15.84,1
epSMH01638,11.0,11.0,1
epSMH01960,17.12,11.97,1
epSMH02011,10.67,10.67,1
epSMH02199,12.12,19.07,1
epSMH02664,13.16,13.24,1
epSMH02677,13.89,13.96,1
epSMH03488,12.99,13.2,1
epSMH03538,15.24,4.09,0
epSMH03755,19.4,19.41,1
epSMH03757,11.66,11.83,1
epSMH03869,12.84,1.03,0
epSMH04069,16.45,15.83,1
epSMH04371,14.38,18.77,1
epSMH04392,10.84,17.74,1
epSMH04493,14.68,22.1,1
epSMH04728,11.37,11.37,1
epSMH04777,14.01,14.01,1
epSMH04861,13.94,13.99,1
epSMH05128,17.89,17.91,1
epSMH05871,14.15,26.26,1
epSMH06092,7.71,7.71,1
epSMH06098,6.39,7.46,1
epSMH06547,15.7,16.86,1
epSMH06649,25.38,32.88,1
epSMH06885,14.27,20.41,1
epSMH07162,12.95,1.68,0
epSMH07205,11.5,1.76,0
epSMH07255,20.63,3.58,0
epSMH07322,11.22,11.22,1
epSMH07354,12.6,12.6,1
epSMH07357,14.21,1.39,0
epSMH07368,24.92,24.92,1
epSMH07440,12.11,13.57,1
epSMH07775,11.42,11.2,1
epSMH07818,16.63,16.64,1
epSMH07839,15.43,15.43,1
epSMH08166,12.93,1.76,0
epSMH08197,9.27,9.27,1
epSMH08218,17.35,17.48,1
epSMH08358,16.06,21.97,1
epSMH08488,14.55,13.11,1
epSMH08954,10.57,12.23,1
epSMH09205,13.8,13.84,1
epSMH09206,16.33,16.35,1
epSMH09230,12.03,12.03,1
epSMH09257,12.29,1.6,0
epSMH09711,14.47,16.31,1
epSMH09714,12.18,18.32,1
epSMH09720,15.82,15.42,1
epSMH09753,16.16,25.28,1
epSMH10061,15.28,1.8,0
epSMH10325,12.53,12.56,1
epSMH10521,15.75,0.49,0
epSMH10694,14.04,16.55,1
epSMH11012,26.28,18.21,0
epSMH11091,16.79,16.79,1
epSMH11163,10.1,16.25,1
epSMH12034,10.41,10.41,1
epSMH12057,18.27,21.39,1
epSMH12059,23.85,27.37,1
epSMH12311,23.15,25.97,1
epSMH12468,9.05,11.19,1
epSMH12639,12.4,15.95,1
epSMH12733,13.48,13.51,1
epSMH13872,8.5,8.5,1
epSMH13945,14.69,14.69,1
epSMH13951,6.01,7.07,1
epSMH14058,7.33,7.33,1
epSMH14233,12.4,12.13,1
epSMH14290,13.56,13.58,1
epSMH14298,13.05,13.05,1
epSMH14374,13.31,9.73,1
epSMH14392,14.51,14.51,1
epSMH14490,7.64,0.67,1
epSMH14790,8.9,8.9,1
epSMH15747,10.0,14.81,1
epSMH15901,15.88,1.04,0
epSMH16595,10.39,11.78,1
epSMH16860,12.04,12.06,1
epSMH17128,19.34,1.42,0
epSMH17309,16.37,16.39,1
epSMH17414,8.12,10.7,1
epSMH17533,15.13,28.04,1
epSMH17613,14.3,23.28,1
epSMH17753,10.8,17.71,1
epSMH18118,11.07,16.77,1
epSMH18185,13.15,13.16,1
epSMH18288,6.91,6.92,1
epSMH18290,5.66,5.67,1
epSMH19077,9.32,11.0,1
epSMH19288,9.96,12.49,1
epSMH19302,7.38,10.08,1
epSMH19354,12.86,16.12,1
epSMH19636,10.0,22.35,1
epSMH19645,18.05,25.91,1
epSMH19692,17.66,17.5,1
epSMH20230,14.78,14.87,1
epSMH20319,14.84,1.77,0
epSMH20480,16.21,16.21,1
epSMH20574,9.68,13.59,1
epSMH20693,14.26,13.41,1
epSMH20720,8.23,11.37,1
epSMH21015,11.69,11.69,1
epSMH21339,12.61,18.88,1
epSMH21347,13.2,5.18,0
epSMH21519,11.54,0.53,0
epSMH21549,16.26,16.26,1
epSMH21620,13.85,13.85,1
epSMH22420,11.87,11.96,1
epSMH22497,17.35,0.55,0
epSMH23174,13.31,0.94,0
epSMH23464,12.2,0.42,0
epSMH23476,12.98,0.92,0
epSMH23748,15.52,17.91,1
epSMH24038,14.0,20.17,1
epSMH24053,12.88,20.41,1
epSMH24097,11.75,10.09,1
epSMH24177,12.14,13.16,1
epSMH24501,12.91,12.48,1
epSMH24562,11.91,11.95,1
epSMH24746,20.12,20.12,1
epSMH24801,14.26,14.28,1
epSMH24814,14.92,14.93,1
epSMH24961,13.58,13.58,1
epSMH25510,23.03,27.19,1
epSMH25542,9.73,10.09,1
epSMH25796,13.15,10.27,1
epSMH26370,17.57,17.57,1
epSMH26450,15.5,21.46,1
epSMH26478,8.77,21.83,1
epSMH26958,14.42,16.75,1
epSMH26959,16.3,17.13,1
epSMH26983,10.04,1.26,0
epSMH27103,8.88,8.94,1
epSMH27188,15.52,1.92,0
epSMH27197,13.81,13.95,1
epSMH27257,11.76,11.99,1
epSMH27293,11.89,18.47,1
epSMH27494,13.83,2.56,0
epSMH27588,13.41,1.66,0
epSMH27590,12.18,12.18,1
epSMH27598,12.03,12.04,1
epSMH27618,11.65,11.65,1
epSMH27619,7.96,7.96,1
epSMH27620,13.66,13.67,1
epSMH27671,10.99,0.99,0
epSMH27673,11.12,0.95,0
epSMH27676,15.4,8.64,1
epSMH27683,11.78,1.75,0
epSMH27768,20.81,25.92,1
epSMH27940,12.09,12.1,1
epSMH27991,8.99,8.99,1
epSMH28036,17.81,17.81,1
epSMH28244,15.68,15.89,1
epSMH28384,17.03,17.03,1
epSMH28495,12.22,1.73,0
epSMH28527,9.89,15.39,1
epSMH28709,12.93,12.93,1
epSMH28710,11.96,11.96,1
epSMH28765,9.79,4.15,1
epSMH28955,14.56,14.58,1
epSMH29491,15.6,26.47,1
epSMH29701,11.3,12.84,1
epSMH29750,10.39,11.71,1
epSMH29751,12.55,13.99,1
epSMH29755,16.24,0.68,0
epSMH29992,13.44,9.33,1
epSMH30035,11.31,11.66,1
epSMH30267,11.54,11.56,1
epSMH30281,12.46,2.18,0
epSMH30508,18.71,18.9,1
epSMH30606,13.74,18.88,1
epSMH30675,11.16,13.09,1
epSMH31004,11.47,11.48,1
epSMH31040,10.4,18.93,1
epSMH31164,26.7,26.7,1
epSMH31287,13.41,13.41,1
epSMH31527,12.21,12.21,1
epSMH31566,12.36,12.37,1
epSMH31959,22.28,29.31,1
epSMH32265,23.42,29.06,1
epSMH32387,18.19,1.68,0
epSMH32980,12.2,28.03,1
epSMH33720,15.99,15.99,1
epSMH33750,13.89,2.09,0
epSMH33864,12.66,20.53,1
epSMH33934,14.13,5.79,0
epSMH33952,4.63,6.0,1
epSMH34000,10.74,10.74,1
epSMH34087,16.5,16.5,1
epSMH34208,11.03,11.03,1
epSMH34316,11.77,11.78,1
epSMH34336,12.24,12.24,1
epSMH34362,13.16,13.16,1
epSMH34369,15.07,6.24,0
epSMH34388,13.67,13.67,1
epSMH34459,14.2,1.74,0
epSMH34471,11.91,11.91,1
epSMH34553,21.41,27.17,1
epSMH34607,13.8,14.24,1
epSMH34931,13.91,16.29,1
epSMH35317,11.01,0.62,0
epSMH35408,10.05,10.47,1
epSMH35766,10.0,10.0,1
epSMH35873,15.73,0.91,0
epSMH35898,16.59,1.26,0
epSMH36498,11.07,11.11,1
epSMH36505,10.96,11.01,1
epSMH36602,10.84,11.56,1
epSMH36618,31.67,4.39,0
epSMH37056,13.18,14.23,1
epSMH37314,14.23,15.67,1
epSMH37442,13.287,16.89,1
epSMH37443,13.11,15.93,1
epSMH37520,11.63,15.27,1
epSMH37705,12.11,12.11,1
epSMH37902,13.97,13.97,1
epSMH37953,10.0,10.0,1
epSMH38203,11.19,11.19,1
epSMH38280,11.44,11.44,1
epSMH38301,11.01,11.01,1
epSMH38801,22.11,25.31,1
epSMH38849,15.75,27.36,1
epSMH39176,12.66,3.99,0
epSMH39355,10.16,10.16,1
epSMH39591,12.36,28.39,1
epSMH39829,11.17,29.44,1
epSMH40276,10.78,13.1,1
epSMH40406,14.12,16.64,1
epSMH40575,10.81,8.27,1
epSMH40579,5.36,8.02,1
epSMH40608,13.37,14.11,1
epSMH40639,10.19,11.32,1
epSMH40729,9.03,12.32,1
epSMH40732,9.35,9.35,1
epSMH40736,11.11,11.11,1
epSMH40775,11.8,11.8,1
epSMH40835,13.95,13.33,1
epSMH40858,10.98,14.19,1
epSMH40872,15.96,17.47,1
epSMH40881,12.68,17.64,1
epSMH41126,17.24,19.79,1
epSMH41136,12.72,12.74,1
epSMH42363,13.35,13.36,1
epSMH42365,12.25,12.25,1
epSMH42469,14.97,18.79,1
epSMH42635,16.0,16.01,1
epSMH43389,10.71,0.89,0
epSMH43735,10.71,0.91,0
epSMH44145,15.64,16.42,1
epSMH44243,12.85,7.3,1
epSMH44280,10.63,14.34,1
epSMH44329,14.49,19.78,1
epSMH44446,19.78,19.82,1
epSMH44593,14.27,8.12,1
epSMH44625,9.4,17.4,1
epSMH45188,15.26,15.26,1
epSMH45219,23.42,22.42,1
epSMH45978,10.02,12.69,1
epSMH46043,12.8,12.8,1
epSMH46170,7.83,11.27,1
epSMH46744,27.11,36.72,1
epSMH47090,14.86,14.86,1
epSMH47144,13.88,13.88,1
epSMH47400,10.96,10.96,1
epSMH47413,11.73,11.33,1
epSMH47441,11.78,12.02,1
epSMH47558,9.92,9.92,1
epSMH47778,7.92,10.53,1
epSMH47880,11.1,11.1,1
epSMH47890,12.78,12.78,1
epSMH47987,7.6,7.6,1
epSMH47989,11.05,11.06,1
epSMH48243,7.84,8.8,1
epSMH48261,14.4,15.5,1
epSMH48280,11.93,8.23,1
epSMH48377,13.98,21.81,1
epSMH48825,10.85,9.88,1
epSMH49106,20.76,23.01,1
epSMH49198,12.36,13.51,1
epSMH49749,15.41,17.62,1
epSMH50005,15.88,0.82,0
epSMH50014,13.89,13.93,1
epSMH50260,16.44,2.07,0
epSMH50288,10.07,10.13,1
epSMH50338,13.18,13.18,1
epSMH50427,16.93,1.71,0
epSMH50953,10.76,28.0,1
epSMH50959,11.35,11.35,1
epSMH50979,9.62,9.36,1
epSMH51044,8.94,9.78,1
epSMH51110,12.21,12.21,1
epSMH51615,18.71,18.71,1
epSMH51769,22.26,22.26,1
epSMH52139,13.0,24.35,1
epSMH52433,13.7,20.18,1
epSMH52435,12.1,17.43,1
epSMH52668,7.99,10.23,1
epSMH52747,12.84,13.61,1
epSMH53083,16.42,17.65,1
epSMH53213,14.53,18.81,1
epSMH53352,16.05,24.69,1
epSMH53779,12.88,12.88,1
epSMH53883,11.89,21.23,1
epSMH54181,7.4,7.41,1
epSMH54221,14.84,14.84,1
epSMH54254,10.34,23.68,1
epSMH54653,11.5,11.5,1
FCEMH01,18.11,18.2,1
FCEMH02,22.136,22.18,1
FCEMH03,19.597,19.72,1
FCEMH04,23.34,23.35,1
FCEMH05,20.919,20.98,1
FCEMH06,20.099,20.11,1
FCEMH07,19.912,19.94,1
FCEMH08,18.88,18.92,1
FCEMH09,18.28,18.33,1
FCEMH10,17.51,17.71,1
FCEMH11,17.69,17.1,1
FCEMH12,17.92,18.04,1
FCEMH13,17.39,17.5,1
FCEMH14,17.96,18.04,1
FCEMH15,18.89,18.93,1
FCEMH16,17.1,17.61,1
FCEMH17,18.08,17.76,1
FJ1,22.0,0.23,0
FRZ-1,20.03,3.1,0
FRZ-10,25.94,3.68,0
FRZ-11,25.04,3.56,0
FRZ-12,25.49,3.16,0
FRZ-13,24.36,2.98,0
FRZ-14,19.93,2.55,0
FRZ-15,19.56,1.88,0
FRZ-2,22.85,3.25,0
FRZ-3,26.57,3.14,0
FRZ-4,28.58,3.2,0
FRZ-5,25.64,3.01,0
FRZ-6,25.39,3.53,0
FRZ-7,29.27,3.25,0
FRZ-8,27.3,3.13,0
FRZ-9,27.11,3.58,0
GASC-1,16.95,12.63,1
GASC-2,16.4,11.96,1
GASC-4,16.0,9.79,1
GPI-02,35.24,6.97,0
GPI-03,32.35,6.97,0
GPI-04,32.55,6.96,0
GPI-05,32.97,6.95,0
GPI-06,33.22,6.99,0
GPI-07,31.25,7.04,0
GPI-08,31.73,7.08,0
GPI-09,31.49,7.13,0
GPI-10,31.99,7.18,0
GPI-11,31.18,7.2,0
GPI-12,31.12,7.3,0
GPI-13,28.61,7.36,0
GPI-14,28.39,7.38,0
GPI-15,27.92,7.5,0
GPS-1,10.0,0.58,0
GPS-10,7.3,0.58,1
GPS-11,7.0,0.71,1
GPS-12,6.1,0.68,1
GPS-13,17.1,0.6,0
GPS-14,11.6,0.52,0
GPS-15,11.4,0.52,0
GPS-16,10.5,0.52,0
GPS-17,16.8,0.53,0
GPS-18,16.6,0.39,0
GPS-19,16.5,0.32,0
GPS-2,10.6,0.58,0
GPS-20,16.4,0.32,0
GPS-3,11.9,0.58,0
GPS-4,13.1,0.58,0
GPS-5,12.8,0.58,0
GPS-6,11.8,0.58,0
GPS-7,10.6,0.58,0
GPS-8,10.2,0.58,0
GPS-9,9.4,0.58,0
GPS-MeterChamber,6.4,18.68,1
GWK_105110,88.63,9.72,0
GWK_105195,50.0,0.37,0
GWK_105197,89.07,6.28,0
GWK_105198,50.0,6.74,0
GWK_105199,50.0,3.51,0
GWK_105250,92.12,7.55,0
GWK_105251,50.0,1.14,0
GWK_106060,50.0,1.58,0
GWK_106080,50.0,1.87,0
GWK_106120,50.0,0.97,0
GWK_106140,50.0,1.61,0
GWK_106170,50.0,1.37,0
GWK_106190,50.0,1.74,0
GWK_106241,50.0,2.56,0
GWK_106270,50.0,2.66,0
GWK_107050,50.0,1.89,0
GWK_107051,50.0,1.53,0
GWK_107053,50.0,0.33,0
GWK_107070,50.0,7.7,0
GWK_207051,50.0,7.03,0
GWK_4010,40.48,40.62,1
GWK_4020,38.35,38.42,1
GWK_4030,36.46,36.56,1
GWK_4040,34.67,34.78,1
GWK_4050,33.53,33.65,1
GWK_4060,32.84,32.95,1
GWK_4070,32.65,32.79,1
GWK_4080,32.66,32.75,1
GWK_4085,27.98,28.07,1
GWK_4090,22.3,22.3,1
GWK_4120,21.18,21.18,1
GWK_4130,19.87,19.87,1
GWK_4140,29.4,29.42,1
GWK_5010,38.38,38.38,1
GWK_5020,36.6,36.6,1
GWK_5030,41.32,41.32,1
GWK_5040,39.17,39.17,1
GWK_5060,37.76,37.76,1
GWK_5070,35.2,35.2,1
GWK_5080,33.7,33.7,1
GWK_5090,26.92,26.92,1
GWK_5110,25.3,34.53,1
GWK_5120,34.0,34.0,1
GWK_5130,34.56,34.56,1
GWK_5140,31.79,31.79,1
GWK_5150,32.67,32.67,1
GWK_5160,37.4,37.4,1
GWK_5165,37.23,37.23,1
GWK_5190,29.68,29.77,1
GWK_5193,28.05,28.29,1
GWK_5195,27.83,32.81,1
GWK_5220,33.1,33.1,1
GWK_5240,32.0,26.86,1
GWK_5243,22.2,22.2,1
GWK_5250,28.0,28.07,1
GWK_5270,34.3,34.3,1
GWK_5275,31.45,31.45,1
GWK_5280,27.68,27.68,1
GWK_5300,25.72,25.77,1
GWK_5310,23.35,23.52,1
GWK_5340,22.28,22.34,1
GWK_5350,22.26,22.64,1
GWK_6010,19.05,19.05,1
GWK_6020,17.42,17.67,1
GWK_6030,14.25,14.32,1
GWK_6040,16.79,17.08,1
GWK_6050,15.26,15.62,1
GWK_6060,18.61,18.99,1
GWK_6070,19.91,20.05,1
GWK_6080,15.23,15.97,1
GWK_6090,10.47,13.64,1
GWK_6100,13.7,13.75,1
GWK_6110,12.53,12.61,1
GWK_6120,19.9,20.02,1
GWK_6140,17.51,17.69,1
GWK_6150,16.84,16.95,1
GWK_6160,14.89,15.03,1
GWK_6170,11.87,11.95,1
GWK_6180,9.71,9.84,1
GWK_6190,15.69,18.14,1
GWK_6200,18.79,19.09,1
GWK_6210,20.61,20.76,1
GWK_6220,13.14,13.65,1
GWK_6230,17.32,17.76,1
GWK_6240,16.55,17.09,1
GWK_6250,17.28,17.8,1
GWK_6260,16.74,17.38,1
GWK_6270,8.43,29.3,1
GWK_6280,15.98,17.03,1
GWK_6287,28.07,28.16,1
GWK_6290,15.35,0.52,0
GWK_6300,15.21,0.61,0
GWK_6310,14.6,0.17,0
GWK_6320,14.6,0.17,0
GWK_6330,16.5,0.44,0
GWK_6340,14.75,0.2,0
GWK_6350,10.75,0.27,0
GWK_6360,33.15,33.18,1
GWK_6370,22.25,22.25,1
GWK_6380,17.47,17.47,1
GWK_7050,29.07,29.24,1
GWK_7055,29.62,26.27,1
GWK_7060,24.64,30.73,1
GWK_7063,23.02,32.27,1
GWK_7067,21.27,29.36,1
GWK_7070,18.52,25.1,1
GWK_7080,28.73,28.98,1
GWK_7090,31.48,31.56,1
GWK_7100,22.27,22.78,1
H1000,10.35,22.17,1
H1010,8.0,14.83,1
H1020,12.93,16.37,1
H1050,7.8,13.6,1
H1060,7.49,12.45,1
H1070,7.24,12.93,1
H1080,12.5,15.52,1
H1100,12.2,17.36,1
H1105,11.84,17.54,1
H1110,12.7,16.14,1
H1115,14.16,17.1,1
H1120,15.83,17.39,1
H1130,15.15,17.54,1
H130,18.33,28.43,1
H131,18.78,28.55,1
H140,18.12,28.76,1
H150,17.17,29.18,1
H1530,14.45,14.45,1
H200,15.51,30.33,1
H300,16.0,29.11,1
H3210,29.05,29.63,1
H3211,9.93,7.15,1
H3212,13.89,13.89,1
H3215,14.1,14.1,1
H3220,13.87,13.87,1
H3300,12.16,13.81,1
H3400,11.19,22.53,1
H3500,11.04,22.78,1
H3600,10.27,24.43,1
H3610,10.85,25.66,1
H3620,11.23,28.1,1
H3700,11.23,29.11,1
H3800,9.96,34.83,1
H3900,10.08,34.36,1
H400,14.39,27.82,1
H410,13.7,24.7,1
H420,11.52,19.11,1
H430,10.1,16.38,1
H4390,14.05,14.55,1
H44000,29.15,28.26,1
H4420,20.54,14.61,1
H4430,19.88,14.45,1
H4450,19.47,14.37,1
H4460,18.56,14.35,1
H4470,17.1,15.81,1
H4500,17.74,14.49,1
H4505,15.94,13.19,1
H4510,15.83,15.83,1
H4520,15.4,15.4,1
H4600,16.5,14.08,1
H4700,16.8,17.93,1
H4800,16.33,18.63,1
H4801,14.65,20.35,1
H4802,13.65,19.93,1
H4850,17.1,19.06,1
H4900,17.6,19.33,1
H500,13.83,28.2,1
H5000,15.78,19.4,1
H5010,15.6,19.49,1
H6000,15.65,19.69,1
H6010,15.33,19.29,1
H6020,15.7,19.16,1
H6030,15.23,18.95,1
H6040,14.7,18.58,1
H6050,14.38,18.41,1
H6055,14.45,18.24,1
H6060,14.35,18.17,1
H6070,13.18,18.05,1
H6100,21.5,24.97,1
H6110,21.68,24.16,1
H6300,15.35,20.13,1
H6400,14.62,21.62,1
H6405,13.64,20.63,1
H6410,13.33,20.19,1
H6415,13.27,20.69,1
H6416,13.0,21.73,1
H6417,12.25,23.32,1
H6420,12.55,26.37,1
H6440,14.7,22.75,1
H6450,15.5,23.19,1
H6460,15.0,22.44,1
H6500,14.19,21.63,1
H700,11.0,27.33,1
H7000,20.6,25.26,1
H7004,22.5,22.5,1
H7005,8.31,20.77,1
H7010,19.92,22.69,1
H7020,11.45,14.12,1
H7023,11.65,14.72,1
H7025,11.8,14.56,1
H7026,11.71,14.53,1
H7030,11.4,14.57,1
H7050,8.5,13.39,1
H710,12.61,27.95,1
H7100,8.75,13.5,1
H7150,10.1,14.78,1
H716,13.05,13.05,1
H720,12.25,29.77,1
H7200,8.24,16.39,1
H725,7.8,14.27,1
H730,12.68,12.68,1
H7300,6.93,14.28,1
H7350,7.77,12.17,1
H800,11.52,33.98,1
H8000,23.05,24.86,1
H8005,21.6,24.95,1
H8006,20.5,25.34,1
H801,12.36,28.88,1
H8010,20.0,23.97,1
H8050,21.25,25.51,1
H810,9.73,20.65,1
H8100,19.8,24.45,1
H8150,11.83,17.44,1
H820,8.9,15.98,1
H8200,12.73,19.13,1
H8210,12.0,19.26,1
H825,8.56,9.87,1
H826,7.96,7.88,1
H830,11.18,11.0,1
H8300,11.3,15.58,1
H8310,10.35,11.22,1
H8315,10.15,10.18,1
H8400,11.35,14.39,1
H8410,10.74,10.93,1
H8415,9.4,9.4,1
H8500,22.21,23.59,1
H8600,26.0,26.0,1
H8700,25.65,25.66,1
H8800,27.35,27.35,1
H8801,13.2,13.21,1
H8810,26.01,26.01,1
H8815,25.56,25.57,1
H900,11.36,24.6,1
H9200,14.15,21.9,1
H9300,13.71,22.73,1
H950,8.9,15.78,1
H955,13.68,15.96,1
HAR-11,19.62,18.89,1
HAR-12,19.08,18.76,1
HAR-13,18.9,18.32,1
HAR-14,20.73,19.55,1
HAR-15,17.03,16.88,1
HAR-16,16.34,16.34,1
HAR-18,15.05,15.05,1
HAR-19,15.52,15.52,1
HAR-2,18.35,18.35,1
HAR-20,10.17,10.17,1
HAR-21,6.24,6.24,1
HAR-3,17.58,16.97,1
HAR-4,16.54,16.54,1
HAR-5,16.09,16.09,1
HAR-6,14.14,13.92,1
HAR-7,14.36,13.49,1
HAR-8,12.75,12.75,1
HAR-9,11.2,11.2,1
HEL-10,6.81,6.81,1
HEL-2,18.0,16.76,1
HEL-3,18.0,18.0,1
HEL-4,18.45,18.21,1
HEL-5,17.5,17.5,1
HEL-6,16.39,16.39,1
HEL-7,14.54,14.54,1
HEL-8,14.1,14.1,1
HEL-9,10.23,10.23,1
Hoffman1,10.0,2.9,1
Hoffman2,10.0,0.0,0
Hoffman3,10.0,0.0,0
HRSDS_INT_NSTS_I_MH1-01,9.59,1.09,0
HRSDS_INT_NSTS_I_MH1-02,12.35,1.01,0
HRSDS_INT_NSTS_I_MH1-03,12.28,1.04,0
HRSDS_INT_NSTS_I_MH1-04,12.87,0.93,0
HRSDS_INT_NSTS_I_MH1-05,15.47,0.94,0
HRSDS_INT_NSTS_I_MH1-06,17.85,0.94,0
HRSDS_INT_NSTS_I_MH1-07,14.58,0.96,0
HRSDS_INT_NSTS_I_MH1-08,15.09,0.69,0
HRSDS_INT_NSTS_I_MH1-09,10.89,0.86,0
HRSDS_INT_NSTS_I_MH1-10,11.16,0.8,0
HRSDS_INT_NSTS_I_MH1-11,13.12,0.66,0
HRSDS_INT_NSTS_I_MH1-12,13.76,0.71,0
HRSDS_INT_NSTS_I_MH1-13,14.39,1.0,0
HRSDS_INT_NSTS_I_MH1-14,20.97,0.99,0
HRSDS_INT_NSTS_I_MH1-15,16.53,0.99,0
HRSDS_INT_NSTS_I_MH1-16,15.4,1.17,0
HRSDS_INT_NSTS_I_MH1-17,24.26,0.82,0
HRSDS_INT_NSTS_I_MH1-18,22.2,0.49,0
HRSDS_INT_NSTS_I_MH1-19,15.59,1.11,0
HRSDS_INT_NSTS_I_MH1-20,13.01,1.07,0
HRSDS_INT_NSTS_I_MH1-21,12.17,0.93,0
HRSDS_INT_NSTS_I_MH1-22,10.71,0.92,0
HRSDS_INT_NSTS_I_MH1-23,9.78,0.94,0
HRSDS_INT_NSTS_I_MH1-24,17.28,0.45,0
HRSDS_INT_NSTS_I_MH1-25,24.42,1.02,0
HRSDS_INT_NSTS_I_MH1-26,27.05,0.95,0
HRSDS_INT_NSTS_I_MH1-27,19.1,0.93,0
HRSDS_INT_NSTS_I_MH1-28,20.38,0.92,0
HRSDS_INT_NSTS_I_MH1-BT,16.73,0.75,0
HRSDS_INT_NSTS_II_MH2-29,12.15,1.18,0
HRSDS_INT_NSTS_II_MH2-30,11.09,0.92,0
HRSDS_INT_NSTS_II_MH2-31,12.82,0.91,0
HRSDS_INT_NSTS_II_MH2-32,14.94,0.92,0
HRSDS_INT_NSTS_II_MH2-33,14.25,0.91,0
HRSDS_INT_NSTS_II_MH2-34,14.66,0.9,0
HRSDS_INT_NSTS_II_MH2-35,14.56,0.9,0
HRSDS_INT_NSTS_II_MH2-36,14.5,0.89,0
HRSDS_INT_NSTS_II_MH2-37,14.53,0.89,0
HRSDS_INT_NSTS_II_MH2-38,16.43,0.9,0
HRSDS_INT_NSTS_II_MH2-39,16.3,0.89,0
HRSDS_INT_NSTS_II_MH2-40,15.17,0.89,0
HRSDS_INT_NSTS_II_MH2-41,15.12,0.9,0
HRSDS_INT_NSTS_II_MH2-42,17.08,0.89,0
HRSDS_INT_NSTS_II_MH2-43,18.97,0.9,0
HRSDS_INT_NSTS_II_MH2-44,18.77,0.84,0
HRSDS_INT_NSTS_II_MH2-45,17.57,0.83,0
HRSDS_INT_NSTS_II_MH2-46,14.81,0.82,0
HRSDS_INT_NSTS_II_MH2-47,13.74,0.82,0
HRSDS_INT_NSTS_II_MH2-48,15.78,0.79,0
HRSDS_INT_NSTS_II_MH2-49,21.87,0.79,0
HRSDS_INT_NSTS_II_MH2-50,22.05,0.79,0
HRSDS_INT_NSTS_II_MH2-51,21.6,0.79,0
HRSDS_INT_NSTS_II_MH2-52,24.01,0.79,0
HRSDS_INT_NSTS_II_MH2-53,23.68,0.78,0
HRSDS_INT_NSTS_II_MH2-54,23.72,0.79,0
HRSDS_INT_NSTS_II_MH2-55,22.89,0.78,0
HRSDS_INT_NSTS_II_MH2-56,16.13,0.78,0
HRSDS_INT_NSTS_II_MH2-57,12.66,0.44,0
HRSDS_INT_NSTS_II_MH2-58,11.74,0.4,0
HRSDS_INT_NSTS_II_MH2-59,11.8,0.39,0
HRSDS_INT_NSTS_II_MH2-60,11.98,0.43,0
HRSDS_INT_NSTS_II_MH2-61,12.19,0.44,0
HRSDS_INT_NSTS_II_MH2-62,11.83,0.4,0
HRSDS_INT_NSTS_II_MH2-63,10.44,0.4,0
HRSDS_INT_NSTS_II_MH2-64,9.78,0.41,0
HRSDS_INT_NSTS_II_MH2-65,10.24,0.38,0
HRSDS_INT_NSTS_II_MH2-66,12.2,0.38,0
HRSDS_INT_NSTS_II_MH2-67,11.36,0.4,0
HRSDS_INT_NSTS_II_MH2-68,12.06,0.37,0
HRSDS_INT_NSTS_II_MH2-69,14.39,0.35,0
HRSDS_INT_NSTS_II_MH2-70,17.82,0.33,0
HRSDS_INT_NSTS_II_MH2-71,17.86,0.33,0
HRSDS_INT_NSTS_II_MH2-72,13.02,0.33,0
HRSDS_INT_NSTS_II_MH2-73,12.19,0.35,0
HRSDS_INT_NSTS_II_MH2-74,10.99,0.32,0
HRSDS_INT_NSTS_II_MH2-75,11.69,0.32,0
HRSDS_INT_NSTS_II_MH2-76,12.04,0.32,0
HRSDS_INT_NSTS_II_MH2-77,16.79,0.32,0
HRSDS_INT_NSTS_II_MH2-78,17.79,0.32,0
HRSDS_INT_NSTS_II_MH2-79,19.4,0.32,0
HRSDS_INT_NSTS_II_MH2-80,15.69,0.53,0
HRSDS_INT_NSTS_II_MH2-81,19.05,0.68,0
HRSDS_INT_NSTS_II_MH2-82,21.67,0.55,0
HRSDS_INT_NSTS_II_MH2-82_BT,18.93,0.59,0
HRSDS_INT_NSTS_II_MH2-83,25.29,0.54,0
HRSDS_INT_NSTS_II_MH2-84,24.28,0.53,0
HRSDS_INT_NSTS_II_MH2-85,21.76,0.53,0
HRSDS_INT_NSTS_II_MH2-86,11.24,0.53,0
HRSDS_INT_NSTS_II_MH2-87,16.68,0.44,0
HRSDS_INT_NSTS_II_MH2-88,15.38,0.44,0
HRSDS_INT_NSTS_II_MH2-89,10.04,0.44,0
HRSDS_INT_NSTS_II_MH2-90,12.92,0.44,0
HRSDS_INT_NSTS_II_MH2-91,10.09,0.44,0
HRSDS_INT_NSTS_II_MH2-92,8.92,0.44,0
HRSDS_INT_NSTS_II_MH2-93,8.76,0.43,0
HRSDS_INT_NSTS_II_MH2-93A,11.39,0.44,0
HRSDS_INT_NSTS_II_MH2-93B,9.52,0.52,0
HRSDS_INT_NSTS_II_MH2-94,10.72,0.44,0
HRSDS_INT_NSTS_II_MH2-95,8.98,0.35,0
HRSDS_INT_NSTS_II_MH2-96,10.11,0.36,0
HRSDS_NTE1_I_MH1-01,13.19,0.57,0
HRSDS_NTE1_I_MH1-02,19.85,0.57,0
HRSDS_NTE1_I_MH1-03,22.34,0.53,0
HRSDS_NTE1_I_MH1-04,26.64,0.74,0
HRSDS_NTE1_I_MH1-05,27.74,0.7,0
HRSDS_NTE1_I_MH1-06,11.63,0.73,0
HRSDS_NTE1_I_MH1-07,16.53,0.59,0
HRSDS_NTE1_I_MH1-08,14.05,0.59,0
HRSDS_NTE1_I_MH1-08_BT,16.64,0.59,0
HRSDS_NTE1_I_MH1-09,20.69,0.59,0
HRSDS_NTE1_I_MH1-10,11.06,0.59,0
HRSDS_NTE1_I_MH1-11,11.33,0.59,0
HRSDS_NTE1_I_MH1-12,13.25,0.59,0
HRSDS_NTE1_I_MH1-13,16.84,0.59,0
HRSDS_NTE1_I_MH1-14,25.99,0.6,0
HRSDS_NTE1_I_MH1-15,11.55,0.55,0
HRSDS_NTE1_I_MH1-16,11.89,0.56,0
HRSDS_NTE1_I_MH1-17,12.11,0.55,0
HRSDS_NTE1_I_MH1-18,13.26,0.55,0
HRSDS_NTE1_I_MH1-19,16.73,0.55,0
HRSDS_NTE1_I_MH1-20,12.82,0.55,0
HRSDS_NTE1_I_MH1-21,18.47,0.49,0
HRSDS_NTE1_I_MH1-22,26.33,0.52,0
HRSDS_NTE1_I_MH1-23,12.98,0.44,0
HRSDS_NTE1_I_MH1-24,11.65,0.44,0
HRSDS_NTE1_I_MH1-25,10.11,0.44,0
HRSDS_NTE1_I_MH1-26,12.52,0.44,0
HRSDS_NTE1_I_MH1-27,14.95,0.44,0
HRSDS_NTE1_I_MH1-27_NewMH1,19.77,0.44,0
HRSDS_NTE1_I_MH1-27_NewMH2,19.11,0.44,0
HRSDS_NTE1_II_MH2-28,12.21,0.43,0
HRSDS_NTE1_II_MH2-29,14.63,0.43,0
HRSDS_NTE1_II_MH2-30,20.71,0.67,0
HRSDS_NTE1_II_MH2-31,27.18,0.62,0
HRSDS_NTE1_II_MH2-32,25.25,0.6,0
HRSDS_NTE1_II_MH2-33,24.72,0.59,0
HRSDS_NTE1_II_MH2-34,14.51,0.42,0
HRSDS_NTE1_II_MH2-35,15.12,0.48,0
HRSDS_NTE1_II_MH2-36,15.6,0.46,0
HRSDS_NTE1_II_MH2-37,18.2,0.44,0
HRSDS_NTE1_II_MH2-38,19.31,0.31,0
HRSDS_NTE1_II_MH2-38_NewMH,20.07,0.63,0
HRSDS_NTE1_II_MH2-39,10.95,0.39,0
HRSDS_NTE1_II_MH2-40,14.11,0.34,0
HRSDS_NTE1_II_MH2-41,12.97,0.32,0
HRSDS_NTE1_II_MH2-42,15.14,0.37,0
HRSDS_NTE1_II_MH2-43,15.75,0.33,0
HRSDS_NTE1_II_MH2-44,13.16,0.35,0
HRSDS_NTE1_II_MH2-45,21.35,0.27,0
HW-2,27.0,14.14,0
HW-3,27.0,1.26,0
HW-4,28.0,1.35,0
HW-5,30.0,2.84,0
HW-6,30.0,3.5,0
Input_RN_LC004_Com_DearbornHgts,50.0,1.47,0
Input_RN_LC007_Com_DearbornHgts,50.0,2.18,0
Input_RN_LC009_Com_DearbornHgts,50.0,1.37,0
Input_RN_LC010_Com_DearbornHgts,50.0,1.78,0
Input_RN_LC011_Com_DearbornHgts,50.0,0.86,0
Input_RN_LC012_Com_DearbornHgts,50.0,1.52,0
Input_RN_LC013_Com_DearbornHgts,50.0,1.06,0
Input_RN_LC016_Com_DearbornHgts,50.0,0.76,0
Input_RN_LC017_Com_DearbornHgts,50.0,0.7,0
Input_RN_LC022_Com_DearbornHgts,50.0,0.56,0
Input_RN_LC023_Com_DearbornHgts,50.0,0.65,0
Input_RN_LC028_Com_Inkster,50.0,1.44,0
Input_RN_LC029_Com_Inkster,50.0,0.94,0
Input_RN_LC031_Com_Inkster,50.0,0.66,0
Input_RN_LC043_Com_Inkster,50.0,0.83,0
Input_RN_LC045_Com_Inkster,50.0,0.9,0
Input_RN_LC045_Stm_Inkster,50.0,1.17,0
Input_RN_LC046_Com_Inkster,50.0,0.71,0
Input_RN_LC048_Com_Inkster,50.0,0.45,0
Input_RN_LC049_Com_Inkster,50.0,0.61,0
Input_RN_LC050_Com_Inkster,50.0,0.6,0
Input_RN_LC052_Com_DearbornHgts,50.0,1.0,0
Input_RN_LC052_Com_Inkster,50.0,0.89,0
Input_RN_LC105_Com_RedfordTwp,50.0,1.62,0
Input_RN_LC106_Com_RedfordTwp,50.0,0.93,0
Input_RN_LC107_Com_RedfordTwp,50.0,0.83,0
Input_RN_LC113_Com_RedfordTwp,50.0,1.3,0
Input_RN_LC114_Com_RedfordTwp,50.0,0.91,0
Input_RN_LC115_Com_RedfordTwp,50.0,1.08,0
Input_RN_LC116_Com_RedfordTwp,50.0,1.2,0
Input_RN_LC120_Com_RedfordTwp,50.0,0.92,0
Input_RN_LC121_Com_RedfordTwp,50.0,0.79,0
Input_RN_LC122_Com_RedfordTwp,50.0,2.05,0
Input_RN_LC193_Com_Inkster,50.0,0.3,0
Input_RN_LC199_Com_DearbornHgts,50.0,0.48,0
J1,26.469,26.47,1
J10,14.73,1.94,0
J11,26.396,26.4,1
J12,10.35,0.0,0
J13,23.25,20.51,1
J14,23.249,20.43,1
J15,10.35,0.0,0
J16,31.696,31.7,1
J165531,32.58,32.59,1
J165532,30.0,30.01,1
J17,25.874,25.58,1
J18,13.38,13.38,1
J19,15.88,12.46,1
J2,26.435,26.43,1
J23,25.31,23.02,1
J24,26.292,25.97,1
J25,31.847,31.85,1
J26,26.215,26.08,1
J27,57.64,55.34,1
J28,26.47,26.47,1
J29,25.296,20.83,1
J3,15.19,4.47,0
J30,16.151,16.15,1
J31,25.567,25.57,1
J32,21.84,15.52,1
J33,21.84,15.52,1
J34,76.5,74.0,1
J35,25.972,25.97,1
J36,22.748,22.75,1
J37,22.974,22.97,1
J38,25.945,21.55,1
J39,26.23,19.39,1
J4,11.72,0.82,0
J40,25.64,21.77,1
J41,1.0,0.0,1
J42,0.0,0.0,1
J5,13.02,0.0,0
J7,14.27,2.44,0
J9,13.02,0.18,0
JCT-10,7.28,1.73,1
JCT-100,36.04,10.95,0
JCT-1000,31.55,14.92,0
JCT-1002,20.69,20.7,1
JCT-1004,21.46,21.46,1
JCT-1008,40.31,7.79,0
JCT-1010,24.91,14.0,0
JCT-1012,24.71,15.01,0
JCT-1014,25.14,15.49,0
JCT-1016,32.58,16.68,0
JCT-1018,28.85,17.66,0
JCT-102,35.94,7.59,0
JCT-1022,25.33,14.07,0
JCT-1024,28.97,2.53,0
JCT-1030,20.64,2.37,0
JCT-1036,19.72,5.19,0
JCT-1038,21.33,6.24,0
JCT-104,34.75,5.82,0
JCT-1040,17.49,3.16,0
JCT-1044,25.11,12.56,0
JCT-1048,40.8,4.73,0
JCT-1050,42.04,36.48,1
JCT-1052,38.31,22.1,0
JCT-1054,34.95,11.2,0
JCT-1056,46.64,14.92,0
JCT-106,36.28,13.98,0
JCT-1060,24.82,1.42,0
JCT-1062,24.55,1.49,0
JCT-1064,48.8,12.92,0
JCT-1066,49.47,12.48,0
JCT-1068,42.57,11.44,0
JCT-1070,42.85,11.8,0
JCT-1072,24.86,2.3,0
JCT-1074,23.43,0.0,0
JCT-1076,26.1,1.61,0
JCT-1078,36.66,1.05,0
JCT-108,37.04,14.28,0
JCT-1080,36.05,0.0,0
JCT-1082,25.22,0.0,0
JCT-1084,20.54,2.47,0
JCT-1086,18.24,2.15,0
JCT-1088,22.04,0.55,0
JCT-1090,22.65,1.33,0
JCT-1092,25.67,1.33,0
JCT-1096,42.37,7.84,0
JCT-1098,43.86,12.36,0
JCT-110,32.67,24.22,0
JCT-1100,39.88,8.62,0
JCT-1102,32.06,3.64,0
JCT-1104,37.14,1.75,0
JCT-1106,36.65,1.77,0
JCT-1110,30.7,3.49,0
JCT-1112,28.86,3.93,0
JCT-1114,30.08,4.33,0
JCT-1116,32.11,4.16,0
JCT-1118,27.98,2.5,0
JCT-112,31.26,25.81,1
JCT-1120,39.08,2.95,0
JCT-1122,36.97,3.0,0
JCT-1124,40.86,3.56,0
JCT-1128,41.46,4.77,0
JCT-1130,25.47,2.81,0
JCT-1132,26.53,2.88,0
JCT-1136,39.37,17.69,0
JCT-1138,29.76,12.32,0
JCT-114,27.45,1.11,0
JCT-1142,32.68,18.76,0
JCT-1146,31.28,15.09,0
JCT-1148,37.02,18.82,0
JCT-1150,32.03,24.82,1
JCT-1152,33.79,18.25,0
JCT-1154,18.16,0.57,0
JCT-1156,15.66,0.0,0
JCT-1158,15.21,0.0,0
JCT-116,28.06,1.6,0
JCT-1164,13.94,4.67,0
JCT-1166,14.84,2.52,0
JCT-1168,14.31,2.2,0
JCT-1170,32.89,27.5,1
JCT-1180,7.41,7.98,1
JCT-1186,9.45,1.21,0
JCT-1188,17.39,2.35,0
JCT-1190,27.93,19.89,0
JCT-1192,32.45,19.61,0
JCT-1194,37.84,7.7,0
JCT-1196,37.96,7.36,0
JCT-1198,22.65,1.01,0
JCT-1202,19.96,0.87,0
JCT-1204,16.63,1.0,0
JCT-1206,12.05,1.12,0
JCT-1208,44.37,5.92,0
JCT-1210,47.03,6.46,0
JCT-1212,19.37,1.86,0
JCT-1214,12.4,2.41,0
JCT-1218,21.26,0.0,0
JCT-1228,35.54,16.99,0
JCT-1230,36.77,16.57,0
JCT-1232,33.86,17.66,0
JCT-1234,34.3,18.67,0
JCT-124,17.66,1.21,0
JCT-1240,37.79,21.75,0
JCT-1242,38.72,20.35,0
JCT-1244,30.29,12.15,0
JCT-1248,35.46,15.56,0
JCT-1250,24.17,3.06,0
JCT-1252,19.76,19.76,1
JCT-1254,21.05,21.05,1
JCT-1256,22.29,21.69,1
JCT-1258,23.17,23.18,1
JCT-126,18.31,1.18,0
JCT-1260,25.54,1.42,0
JCT-1264,34.31,17.35,0
JCT-1266,34.05,13.5,0
JCT-1272,24.84,24.86,1
JCT-1274,22.43,22.59,1
JCT-1276,28.93,11.44,0
JCT-128,19.59,1.59,0
JCT-1280,17.85,1.02,0
JCT-1282,34.21,14.04,0
JCT-1284,35.01,15.52,0
JCT-1286,34.67,16.54,0
JCT-1292,29.09,12.33,0
JCT-1294,34.63,16.61,0
JCT-1298,27.67,2.04,0
JCT-130,21.64,2.18,0
JCT-1300,20.15,3.85,0
JCT-1304,27.11,27.11,1
JCT-1306,26.96,20.31,1
JCT-1312,23.22,2.58,0
JCT-1314,23.83,2.29,0
JCT-1316,32.18,11.67,0
JCT-1318,25.97,5.59,0
JCT-1320,15.12,4.76,0
JCT-1322,15.89,4.4,0
JCT-1324,14.98,4.69,0
JCT-1326,15.46,4.89,0
JCT-1336,32.96,18.81,0
JCT-1340,28.92,12.05,0
JCT-1344,32.62,9.6,0
JCT-1346,27.95,12.05,0
JCT-1348,27.92,14.42,0
JCT-1350,20.92,17.13,1
JCT-1352,22.38,15.99,1
JCT-1358,39.07,0.89,0
JCT-1360,34.43,0.98,0
JCT-1362,32.83,13.24,0
JCT-1364,34.46,26.82,1
JCT-1366,34.35,27.05,1
JCT-1368,35.33,27.25,0
JCT-1370,32.54,12.72,0
JCT-1372,30.62,30.62,1
JCT-1374,30.2,30.2,1
JCT-1380,31.23,22.44,0
JCT-1382,31.97,20.03,0
JCT-1384,31.75,18.74,0
JCT-1386,34.86,12.46,0
JCT-1388,34.37,12.07,0
JCT-1390,44.11,44.11,1
JCT-1392,44.5,44.5,1
JCT-1394,27.28,20.56,1
JCT-1396,27.53,22.83,1
JCT-1398,27.37,1.32,0
JCT-140,35.48,1.43,0
JCT-1400,32.39,1.69,0
JCT-1402,29.07,1.57,0
JCT-1404,24.82,24.82,1
JCT-1406,23.38,23.4,1
JCT-1410,31.41,2.27,0
JCT-1412,30.51,1.85,0
JCT-1416,19.41,2.73,0
JCT-1418,37.24,11.41,0
JCT-142,35.48,2.12,0
JCT-1420,38.12,11.38,0
JCT-1422,41.46,2.72,0
JCT-1424,40.2,2.44,0
JCT-1426,33.7,1.3,0
JCT-1428,34.61,1.74,0
JCT-1430,26.08,1.25,0
JCT-1432,22.12,1.28,0
JCT-1434,21.95,1.11,0
JCT-1436,32.42,1.4,0
JCT-1438,29.43,1.34,0
JCT-1440,20.77,14.81,1
JCT-1442,24.09,17.21,1
JCT-1446,34.44,1.4,0
JCT-1448,36.3,1.54,0
JCT-1450,22.67,2.25,0
JCT-1452,24.36,24.36,1
JCT-1454,24.33,24.33,1
JCT-1458,17.96,1.53,0
JCT-1460,18.66,1.37,0
JCT-1468,22.56,22.56,1
JCT-1470,22.61,15.22,1
JCT-1472,25.68,15.19,0
JCT-1474,23.23,9.27,0
JCT-1478,40.85,4.88,0
JCT-1480,31.9,2.95,0
JCT-1482,43.32,19.03,0
JCT-1484,40.53,3.52,0
JCT-1486,48.33,15.3,0
JCT-1488,48.8,13.39,0
JCT-1490,21.33,21.33,1
JCT-1492,20.96,18.6,1
JCT-1496,20.05,20.05,1
JCT-150,31.18,12.8,0
JCT-1508,22.94,16.6,1
JCT-1510,23.37,18.28,1
JCT-1514,42.23,12.13,0
JCT-1516,28.14,27.26,1
JCT-1518,28.41,15.14,0
JCT-152,17.06,2.1,0
JCT-1520,32.09,16.03,0
JCT-1528,43.51,11.69,0
JCT-1534,37.02,17.46,0
JCT-1536,35.78,21.28,0
JCT-154,17.78,2.09,0
JCT-1542,38.51,3.77,0
JCT-1544,39.64,5.12,0
JCT-1546,37.66,2.15,0
JCT-1548,30.71,2.24,0
JCT-1550,28.93,3.84,0
JCT-1552,22.15,3.02,0
JCT-1554,44.35,8.93,0
JCT-1558,21.56,1.72,0
JCT-156,36.19,12.46,0
JCT-1560,18.76,0.0,0
JCT-1564,16.67,2.0,0
JCT-1568,40.05,5.47,0
JCT-1570,39.73,4.83,0
JCT-1572,38.59,3.29,0
JCT-1574,25.05,2.96,0
JCT-1576,24.97,2.94,0
JCT-1578,43.92,6.41,0
JCT-158,44.4,12.56,0
JCT-1580,28.94,3.26,0
JCT-1582,38.94,8.14,0
JCT-1584,34.52,4.08,0
JCT-1586,33.12,4.13,0
JCT-1588,34.09,4.1,0
JCT-1590,27.77,2.92,0
JCT-1592,29.02,3.11,0
JCT-1594,26.17,8.45,0
JCT-1596,24.93,5.96,0
JCT-1598,31.03,11.43,0
JCT-16,35.47,5.36,0
JCT-160,35.46,2.21,0
JCT-1602,27.18,10.78,0
JCT-1608,33.29,19.38,0
JCT-1610,31.53,16.18,0
JCT-1611,28.07,14.79,0
JCT-1612,28.07,16.14,0
JCT-1614,38.21,25.44,0
JCT-1616,37.81,23.93,0
JCT-1618,34.85,17.64,0
JCT-162,38.35,2.17,0
JCT-1620,37.13,17.79,0
JCT-1622,32.51,17.34,0
JCT-1624,32.91,18.53,0
JCT-1626,43.63,43.63,1
JCT-1628,40.0,16.89,0
JCT-1630,31.65,11.5,0
JCT-1632,33.83,11.93,0
JCT-1634,21.83,14.38,1
JCT-1636,49.02,9.48,0
JCT-1638,49.6,12.5,0
JCT-1640,45.03,16.0,0
JCT-1644,18.83,1.22,0
JCT-1646,34.51,14.7,0
JCT-1656,12.9,2.49,0
JCT-1658,15.57,2.59,0
JCT-1660,31.91,11.01,0
JCT-1662,36.56,36.56,1
JCT-1666,41.16,18.41,0
JCT-1668,27.45,15.77,0
JCT-1674,30.36,2.17,0
JCT-1676,36.26,9.38,0
JCT-1678,32.6,2.55,0
JCT-1690,28.58,20.23,0
JCT-1698,34.1,14.56,0
JCT-170,35.29,3.96,0
JCT-1700,29.28,3.62,0
JCT-1704,30.67,16.14,0
JCT-1704a,30.67,15.62,0
JCT-1706,5.92,6.19,1
JCT-1708,13.06,0.0,0
JCT-1710,15.82,0.0,0
JCT-1716,26.17,16.41,0
JCT-1718,32.19,13.11,0
JCT-172,46.09,8.9,0
JCT-1722,24.61,17.43,1
JCT-1724,30.31,12.36,0
JCT-1726,29.93,12.56,0
JCT-1728,22.45,4.52,0
JCT-1734,17.82,17.82,1
JCT-1736,22.65,2.19,0
JCT-1742,37.59,3.46,0
JCT-1744,40.8,6.13,0
JCT-1748,24.78,10.48,0
JCT-1750,26.97,21.0,1
JCT-1752,37.96,1.48,0
JCT-1754,27.95,11.81,0
JCT-1756,19.32,19.32,1
JCT-1758,19.91,19.91,1
JCT-1760,25.1,25.1,1
JCT-1762,41.8,10.61,0
JCT-1764,42.11,11.3,0
JCT-1768,27.82,14.32,0
JCT-1770,19.81,2.81,0
JCT-1778,31.64,13.1,0
JCT-178,44.92,16.02,0
JCT-1780,30.5,14.33,0
JCT-1782,41.92,2.39,0
JCT-1784,42.39,2.39,0
JCT-1788,47.39,47.39,1
JCT-1790,33.59,13.21,0
JCT-1792,34.08,25.82,0
JCT-1796,29.4,22.95,1
JCT-18,33.84,13.72,0
JCT-180,45.84,15.94,0
JCT-1800,29.47,17.16,0
JCT-1802,29.91,18.4,0
JCT-1804,37.28,26.04,0
JCT-1806,28.99,26.85,1
JCT-1808,25.39,24.18,1
JCT-1810,38.4,25.19,0
JCT-1812,25.05,15.18,0
JCT-1814,29.17,29.17,1
JCT-1816,31.68,31.68,1
JCT-1818,31.04,21.66,0
JCT-182,31.89,20.83,0
JCT-1820,24.53,1.27,0
JCT-1822,27.46,1.61,0
JCT-1826,16.01,16.81,1
JCT-1828,32.3,2.15,0
JCT-1830,32.73,1.98,0
JCT-1832,31.37,1.63,0
JCT-1834,33.02,28.34,1
JCT-1836,34.43,25.48,0
JCT-1838,37.19,4.27,0
JCT-184,38.38,20.18,0
JCT-1840,39.19,2.09,0
JCT-1842,38.59,2.55,0
JCT-1844,35.3,2.39,0
JCT-1846,35.04,7.71,0
JCT-1848,41.93,7.31,0
JCT-1850,35.08,1.73,0
JCT-1852,19.07,19.07,1
JCT-1856,39.47,10.21,0
JCT-1858,27.71,1.91,0
JCT-186,30.4,27.17,1
JCT-1860,35.38,16.0,0
JCT-1862,35.42,15.45,0
JCT-1864,23.96,23.97,1
JCT-1868,32.1,12.65,0
JCT-1872,33.47,16.19,0
JCT-1874,31.73,15.19,0
JCT-1878,23.44,0.95,0
JCT-188,36.26,14.89,0
JCT-1880,23.08,0.95,0
JCT-1882,23.7,3.02,0
JCT-1894,33.71,11.54,0
JCT-1896,27.43,5.34,0
JCT-1898,34.09,15.97,0
JCT-190,42.58,42.58,1
JCT-1902,41.2,27.23,0
JCT-1906,22.78,12.87,0
JCT-1908,26.15,18.64,1
JCT-1910,34.84,16.13,0
JCT-1912,34.81,17.24,0
JCT-1914,25.94,13.32,0
JCT-1916,22.1,15.11,1
JCT-1918,21.72,15.1,1
JCT-192,43.33,43.33,1
JCT-1920,26.47,0.0,0
JCT-1924,28.55,0.0,0
JCT-1926,28.56,1.51,0
JCT-1928,41.95,11.34,0
JCT-1930,31.26,2.96,0
JCT-1932,19.6,1.13,0
JCT-1936,32.55,2.37,0
JCT-1938,31.93,2.7,0
JCT-1940,22.34,2.9,0
JCT-1942,21.55,3.04,0
JCT-1946,19.79,4.83,0
JCT-1948,23.75,2.48,0
JCT-1950,40.94,1.99,0
JCT-1952,38.37,2.0,0
JCT-1954,40.41,8.84,0
JCT-1956,39.48,9.53,0
JCT-196,22.62,22.62,1
JCT-1960,22.66,18.35,1
JCT-1962,25.01,17.43,1
JCT-1964,21.07,20.34,1
JCT-1966,21.64,18.88,1
JCT-1968,21.17,21.17,1
JCT-1970,21.09,20.86,1
JCT-1972,21.3,21.3,1
JCT-1974,36.99,11.27,0
JCT-1976,38.43,8.92,0
JCT-198,21.86,4.29,0
JCT-1984,37.71,18.45,0
JCT-1986,35.04,22.81,0
JCT-1988,37.3,21.35,0
JCT-1992,48.2,10.26,0
JCT-1998,44.03,8.8,0
JCT-20,32.53,12.46,0
JCT-200,18.23,4.51,0
JCT-2000,41.94,9.8,0
JCT-2002,35.66,1.4,0
JCT-2004,40.62,2.83,0
JCT-2010,49.22,13.03,0
JCT-2012,42.37,7.47,0
JCT-2014,28.79,3.35,0
JCT-2018,27.0,2.79,0
JCT-202,43.88,9.48,0
JCT-2020,28.22,3.13,0
JCT-2024,39.81,8.6,0
JCT-2026,38.08,2.48,0
JCT-2028,25.49,1.71,0
JCT-2032,47.05,6.43,0
JCT-2034,48.58,6.44,0
JCT-2038,23.75,1.61,0
JCT-204,16.18,0.89,0
JCT-2040,32.08,1.5,0
JCT-2042,33.9,1.39,0
JCT-2044,35.82,1.37,0
JCT-2046,36.36,1.78,0
JCT-2050,27.48,3.01,0
JCT-2052,27.28,2.13,0
JCT-2056,25.08,2.06,0
JCT-2058,33.52,2.59,0
JCT-206,15.1,0.84,0
JCT-2062,34.87,4.66,0
JCT-2066,25.18,2.17,0
JCT-2068,24.32,2.15,0
JCT-2074,25.21,2.48,0
JCT-2076,24.6,2.65,0
JCT-2078,24.82,2.02,0
JCT-208,18.0,1.17,0
JCT-2080,23.69,2.05,0
JCT-2082,40.32,18.2,0
JCT-2086,33.12,18.97,0
JCT-2088,32.27,26.5,1
JCT-2090,25.32,15.69,0
JCT-2096,35.48,22.44,0
JCT-2098,20.39,3.04,0
JCT-210,20.17,1.39,0
JCT-2100,44.16,44.17,1
JCT-2102,38.31,18.71,0
JCT-2104,37.44,17.49,0
JCT-2106,33.9,17.91,0
JCT-2108,11.76,0.72,0
JCT-2110,14.47,1.0,0
JCT-2112,20.54,10.66,0
JCT-2114,17.07,15.55,1
JCT-2118,40.1,1.76,0
JCT-212,43.79,6.69,0
JCT-2120,42.16,2.29,0
JCT-2124,14.47,1.88,0
JCT-2126,27.98,27.98,1
JCT-2128,23.11,23.11,1
JCT-2130,16.92,10.44,1
JCT-2132,28.58,1.93,0
JCT-2138,24.9,24.9,1
JCT-214,43.56,6.99,0
JCT-2140,46.18,6.48,0
JCT-2148,27.69,16.4,0
JCT-2152,24.92,16.58,0
JCT-2154,26.2,17.81,0
JCT-216,31.71,3.11,0
JCT-2168,46.12,7.88,0
JCT-2169,44.66,6.51,0
JCT-2170,46.88,15.45,0
JCT-2172,40.73,14.31,0
JCT-2176,27.08,2.77,0
JCT-2178,16.32,0.3,0
JCT-218,32.94,3.47,0
JCT-2180,29.0,20.48,0
JCT-2182,27.72,20.84,1
JCT-2184,38.56,16.4,0
JCT-2186,33.71,18.6,0
JCT-2190,33.58,19.59,0
JCT-2194,42.29,6.23,0
JCT-220,26.59,12.57,0
JCT-2200,32.95,3.99,0
JCT-2202,41.75,11.87,0
JCT-2210,41.85,41.85,1
JCT-2212,43.55,43.55,1
JCT-2214,45.63,45.63,1
JCT-2216,17.98,2.74,0
JCT-2218,19.94,2.84,0
JCT-222,31.4,19.75,0
JCT-2220,42.97,42.97,1
JCT-2222,43.57,43.57,1
JCT-2224,29.28,10.97,0
JCT-2232,25.34,1.68,0
JCT-2234,27.17,11.4,0
JCT-2236,27.15,11.58,0
JCT-224,21.13,20.21,1
JCT-2242,23.87,1.36,0
JCT-2244,23.49,1.38,0
JCT-2248,28.63,28.63,1
JCT-2252,35.16,14.15,0
JCT-2254,47.41,47.41,1
JCT-2256,46.85,46.85,1
JCT-226,22.49,22.5,1
JCT-2260,34.65,26.82,1
JCT-2262,27.92,18.32,0
JCT-2264,44.58,7.02,0
JCT-2268,36.46,21.51,0
JCT-2270,39.69,9.55,0
JCT-2272,40.81,19.38,0
JCT-2274,24.1,24.11,1
JCT-2278,37.2,16.71,0
JCT-228,28.5,11.01,0
JCT-2280,25.75,4.64,0
JCT-2282,26.69,5.1,0
JCT-2286,25.9,6.71,0
JCT-2288,30.37,14.09,0
JCT-2294,34.93,18.71,0
JCT-2298,24.8,17.01,1
JCT-230,26.71,9.57,0
JCT-2300,22.8,15.35,1
JCT-2302,23.29,4.31,0
JCT-2304,22.05,7.95,0
JCT-2306,20.33,3.64,0
JCT-2308,25.77,1.3,0
JCT-2310,25.21,0.92,0
JCT-2312,25.61,4.39,0
JCT-2314,27.52,5.16,0
JCT-2316,24.48,2.64,0
JCT-2318,24.55,1.18,0
JCT-2324,23.28,14.4,0
JCT-2328,19.55,2.62,0
JCT-2332,34.68,4.65,0
JCT-2334,32.64,3.41,0
JCT-2336,31.85,4.02,0
JCT-2338,31.02,15.15,0
JCT-234,35.62,20.69,0
JCT-2340,38.07,13.44,0
JCT-2346,33.25,2.72,0
JCT-2352,36.91,4.06,0
JCT-2354,35.11,2.63,0
JCT-2356,41.6,11.74,0
JCT-2358,34.44,13.31,0
JCT-2360,19.37,15.09,1
JCT-2364,22.9,1.49,0
JCT-2366,46.48,15.44,0
JCT-2368,45.71,15.9,0
JCT-2370,32.31,22.15,0
JCT-2372,28.42,1.34,0
JCT-2382,30.43,2.84,0
JCT-2384,28.58,7.93,0
JCT-2386,19.38,0.0,0
JCT-2390,29.77,2.13,0
JCT-2396,34.51,3.89,0
JCT-2398,22.43,2.49,0
JCT-240,16.31,1.3,0
JCT-2400,25.58,2.15,0
JCT-2404,30.64,18.2,0
JCT-2406,29.62,11.05,0
JCT-2408,34.76,18.19,0
JCT-2410,27.96,10.73,0
JCT-2412,40.19,17.48,0
JCT-2416,39.6,17.93,0
JCT-242,16.77,1.33,0
JCT-2420,38.79,22.98,0
JCT-2424,32.08,21.46,0
JCT-2426,21.61,3.67,0
JCT-2428,35.39,24.35,0
JCT-2432,27.15,26.17,1
JCT-2436,9.49,0.42,0
JCT-2438,21.48,10.63,0
JCT-244,18.23,13.62,1
JCT-2442,32.12,2.18,0
JCT-2444,38.35,2.69,0
JCT-2446,38.67,2.26,0
JCT-2448,34.69,2.26,0
JCT-2452,35.25,29.9,1
JCT-2454,23.66,5.25,0
JCT-2456,22.21,3.77,0
JCT-2458,31.52,0.89,0
JCT-246,24.58,13.65,0
JCT-2460,41.12,41.12,1
JCT-2462,32.73,13.85,0
JCT-2466,41.08,17.0,0
JCT-2468,17.36,1.86,0
JCT-246A,24.58,13.92,0
JCT-2470,15.77,0.48,0
JCT-2476,27.71,11.74,0
JCT-2478,35.75,14.13,0
JCT-248,34.87,2.68,0
JCT-2480,35.45,14.12,0
JCT-2482,33.11,1.69,0
JCT-2484,26.49,26.49,1
JCT-2488,24.24,17.01,1
JCT-2494,46.85,15.2,0
JCT-2498,36.04,24.86,0
JCT-250,31.52,2.4,0
JCT-2500,34.16,23.76,0
JCT-2502,27.29,17.29,0
JCT-2506,37.32,2.1,0
JCT-2508,36.11,1.64,0
JCT-2510,34.13,1.7,0
JCT-2516,29.13,2.82,0
JCT-2518,37.93,7.38,0
JCT-252,34.85,2.95,0
JCT-2520,31.68,2.57,0
JCT-2522,42.16,8.06,0
JCT-2524,37.99,4.06,0
JCT-2530,22.81,22.81,1
JCT-2532,25.48,1.32,0
JCT-2534,28.73,12.15,0
JCT-2538,27.14,14.23,0
JCT-254,33.74,2.18,0
JCT-2540,35.43,19.75,0
JCT-2542,22.01,12.12,0
JCT-2546,20.83,20.86,1
JCT-2548,22.82,22.82,1
JCT-2554,46.24,9.38,0
JCT-2556,17.71,1.31,0
JCT-2558,40.65,4.06,0
JCT-2560,43.04,4.07,0
JCT-2562,28.63,2.0,0
JCT-2564,19.89,17.8,1
JCT-2566,28.39,1.68,0
JCT-2570,42.06,21.02,0
JCT-2572,26.92,0.98,0
JCT-2574,25.63,0.72,0
JCT-2576,33.64,11.79,0
JCT-2578,37.71,2.13,0
JCT-258,20.55,18.73,1
JCT-2580,38.93,2.12,0
JCT-2582,24.19,1.81,0
JCT-2584,36.72,16.51,0
JCT-2588,23.48,1.81,0
JCT-2590,24.76,24.76,1
JCT-2596,26.01,4.58,0
JCT-2598,24.99,4.13,0
JCT-26,11.32,0.42,0
JCT-260,29.18,12.46,0
JCT-2610,27.29,4.25,0
JCT-2612,24.29,22.45,1
JCT-2616,21.27,4.93,0
JCT-2620,37.97,37.97,1
JCT-2622,40.2,5.83,0
JCT-2624,20.03,13.74,1
JCT-2626,24.8,0.0,0
JCT-2628,32.99,15.71,0
JCT-2630,38.07,14.75,0
JCT-2632,27.43,5.45,0
JCT-2634,26.71,4.82,0
JCT-2638,46.03,14.22,0
JCT-2640,44.61,6.65,0
JCT-2642,14.92,1.94,0
JCT-2646,30.36,3.9,0
JCT-2650,50.48,12.82,0
JCT-2654,40.83,16.9,0
JCT-2656,30.97,15.01,0
JCT-2658,30.31,15.81,0
JCT-266,31.51,16.29,0
JCT-2664,35.18,17.83,0
JCT-2666,22.32,14.64,1
JCT-2676,20.06,20.06,1
JCT-2680,46.5,6.54,0
JCT-2684,19.57,0.8,0
JCT-2686,21.29,2.04,0
JCT-2690,35.49,24.5,0
JCT-2692,22.0,2.68,0
JCT-2694,39.22,1.52,0
JCT-2696,38.76,1.5,0
JCT-2698,29.62,23.95,1
JCT-270,21.32,1.29,0
JCT-2702,27.72,19.41,0
JCT-2710,23.0,23.2,1
JCT-2712,40.06,13.33,0
JCT-272,24.53,1.29,0
JCT-2720,23.79,0.0,0
JCT-2724,31.0,31.0,1
JCT-2726,21.69,14.56,1
JCT-2728,42.55,8.21,0
JCT-2730,41.85,8.46,0
JCT-2732,22.42,22.44,1
JCT-2736,34.97,20.31,0
JCT-2737,31.0,15.79,0
JCT-2738,31.29,22.84,0
JCT-2739,31.0,14.92,0
JCT-274,34.4,27.44,1
JCT-2740,23.98,3.49,0
JCT-2742,27.72,11.27,0
JCT-2744,30.01,24.51,1
JCT-2748,27.71,17.83,0
JCT-2750,32.69,2.13,0
JCT-2752,25.56,2.21,0
JCT-2754,23.1,2.19,0
JCT-2756,20.01,1.52,0
JCT-2758,17.85,2.3,0
JCT-276,34.43,26.84,1
JCT-2760,18.77,2.29,0
JCT-2762,19.3,2.36,0
JCT-2764,31.99,1.4,0
JCT-2766,30.81,1.2,0
JCT-2768,33.48,2.12,0
JCT-2770,36.12,1.98,0
JCT-2772,36.7,2.17,0
JCT-2774,32.92,2.15,0
JCT-2776,23.07,2.68,0
JCT-278,41.88,2.39,0
JCT-2792,35.51,11.72,0
JCT-2798,18.39,15.87,1
JCT-28,13.09,2.39,0
JCT-280,37.82,3.89,0
JCT-2800,24.07,17.37,1
JCT-2802,30.97,3.26,0
JCT-2808,32.07,1.82,0
JCT-2816,27.71,1.98,0
JCT-2818,28.99,2.22,0
JCT-282,39.32,39.32,1
JCT-2822,32.98,12.91,0
JCT-2824,32.9,14.16,0
JCT-2828,30.85,1.84,0
JCT-2830,37.04,1.27,0
JCT-2832,15.77,1.91,0
JCT-2834,16.32,2.22,0
JCT-2836,27.73,2.97,0
JCT-2838,18.79,2.65,0
JCT-284,36.75,36.75,1
JCT-2840,31.78,18.3,0
JCT-2852,30.73,30.73,1
JCT-2854,17.94,2.1,0
JCT-2856,38.3,17.06,0
JCT-2858,21.44,2.39,0
JCT-286,27.74,24.0,1
JCT-2860,30.2,30.23,1
JCT-2872,38.03,16.31,0
JCT-288,25.44,7.29,0
JCT-2880,25.49,16.82,0
JCT-2890,21.84,21.87,1
JCT-2892,33.12,11.63,0
JCT-2894,21.56,2.78,0
JCT-2896,24.07,2.3,0
JCT-2898,42.81,30.22,0
JCT-290,32.36,16.44,0
JCT-2902,27.85,5.67,0
JCT-2904,28.93,6.12,0
JCT-2908,32.6,13.69,0
JCT-2910,38.46,1.69,0
JCT-2912,38.73,33.0,1
JCT-2914,35.39,20.63,0
JCT-2918,24.39,1.19,0
JCT-2920,24.79,1.93,0
JCT-2922,36.27,11.75,0
JCT-2924,17.18,17.22,1
JCT-2926,40.81,19.0,0
JCT-2926A,16.74,16.79,1
JCT-2928,27.33,11.26,0
JCT-2930,30.04,10.71,0
JCT-2932,20.83,1.42,0
JCT-2936,22.42,22.43,1
JCT-2938,22.01,10.92,0
JCT-294,16.01,1.34,0
JCT-2940,25.81,0.74,0
JCT-2942,20.5,12.29,0
JCT-2944,24.29,11.36,0
JCT-2948,19.45,17.44,1
JCT-2950,37.35,4.49,0
JCT-2952,23.72,2.42,0
JCT-2954,45.08,10.89,0
JCT-2956,38.28,1.77,0
JCT-2958,34.92,1.77,0
JCT-296,15.69,1.17,0
JCT-2962,21.69,3.78,0
JCT-2964,31.68,28.48,1
JCT-2966,32.13,23.74,0
JCT-2972,26.06,11.23,0
JCT-2976,3.2,1.77,1
JCT-2978,2.21,3.76,1
JCT-2980,26.93,12.92,0
JCT-2984,24.29,14.05,0
JCT-2986,25.32,14.26,0
JCT-2988,32.54,17.92,0
JCT-2990,30.18,13.62,0
JCT-2992,28.75,6.66,0
JCT-2994,30.9,1.83,0
JCT-30,27.28,26.34,1
JCT-300,15.15,1.0,0
JCT-3008,23.12,2.19,0
JCT-3012,19.03,0.96,0
JCT-3014,24.51,1.19,0
JCT-3016,32.43,1.18,0
JCT-302,35.0,26.28,0
JCT-3020,32.94,1.24,0
JCT-3022,18.83,0.63,0
JCT-3024,22.83,0.55,0
JCT-3026,22.85,3.43,0
JCT-3028,22.13,3.38,0
JCT-3030,26.52,4.23,0
JCT-3032,25.05,3.72,0
JCT-3034,21.65,1.29,0
JCT-3036,19.89,1.57,0
JCT-3038,25.21,3.14,0
JCT-304,32.13,23.24,0
JCT-3040,24.88,2.86,0
JCT-3042,26.75,7.25,0
JCT-3046,23.7,2.21,0
JCT-3048,21.61,2.23,0
JCT-3050,21.88,1.38,0
JCT-3052,19.72,1.16,0
JCT-3056,23.4,1.8,0
JCT-3058,22.16,3.23,0
JCT-306,30.18,13.03,0
JCT-3060,20.83,4.32,0
JCT-3062,20.33,5.2,0
JCT-3064,20.34,5.24,0
JCT-3066,20.05,5.41,0
JCT-3068,22.82,2.11,0
JCT-3070,22.07,2.48,0
JCT-3072,25.25,25.25,1
JCT-3074,21.28,21.28,1
JCT-3076,38.59,38.59,1
JCT-3078,36.34,8.73,0
JCT-308,30.32,12.96,0
JCT-3080,31.81,7.89,0
JCT-3082,25.11,5.02,0
JCT-3084,27.0,4.42,0
JCT-3086,24.32,3.02,0
JCT-3088,24.98,3.23,0
JCT-3090,27.85,8.08,0
JCT-3092,28.27,8.17,0
JCT-3096,27.24,10.37,0
JCT-3104,30.49,11.03,0
JCT-3106,28.0,11.15,0
JCT-3110,32.85,11.48,0
JCT-312,33.98,23.2,0
JCT-3120,39.38,9.18,0
JCT-3122,35.0,8.69,0
JCT-3124,23.28,23.28,1
JCT-3126,25.82,24.39,1
JCT-3128,23.61,3.44,0
JCT-3130,27.28,3.53,0
JCT-3132,31.43,6.35,0
JCT-3134,33.62,9.35,0
JCT-3136,13.28,13.28,1
JCT-3138,8.9,17.15,1
JCT-314,34.65,28.83,1
JCT-3140,29.48,11.41,0
JCT-3142,30.68,11.39,0
JCT-3144,35.49,11.85,0
JCT-3146,35.01,11.79,0
JCT-3148,15.0,16.58,1
JCT-3150,14.6,18.13,1
JCT-3152,19.92,1.38,0
JCT-3154,19.34,1.65,0
JCT-3156,19.16,1.76,0
JCT-3158,18.95,1.82,0
JCT-316,34.07,24.8,0
JCT-3160,17.63,1.72,0
JCT-3162,25.55,2.47,0
JCT-3164,26.66,2.39,0
JCT-3168,30.56,26.0,1
JCT-3170,31.58,24.75,1
JCT-3172,33.63,23.59,0
JCT-3174,36.67,21.79,0
JCT-3176,38.01,5.31,0
JCT-3178,34.5,3.85,0
JCT-3180,37.64,5.36,0
JCT-3182,17.3,1.14,0
JCT-3184,16.99,0.64,0
JCT-3186,23.68,0.54,0
JCT-3188,31.49,1.16,0
JCT-3190,18.29,0.61,0
JCT-3192,19.07,0.58,0
JCT-3194,34.9,3.01,0
JCT-3196,37.68,4.25,0
JCT-3198,19.98,2.33,0
JCT-320,29.46,26.78,1
JCT-3200,17.22,1.8,0
JCT-3202,17.49,1.83,0
JCT-3206,23.75,2.45,0
JCT-3208,17.4,0.72,0
JCT-3210,19.77,1.62,0
JCT-3212,22.04,2.39,0
JCT-3214,23.03,6.52,0
JCT-3216,30.47,6.11,0
JCT-3218,19.26,4.73,0
JCT-322,31.17,31.17,1
JCT-3220,19.58,4.85,0
JCT-3222,18.97,4.57,0
JCT-3224,24.39,5.51,0
JCT-3226,23.4,5.7,0
JCT-3228,35.04,11.53,0
JCT-3230,33.08,11.85,0
JCT-3234,30.55,9.71,0
JCT-3236,29.81,8.94,0
JCT-324,31.34,31.39,1
JCT-3240,30.12,10.08,0
JCT-3242,26.25,12.15,0
JCT-3246,24.03,10.37,0
JCT-3252,26.16,2.3,0
JCT-3254,30.56,3.26,0
JCT-3256,27.89,1.5,0
JCT-326,38.64,38.65,1
JCT-3262,34.8,5.26,0
JCT-3264,24.27,3.02,0
JCT-3268,19.05,3.29,0
JCT-3270,19.68,3.34,0
JCT-3272,25.47,3.31,0
JCT-3274,26.38,3.45,0
JCT-3276,14.15,0.57,0
JCT-3278,13.17,0.52,0
JCT-328,38.79,17.9,0
JCT-3284,23.27,2.71,0
JCT-3286,27.28,5.93,0
JCT-3288,30.97,6.25,0
JCT-3290,25.27,5.88,0
JCT-3292,22.27,5.8,0
JCT-3294,21.37,12.51,0
JCT-3296,27.84,12.0,0
JCT-3298,26.77,3.06,0
JCT-330,35.74,17.74,0
JCT-3300,26.32,3.09,0
JCT-3302,22.67,1.45,0
JCT-3304,23.4,1.59,0
JCT-3306,22.56,1.4,0
JCT-3308,21.76,6.45,0
JCT-3310,27.56,5.76,0
JCT-3312,23.78,1.32,0
JCT-3314,20.65,4.38,0
JCT-3318,21.52,3.13,0
JCT-3320,21.37,3.16,0
JCT-3322,19.93,3.3,0
JCT-3326,34.83,29.49,1
JCT-3328,17.22,1.8,0
JCT-3330,18.57,1.66,0
JCT-3344,24.43,2.99,0
JCT-3346,27.17,5.77,0
JCT-3348,30.35,12.01,0
JCT-3350,33.85,12.48,0
JCT-3352,24.22,24.22,1
JCT-3354,29.12,15.11,0
JCT-3356,31.09,26.22,1
JCT-3358,20.94,0.71,0
JCT-336,38.14,9.2,0
JCT-3360,21.22,0.6,0
JCT-3362,23.48,2.46,0
JCT-3364,22.74,2.32,0
JCT-3366,26.67,4.56,0
JCT-3368,24.45,3.73,0
JCT-3370,27.43,5.07,0
JCT-3372,25.5,6.75,0
JCT-3374,22.69,2.62,0
JCT-3378,19.6,1.41,0
JCT-338,37.51,6.21,0
JCT-3380,32.09,10.87,0
JCT-3382,36.17,10.97,0
JCT-3386,18.15,2.38,0
JCT-3388,36.28,11.64,0
JCT-3390,23.64,2.5,0
JCT-3396,23.18,5.37,0
JCT-3398,30.84,7.18,0
JCT-34,28.46,23.38,1
JCT-3404,30.66,30.66,1
JCT-3410,32.39,11.71,0
JCT-3412,32.84,11.63,0
JCT-3414,20.08,1.24,0
JCT-3416,20.4,1.25,0
JCT-3418,20.87,0.75,0
JCT-3420,20.13,0.74,0
JCT-3424,28.45,1.76,0
JCT-3428,33.87,18.31,0
JCT-3430,34.19,14.43,0
JCT-3432,18.31,0.29,0
JCT-3434,20.12,0.72,0
JCT-3436,20.46,0.68,0
JCT-3438,23.23,0.66,0
JCT-344,42.6,5.5,0
JCT-3442,20.01,1.75,0
JCT-3448,24.93,3.3,0
JCT-3450,20.62,4.41,0
JCT-3452,20.43,2.97,0
JCT-3454,21.15,3.28,0
JCT-3456,28.06,3.71,0
JCT-346,18.72,9.28,0
JCT-3460,19.52,12.44,1
JCT-3462,25.54,15.76,0
JCT-3464,23.2,18.49,1
JCT-3466,21.19,5.71,0
JCT-3468,10.57,10.58,1
JCT-3470,23.57,2.03,0
JCT-3476,22.86,2.36,0
JCT-3476_2,35.58,11.66,0
JCT-348,23.25,13.85,0
JCT-3484,8.86,16.87,1
JCT-3488,20.16,1.03,0
JCT-3492,25.08,6.88,0
JCT-3494,38.1,1.35,0
JCT-3496,40.39,1.57,0
JCT-350,22.61,22.61,1
JCT-3502,42.7,11.81,0
JCT-3504,45.18,11.71,0
JCT-3506,19.51,1.21,0
JCT-3508,41.25,11.67,0
JCT-3510,19.52,3.16,0
JCT-3512,31.31,14.85,0
JCT-3516,33.05,2.33,0
JCT-3518,24.33,2.25,0
JCT-352,22.37,22.37,1
JCT-3520,24.39,2.34,0
JCT-3524,21.11,1.74,0
JCT-3526,21.99,3.69,0
JCT-3528,23.65,4.4,0
JCT-3530,19.0,3.94,0
JCT-3532,26.33,3.8,0
JCT-3534,37.68,12.46,0
JCT-3536,35.91,35.91,1
JCT-3538,27.6,4.53,0
JCT-354,22.81,22.81,1
JCT-3540,26.8,3.68,0
JCT-3542,26.47,3.46,0
JCT-3548,21.21,12.56,0
JCT-3550,24.64,2.69,0
JCT-3556,9.76,0.0,0
JCT-356,23.42,23.42,1
JCT-3560,22.55,0.61,0
JCT-3562,22.15,0.65,0
JCT-3564,41.28,11.82,0
JCT-3566,21.87,6.47,0
JCT-3568,26.38,5.09,0
JCT-3574,5.63,6.03,1
JCT-3578,26.52,2.43,0
JCT-3580,20.07,1.25,0
JCT-3582,41.68,5.74,0
JCT-3586,21.42,0.83,0
JCT-3588,24.15,1.16,0
JCT-3590,25.6,3.27,0
JCT-3596,25.72,1.64,0
JCT-3598,24.97,1.58,0
JCT-36,26.7,23.88,1
JCT-360,32.85,13.12,0
JCT-3600,20.68,4.4,0
JCT-3604,32.48,11.51,0
JCT-3606,26.01,10.74,0
JCT-3610,33.371,16.09,0
JCT-3616,27.19,8.94,0
JCT-3618,21.15,5.31,0
JCT-362,30.71,11.92,0
JCT-3624,39.77,11.75,0
JCT-3628,33.84,11.38,0
JCT-3632,19.67,3.35,0
JCT-3634,17.81,3.05,0
JCT-3638,24.68,5.83,0
JCT-364,22.51,10.78,0
JCT-3642,27.66,4.95,0
JCT-3644,20.65,2.59,0
JCT-3646,32.07,11.55,0
JCT-3648,28.28,3.29,0
JCT-3650,27.08,11.76,0
JCT-3658,35.34,35.34,1
JCT-366,34.85,14.65,0
JCT-3660,21.2,2.46,0
JCT-3662,37.94,4.0,0
JCT-3666,21.36,3.12,0
JCT-3668,34.64,1.95,0
JCT-3674,41.5,9.61,0
JCT-3676,35.49,5.15,0
JCT-368,34.88,14.44,0
JCT-3686,40.86,6.11,0
JCT-3692,46.75,15.19,0
JCT-3696,35.71,2.59,0
JCT-3698,30.42,1.87,0
JCT-3704,30.53,8.47,0
JCT-3714,26.02,0.75,0
JCT-372,35.93,15.7,0
JCT-3720,28.4,11.43,0
JCT-3722,20.25,2.8,0
JCT-3726,35.79,11.77,0
JCT-3732,40.0,20.23,0
JCT-3734,39.43,20.14,0
JCT-3736,27.55,24.83,1
JCT-374,36.62,26.39,0
JCT-3752,42.57,13.56,0
JCT-3754,18.97,12.71,1
JCT-3756,21.17,17.32,1
JCT-376,34.62,34.62,1
JCT-3760,35.15,15.24,0
JCT-3776,42.79,19.33,0
JCT-378,36.91,16.34,0
JCT-38,23.23,21.2,1
JCT-380,35.31,14.99,0
JCT-382,32.72,12.37,0
JCT-384,24.05,4.01,0
JCT-388,33.36,13.07,0
JCT-390,32.82,12.39,0
JCT-394,25.9,25.9,1
JCT-396,24.68,24.74,1
JCT-398,31.12,31.12,1
JCT-40,34.2,21.96,0
JCT-400,31.64,31.64,1
JCT-406,24.45,2.13,0
JCT-408,24.15,1.53,0
JCT-410,23.96,0.93,0
JCT-412,28.17,0.84,0
JCT-414,17.84,0.69,0
JCT-42,41.04,29.61,0
JCT-428,38.11,35.24,1
JCT-438,41.46,9.95,0
JCT-44,37.5,30.82,1
JCT-440,41.47,8.96,0
JCT-442,24.75,13.32,0
JCT-446,25.2,17.87,1
JCT-450,30.61,4.58,0
JCT-452,29.73,9.84,0
JCT-454,41.13,10.6,0
JCT-456,41.53,10.97,0
JCT-458,41.72,10.21,0
JCT-46,22.88,12.67,0
JCT-462,39.98,12.57,0
JCT-464,24.48,2.99,0
JCT-466,24.47,3.83,0
JCT-468,26.7,15.35,0
JCT-470,19.01,3.99,0
JCT-472,18.64,3.61,0
JCT-478,28.75,1.8,0
JCT-48,26.74,5.12,0
JCT-480,28.29,1.54,0
JCT-482,16.52,16.52,1
JCT-484,18.31,16.57,1
JCT-486,30.03,2.44,0
JCT-488,36.95,1.87,0
JCT-492,22.28,2.05,0
JCT-496,25.48,2.15,0
JCT-50,27.58,12.37,0
JCT-500,19.29,1.2,0
JCT-502,19.5,1.19,0
JCT-504,17.77,1.52,0
JCT-506,26.38,3.05,0
JCT-508,26.24,3.03,0
JCT-510,29.66,13.13,0
JCT-514,27.61,2.02,0
JCT-518,26.22,2.3,0
JCT-52,27.99,12.55,0
JCT-520,24.79,2.36,0
JCT-522,31.97,2.25,0
JCT-524,31.44,2.25,0
JCT-528,36.04,1.68,0
JCT-530,17.44,1.67,0
JCT-532,18.8,1.74,0
JCT-534,20.62,0.0,0
JCT-536,18.02,1.88,0
JCT-54,23.01,0.0,0
JCT-540,34.08,3.12,0
JCT-542,36.28,2.86,0
JCT-544,40.04,2.37,0
JCT-548,25.41,1.89,0
JCT-550,24.37,3.17,0
JCT-554,23.96,1.95,0
JCT-556,45.39,8.2,0
JCT-558,30.59,3.24,0
JCT-56,23.0,0.0,0
JCT-560,32.78,3.88,0
JCT-562,35.29,4.12,0
JCT-566,36.6,22.43,0
JCT-572,34.72,19.26,0
JCT-574,21.47,4.62,0
JCT-578,33.43,16.43,0
JCT-58,33.94,29.52,1
JCT-580,35.47,17.61,0
JCT-582,22.02,7.44,0
JCT-586,40.96,12.95,0
JCT-588,17.36,0.0,0
JCT-590,18.56,0.0,0
JCT-592,19.87,2.11,0
JCT-594,27.07,5.56,0
JCT-60,34.26,23.13,0
JCT-604,7.41,7.82,1
JCT-606,23.0,23.27,1
JCT-608,21.19,2.43,0
JCT-612,13.82,1.0,0
JCT-614,13.3,0.98,0
JCT-616,33.21,1.99,0
JCT-618,33.34,1.82,0
JCT-62,20.98,2.28,0
JCT-620,35.33,16.06,0
JCT-622,34.49,16.0,0
JCT-630,18.89,2.07,0
JCT-632,21.18,2.08,0
JCT-634,41.25,38.09,1
JCT-636,33.38,33.4,1
JCT-638,32.87,13.55,0
JCT-64,20.25,1.4,0
JCT-644,19.36,20.44,1
JCT-646,34.02,27.9,1
JCT-648,37.68,12.97,0
JCT-650,35.69,8.24,0
JCT-654,35.83,16.76,0
JCT-656,35.17,21.12,0
JCT-658,27.3,2.54,0
JCT-66,15.26,0.96,0
JCT-660,25.35,2.0,0
JCT-662,25.11,25.11,1
JCT-668,19.91,1.25,0
JCT-670,18.66,1.26,0
JCT-674,23.89,16.66,1
JCT-686,30.96,1.0,0
JCT-694,36.56,19.92,0
JCT-696,33.05,13.33,0
JCT-698,38.4,16.3,0
JCT-702,16.01,0.93,0
JCT-706,32.2,11.91,0
JCT-710,26.95,3.41,0
JCT-712,27.24,3.64,0
JCT-714,31.35,12.74,0
JCT-718,33.61,12.59,0
JCT-72,19.37,0.66,0
JCT-722,29.87,17.8,0
JCT-724,27.66,20.88,1
JCT-730,29.97,21.0,0
JCT-732,31.23,19.62,0
JCT-734,27.43,20.4,1
JCT-736,33.88,12.42,0
JCT-738,35.24,20.72,0
JCT-744,31.7,12.22,0
JCT-746,21.61,21.61,1
JCT-748,22.58,22.58,1
JCT-750,24.42,10.57,0
JCT-752,38.1,16.71,0
JCT-754,38.58,10.48,0
JCT-756,32.65,28.92,1
JCT-758,34.69,23.24,0
JCT-76,20.62,16.44,1
JCT-760,26.73,3.31,0
JCT-764,35.13,28.18,1
JCT-780,34.39,15.63,0
JCT-782,31.88,15.14,0
JCT-784,20.81,3.11,0
JCT-786,21.07,3.2,0
JCT-788,30.63,12.49,0
JCT-790,23.64,14.62,0
JCT-794,29.98,3.42,0
JCT-796,31.14,2.93,0
JCT-798,26.08,13.88,0
JCT-800,40.8,12.59,0
JCT-802,41.36,12.08,0
JCT-806,41.0,6.2,0
JCT-807,36.905,5.98,0
JCT-808,17.85,2.78,0
JCT-810,17.98,12.62,1
JCT-812,17.57,1.24,0
JCT-813,30.8,16.17,0
JCT-814,17.86,1.41,0
JCT-815,30.8,15.8,0
JCT-816,30.43,12.88,0
JCT-818,30.59,12.87,0
JCT-82,42.75,12.09,0
JCT-820,23.59,7.44,0
JCT-821,26.17,16.32,0
JCT-822,29.57,6.61,0
JCT-823,24.92,16.54,0
JCT-824,44.1,3.98,0
JCT-825,23.89,16.66,1
JCT-826,34.67,5.15,0
JCT-827,24.24,17.0,1
JCT-828,25.59,0.45,0
JCT-829,24.61,17.42,1
JCT-830,28.42,0.61,0
JCT-833,26.2,17.83,0
JCT-834,32.9,13.19,0
JCT-835,27.72,19.34,0
JCT-836,31.81,13.1,0
JCT-84,42.37,11.71,0
JCT-840,40.56,40.56,1
JCT-842,39.24,39.29,1
JCT-844,32.56,19.94,0
JCT-846,34.74,16.98,0
JCT-848,34.9,23.93,0
JCT-854,32.05,17.59,0
JCT-858,27.49,19.39,0
JCT-86,45.84,14.27,0
JCT-860,31.48,19.49,0
JCT-862,31.19,19.77,0
JCT-864,30.45,19.8,0
JCT-866,29.0,29.0,1
JCT-868,28.13,28.08,1
JCT-870,26.13,23.12,1
JCT-872,27.23,27.23,1
JCT-874,24.4,10.35,0
JCT-876,27.12,18.08,0
JCT-878,33.45,20.75,0
JCT-880,35.89,20.31,0
JCT-882,43.22,43.22,1
JCT-884,43.02,43.02,1
JCT-886,25.51,1.45,0
JCT-888,23.2,0.67,0
JCT-892,32.12,32.12,1
JCT-894,42.93,11.76,0
JCT-896,46.28,15.23,0
JCT-898,33.2,2.12,0
JCT-90,24.3,0.0,0
JCT-900,33.79,2.2,0
JCT-906,43.91,7.0,0
JCT-908,43.98,6.75,0
JCT-909,24.07,2.82,0
JCT-910,22.98,1.16,0
JCT-911,28.53,14.15,0
JCT-912,22.75,0.06,0
JCT-913,29.94,14.83,0
JCT-915,34.83,16.93,0
JCT-916,39.76,18.33,0
JCT-918,40.13,13.53,0
JCT-92,25.38,0.0,0
JCT-920,41.63,13.54,0
JCT-924,39.49,2.42,0
JCT-926,30.02,1.78,0
JCT-928,29.11,1.94,0
JCT-930,26.72,1.26,0
JCT-932,24.96,2.09,0
JCT-933,45.095,27.97,0
JCT-936,44.47,12.61,0
JCT-937,22.245,6.63,0
JCT-938,18.95,1.22,0
JCT-939,19.89,4.06,0
JCT-94,27.28,8.98,0
JCT-940,17.81,1.25,0
JCT-942,17.31,1.24,0
JCT-948,25.74,2.0,0
JCT-950,26.71,2.81,0
JCT-952,24.77,1.25,0
JCT-956,24.65,4.16,0
JCT-958,23.64,4.04,0
JCT-96,31.11,8.26,0
JCT-960,24.23,1.11,0
JCT-962,25.29,1.31,0
JCT-964,27.04,27.05,1
JCT-965,39.91,13.13,0
JCT-966,28.79,28.79,1
JCT-968,23.07,3.75,0
JCT-970,22.45,4.13,0
JCT-976,22.05,4.71,0
JCT-982,38.25,38.25,1
JCT-983,39.915,15.82,0
JCT-985,40.34,23.31,0
JCT-986,30.1,15.04,0
JCT-988,34.63,13.33,0
JCT-990,35.45,13.38,0
JCT-992,33.76,13.29,0
JCT-994,33.91,13.31,0
JCT-996,22.75,6.9,0
JCT-998,22.52,8.26,0
JeffersonDiversion,40.0,40.0,1
JFI-10,23.2,23.2,1
JFI-100,10.92,10.92,1
JFI-101,10.77,10.77,1
JFI-102,9.14,9.14,1
JFI-103,9.51,9.51,1
JFI-104,9.27,9.27,1
JFI-105,7.84,7.84,1
JFI-106,8.6,8.6,1
JFI-11,22.9,22.9,1
JFI-12,22.75,22.75,1
JFI-13,22.24,22.24,1
JFI-14,22.19,22.19,1
JFI-15,22.91,22.91,1
JFI-16,21.67,21.67,1
JFI-17,22.24,22.24,1
JFI-18,21.69,21.69,1
JFI-19,20.73,20.73,1
JFI-2,26.36,18.28,0
JFI-20,21.71,21.71,1
JFI-21,21.51,21.51,1
JFI-22,21.02,21.02,1
JFI-23,21.57,21.57,1
JFI-24,21.12,21.12,1
JFI-25,21.34,21.34,1
JFI-26,21.71,21.71,1
JFI-27,21.48,21.48,1
JFI-3,26.1,23.89,1
JFI-30,20.06,16.39,1
JFI-31,20.35,17.92,1
JFI-32,20.24,17.73,1
JFI-34,20.09,20.09,1
JFI-36,19.53,19.53,1
JFI-37,18.48,18.48,1
JFI-38,18.44,18.44,1
JFI-39,17.63,17.63,1
JFI-40,17.58,17.58,1
JFI-41,17.38,17.38,1
JFI-43,17.29,15.32,1
JFI-44,16.93,14.78,1
JFI-46,16.89,15.45,1
JFI-47,16.79,15.96,1
JFI-48,15.47,15.47,1
JFI-49,15.41,15.41,1
JFI-5,25.49,24.38,1
JFI-50,17.3,17.3,1
JFI-51,17.22,17.22,1
JFI-52,15.52,15.52,1
JFI-53,15.42,15.42,1
JFI-54,16.23,16.23,1
JFI-55,16.05,16.05,1
JFI-56,15.18,13.6,1
JFI-57,15.08,15.08,1
JFI-58,14.96,14.96,1
JFI-6,26.18,26.18,1
JFI-60,13.48,13.48,1
JFI-62,13.29,13.29,1
JFI-63,13.63,13.63,1
JFI-64,13.41,13.21,1
JFI-66,13.38,13.38,1
JFI-67,13.23,13.23,1
JFI-68,12.45,9.39,1
JFI-7,24.86,24.86,1
JFI-74,19.14,19.14,1
JFI-75,17.56,17.56,1
JFI-76,17.09,17.09,1
JFI-77,17.12,17.12,1
JFI-78,17.27,17.27,1
JFI-79,16.9,16.9,1
JFI-8,24.54,24.54,1
JFI-80,16.78,16.78,1
JFI-81,15.37,15.37,1
JFI-82,16.04,16.04,1
JFI-84,16.06,16.06,1
JFI-85,14.45,14.45,1
JFI-86,14.76,14.76,1
JFI-87,14.92,14.92,1
JFI-88,13.21,13.21,1
JFI-89,13.67,13.67,1
JFI-90,13.91,13.91,1
JFI-91,14.61,14.61,1
JFI-93,13.53,13.53,1
JFI-94,12.25,12.25,1
JFI-95,10.97,10.97,1
JFI-96,11.32,11.32,1
JFI-97,11.58,11.58,1
JFI-98,11.28,11.28,1
JFI-99,11.9,11.9,1
JFR-11,23.16,23.16,1
JFR-12,23.62,23.62,1
JFR-14,24.71,24.71,1
JFR-15,24.1,24.1,1
JFR-16,25.24,25.24,1
JFR-17,24.46,24.46,1
JFR-18,24.87,24.87,1
JFR-19,23.2,23.2,1
JFR-20,22.95,22.95,1
JFR-21,22.67,22.67,1
JFR-22,21.94,21.94,1
JFR-25,21.88,21.88,1
JFR-26,22.23,22.23,1
JFR-27,22.38,22.38,1
JFR-28,22.36,22.36,1
JFR-29,22.24,22.24,1
JFR-3,20.31,20.31,1
JFR-30,21.51,21.51,1
JFR-31,22.58,22.58,1
JFR-32,21.79,21.79,1
JFR-33,21.92,21.92,1
JFR-34,21.33,21.33,1
JFR-35,20.26,20.26,1
JFR-36,20.63,20.63,1
JFR-37,21.12,21.12,1
JFR-39,20.28,20.28,1
JFR-4,26.82,26.82,1
JFR-40,20.36,19.63,1
JFR-41,18.78,18.78,1
JFR-42,19.1,19.1,1
JFR-43,19.83,19.83,1
JFR-44,18.85,18.85,1
JFR-45,19.12,19.12,1
JFR-46,19.4,19.4,1
JFR-47,18.72,18.72,1
JFR-48,19.34,19.34,1
JFR-49,17.47,17.47,1
JFR-5,26.12,26.12,1
JFR-50,18.05,18.05,1
JFR-51,19.22,19.22,1
JFR-52,19.14,19.14,1
JFR-53,17.58,17.58,1
JFR-54,18.18,18.18,1
JFR-55,18.6,18.6,1
JFR-56,17.32,17.32,1
JFR-57,17.92,17.92,1
JFR-58,16.85,16.85,1
JFR-59,16.44,16.44,1
JFR-6,25.42,25.42,1
JFR-60,16.94,16.94,1
JFR-61,16.79,16.79,1
JFR-62,17.2,17.2,1
JFR-64,17.06,17.06,1
JFR-65,16.16,16.16,1
JFR-68,16.35,7.44,0
JFR-69,21.34,19.83,1
JFR-7,25.58,25.58,1
JFR-70,21.67,21.67,1
JFR-71,20.42,20.42,1
JFR-72,20.32,20.32,1
JFR-73,21.14,21.14,1
JFR-74,21.15,21.15,1
JFR-75,20.01,20.01,1
JFR-77,19.94,19.94,1
JFR-78,20.65,20.65,1
JFR-79,20.21,20.21,1
JFR-8,24.6,24.6,1
JFR-80,19.08,19.08,1
JFR-81,20.01,20.01,1
JFR-83,19.77,19.77,1
JFR-84,18.44,18.44,1
JFR-85,18.91,18.91,1
JFR-86,19.49,19.49,1
JFR-87,20.25,20.25,1
JFR-88,19.97,19.97,1
JFR-89,18.33,18.33,1
JFR-9,25.56,23.94,1
JFR-90,16.49,16.49,1
JFR-91,16.99,16.99,1
JFR-92,17.89,17.89,1
JFR-93,16.62,16.62,1
JFR-94,15.01,15.01,1
JFR-95,15.49,15.49,1
JFR-96,15.01,15.01,1
JFR-97,14.27,14.27,1
JFR-98,14.55,14.55,1
KARM-1,17.45,12.76,1
KARM-10,17.94,15.49,1
KARM-11,15.75,13.12,1
KARM-2,17.51,13.0,1
KARM-3,17.08,13.19,1
KARM-3A,17.02,13.53,1
KARM-4,16.97,13.35,1
KARM-5,16.75,13.35,1
KARM-6,16.58,13.38,1
KARM-7,16.42,13.58,1
KARM-8,17.26,16.72,1
KARM-9,16.1,16.1,1
KEL-1,19.33,19.33,1
KEL-2,18.52,18.52,1
KEL-3,17.74,17.74,1
KEL-4,17.08,17.08,1
KEL-5,15.63,15.63,1
KEL-6,16.39,16.39,1
KEL-7,16.09,16.09,1
KEL-8,15.73,15.7,1
KEL-9,16.53,15.71,1
LAMB-1,18.43,17.9,1
LAMB-2,17.41,17.41,1
LAMB-4,16.96,9.31,1
LathrupTankDischarge,16.17,0.0,0
Local_CSO_53_(L34)_MH1,20.0,0.28,0
Local_CSO_53_(L34)_MH2,19.0,0.23,0
Local_CSO_53_(L34)_MH3,19.6,0.23,0
Local_CSO_53_(L34)_MH4,19.0,0.23,0
Local_CSO_53_(L34)_MH5,18.0,0.21,0
Local_CSO_53_(L34)_MH6,28.0,0.21,0
Local_CSO_53_(L34)_MH7,29.0,0.21,0
Local_CSO_53_(L34)_MH8,28.0,0.21,0
Local_CSO_53_(L34)_MH9,26.0,0.21,0
Local_LC001_MH01,9.42,0.27,0
Local_LC001_MH02,25.45,0.14,0
Local_LC001_MH03,24.92,0.14,0
Local_LC002_BT,12.52,1.0,0
Local_LC002_MH01,9.5,0.08,0
Local_LC002_MH02,9.0,0.16,0
Local_LC002_MH03,8.0,0.15,1
Local_LC003_&_LC015_DHLI-MH1-01,12.86,1.45,0
Local_LC003_&_LC015_DHLI-MH1-01A,10.53,1.61,0
Local_LC003_&_LC015_DHLI-MH1-02,12.14,1.13,0
Local_LC003_&_LC015_DHLI-MH1-03B,24.53,0.56,0
Local_LC003_&_LC015_DHLI-MH1-04,28.1,0.48,0
Local_LC003_&_LC015_DHLI-MH1-05,30.71,0.45,0
Local_LC003_315,27.5,0.32,0
Local_LC003_320,17.7,0.21,0
Local_LC003_323,11.0,0.17,0
Local_LC003_325,18.5,0.3,0
Local_LC003_330,15.5,0.24,0
Local_LC003_333,18.0,0.4,0
Local_LC003_335,19.0,0.11,0
Local_LC003_MH01,11.0,0.25,0
Local_LC003_MH02,8.0,0.22,1
Local_LC003_MH03,10.0,0.2,0
Local_LC003_MH04,8.0,0.23,1
Local_LC003_MH05,8.0,0.22,1
Local_LC003_MH06,7.0,0.22,1
Local_LC003_MH07,8.0,0.22,1
Local_LC003_MH08,7.0,0.22,1
Local_LC003_MH09,11.0,0.19,0
Local_LC003_MH10,11.0,0.3,0
Local_LC004_Reg_MH01,10.0,0.79,0
Local_LC005_MH01,13.0,0.05,0
Local_LC005_MH02,13.0,0.07,0
Local_LC006_MH01,7.0,0.12,1
Local_LC006_MH02,10.0,0.12,0
Local_LC007_&_LC199_MH01,26.0,4.36,0
Local_LC007_&_LC199_Reg_MH01,10.04,0.74,0
Local_LC008_MH01,21.7,0.19,0
Local_LC008_MH02,12.0,0.19,0
Local_LC009_MH01,20.2,2.37,0
Local_LC009_Reg_TP01,11.3,0.43,0
Local_LC010_MH01,5.0,3.7,1
Local_LC010_MH02,4.0,3.07,1
Local_LC011_MH01,15.0,4.07,0
Local_LC012_MH01,13.0,1.62,0
Local_LC012_Reg_MH01,11.28,0.59,0
Local_LC012_Reg_TP01,10.44,0.5,0
Local_LC013_MH1,2.5,0.92,1
Local_LC013_TP1,3.28,2.56,1
Local_LC014_MH01,12.0,0.13,0
Local_LC014_MH02,7.04,0.11,1
Local_LC014_MH03,13.62,0.1,0
Local_LC015_120,28.5,0.3,0
Local_LC015_125,31.5,0.6,0
Local_LC015_130,26.5,0.46,0
Local_LC015_135,22.0,0.41,0
Local_LC015_137,22.3,0.35,0
Local_LC015_140,26.5,0.3,0
Local_LC015_220,20.0,0.54,0
Local_LC015_223,20.1,0.26,0
Local_LC015_225,19.0,0.2,0
Local_LC015_230,19.0,0.13,0
Local_LC015_235,16.0,0.12,0
Local_LC015_238,24.0,0.46,0
Local_LC015_240,24.0,0.35,0
Local_LC015_245,20.0,0.33,0
Local_LC015_250,19.0,0.22,0
Local_LC015_255,18.0,0.26,0
Local_LC015_260,18.0,0.25,0
Local_LC015_270,17.0,0.22,0
Local_LC015_272,17.0,0.16,0
Local_LC015_273,14.0,0.12,0
Local_LC015_275,16.5,0.13,0
Local_LC015_280,11.5,0.1,0
Local_LC015_285,10.0,0.17,0
Local_LC015_290,19.0,0.14,0
Local_LC015_295,15.0,0.14,0
Local_LC015_405,24.6,0.22,0
Local_LC015_410,15.7,0.08,0
Local_LC015_505,19.0,0.1,0
Local_LC015_510,16.5,0.15,0
Local_LC015_515,15.0,0.16,0
Local_LC015_520,17.0,0.18,0
Local_LC015_DHLI-MH1-06,28.28,0.52,0
Local_LC015_DHLI-MH1-09,28.87,0.45,0
Local_LC015_DHLI-MH1-11,28.66,0.56,0
Local_LC015_DHLI-MH1-13,27.47,0.45,0
Local_LC015_DHLI-MH1-15,26.35,0.33,0
Local_LC015_DHLI-MH1-17,26.87,0.26,0
Local_LC015_DHLI-MH1-19,24.79,0.24,0
Local_LC015_DHLI-MH1-21,22.42,0.24,0
Local_LC015_DHLI-MH1-23,23.18,0.22,0
Local_LC015_DHLI-MH1-25,19.64,0.22,0
Local_LC015_DHLI-MH1-27,20.51,0.21,0
Local_LC015_MH0578.8,5.5,0.68,1
Local_LC015_MH0961.3,14.04,0.63,0
Local_LC015_MH1366.3,7.67,0.61,1
Local_LC015_MH1826.3,12.12,0.61,0
Local_LC015_MH2240.5,9.03,0.62,0
Local_LC015_MH2636.5,12.53,0.61,0
Local_LC015_MH2940.8,12.29,0.61,0
Local_LC015_MH3194.3,13.23,0.53,0
Local_LC015_MH3408.3,15.14,0.54,0
Local_LC015_MH3431.6,14.67,0.51,0
Local_LC015_Reg_MH0169.0,10.98,0.77,0
Local_LC016_MH01,4.18,3.78,1
Local_LC016_MH02,7.74,4.64,1
Local_LC016_MH03,11.62,0.7,0
Local_LC016_MH04,18.94,1.93,0
Local_LC016_TP01,2.91,4.93,1
Local_LC017_Reg_MH01,12.59,12.59,1
Local_LC017_Reg_MH02,6.2,6.2,1
Local_LC018_MH01,6.36,0.06,1
Local_LC018_MH02,13.03,0.06,0
Local_LC019_BT,11.32,2.62,0
Local_LC019_MH01,8.0,0.0,1
Local_LC019_MH02,12.0,0.08,0
Local_LC019_MH03,26.78,0.22,0
Local_LC019_MH04,10.83,0.07,0
Local_LC020_&_LC021_BT,9.77,2.77,1
Local_LC020_&_LC021_DHLI-MH2-01,12.92,4.88,0
Local_LC020_&_LC021_DHLI-MH2-02,9.16,1.58,1
Local_LC020_&_LC021_DHLI-MH2-04A,8.14,0.16,1
Local_LC020_&_LC021_DHLI-MH2-05,7.14,0.23,1
Local_LC020_&_LC021_DHLI-MH2-06,7.1,0.19,1
Local_LC020_&_LC021_DHLI-MH2-07,6.6,0.25,1
Local_LC020_&_LC021_DHLI-MH2-08,6.95,0.19,1
Local_LC020_&_LC021_DHLI-MH2-09,9.91,0.21,0
Local_LC020_&_LC021_DHLI-MH2-09A,11.89,0.12,0
Local_LC020_&_LC021_MH01,8.0,1.01,1
Local_LC020_&_LC021_MH02,7.0,0.48,1
Local_LC020_&_LC021_MH03,7.0,0.16,1
Local_LC020_&_LC021_MH04,5.5,0.09,1
Local_LC020_&_LC021_MH05,10.0,5.15,1
Local_LC020_&_LC021_MH06,12.1,5.15,1
Local_LC020_&_LC021_MH07,5.5,0.11,1
Local_LC020_&_LC021_MH08,5.0,0.09,1
Local_LC020_&_LC021_MH09,5.0,0.09,1
Local_LC020_&_LC021_MH10,5.5,0.09,1
Local_LC020_&_LC021_MH11,5.5,0.09,1
Local_LC020_&_LC021_MH12,12.0,0.17,0
Local_LC021_DHLI-MH2-11,8.51,0.12,0
Local_LC021_DHLI-MH2-12,26.07,0.15,0
Local_LC021_DHLI-MH2-13,27.51,0.14,0
Local_LC021_DHLI-MH2-14,25.41,0.13,0
Local_LC021_DHLI-MH2-15,24.0,0.13,0
Local_LC021_DHLI-MH2-16,21.81,0.15,0
Local_LC021_DHLI-MH2-17,19.37,0.16,0
Local_LC021_DHLI-MH2-17A,20.14,0.12,0
Local_LC021_DHLI-MH2-18,22.42,0.16,0
Local_LC021_DHLI-MH2-19,23.28,0.14,0
Local_LC021_MH01,5.0,0.11,1
Local_LC021_MH02,11.0,0.12,0
Local_LC021_MH03,26.0,0.12,0
Local_LC021_MH04,25.0,0.12,0
Local_LC021_MH05,27.0,0.12,0
Local_LC021_MH06,26.0,0.12,0
Local_LC021_MH07,22.51,0.12,0
Local_LC021_MH08,24.5,0.12,0
Local_LC022_Reg_BT,24.26,2.64,0
Local_LC022_Reg_MH01,20.0,0.47,0
Local_LC022_Reg_MH02,19.0,1.14,0
Local_LC026_&_LC192_MerrimanTS_MH01,10.6,0.8,0
Local_LC026_&_LC192_MerrimanTS_MH02,24.31,0.66,0
Local_LC026_&_LC192_MerrimanTS_MH03,21.57,0.63,0
Local_LC026_MerrimanTS_MH01,19.42,0.69,0
Local_LC026_MerrimanTS_MH02,18.69,0.62,0
Local_LC026_MerrimanTS_MH03,13.31,0.65,0
Local_LC027_MH02,14.47,0.04,0
Local_LC027_MH03,13.75,0.31,0
Local_LC027_MH04,23.0,0.83,0
Local_LC027_MiddlebeltTS_MH01,25.84,0.9,0
Local_LC027_Reg_MH01,7.95,0.81,1
Local_LC028_MH01,20.24,3.57,0
Local_LC028_Reg_MH01,15.5,0.8,0
Local_LC028_Reg_MH02,15.3,0.94,0
Local_LC046_1405,14.7,0.83,0
Local_LC046_1406,14.3,0.84,0
Local_LC046_1408,14.2,1.45,0
Local_LC046_1410,14.2,1.45,0
Local_LC046_1415,14.9,1.26,0
Local_LC046_14-C-0045,17.1,0.8,0
Local_LC046_14-C-0195,13.3,1.31,0
Local_LC046_14-C-0220,11.62,1.49,0
Local_LC046_1502,12.4,0.34,0
Local_LC046_1503,12.2,1.29,0
Local_LC046_1505,12.6,0.57,0
Local_LC046_1510,11.5,0.7,0
Local_LC046_1515,9.9,0.73,0
Local_LC046_1517,9.6,0.4,0
Local_LC046_1599,11.62,1.64,0
Local_LC046_1610,15.4,1.46,0
Local_LC073_MH01,10.0,0.55,0
Local_LC074_&_LC191_MH01,22.27,0.57,0
Local_LC074_&_LC191_MH02,19.86,0.48,0
Local_LC074_&_LC191_MH03,19.44,0.49,0
Local_LC074_&_LC191_MH04,20.68,0.48,0
Local_LC074_&_LC191_MH05,20.45,0.48,0
Local_LC074_MH01,19.82,0.46,0
Local_LC074_MH02,19.26,0.48,0
Local_LC074_MH03,19.81,0.5,0
Local_LC074_MH04,18.94,0.56,0
Local_LC075_MH01,7.93,0.32,1
Local_LC075_MH02,6.45,0.52,1
Local_LC079_&_LC080_L5MR_MH00326.8,24.15,0.43,0
Local_LC079_&_LC080_L5MR_MH00624.1,23.13,0.43,0
Local_LC079_&_LC080_L5MR_MH01060.6,22.52,0.43,0
Local_LC080_&_LC081_LV11,21.63,0.27,0
Local_LC080_L5MR_MH01504.8,28.94,0.56,0
Local_LC080_L5MR_MH02128.8,28.69,0.52,0
Local_LC080_L5MR_MH02570.8,26.01,0.52,0
Local_LC080_L5MR_MH02754.8,24.89,0.56,0
Local_LC080_L5MR_MH02995.8,25.51,0.6,0
Local_LC080_L5MR_MH03455.7,20.65,0.58,0
Local_LC080_L5MR_MH03920.9,18.63,0.58,0
Local_LC080_L5MR_MH04081.0,18.47,0.58,0
Local_LC080_L5MR_MH04173.4,18.38,0.58,0
Local_LC080_L5MR_MH04306.6,18.5,0.58,0
Local_LC080_L5MR_MH04635.1,21.52,0.58,0
Local_LC080_L5MR_MH04966.0,27.62,0.49,0
Local_LC080_L5MR_MH05292.0,24.73,0.49,0
Local_LC080_L5MR_MH05455.3,24.29,0.49,0
Local_LC080_L5MR_MH05740.8,23.69,0.47,0
Local_LC080_L5MR_MH05935.0,21.94,0.49,0
Local_LC080_L5MR_MH06160.2,20.06,0.57,0
Local_LC080_L5MR_MH06413.7,18.33,0.55,0
Local_LC080_L5MR_MH06862.9,17.85,0.55,0
Local_LC080_L5MR_MH07252.5,17.62,0.55,0
Local_LC080_L5MR_MH07762.8,17.36,0.6,0
Local_LC080_L5MR_MH08267.7,17.25,0.58,0
Local_LC080_L5MR_MH08766.1,17.1,0.58,0
Local_LC080_L5MR_MH09214.2,17.36,0.58,0
Local_LC080_L5MR_MH09543.7,17.07,0.58,0
Local_LC080_L5MR_MH09891.3,16.65,0.58,0
Local_LC080_L5MR_MH10184.5,16.75,0.58,0
Local_LC080_L5MR_MH10519.7,17.25,0.58,0
Local_LC080_L5MR_MH10815.4,17.89,0.58,0
Local_LC080_L5MR_MH10940.9,16.09,0.58,0
Local_LC080_L5MR_MH11004.9,15.99,0.56,0
Local_LC080_L5MR_MH11150.9,14.28,0.33,0
Local_LC080_L5MR_MH11478.2,16.8,0.63,0
Local_LC080_L5MR_MH11808.9,15.6,0.58,0
Local_LC080_L5MR_MH12139.1,15.37,0.49,0
Local_LC080_L5MR_MH12676.5,15.75,0.62,0
Local_LC080_L5MR_MH13163.9,17.82,0.58,0
Local_LC080_L5MR_MH13603.6,20.7,0.58,0
Local_LC080_L5MR_MH13712.5,18.88,0.56,0
Local_LC080_L5MR_MH14039.1,20.18,0.56,0
Local_LC080_L5MR_MH14410.7,21.66,0.56,0
Local_LC080_L5MR_MH14741.4,22.37,0.56,0
Local_LC080_L5MR_MH15069.4,22.48,0.56,0
Local_LC080_L5MR_MH15401.3,23.28,0.56,0
Local_LC080_L5MR_MH15727.9,30.14,0.68,0
Local_LC080_L5MR_MH16059.2,32.35,0.65,0
Local_LC080_L5MR_MH16329.6,28.96,0.65,0
Local_LC080_L5MR_MH16705.6,27.76,0.74,0
Local_LC080_L5MR_MH17047.3,23.2,0.72,0
Local_LC080_L5MR_MH17364.7,20.52,0.62,0
Local_LC080_L5MR_MH17444.6,20.92,0.61,0
Local_LC080_L5MR_MH17813.6,23.78,0.62,0
Local_LC080_L5MR_MH18220.5,27.14,0.62,0
Local_LC080_L5MR_MH18675.5,18.42,0.57,0
Local_LC080_L5MR_MH19087.2,14.72,0.64,0
Local_LC080_L5MR_MH19111.2,14.4,0.63,0
Local_LC080_L5MR_MH19414.2,14.32,0.62,0
Local_LC080_L5MR_MH19727.2,14.08,0.62,0
Local_LC080_L5MR_MH19755.4,15.36,0.63,0
Local_LC080_L5MR_MH20128.2,25.2,0.65,0
Local_LC093_&_LC095_MH0688,20.0,0.19,0
Local_LC095_&_LC202_MH5537,11.04,0.25,0
Local_LC095_&_LC202_MH5576,11.92,0.11,0
Local_LC095_MH0090,20.0,0.0,0
Local_LC095_MH0439,20.0,0.22,0
Local_LC095_MH0479,20.0,0.05,0
Local_LC095_MH0691,20.0,0.0,0
Local_LC095_MH1061,20.53,0.11,0
Local_LC095_MH1062,21.1,0.0,0
Local_LC095_MH1171,10.25,0.12,0
Local_LC095_MH5394,16.3,0.13,0
Local_LC096_07_MH1,15.13,0.25,0
Local_LC096_07_MH2,14.58,0.21,0
Local_LC096_30_MH1,15.28,0.2,0
Local_LC096_30_MH2,13.84,0.19,0
Local_LC096_33_MH1,25.9,0.22,0
Local_LC096_33_MH2,27.72,0.37,0
Local_LC116_Reg_MH01,19.81,2.09,0
Local_LC127_MH01,10.6,0.06,0
Local_LC128_MH01,17.35,0.18,0
Local_LC129_MH01,17.7,0.57,0
Local_LC129_MH01A,15.4,0.27,0
Local_LC129_MH02,14.7,0.27,0
Local_LC129_MH03,14.3,0.28,0
Local_LC129_MH04,14.5,0.27,0
Local_LC129_MH05,14.4,0.28,0
Local_LC130_MH01,18.05,0.87,0
Local_LC130_MH02,17.24,0.39,0
Local_LC130_MH03,15.39,0.23,0
Local_LC130_MH04,14.55,0.23,0
Local_LC132_MH01,9.44,0.08,0
Local_LC132_MH02,10.05,0.08,0
Local_LC134_MH01,20.18,0.11,0
Local_LC135_MH01,19.0,0.18,0
Local_LC135_MH02,17.71,0.33,0
Local_LC135_MH03,16.51,0.33,0
Local_LC135_MH04,14.79,0.33,0
Local_LC135_MH05,15.16,0.33,0
Local_LC135_MH06,15.94,0.33,0
Local_LC135_MH07,14.71,0.33,0
Local_LC169_MH01,10.74,0.03,0
Local_LC170_MH01,12.68,0.02,0
Local_LC171_MH01,14.27,0.03,0
Local_LC174_MH01,11.4,1.0,0
Local_LC174_MH02,10.0,0.55,0
Local_LC174_MH03,10.0,0.49,0
Local_LC174_MH04,10.0,0.74,0
Local_LC174_MH05,10.0,0.69,0
Local_LC174_MH06,10.0,0.81,0
Local_LC174_MH07,10.0,0.79,0
Local_LC174_MH08,10.0,0.78,0
Local_LC174_MH09,10.5,0.79,0
Local_LC174_MH10,10.0,0.78,0
Local_LC174_MH11,10.0,0.78,0
Local_LC174_MH12,10.0,0.78,0
Local_LC177_MH01,7.3,0.03,1
Local_LC178_MH01,9.58,0.14,0
Local_LC178_MH02,21.86,0.12,0
Local_LC179_MH01,6.38,0.09,1
Local_LC179_MH02,12.11,0.13,0
Local_LC180_MH01,12.0,0.03,0
Local_LC180_MH02,12.0,0.06,0
Local_LC181_MH01,9.15,0.17,0
Local_LC181_MH02,28.21,0.14,0
Local_LC182_MH01,6.06,0.11,1
Local_LC182_MH02,2.41,0.11,1
Local_LC183_MH01,20.0,0.58,0
Local_LC183_MH02,19.0,0.67,0
Local_LC183_MH03,19.6,0.54,0
Local_LC183_MH04,19.0,0.54,0
Local_LC183_MH05,18.0,0.64,0
Local_LC186_&_LC187_MH01,18.0,0.14,0
Local_LC186_&_LC187_MH02,15.0,0.25,0
Local_LC186_MH01,9.5,0.21,0
Local_LC186_MH02,6.0,0.14,1
Local_LC186_MH03,6.0,0.14,1
Local_LC186_MH04,8.0,0.23,1
Local_LC186_MH04_ToRVI,16.79,0.29,0
Local_LC186_MH05,17.0,0.64,0
Local_LC188_BT,12.45,2.78,0
Local_LC188_GVC_MH01,10.35,0.68,0
Local_LC188_GVC_MH02,9.3,0.11,0
Local_LC188_GVC_MH03,13.8,0.08,0
Local_LC188_GVC_MH04,20.9,0.07,0
Local_LC188_GVC_MH05,23.3,0.11,0
Local_LC188_GVC_MH06,20.1,0.1,0
Local_LC188_GVC_MH07,19.1,0.1,0
Local_LC188_GVC_MH08,19.0,0.09,0
Local_LC188_GVC_MH09,18.3,0.08,0
Local_LC191_MH01,17.85,0.16,0
Local_LC191_MH02,16.65,0.21,0
Local_LC191_MH03,14.88,0.11,0
Local_LC199_MH1,21.2,2.51,0
Local_LC199_MH2,17.5,5.89,0
Local_LC204_MH1,14.07,0.19,0
LV_4,16.32,0.51,0
LV_5,17.8,0.51,0
M10_2,16.67,21.36,1
m3000-SOT140005,31.52,6.37,0
m3010-SOT140011,37.0,6.21,0
m3020-SOT136010,83.89,7.41,0
m3030-DUMMY3030B,35.0,2.91,0
m3090-SOT132002,9.1,2.56,1
m3130-SOT055907,16.7,0.91,0
m3270-SOT012607,17.4,7.22,0
m3370-BLT137019,7.5,1.14,1
M8_1,19.17,19.17,1
M8_2,17.75,12.02,1
M8_3,21.81,5.68,0
M8_4,22.15,6.03,0
M8_5,21.9,7.01,0
M8_6,19.5,6.61,0
M8_7,20.28,7.05,0
M8_8,22.9,6.67,0
MAK-11,25.89,25.89,1
MAK-12,25.26,25.26,1
MAK-13,23.0,23.0,1
MAK-14,22.43,22.43,1
MAK-15,22.32,22.32,1
MAK-18,22.32,22.32,1
MAK-19,19.17,19.17,1
MAK-2,26.34,24.73,1
MAK-20,17.06,17.06,1
MAK-3,23.18,21.51,1
MAK-4,21.97,21.97,1
MAK-5,21.11,21.11,1
MAK-6,18.93,18.93,1
MAK-7,18.31,18.31,1
MAK-8,17.85,17.85,1
MAK-9,17.81,17.81,1
MarterDischargeChannel,30.0,1.18,0
MarterPump1Outlet,18.0,0.01,0
MarterPump2Outlet,18.0,3.47,0
MartinBasinDewatering,19.0,11.74,1
MartinBasinInfluentGates,12.0,8.19,1
MartinDrainEffluent2,10.0,5.75,1
MartinDrainInfluentBox,10.0,5.93,1
MartinRegulatorChamber,20.0,16.46,1
MDOT_I75_01,11.16,1.51,0
MDOT_M102-01,20.38,21.84,1
MDOT_M102-02,17.55,17.74,1
MDOT_M102-03,10.94,11.2,1
MDOT_M102-04,17.25,17.31,1
MDOT_M102-05,15.16,15.26,1
MDOT_M102-06,11.18,11.24,1
MDOT_M102-07,24.9,24.9,1
MDOT_M102-08,21.61,21.94,1
MDOT_M102-09,21.08,17.23,1
MH07303,14.88,17.53,1
MH10,22.7,3.01,0
MH103,40.46,40.46,1
MH11,21.5,9.15,0
MH12,26.9,24.49,1
MH124,18.95,23.76,1
MH132,23.11,23.63,1
MH136,30.094,30.09,1
MH137,15.87,14.45,1
MH15,25.442,25.44,1
MH16,19.08,1.6,0
MH17,40.11,14.43,0
MH18,39.08,39.08,1
MH2,19.15,19.17,1
MH22,22.019,22.03,1
MH3,21.41,21.41,1
MH39,20.09,20.09,1
MH40,45.78,9.97,0
MH41,43.92,12.5,0
MH42,41.38,22.75,0
MH43,33.5,21.18,0
MH44,23.87,19.78,1
MH45,26.8,20.15,1
MH46,27.52,27.52,1
MH48,43.72,9.17,0
MH49,43.98,39.75,1
MH5,32.47,31.0,1
MH50,30.91,30.91,1
MH53,13.553,8.01,1
MH64,24.11,23.26,1
MH67,47.72,45.53,1
MH69,41.5,41.5,1
MH7,14.75,14.86,1
MH72,12.65,12.66,1
MH77,15.96,23.45,1
MH78,19.27,19.13,1
MH79,39.42,38.58,1
MH80,35.49,35.49,1
ML_063,28.21,4.79,0
ML_074D,27.74,10.44,0
ML_079D,27.38,6.03,0
MR-1002,39.76,38.47,1
MR-1003,39.5,33.91,1
MR-1004,39.23,33.96,1
MR-1005,38.97,34.44,1
MR-1010,38.7,34.92,1
MR-1012,37.58,33.71,1
MR-1015,37.37,36.49,1
MR-1022,32.65,32.65,1
MR-1024,32.12,31.3,1
MR-1026,31.58,28.95,1
MR-1030,31.05,28.73,1
MR-1050,28.94,27.5,1
MR-1060,26.24,26.24,1
MR-1070,23.99,23.99,1
MR-1080,18.29,18.29,1
MR-11020,50.0,7.59,0
MR-11040,50.0,7.44,0
MR-12020,50.0,8.49,0
MR-2004,33.15,33.15,1
MR-2005,33.04,31.51,1
MR-2006,32.94,32.11,1
MR-2007,32.84,32.58,1
MR-2008,32.74,32.74,1
MR-2009,32.63,32.63,1
MR-2010,32.58,32.58,1
MR-2012,31.28,31.28,1
MR-2014,30.88,30.88,1
MR-2016,30.48,30.48,1
MR-2018,30.08,30.08,1
MR-2019,29.68,29.68,1
MR-2030,27.05,26.91,1
MR-2032,27.35,27.35,1
MR-2034,27.66,27.66,1
MR-2036,27.96,27.96,1
MR-2038,28.26,28.26,1
MR-2039,28.57,28.57,1
MR-2040,28.87,28.87,1
MR-2042,18.0,18.0,1
MR-2044,17.58,17.58,1
MR-2045,17.15,17.15,1
MR-2046,16.72,16.72,1
MR-2047,16.3,16.3,1
MR-2048,15.87,15.87,1
MR-3000,15.44,15.44,1
MR-4000,21.91,21.91,1
MR-4002,21.97,21.97,1
MR-4004,22.29,22.29,1
MR-4006,22.62,22.62,1
MR-4008,22.94,22.94,1
MR-4010,23.26,23.26,1
MR-4012,23.58,23.58,1
MR-4014,23.9,23.9,1
MR-4016,24.22,24.22,1
MR-4018,24.54,24.54,1
MRD-1,13.0,13.0,1
MRD-10,10.0,7.24,1
MRD-10A,10.0,6.63,1
MRD-11,12.73,7.09,1
MRD-12,14.6,6.94,1
MRD-13,12.5,6.79,1
MRD-14,14.8,6.65,0
MRD-16,14.3,5.9,0
MRD-17,14.2,5.7,0
MRD-18,15.1,5.44,0
MRD-19,17.0,5.21,0
MRD-2,13.0,13.0,1
MRD-20,16.8,5.13,0
MRD-21,16.6,5.11,0
MRD-22,16.0,5.11,0
MRD-23,16.7,5.08,0
MRD-24,18.23,5.2,0
MRD-25,18.2,5.53,0
MRD-26,18.2,5.82,0
MRD-27,19.17,5.97,0
MRD-28,17.3,5.66,0
MRD-29,16.7,5.39,0
MRD-30,17.1,5.2,0
MRD-31,19.8,5.04,0
MRD-32,20.46,5.69,0
MRD-33,21.5,2.26,0
MRD-34,19.0,3.54,0
MRD-35,20.4,2.9,0
MRD-36,22.3,2.76,0
MRD-37,24.4,2.72,0
MRD-38,26.4,2.69,0
MRD-39,23.6,2.37,0
MRD-40,25.93,2.85,0
MRD-41,24.82,3.02,0
MRD-43,24.38,3.0,0
MRD-44,25.41,3.01,0
MRD-45,24.47,3.08,0
MRD-46,25.19,3.13,0
MRD-47,26.81,3.16,0
MRD-48,25.26,3.18,0
MRD-49,26.06,3.22,0
MRD-50,24.66,2.94,0
MRD-51,26.01,3.4,0
MRD-52,25.61,4.01,0
MRD-53,25.59,5.27,0
MRD-54,24.75,6.38,0
MRD-55,22.57,6.69,0
MRD-56,21.69,12.65,0
MRD-57,20.89,3.38,0
MRD-58,19.4,2.85,0
MRD-59,17.82,2.35,0
MRD-60,16.73,1.29,0
MRD-61,15.22,0.88,0
MRD-62,15.9,0.36,0
MRD-63,15.71,0.36,0
MRD-7,13.0,13.0,1
MRD-8A,10.0,10.29,1
MRD-9,10.56,6.8,1
NeffPSSanChannel,23.0,12.5,0
NeffPSStormChannel,23.0,12.5,0
NeffPSStormChannel7,5.72,0.0,1
NER-10,15.57,0.26,0
NER-11,13.82,0.24,0
NER-12,11.92,0.22,0
NER-13,13.3,0.2,0
NER-14,10.5,0.07,0
NER-15,9.05,0.27,0
NER-16,8.65,0.15,0
NER-17,4.8,0.1,1
NER-18,10.0,10.0,1
NER-19,15.5,15.5,1
NER-2,22.98,0.64,0
NER-21,16.42,16.42,1
NER-22,17.09,17.09,1
NER-23,7.9,2.27,1
NER-24,27.39,27.39,1
NER-25,26.6,26.6,1
NER-26,26.99,26.99,1
NER-27,26.66,26.66,1
NER-29,23.24,23.24,1
NER-3,24.17,0.56,0
NER-30,23.79,23.79,1
NER-31,24.63,24.63,1
NER-32,23.88,23.88,1
NER-33,21.82,21.82,1
NER-34,20.01,20.01,1
NER-35,18.96,18.96,1
NER-36,19.42,19.42,1
NER-37,18.35,18.35,1
NER-38,18.67,18.67,1
NER-39,17.78,17.78,1
NER-4,24.53,0.48,0
NER-40,17.91,17.91,1
NER-41,19.23,19.23,1
NER-42,17.82,17.82,1
NER-43,18.01,18.01,1
NER-45,17.24,17.24,1
NER-46,16.26,16.26,1
NER-48,14.8,14.8,1
NER-49,13.61,13.61,1
NER-5,23.94,0.44,0
NER-51,12.85,12.85,1
NER-52,11.49,11.49,1
NER-54,10.9,10.9,1
NER-55,10.84,10.84,1
NER-56,10.78,10.78,1
NER-58,10.85,10.85,1
NER-59,9.28,9.28,1
NER-6,24.18,0.42,0
NER-60,9.28,9.28,1
NER-61,9.0,9.0,1
NER-62,20.79,20.79,1
NER-63,20.29,20.29,1
NER-64,19.82,19.82,1
NER-66,19.79,19.79,1
NER-67,20.94,20.94,1
NER-68,20.79,20.79,1
NER-69,18.92,18.92,1
NER-7,23.03,0.29,0
NER-70,19.45,19.45,1
NER-71,18.32,18.32,1
NER-73,15.6,15.6,1
NER-76,12.6,12.6,1
NER-8,18.79,0.39,0
NER-9,16.2,0.28,0
NESPS_Discharge1_OMID,17.18,0.0,0
NESPS_Discharge2_OMID,17.18,0.0,0
NESPS_Discharge4_OMID,28.18,4.74,0
NESPS_Discharge5_OMID,17.18,0.0,0
NESPS_Discharge6_OMID,17.18,0.0,0
NESPS_Pump1_HighPoint_OMID,17.17,0.0,0
NESPS_Pump2_HighPoint_OMID,17.17,0.0,0
NESPS_Pump4_HighPoint_OMID,28.17,0.0,0
NESPS_Pump5_HighPoint_OMID,17.17,0.0,0
NESPS_Pump6_HighPoint_OMID,17.17,0.0,0
NEWTP,24.29,24.36,1
NORM-1,17.0,12.09,1
NORM-2,15.28,15.28,1
NORM-4,13.7,9.45,1
NWR-1,21.49,0.76,0
NWR-10,25.47,1.21,0
NWR-12,25.83,1.08,0
NWR-13,22.44,0.84,0
NWR-14,12.46,1.11,0
NWR-15,12.74,1.13,0
NWR-18,12.37,1.0,0
NWR-19,7.42,1.09,1
NWR-2,20.36,1.25,0
NWR-20,7.7,1.13,1
NWR-21,7.4,1.14,1
NWR-22,6.7,1.16,1
NWR-23,6.75,1.27,1
NWR-24,9.3,29.3,1
NWR-25,7.48,57.48,1
NWR-26,10.03,60.03,1
NWR-27,8.0,58.0,1
NWR-28,7.1,57.1,1
NWR-29,7.12,57.12,1
NWR-3,21.95,1.29,0
NWR-30,8.06,58.06,1
NWR-33,26.42,0.69,0
NWR-34,24.7,0.67,0
NWR-35,24.11,0.77,0
NWR-36,24.54,0.75,0
NWR-37,23.01,0.49,0
NWR-38,21.07,0.73,0
NWR-39,19.78,0.67,0
NWR-4,24.39,1.28,0
NWR-40,18.65,0.61,0
NWR-41,18.74,0.62,0
NWR-42,18.77,0.61,0
NWR-5,23.46,1.24,0
NWR-6,23.31,1.28,0
NWR-7,23.26,1.14,0
NWR-8,23.84,1.2,0
NWR-9,24.79,1.21,0
NWRC-1,21.17,1.17,0
NWRC-10,22.33,1.49,0
NWRC-11,22.33,1.61,0
NWRC-12,22.33,1.4,0
NWRC-13,22.67,0.92,0
NWRC-16,22.58,0.88,0
NWRC-17,23.17,0.61,0
NWRC-2,22.5,0.93,0
NWRC-4,22.0,1.06,0
NWRC-7,23.0,0.91,0
NWRC-8,23.0,1.43,0
NWRC-9,22.5,1.47,0
P1,40.4,44.83,1
P10,43.0,46.78,1
P11,43.0,33.07,0
P12,43.0,33.55,0
P13,43.0,33.63,0
P14,43.0,0.0,0
P15,43.0,0.0,0
P16,43.0,0.0,0
P2,40.4,10.21,0
P3,40.4,11.25,0
P4,40.4,14.39,0
P5,40.4,56.44,1
P6,40.4,54.0,1
P7,40.4,57.57,1
P8,40.4,0.0,0
P9,43.0,46.78,1
PCI-10A_Sta.009+19_MH_OMID,23.4,1.28,0
PCI-10A_Sta.027+84_MH_OMID,21.9,1.38,0
PCI-10A_Sta.043+22_MH_OMID,21.2,1.36,0
PCI-10A_Sta.058+23_MH_OMID,20.7,1.33,0
PCI-10A_Sta.071+34_MH_OMID,18.9,1.36,0
PCI-10A_Sta.089+05_MH_OMID,19.5,1.35,0
PCI-10A_Sta.106+13_MH_OMID,18.6,1.35,0
PCI-10A_Sta.121+67_MH_OMID,19.5,1.35,0
PCI-10A_Sta.135+27_MH_OMID,25.2,1.35,0
PCI-10A_Sta.151+87_MH_OMID,20.3,1.35,0
PCI-10B_Sta.164+77_MH_OMID,42.9,1.35,0
PCI-10B_Sta.178+60_BT_OMID,55.6,1.35,0
PCI-10B_Sta.187+54_MH_OMID,30.0,1.31,0
PCI-10B_Sta.203+78_MH_OMID,28.9,1.31,0
PCI-10B_Sta.209+50_BT_OMID,29.1,1.31,0
PCI-11_Sta.012+61_MH_OMID,22.1,0.79,0
PCI-11_Sta.022+60_MH_OMID,6.3,0.64,1
PCI-11_Sta.023+96_MH_OMID,24.1,0.91,0
PCI-11_Sta.024+06_MH_OMID,23.7,0.98,0
PCI-11_Sta.027+29_MH_OMID,16.1,0.81,0
PCI-11_Sta.027+48_MH_OMID,17.2,1.47,0
PCI-11_Sta.030+12_MH_OMID,18.9,1.4,0
PCI-11_Sta.030+49_MH_OMID,16.1,0.28,0
PCI-11_Sta.036+66_MH_OMID,14.6,0.48,0
PCI-11_Sta.042+57_MH_OMID,13.0,0.47,0
PCI-11_Sta.067+69_MH_OMID,14.9,0.71,0
PCI-11_Sta.073+68_MH_OMID,12.1,0.71,0
PCI-11_Sta.079+37_MH_OMID,12.3,0.71,0
PCI-11_Sta.085+15_MH_OMID,12.1,0.71,0
PCI-11_Sta.091+51_MH_OMID,19.6,0.53,0
PCI-11_Sta.097+78_MH_OMID,24.4,0.54,0
PCI-11_Sta.100+95_MH_OMID,27.6,0.54,0
PCI-11_Sta.104+20_MH_OMID,26.6,0.52,0
PCI-11_Sta.107+32_MH_OMID,24.3,0.52,0
PCI-11_Sta.109+41_MH_OMID,27.5,0.52,0
PCI-11_Sta.111+53_MH_OMID,28.6,0.52,0
PCI-11_Sta.113+71_MH_OMID,29.0,0.53,0
PCI-11A_Sta.000+31_MH_OMID,45.5,0.59,0
PCI-11A_Sta.004+28_MH_OMID,21.4,0.75,0
PCI-11A_Sta.007+83_MH_OMID,17.7,0.7,0
PCI-11A_Sta.009+33_MH_OMID,21.5,0.71,0
PCI-11A_Sta.010+71_MH_OMID,23.5,0.62,0
PCI-11A_Sta.014+30_MH_OMID,22.6,0.69,0
PCI-11A_Sta.017+30_MH_OMID,27.0,0.68,0
PCI-11A_Sta.017+42_MH_OMID,25.3,1.18,0
PCI-12A_Sta.018+49_MH_OMID,57.8,5.64,0
PCI-38_Sta.110+23_MH_OMID,61.0,3.26,0
PCI-38_Sta.121+77_MH_OMID,58.6,5.31,0
PCI-5_Sta.003+50_MH_OMID,109.1,3.98,0
PCI-5_Sta.021+25_MH_OMID,103.9,3.49,0
PCI-5_Sta.042+40_MH_OMID,105.1,3.39,0
PCI-5_Sta.050+00_SC_OMID,104.7,3.85,0
PCI-5_Sta.055+00_SC_OMID,105.6,3.85,0
PCI-5_Sta.060+00_SC_OMID,105.4,3.79,0
PCI-5_Sta.060+90_MH_OMID,104.8,3.81,0
PCI-5_Sta.065+00_SC_OMID,104.6,3.91,0
PCI-5_Sta.070+00_SC_OMID,104.2,3.97,0
PCI-5_Sta.080+00_SC_OMID,104.8,4.3,0
PCI-5_Sta.082+60_MH_OMID,105.1,3.89,0
PCI-5_Sta.084+10_MH_OMID,104.3,3.66,0
PCI-5_Sta.085+00_SC_OMID,104.0,3.53,0
PCI-5_Sta.095+00_SC_OMID,100.3,3.17,0
PCI-5_Sta.100+00_SC_OMID,100.3,3.29,0
PCI-5_Sta.105+00_SC_OMID,100.5,3.69,0
PCI-5_Sta.106+25_MH_OMID,100.4,3.72,0
PCI-5_Sta.110+00_SC_OMID,99.4,3.83,0
PCI-5_Sta.115+00_SC_OMID,98.0,3.83,0
PCI-5_Sta.119+25_MH_OMID,97.5,3.81,0
PCI-5_Sta.120+00_SC_OMID,98.3,3.82,0
PCI-5_Sta.125+00_SC_OMID,98.2,3.98,0
PCI-5_Sta.131+19_MH_OMID,97.1,3.88,0
PCI-5_Sta.135+00_SC_OMID,96.2,3.27,0
PCI-5_Sta.140+00_SC_OMID,94.2,2.35,0
PCI-6_Sta.000+48_MH_OMID,92.8,3.03,0
PCI-6_Sta.013+97_MH_OMID,89.6,2.79,0
PCI-6_Sta.021+17_EOL_OMID,89.2,2.76,0
PCI-6_Sta.028+80_MH_OMID,88.7,3.27,0
PCI-6_Sta.043+75_MH_OMID,85.2,3.39,0
PCI-6_Sta.053+17_EOL_OMID,84.5,3.39,0
PCI-6_Sta.063+90_MH_OMID,83.6,3.0,0
PCI-6_Sta.082+10_MH_OMID,85.7,2.73,0
PCI-6_Sta.101+61_MH_OMID,86.7,2.75,0
PCI-6_Sta.118+00_MH_OMID,82.1,2.72,0
PCI-7_Sta.000+00_MH_OMID,79.3,2.74,0
PCI-7_Sta.018+25_MH_OMID,75.8,2.77,0
PCI-7_Sta.035+00_MH_OMID,72.9,2.74,0
PCI-7_Sta.051+66_MH_OMID,70.4,2.73,0
PCI-7_Sta.069+40_MH_OMID,67.6,2.74,0
PCI-7_Sta.083+76_MH_OMID,67.6,2.73,0
PCI-7_Sta.085+22_BT_OMID,67.7,2.73,0
PCI-7_Sta.096+03_MH_OMID,70.1,2.72,0
PCI-7_Sta.101+97_EOL_OMID,63.5,2.71,0
PCI-7_Sta.136+02_BT_OMID,63.7,6.01,0
PCI-7_Sta.136+27_MH_OMID,63.7,5.99,0
PCI-8_Sta.002+75_MH_OMID,64.2,4.33,0
PCI-8_Sta.014+02_MH_OMID,61.1,3.12,0
PCI-8_Sta.027+53_BT_OMID,57.3,2.39,0
PCI-8_Sta.031+06_MH_OMID,57.0,2.36,0
PCI-8_Sta.050+63_MH_OMID,54.3,1.93,0
PCI-8_Sta.069+02_MH_OMID,52.3,1.84,0
PCI-8_Sta.084+31_MH_OMID,51.6,1.84,0
PCI-8_Sta.100+45_MH_OMID,48.7,1.84,0
PCI-8_Sta.117+15_MH_OMID,44.8,1.84,0
PCI-8_Sta.118+00_SC_OMID,40.9,1.82,0
PCI-8_Sta.128+20_BT_OMID,44.3,1.48,0
PCI-8_Sta.133+59_MH_OMID,43.1,1.69,0
PCI-8_Sta.149+35_MH_OMID,42.6,1.67,0
PCI-8_Sta.166+11_MH_OMID,38.4,1.67,0
PCI-8_Sta.175+64_MH_OMID,40.8,1.67,0
PCI-8_Sta.176+39_DC_OMID,40.3,1.63,0
PCI-9_Sta.002+12_MH_OMID,41.2,1.95,0
PCI-9_Sta.021+47_MH_OMID,38.1,1.51,0
PCI-9_Sta.045+98_MH_OMID,39.7,1.52,0
PCI-9_Sta.062+50_MH_OMID,39.9,1.52,0
PCI-9_Sta.083+90_MH_OMID,40.9,1.52,0
PCI-9_Sta.104+35_MH_OMID,41.7,1.51,0
PCI-9_Sta.122+80_MH_OMID,43.3,1.52,0
PCI-9_Sta.131+20_BT_OMID,43.3,1.52,0
PCI-9_Sta.145+76_BT_OMID,45.8,1.5,0
PCI-9_Sta.147+50_MH_OMID,35.7,1.43,0
PCI-9_Sta.162+50_MH_OMID,36.1,1.42,0
PCI-9_Sta.179+22_MH_OMID,25.4,1.42,0
PCI-9_Sta.179+60_DC_OMID,24.8,1.83,0
PIP-1,17.75,17.75,1
PIP-3,16.18,8.27,1
PLEA-1,16.0,16.0,1
PLEA-4,15.5,6.86,0
PL-EFF-2,11.0,11.0,1
PS1_Discharge2,31.0,33.36,1
PS1_Discharge2B,31.0,28.79,1
PS1_Discharge3,21.0,16.27,1
PS1_Discharge4,21.0,14.2,1
PS1_Discharge5,21.0,16.21,1
PS1_Discharge6,21.0,14.18,1
PS1_Discharge7,21.0,17.57,1
RAU-1,18.56,18.56,1
RAU-3,17.08,9.49,1
RC1126,20.0,0.0,0
RC1127,40.0,0.0,0
RC1127A,40.0,0.0,0
RC1131,20.0,0.0,0
RC1132,40.0,0.0,0
RC1132A,40.0,0.0,0
RC1156,20.0,2.31,0
RC1157,40.0,2.63,0
RC1157A,40.0,6.07,0
RC1171,20.0,1.23,0
RC1172,40.0,2.57,0
RC1172A,40.0,3.07,0
RC17001,152.53,7.68,0
RC17003,20.0,4.86,0
RC17004,20.0,4.42,0
RC27001,55.33,23.92,0
RC27001A,40.0,33.01,1
RC27003,71.35,7.66,0
RC27003A,40.0,30.21,0
RC27004,60.02,7.18,0
RC27004A,40.0,27.27,0
Regulator11,15.68,23.34,1
Regulator17,18.73,12.02,1
Regulator3,35.657,35.71,1
Regulator7,16.65,17.04,1
REIN-1,16.46,16.46,1
REIN-4,15.49,7.91,1
RVSDS_CSO_03_(M18A)_Reg1,12.11,0.59,0
RVSDS_CSO_07_(M14)_Div,6.0,2.0,1
RVSDS_CSO_10_(M19)_Div_Old,20.0,3.3,0
RVSDS_CSO_10_(M19)_Reg2,16.0,0.3,0
RVSDS_CSO_11_(L42)_Div,12.39,1.25,0
RVSDS_CSO_11_(L42)_Reg,20.0,0.96,0
RVSDS_CSO_11_(L42)_Weir,12.39,1.0,0
RVSDS_CSO_12_(L43)_Div,19.0,1.36,0
RVSDS_CSO_19_(L47)_Div,20.0,1.5,0
RVSDS_CSO_19_(L47)_Reg,20.0,2.45,0
RVSDS_CSO_20_(L48)_Div,20.0,3.47,0
RVSDS_CSO_20_(L48)_Reg,20.0,2.77,0
RVSDS_CSO_21_(L39)_Div,20.0,4.23,0
RVSDS_CSO_21_(L39)_Reg,20.0,0.67,0
RVSDS_CSO_22_(L38)_Div,20.0,1.59,0
RVSDS_CSO_22_(L38)_Reg,20.0,0.75,0
RVSDS_CSO_45_(U02)_Div,404.84000000000003,3.95,0
RVSDS_CSO_51_(L37)_Div,20.0,0.05,0
RVSDS_CSO_51_(L37)_Reg,20.0,0.13,0
RVSDS_CSO_53_(L34)_Div,7.17,0.13,1
RVSDS_CSO_53_(L34)_Reg,9.07,0.16,0
RVSDS_CSO_59_(M24)_Div,14.85,0.58,0
RVSDS_CSO_59_(M24)_Reg,16.94,0.67,0
RVSDS_CSO_63_(L45)_Div,12.1,0.38,0
RVSDS_CSO_I03_(L40)_Div,15.94,0.05,0
RVSDS_CSO_I08_(L44)_Div,14.37,0.98,0
RVSDS_EQ_Livonia_Effluent1,24.85,0.0,0
RVSDS_EQ_Livonia_Effluent2,29.3,1.07,0
RVSDS_EQ_Livonia_Influent2,26.77,0.72,0
RVSDS_EQ_Livonia_MeterMH,26.55,1.06,0
RVSDS_INT_HLDE_1,8.88,1.08,1
RVSDS_INT_HLDE_2,8.91,1.09,1
RVSDS_INT_HLDE_3,8.93,1.09,1
RVSDS_INT_LRIR_IX_MH9-#1,13.47,1.42,0
RVSDS_INT_LRIR_IX_MH9-#3_US,8.3,0.56,1
RVSDS_INT_LRIR_IX_MH9-#4,8.82,1.33,1
RVSDS_INT_LRIR_IX_MH9-#5,22.04,0.8,0
RVSDS_INT_LRIR_IX_MH9-01,20.13,1.25,0
RVSDS_INT_LRIR_IX_MH9-02,20.5,1.69,0
RVSDS_INT_LRIR_IX_MH9-03,20.0,1.25,0
RVSDS_INT_LRIR_IX_MH9-04,19.4,0.71,0
RVSDS_INT_LRIR_IX_MH9-05,21.3,0.87,0
RVSDS_INT_LRIR_IX_MH9-06,20.9,0.69,0
RVSDS_INT_LRIR_IX_MH9-07,19.9,1.02,0
RVSDS_INT_LRIR_IX_MH9-08,19.3,0.89,0
RVSDS_INT_LRIR_IX_MH9-09,18.7,0.82,0
RVSDS_INT_LRIR_IX_MH9-10,20.7,0.77,0
RVSDS_INT_LRIR_IX_MH9-11,21.2,0.85,0
RVSDS_INT_LRIR_IX_MH9-12,20.9,0.75,0
RVSDS_INT_LRIR_IX_MH9-13,20.72,1.02,0
RVSDS_INT_LS1A_Discharge,13.08,2.39,0
RVSDS_INT_LS1A_DL-MH1,8.88,5.66,1
RVSDS_INT_LS1A_DL-MH2,21.0,3.79,0
RVSDS_INT_LS1A_High,25.3,6.29,0
RVSDS_INT_LS1A_OF-MH1,18.47,1.81,0
RVSDS_INT_LS1A_OF-MH2,20.28,1.97,0
RVSDS_INT_LS1A_Pump1_Discharge,12.5,4.23,0
RVSDS_INT_LS1A_Pump2_Discharge,12.5,0.0,0
RVSDS_INT_LS1A_Pump3_Discharge,12.5,0.0,0
RVSDS_INT_LS1A_Pump4_Discharge,12.5,0.0,0
RVSDS_INT_LS1A_Pump5_Discharge,12.0,2.92,0
RVSDS_INT_LS1A_Pump6_Discharge,12.0,0.0,0
RVSDS_INT_LV_MH07,17.58,2.71,0
RVSDS_INT_LV_MH08,25.48,3.15,0
RVSDS_INT_LV_MH09,22.36,6.08,0
RVSDS_INT_LV_MH10,8.11,2.4,1
RVSDS_INT_LV_MH11,9.86,2.4,1
RVSDS_INT_LV_MH16,3.88,3.88,1
RVSDS_INT_LV_MH17,5.68,5.68,1
RVSDS_INT_LV_MH18,11.87,11.87,1
RVSDS_INT_LV_MH19,8.19,7.19,1
RVSDS_INT_LV_MH20,8.09,8.09,1
RVSDS_INT_LV_MH21,8.27,8.27,1
RVSDS_INT_LV_MH22,5.84,5.84,1
RVSDS_INT_LV_MH23,4.6,4.6,1
RVSDS_INT_LV_MH24,5.85,5.85,1
RVSDS_INT_LV_MH25,7.17,5.59,1
RVSDS_INT_LV_MH26,6.09,5.97,1
RVSDS_INT_LV_MH27,4.5,4.5,1
RVSDS_INT_LV_MH28,3.72,3.72,1
RVSDS_INT_LV_MH29,3.88,3.88,1
RVSDS_INT_LV_MH30,5.23,5.23,1
RVSDS_INT_LV_MH31,8.54,7.12,1
RVSDS_INT_LV_MH32,7.18,6.73,1
RVSDS_INT_LV_MH33,4.93,4.93,1
RVSDS_INT_LV_MH34,5.67,5.67,1
RVSDS_INT_LV_MH35,6.98,6.98,1
RVSDS_INT_LV_MH37,11.89,6.72,1
RVSDS_INT_LV_MH38,8.52,8.52,1
RVSDS_INT_LV_MH39,8.15,7.33,1
RVSDS_INT_LV_MH40,8.8,4.46,1
RVSDS_INT_LV_MH41,8.65,4.41,1
RVSDS_INT_MRIR_I_MH1-23,42.67,34.56,0
RVSDS_INT_MRIR_II_MH2-01,39.76,49.43,1
RVSDS_INT_MRIR_II_MH2-02,26.81,29.7,1
RVSDS_INT_MRIR_II_MH2-03,22.65,12.55,0
RVSDS_INT_MRIR_II_MH2-04,18.95,5.45,0
RVSDS_INT_MRIR_II_MH2-05,19.75,5.47,0
RVSDS_INT_MRIR_II_MH2-06,19.72,7.39,0
RVSDS_INT_MRIR_II_MH2-07,20.57,8.26,0
RVSDS_INT_MRIR_II_MH2-11,13.12,4.01,0
RVSDS_INT_MRIR_II_MH2-12,13.64,3.26,0
RVSDS_INT_MRIR_II_MH2-13,15.58,3.18,0
RVSDS_INT_MRIR_II_MH2-14,12.35,3.27,0
RVSDS_INT_MRIR_II_MH2-15,12.9,3.35,0
RVSDS_INT_MRIR_II_MH2-16,12.7,3.0,0
RVSDS_INT_MRIR_II_MH2-17,13.09,2.49,0
RVSDS_INT_MRIR_II_MH2-18,12.4,2.55,0
RVSDS_INT_MRIR_II_MH2-19,12.46,2.62,0
RVSDS_INT_MRIR_II_MH2-20,15.91,2.34,0
RVSDS_INT_MRIR_II_MH2-21,18.24,2.42,0
RVSDS_INT_MRIR_II_MH2-22,12.4,2.32,0
RVSDS_INT_MRIR_II_MH2-23,13.34,2.24,0
RVSDS_INT_MRIR_II_MH2-24,19.16,2.15,0
RVSDS_INT_MRIR_II_MH2-25,15.47,2.17,0
RVSDS_INT_MRIR_II_MH2-26,11.63,2.09,0
RVSDS_INT_MRIR_II_MH2-27,14.06,2.29,0
RVSDS_INT_MRIR_II_MH2-28,14.76,2.17,0
RVSDS_INT_MRIR_II_MH2-29,15.42,2.24,0
RVSDS_INT_MRIR_II_MH2-30,15.56,2.18,0
RVSDS_INT_MRIR_II_MH2-31,14.81,2.32,0
RVSDS_INT_MRIR_II_MH2-32,12.54,1.34,0
RVSDS_INT_MRIR_II_MH2-33,29.33,2.75,0
RVSDS_INT_MRIR_II_MH2-34,26.34,2.93,0
RVSDS_INT_MRIR_II_MH2-37,22.69,2.87,0
RVSDS_INT_MRIR_III_JC3-37_HighPipe,11.45,0.55,0
RVSDS_INT_MRIR_III_MH3-01,13.47,1.75,0
RVSDS_INT_MRIR_III_MH3-02,12.33,1.41,0
RVSDS_INT_MRIR_III_MH3-03,12.59,1.31,0
RVSDS_INT_MRIR_III_MH3-04,11.21,1.47,0
RVSDS_INT_MRIR_III_MH3-05,12.05,1.33,0
RVSDS_INT_MRIR_III_MH3-06,12.67,1.46,0
RVSDS_INT_MRIR_III_MH3-07,11.37,1.38,0
RVSDS_INT_MRIR_III_MH3-08,12.41,1.47,0
RVSDS_INT_MRIR_III_MH3-09,10.95,1.42,0
RVSDS_INT_MRIR_III_MH3-10,11.48,1.39,0
RVSDS_INT_MRIR_III_MH3-11,12.09,1.34,0
RVSDS_INT_MRIR_III_MH3-12,11.8,1.5,0
RVSDS_INT_MRIR_III_MH3-15,13.82,1.5,0
RVSDS_INT_MRIR_III_MH3-18,29.1,1.49,0
RVSDS_INT_MRIR_III_MH3-19,26.92,1.36,0
RVSDS_INT_MRIR_III_MH3-20,16.75,1.43,0
RVSDS_INT_MRIR_III_MH3-22,12.68,0.68,0
RVSDS_INT_MRIR_III_MH3-23,11.81,0.66,0
RVSDS_INT_MRIR_III_MH3-24,22.49,0.7,0
RVSDS_INT_MRIR_III_MH3-25,16.8,0.65,0
RVSDS_INT_MRIR_III_MH3-26,13.7,0.59,0
RVSDS_INT_MRIR_III_MH3-27,19.57,0.67,0
RVSDS_INT_MRIR_III_MH3-28,14.65,0.66,0
RVSDS_INT_MRIR_III_MH3-29,12.5,0.78,0
RVSDS_INT_MRIR_III_MH3-30,11.28,0.56,0
RVSDS_INT_MRIR_III_MH3-31,10.82,0.63,0
RVSDS_INT_MRIR_III_MH3-32,12.55,0.64,0
RVSDS_INT_MRIR_III_MH3-33,14.81,0.82,0
RVSDS_INT_MRIR_III_MH3-34,11.52,0.71,0
RVSDS_INT_MRIR_III_MH3-35,12.21,0.7,0
RVSDS_INT_MRIR_III_MH3-36,12.13,0.53,0
RVSDS_INT_MRIR_IV_MH4A-06,18.98,0.15,0
RVSDS_INT_MRIR_IV_MH4A-08,16.25,0.15,0
RVSDS_INT_MRIR_IV_MH4A-09,25.9,0.15,0
RVSDS_INT_MRIR_IV_MH4A-10,8.72,0.15,0
RVSDS_INT_MRIR_IV_MH4A-11,7.55,0.15,1
RVSDS_INT_MRIR_IV_MH4A-12,8.16,0.15,0
RVSDS_INT_MRIR_IV_MH4A-13,8.76,0.15,0
RVSDS_INT_MRIR_IV_MH4A-13A,11.42,0.15,0
RVSDS_INT_MRIR_IV_MH4A-14,10.35,0.15,0
RVSDS_INT_MRIR_IV_MH4A-15,6.95,0.15,1
RVSDS_INT_MRIR_IV_MH4A-16,10.64,0.14,0
RVSDS_INT_MRIR_IV_MH4A-17,8.11,0.22,1
RVSDS_INT_MRIR_IV_MH4A-18,7.72,0.2,1
RVSDS_INT_MRIR_IV_MH4A-19,9.36,0.2,0
RVSDS_INT_MRIR_IV_MH4A-20,7.96,0.16,1
RVSDS_INT_MRIR_IV_MH4A-21,9.56,0.16,0
RVSDS_INT_MRIR_IV_MH4A-22,7.32,0.16,1
RVSDS_INT_MRIR_IV_MH4A-23,7.1,0.15,1
RVSDS_INT_MRIR_IV_MH4A-24,6.78,0.0,1
RVSDS_INT_MRIR_IV_MH4A-25,7.61,0.0,1
RVSDS_INT_MRIR_IV_MH4A-26,7.27,0.0,1
RVSDS_INT_MRIR_IV_MH4A-27,7.42,0.0,1
RVSDS_INT_MRIR_IV_MH4A-30,21.86,0.0,0
RVSDS_INT_MRIR_IV_MH4A-31,23.58,0.0,0
RVSDS_INT_MRIR_IV_MH4A-32,20.46,0.0,0
RVSDS_INT_MRIR_IV_MH4A-33,12.22,0.0,0
RVSDS_INT_MRIR_VA_MH5A-02,22.08,1.14,0
RVSDS_INT_MRIR_VA_MH5A-03,22.39,1.4,0
RVSDS_INT_MRIR_VA_MH5A-06,21.04,1.17,0
RVSDS_INT_MRIR_VA_MH5A-07,18.32,1.27,0
RVSDS_INT_MRIR_VA_MH5A-08,19.3,1.38,0
RVSDS_INT_MRIR_VA_MH5A-09,20.07,1.31,0
RVSDS_INT_MRIR_VA_MH5A-10,21.13,1.25,0
RVSDS_INT_MRIR_VA_MH5A-11,22.79,1.31,0
RVSDS_INT_MRIR_VA_MH5A-12,21.97,1.17,0
RVSDS_INT_MRIR_VA_MH5A-13,18.41,1.22,0
RVSDS_INT_MRIR_VA_MH5A-14,12.34,1.16,0
RVSDS_INT_MRIR_VA_MH5A-17,10.68,1.44,0
RVSDS_INT_MRIR_VA_MH5A-18,10.6,1.34,0
RVSDS_INT_MRIR_VA_MH5A-19,10.22,1.3,0
RVSDS_INT_MRIR_VA_MH5A-20,9.5,1.43,0
RVSDS_INT_MRIR_VA_MH5A-21,8.96,1.19,1
RVSDS_INT_MRIR_VA_MH5A-22,8.34,1.24,1
RVSDS_INT_MRIR_VA_MH5A-23,9.22,1.48,1
RVSDS_INT_MRIR_VA_MH5A-24,9.38,1.38,0
RVSDS_INT_MRIR_VA_MH5A-25,9.33,1.2,0
RVSDS_INT_MRIR_VA_MH5A-26,8.96,1.2,1
RVSDS_INT_MRIR_VA_MH5A-27,10.0,1.13,0
RVSDS_INT_MRIR_VA_MH5A-28,8.85,1.3,1
RVSDS_INT_MRIR_VA_MH5A-29,9.18,1.36,1
RVSDS_INT_MRIR_VA_MH5A-30,8.96,1.2,1
RVSDS_INT_MRIR_VA_MH5A-31,10.17,1.2,0
RVSDS_INT_MRIR_VA_MH5A-34,7.61,1.46,1
RVSDS_INT_MRIR_VA_MH5A-35,8.59,1.52,1
RVSDS_INT_MRIR_VA_MH5A-36,8.87,1.41,1
RVSDS_INT_MRIR_VA_MH5A-37,8.93,1.5,1
RVSDS_INT_MRIR_VA_MH5A-38,8.79,1.22,1
RVSDS_INT_MRIR_VA_MH5A-39,9.59,1.22,0
RVSDS_INT_MRIR_VA_MH5A-40,8.95,1.22,1
RVSDS_INT_MRIR_VA_MH5A-41,23.04,1.14,0
RVSDS_INT_MRIR_VA_MH5A-42,27.85,1.13,0
RVSDS_INT_MRIR_VA_MH5A-43,30.31,1.19,0
RVSDS_INT_MRIR_VA_MH5A-44,27.87,1.5,0
RVSDS_INT_MRIR_VA_MH5A-45,23.98,1.19,0
RVSDS_INT_MRIR_VA_MH5A-46,11.88,1.44,0
RVSDS_INT_MRIR_VA_MH5A-49,31.76,1.04,0
RVSDS_INT_MRIR_VA_MH5A-50,31.5,1.0,0
RVSDS_INT_MRIR_VB_MH5B-01,32.2,0.65,0
RVSDS_INT_MRIR_VB_MH5B-02,31.51,1.17,0
RVSDS_INT_MRIR_VB_MH5B-03,35.3,1.04,0
RVSDS_INT_MRIR_VB_MH5B-04,36.5,1.09,0
RVSDS_INT_MRIR_VB_MH5B-05,28.9,1.06,0
RVSDS_INT_MRIR_VB_MH5B-06,29.5,1.68,0
RVSDS_INT_MRIR_VB_MH5B-07,29.5,0.82,0
RVSDS_INT_MRIR_VB_MH5B-08,28.9,1.23,0
RVSDS_INT_MRIR_VB_MH5B-09,30.8,1.03,0
RVSDS_INT_MRIR_VB_MH5B-10,31.2,1.03,0
RVSDS_INT_MRIR_VB_MH5B-11,32.4,1.2,0
RVSDS_INT_MRIR_VB_MH5B-12,19.8,1.16,0
RVSDS_INT_MRIR_VB_MH5B-13,22.6,1.19,0
RVSDS_INT_MRIR_VB_MH5B-14,32.23,1.09,0
RVSDS_INT_MRIR_VB_MH5B-15,18.2,1.07,0
RVSDS_INT_MRIR_VB_MH5B-16,33.9,1.13,0
RVSDS_INT_MRIR_VB_MH5B-17,36.0,1.08,0
RVSDS_INT_MRIR_VB_MH5B-18,12.7,0.16,0
RVSDS_INT_MRIR_VC_JC5C-04_Weir,6.76,0.38,1
RVSDS_INT_MRIR_VC_MH5C-01,28.95,0.74,0
RVSDS_INT_MRIR_VC_MH5C-05,8.95,1.61,1
RVSDS_INT_MRIR_VC_MH5C-06,9.2,0.91,0
RVSDS_INT_MRIR_VC_MH5C-07,8.95,0.98,1
RVSDS_INT_MRIR_VC_MH5C-08,6.33,1.26,1
RVSDS_INT_MRIR_VC_MH5C-09,6.16,1.2,1
RVSDS_INT_MRIR_VC_MH5C-10,5.85,1.12,1
RVSDS_INT_MRIR_VC_MH5C-11,5.6,0.95,1
RVSDS_INT_MRIR_VC_MH5C-12,5.45,1.1,1
RVSDS_INT_MRIR_VC_MH5C-13,6.15,1.24,1
RVSDS_INT_MRIR_VC_MH5C-14,6.35,1.08,1
RVSDS_INT_MRIR_VC_MH5C-15,10.0,1.13,0
RVSDS_INT_MRIR_VC_MH5C-17,6.8,1.5,1
RVSDS_INT_MRIR_VI_MH6-01,7.2,1.43,1
RVSDS_INT_MRIR_VI_MH6-04,6.2,1.32,1
RVSDS_INT_MRIR_VI_MH6-06,6.9,1.49,1
RVSDS_INT_MRIR_VI_MH6-07,7.3,1.51,1
RVSDS_INT_MRIR_VI_MH6-08,9.15,1.72,1
RVSDS_INT_MRIR_VI_MH6-11,6.7,0.95,1
RVSDS_INT_MRIR_VI_MH6-12,9.95,1.28,0
RVSDS_INT_MRIR_VI_MH6-13,11.2,1.08,0
RVSDS_INT_MRIR_VI_MH6-14,9.7,1.56,0
RVSDS_INT_MRIR_VI_MH6-15,11.65,1.43,0
RVSDS_INT_MRIR_VI_MH6-16,12.7,1.12,0
RVSDS_INT_MRIR_VI_MH6-17,16.8,1.03,0
RVSDS_INT_MRIR_VI_MH6-18,13.4,1.21,0
RVSDS_INT_MRIR_VI_MH6-19,15.6,1.53,0
RVSDS_INT_MRIR_VI_MH6-20,15.4,1.06,0
RVSDS_INT_MRIR_VI_MH6-21,17.85,1.39,0
RVSDS_INT_MRIR_VI_MH6-22,24.5,1.11,0
RVSDS_INT_MRIR_VI_MH6-23,37.5,1.06,0
RVSDS_INT_MRIR_VI_MH6-24,17.95,0.72,0
RVSDS_INT_MRIR_VI_MH6-25,20.4,0.88,0
RVSDS_INT_MRIR_VI_MH6-26,22.05,0.78,0
RVSDS_INT_MRIR_VI_MH6-27,26.0,0.63,0
RVSDS_INT_MRIR_VI_MH6-28,16.5,0.31,0
RVSDS_INT_MRPIE_I_JC1-18,10.23,2.4,1
RVSDS_INT_MRPIE_I_MH1-02,39.93,13.95,0
RVSDS_INT_MRPIE_I_MH1-03,14.63,10.69,1
RVSDS_INT_MRPIE_I_MH1-04,13.74,7.97,1
RVSDS_INT_MRPIE_I_MH1-05,10.59,6.8,1
RVSDS_INT_MRPIE_I_MH1-06,11.43,2.58,0
RVSDS_INT_MRPIE_I_MH1-07,9.91,2.38,1
RVSDS_INT_MRPIE_I_MH1-07A,10.6,2.2,0
RVSDS_INT_MRPIE_I_MH1-07B,9.54,2.24,1
RVSDS_INT_MRPIE_I_MH1-08,11.32,2.11,0
RVSDS_INT_MRPIE_I_MH1-09,11.68,1.67,0
RVSDS_INT_MRPIE_I_MH1-10,10.23,1.5,0
RVSDS_INT_MRPIE_I_MH1-11,12.71,1.44,0
RVSDS_INT_MRPIE_I_MH1-12,10.24,1.78,0
RVSDS_INT_MRPIE_I_MH1-13,15.62,1.79,0
RVSDS_INT_MRPIE_I_MH1-14,17.16,1.8,0
RVSDS_INT_MRPIE_I_MH1-15,14.75,1.79,0
RVSDS_INT_MRPIE_I_MH1-16,16.43,1.79,0
RVSDS_INT_MRPIE_I_MH1-17,29.86,1.75,0
RVSDS_INT_MRPIE_I_MH1-18,11.38,2.24,0
RVSDS_INT_MRPIE_IA_MH1A-5873.1,45.34,14.33,0
RVSDS_INT_MRPIE_II_MH2-01,11.79,1.28,0
RVSDS_INT_MRPIE_II_MH2-02,10.02,1.15,0
RVSDS_INT_MRPIE_II_MH2-03,10.1,1.1,0
RVSDS_INT_MRPIE_II_MH2-04,12.56,1.08,0
RVSDS_INT_MRPIE_II_MH2-05,11.7,1.02,0
RVSDS_INT_MRPIE_II_MH2-06,12.11,1.02,0
RVSDS_INT_MRPIE_II_MH2-07,16.55,1.01,0
RVSDS_INT_MRPIE_II_MH2-08,14.08,1.0,0
RVSDS_INT_MRPIE_II_MH2-09,16.62,1.01,0
RVSDS_INT_MRPIE_II_MH2-10,12.07,0.85,0
RVSDS_INT_MRPIE_II_MH2-10A,12.25,0.25,0
RVSDS_INT_MRPIE_II_MH2-10B,11.11,0.09,0
RVSDS_INT_MRPIE_II_MH2-10C,9.5,0.13,0
RVSDS_INT_MRPIE_II_MH2-10D,13.96,0.1,0
RVSDS_INT_MRPIE_II_MH2-11,11.37,0.89,0
RVSDS_INT_MRPIE_II_MH2-12,11.68,0.93,0
RVSDS_INT_MRPIE_II_MH2-13,10.06,0.86,0
RVSDS_INT_MRPIE_II_MH2-14,9.55,0.89,0
RVSDS_INT_MRPIE_II_MH2-15,10.97,0.88,0
RVSDS_INT_MRPIE_II_MH2-15A,10.73,0.91,0
RVSDS_INT_MRPIE_II_MH2-16,11.21,0.76,0
RVSDS_INT_MRPIE_II_MH2-17,10.5,0.9,0
RVSDS_INT_MRPIE_II_MH2-18,10.92,0.85,0
RVSDS_INT_MRPIE_II_MH2-19,11.34,0.85,0
RVSDS_INT_MRPIE_II_MH2-20,11.27,0.8,0
RVSDS_INT_MRPIE_II_MH2-21,9.96,0.79,0
RVSDS_INT_MRPIE_II_TP2-12A,11.83,0.95,0
RVSDS_INT_MRPIE_II_TP2-12B,11.89,0.87,0
RVSDS_INT_MRPIE_II_TP2-15A,10.76,0.94,0
RVSDS_INT_MRPIE_II_TP2-15B,13.81,0.88,0
RVSDS_INT_MRPIE_III_MH3-01,10.64,0.8,0
RVSDS_INT_MRPIE_III_MH3-02,12.72,0.8,0
RVSDS_INT_MRPIE_III_MH3-03,11.45,0.86,0
RVSDS_INT_MRPIE_III_MH3-04,11.45,0.84,0
RVSDS_INT_MRPIE_III_MH3-05,13.76,0.85,0
RVSDS_INT_MRPIE_III_MH3-06,11.0,0.83,0
RVSDS_INT_MRPIE_III_MH3-10,11.5,0.92,0
RVSDS_INT_MRPIE_III_MH3-10A,11.08,0.86,0
RVSDS_INT_MRPIE_III_MH3-11,12.0,0.86,0
RVSDS_INT_MRPIE_III_MH3-12,12.29,0.85,0
RVSDS_INT_MRPIE_III_MH3-13,9.89,1.03,0
RVSDS_INT_MRPIE_III_MH3-14,10.77,0.75,0
RVSDS_INT_MRPIE_III_MH3-15,12.02,0.65,0
RVSDS_INT_MRPIE_III_MH3-16,8.05,0.6,1
RVSDS_INT_MRPIE_III_MH3-17,9.46,0.86,0
RVSDS_INT_MRPIE_III_MH3-18,9.8,0.76,0
RVSDS_INT_MRPIE_III_MH3-19,9.37,0.76,0
RVSDS_INT_MRPIE_III_MH3-20,9.91,0.76,0
RVSDS_INT_MRPIE_III_MH3-22,13.19,0.8,0
RVSDS_INT_MRPIE_III_MH3-23,11.27,0.59,0
RVSDS_INT_MRPIE_III_MH3-24,9.68,1.11,0
RVSDS_INT_MRPIE_III_TP3-21,8.53,0.58,1
RVSDS_INT_MRPIE_III_TP3-25,8.29,1.24,1
RVSDS_INT_MRPIE_III_TP3-26,6.91,1.12,1
RVSDS_INT_MRPIE_IV_DC4-6384,35.4,4.5,0
RVSDS_INT_MRPIE_IV_MH4-0048.2,13.98,2.76,0
RVSDS_INT_MRPIE_IV_MH4-0362,31.03,0.33,0
RVSDS_INT_MRPIE_IV_MH4-0370,30.23,1.25,0
RVSDS_INT_MRPIE_IV_MH4-0885.9,31.7,3.5,0
RVSDS_INT_MRPIE_IV_MH4-1020.1,20.25,1.11,0
RVSDS_INT_MRPIE_IV_MH4-1030.1,24.65,0.34,0
RVSDS_INT_MRPIE_IV_MH4-1360.9,21.2,1.11,0
RVSDS_INT_MRPIE_IV_MH4-1367.1,21.46,0.34,0
RVSDS_INT_MRPIE_IV_MH4-1404.1,17.7,0.81,0
RVSDS_INT_MRPIE_IV_MH4-1525.3,39.32,3.73,0
RVSDS_INT_MRPIE_IV_MH4-1668.1,19.06,0.59,0
RVSDS_INT_MRPIE_IV_MH4-1968.1,17.16,0.55,0
RVSDS_INT_MRPIE_IV_MH4-2234.4,38.89,3.9,0
RVSDS_INT_MRPIE_IV_MH4-2975.7,37.44,4.03,0
RVSDS_INT_MRPIE_IV_MH4-3693.4,37.01,4.15,0
RVSDS_INT_MRPIE_IV_MH4-4476.8,37.54,4.24,0
RVSDS_INT_MRPIE_IV_MH4-5114.3,36.16,4.32,0
RVSDS_INT_MRPIE_IV_MH4-5767.9,35.77,4.4,0
RVSDS_INT_MRPIE_IV_MH4-7113.6,32.01,4.49,0
RVSDS_INT_MRPIE_IV_MH4-7667.2,20.62,4.35,0
RVSDS_INT_MRPIE_IV_MH4-8556.7,32.13,4.26,0
RVSDS_INT_MRPIE_LivoniaDrainCrossing_DS,12.51,0.8,0
RVSDS_INT_MRPIE_LivoniaDrainCrossing_US,12.44,0.78,0
RVSDS_INT_MRPIE_V_MH5-09290.7,33.66,4.11,0
RVSDS_INT_MRPIE_V_MH5-10024.9,38.22,4.0,0
RVSDS_INT_MRPIE_V_MH5-10737.9,36.82,3.93,0
RVSDS_INT_MRPIE_V_MH5-11401.6,37.39,3.81,0
RVSDS_INT_MRPIE_V_MH5-12100.1,35.97,3.73,0
RVSDS_INT_MRPIE_V_MH5-12838.6,35.52,3.66,0
RVSDS_INT_MRPIE_V_MH5-13698.1,35.01,3.61,0
RVSDS_INT_MRPIE_V_MH5-14536.1,34.51,3.56,0
RVSDS_INT_MRPIE_V_MH5-15282.6,36.06,3.54,0
RVSDS_INT_MRPIE_V_MH5-16035.1,30.61,3.52,0
RVSDS_INT_MRPIE_V_MH5-16420.1,20.35,3.49,0
RVSDS_INT_MRPIE_V_MH5-17342.1,27.82,3.51,0
RVSDS_INT_MRPIE_VI_MH6-18428,7.19,3.59,1
RVSDS_INT_MRPIE_VI_MH6-18818.4,5.95,4.12,1
RVSDS_INT_MRPIE_VI_MH6-19264.15,6.68,4.3,1
RVSDS_INT_MRPIE_VI_MH6-19608.25,10.56,4.53,1
RVSDS_INT_MRPIE_VI_MH6-20110.55,8.17,4.64,1
RVSDS_INT_MRPIE_VI_MH6-20949.74,6.26,4.95,1
RVSDS_INT_MRPIE_VI_MH6-21248.34,8.93,4.25,1
RVSDS_INT_MRPIE_VI_MH6-21520.49,11.62,4.02,1
RVSDS_INT_MRPIE_VI_MH6-21992.17,7.1,3.65,1
RVSDS_INT_MRPIE_VI_MH6-22347.87,7.71,3.36,1
RVSDS_INT_MRPIE_VI_MH6-22638.77,8.39,3.12,1
RVSDS_INT_MRPIE_VI_MH6-23230.12,6.74,2.63,1
RVSDS_INT_MRPIE_VI_MH6-23592.32,13.35,2.38,0
RVSDS_INT_MRPIE_VI_MH6-23669.62,13.26,2.35,0
RVSDS_INT_MRPIE_VI_MH6-23768.12,18.0,1.97,0
RVSDS_INT_MRPIE_VI_MH6-SARASOTA2,7.89,2.76,1
RVSDS_INT_MRPIE_VI_MH6-SARASOTA3,12.79,2.93,0
RVSDS_INT_MRPIE_VI_TP6-18497.4,6.01,3.88,1
RVSDS_INT_MRPIE_VI_TP6-18523.4,6.0,4.1,1
RVSDS_INT_MRPIE_VII_MH7-00358.30,6.03,0.9,1
RVSDS_INT_MRPIE_VII_MH7-00619.25,6.87,0.87,1
RVSDS_INT_MRPIE_VII_MH7-00791.45,6.77,0.87,1
RVSDS_INT_MRPIE_VII_MH7-01076.45,8.59,0.87,1
RVSDS_INT_MRPIE_VII_MH7-01401.05,10.39,0.89,0
RVSDS_INT_MRPIE_VII_MH7-01806.55,11.14,0.88,0
RVSDS_INT_MRPIE_VII_MH7-02034.55,14.0,0.74,0
RVSDS_INT_MRPIE_VII_MH7-24203.07,10.82,1.93,0
RVSDS_INT_MRPIE_VII_MH7-24801.67,7.36,1.55,1
RVSDS_INT_MRPIE_VII_MH7-25204.27,7.05,1.34,1
RVSDS_INT_MRPIE_VII_MH7-25698.77,12.66,1.16,0
RVSDS_INT_MRPIE_VII_MH7-26198.72,8.25,1.12,1
RVSDS_INT_MRPIE_VII_MH7-26351.12,20.13,1.12,0
RVSDS_INT_MRPIE_VII_MH7-26662.17,7.88,1.11,1
RVSDS_INT_MRPIE_VII_MH7-27037.37,11.58,1.1,0
RVSDS_INT_MRPIE_VII_MH7-27624.32,7.11,1.11,1
RVSDS_INT_MRPIE_VII_MH7-27711.22,10.04,1.2,0
RVSDS_INT_MRPIE_VII_MH7-27796.52,9.98,1.33,0
RVSDS_INT_MRPIE_VII_MH7-27868.57,9.68,1.09,0
RVSDS_INT_MRPIE_VII_MH7-28116.67,8.44,0.98,1
RVSDS_INT_MRPIE_VII_MH7-28676.67,5.9,0.82,1
RVSDS_INT_MRPIE_VII_MH7-29075.87,10.52,0.83,0
RVSDS_INT_MRPIE_VII_MH7-29342.47,10.26,0.83,0
RVSDS_INT_MRPIE_VII_MH7-29466.47,10.13,0.74,0
RVSDS_INT_MRPIE_VII_MH7-29776.47,6.83,0.61,1
RVSDS_INT_MRPIE_VII_MH7-29980.32,7.64,0.6,1
RVSDS_INT_MRPIE_VII_MH7-30233.42,6.4,0.6,1
RVSDS_INT_MRPIE_VII_TP7-24354,3.72,1.84,1
RVSDS_INT_MRPIE_VII_TP7-24404,3.68,1.82,1
RVSDS_INT_MRPIE_VII_TP7-25809,12.56,1.13,0
RVSDS_INT_MRPIE_VII_TP7-25855,3.52,1.17,1
RVSDS_INT_MRPIE_VII_TP7-27763.22,10.01,1.32,0
RVSDS_INT_NAI_I_MH1-01,18.4,1.28,0
RVSDS_INT_NAI_I_MH1-02,6.45,1.48,1
RVSDS_INT_NAI_I_MH1-03,5.14,0.51,1
RVSDS_INT_NAI_I_MH1-04,6.15,0.91,1
RVSDS_INT_NAI_I_MH1-05,13.31,0.71,0
RVSDS_INT_NAI_I_MH1-06,15.09,0.97,0
RVSDS_INT_NAI_I_MH1-07,19.67,0.91,0
RVSDS_INT_NAI_I_MH1-08,14.93,1.32,0
RVSDS_INT_NAI_I_MH1-09,11.84,1.34,0
RVSDS_INT_NAI_I_MH1-11,9.68,0.8,0
RVSDS_INT_NAI_I_MH1-12,9.1,1.05,0
RVSDS_INT_NAI_I_MH1-13,9.52,1.01,0
RVSDS_INT_NAI_I_MH1-14,8.89,0.78,0
RVSDS_INT_NAI_I_MH1-15,9.25,0.8,0
RVSDS_INT_NAI_I_MH1-16,9.39,0.95,0
RVSDS_INT_NAI_I_MH1-16A,8.43,0.53,1
RVSDS_INT_NAI_I_MH1-17,7.82,1.0,1
RVSDS_INT_NAI_I_MH1-18,7.9,0.83,1
RVSDS_INT_NAI_I_MH1-19,9.3,0.95,0
RVSDS_INT_NAI_I_MH1-1A,7.45,1.47,1
RVSDS_INT_NAI_I_MH1-20,12.74,0.81,0
RVSDS_INT_NAI_I_MH1-21,24.8,0.82,0
RVSDS_INT_NAI_I_MH1-22,29.24,0.81,0
RVSDS_INT_NAI_I_MH1-23,29.08,0.92,0
RVSDS_INT_NAI_I_MH1-23A,25.26,0.95,0
RVSDS_INT_NAI_I_MH1-23B,21.45,0.94,0
RVSDS_INT_NAI_I_MH1-23C,32.37,0.73,0
RVSDS_INT_NAI_I_MH1-24,20.33,1.24,0
RVSDS_INT_NAI_I_MH1-24A,19.01,1.17,0
RVSDS_INT_NAI_I_MH1-25,18.94,1.14,0
RVSDS_INT_NAI_I_MH1-28,11.18,1.09,0
RVSDS_INT_NAI_I_MH1-29,12.34,1.05,0
RVSDS_INT_NAI_I_MH1-30,11.44,1.03,0
RVSDS_INT_NAI_I_MH1-31,8.5,0.86,1
RVSDS_INT_NAI_I_MH1-32,9.9,1.08,0
RVSDS_INT_NAI_I_MH1-33,8.32,0.7,1
RVSDS_INT_NAI_I_MH1-34,9.77,1.08,0
RVSDS_INT_NAI_I_MH1-35,9.81,1.03,0
RVSDS_INT_NAI_I_MH1-36,10.45,1.3,0
RVSDS_INT_NAI_I_MH1-37,21.12,1.3,0
RVSDS_INT_NAI_I_MH1-38,18.95,1.37,0
RVSDS_INT_NAI_I_MH1-38A,21.88,1.44,0
RVSDS_INT_NAI_I_MH1-38B,23.74,1.45,0
RVSDS_INT_NAI_I_MH1-39,8.14,0.6,1
RVSDS_INT_NAI_I_MH1-3A,6.05,1.01,1
RVSDS_INT_NAI_I_MH1-3B,7.82,0.96,1
RVSDS_INT_NAI_I_MH1-40,11.75,0.74,0
RVSDS_INT_NAI_I_MH1-41,4.74,0.87,1
RVSDS_INT_NAI_I_MH1-42,10.28,0.85,0
RVSDS_INT_NAI_I_MH1-43,10.34,0.62,0
RVSDS_INT_NAI_I_MH1-44,21.59,1.48,0
RVSDS_INT_NAI_I_MH1-45,23.4,1.44,0
RVSDS_INT_NAI_I_MH1-46,20.1,1.41,0
RVSDS_INT_NAI_I_MH1-47,21.86,1.4,0
RVSDS_INT_NAI_I_MH1-48,17.77,1.4,0
RVSDS_INT_NAI_I_MH1-49,13.63,1.42,0
RVSDS_INT_NAI_I_MH1-50,10.59,1.44,0
RVSDS_INT_NAI_I_MH1-51,6.7,0.57,1
RVSDS_INT_NAI_I_MH1-52,8.05,1.07,1
RVSDS_INT_NAI_I_MH1-53,7.44,0.98,1
RVSDS_INT_NAI_I_MH1-54,7.8,1.01,1
RVSDS_INT_PWI_I_MH1-01,16.81,0.58,0
RVSDS_INT_PWI_I_MH1-02,22.81,0.49,0
RVSDS_INT_PWI_I_MH1-03,29.78,0.48,0
RVSDS_INT_PWI_I_MH1-04,31.82,0.48,0
RVSDS_INT_PWI_I_MH1-05,36.33,0.48,0
RVSDS_INT_PWI_I_MH1-06,35.33,0.47,0
RVSDS_INT_PWI_I_MH1-07,34.83,0.46,0
RVSDS_INT_PWI_I_MH1-08,33.32,0.46,0
RVSDS_INT_PWI_I_MH1-09,35.83,0.45,0
RVSDS_INT_PWI_I_MH1-10,37.73,0.43,0
RVSDS_INT_PWI_I_MH1-11,34.65,0.43,0
RVSDS_INT_PWI_I_MH1-12,37.25,0.38,0
RVSDS_INT_PWI_I_MH1-13,38.77,0.37,0
RVSDS_INT_PWI_I_MH1-14,43.47,0.37,0
RVSDS_INT_PWI_I_MH1-15,32.89,0.32,0
RVSDS_INT_PWI_I_MH1-16,27.99,0.32,0
RVSDS_INT_PWI_IA_MH1A-01,23.06,1.47,0
RVSDS_INT_PWI_IA_MH1A-01A,15.47,0.66,0
RVSDS_INT_PWI_IA_MH1A-02,20.55,1.47,0
RVSDS_INT_PWI_IA_MH1A-03,19.48,1.02,0
RVSDS_INT_PWI_IA_MH1A-04,21.81,1.17,0
RVSDS_INT_PWI_IA_MH1A-05,17.3,1.08,0
RVSDS_INT_PWI_IA_MH1A-06,19.92,1.09,0
RVSDS_INT_PWI_IA_MH1A-07,23.39,1.09,0
RVSDS_INT_PWI_IA_MH1A-08,20.83,1.08,0
RVSDS_INT_PWI_IA_MH1A-09,19.31,1.09,0
RVSDS_INT_PWI_IA_MH1A-10,20.75,1.09,0
RVSDS_INT_PWI_IA_MH1A-11,19.27,1.01,0
RVSDS_INT_PWI_II_MH2A-01,18.26,0.31,0
RVSDS_INT_PWI_II_MH2A-02,16.0,0.23,0
RVSDS_INT_PWI_II_MH2A-03,13.28,0.07,0
RVSDS_INT_PWI_II_MH2A-04,15.19,0.02,0
RVSDS_INT_PWI_II_MH2A-05,14.0,0.03,0
RVSDS_INT_PWI_II_MH2A-06,12.84,0.02,0
RVSDS_INT_PWI_II_MH2A-07,8.57,0.01,0
RVSDS_INT_PWI_III_MH3-0380.38,9.26,0.04,0
RVSDS_INT_PWI_III_MH3-0565.27,4.95,0.31,1
RVSDS_INT_PWI_III_MH3-0858.44,5.45,0.43,1
RVSDS_INT_PWI_III_MH3-1220,4.83,0.39,1
RVSDS_INT_PWI_III_MH3-1293.43,5.21,0.4,1
RVSDS_INT_PWI_III_MH3-1448.07,5.44,0.39,1
RVSDS_INT_PWI_III_MH3-1636.65,6.62,0.4,1
RVSDS_INT_PWI_III_MH3-2029.08,6.46,0.39,1
RVSDS_INT_PWI_III_MH3-2448.16,5.44,0.39,1
RVSDS_INT_PWI_III_MH3-2590,6.0,0.4,1
RVSDS_INT_PWI_III_MH3-3010.5,5.19,0.39,1
RVSDS_INT_PWI_IV_MH4-160,8.58,1.39,1
RVSDS_INT_PWI_IV_MH4-161,7.48,0.31,1
RVSDS_INT_PWI_IV_TP4-161A,7.51,0.31,1
RVSDS_INT_PWI_IV_TP4-161B,7.55,0.28,1
RVSDS_INT_PWI_V_MH5-0361.45,6.81,0.13,1
RVSDS_INT_PWI_V_MH5-0665.62,6.17,0.16,1
RVSDS_INT_PWI_V_MH5-0954.5,6.19,0.15,1
RVSDS_INT_PWI_V_MH5-1395.2,7.0,0.15,1
RVSDS_INT_PWI_V_MH5-1622.22,9.94,0.15,0
RVSDS_INT_PWI_V_MH5-1900,7.48,0.15,1
RVSDS_INT_PWI_V_MH5-2104,6.68,0.12,1
RVSDS_INT_PWI_V_MH5-2527.1,7.66,0.12,1
RVSDS_INT_PWI_V_MH5-2584,7.48,0.13,1
RVSDS_INT_PWI_V_MH5-2837.18,9.61,0.11,0
RVSDS_INT_PWI_V_MH5-3357,8.21,0.11,0
RVSDS_INT_PWI_V_MH5-3848,8.66,0.11,0
RVSDS_INT_PWI_V_MH5-4300,6.98,0.06,1
RVSDS_INT_PWI_V_TP5-1462,6.55,0.14,1
RVSDS_INT_RVI_II_MH2-02,29.05,29.05,1
RVSDS_INT_RVI_II_MH2-03,30.74,30.74,1
RVSDS_INT_RVI_II_MH2-04,31.44,31.44,1
RVSDS_INT_RVI_II_MH2-05,32.14,32.14,1
RVSDS_INT_RVI_II_MH2-06,32.84,32.84,1
RVSDS_INT_RVI_II_MH2-07,32.54,32.54,1
RVSDS_INT_RVI_II_MH2-08,32.24,32.24,1
RVSDS_INT_RVI_II_MH2-09,32.94,32.94,1
RVSDS_INT_RVI_II_MH2-10,32.64,32.64,1
RVSDS_INT_RVI_II_MH2-11,33.34,33.34,1
RVSDS_INT_RVI_II_MH2-12,26.03,26.03,1
RVSDS_INT_RVI_II_MH2-13,35.74,35.74,1
RVSDS_INT_RVI_III_MH3-01,35.44,35.44,1
RVSDS_INT_RVI_III_MH3-02,35.14,35.14,1
RVSDS_INT_RVI_III_MH3-03,34.82,34.82,1
RVSDS_INT_RVI_III_MH3-04,34.52,34.52,1
RVSDS_INT_RVI_III_MH3-05,34.23,34.23,1
RVSDS_INT_RVI_III_MH3-06,34.91,34.91,1
RVSDS_INT_RVI_III_MH3-07,36.63,36.63,1
RVSDS_INT_RVI_III_MH3-08,36.3,36.3,1
RVSDS_INT_RVI_III_MH3-09,42.99,42.99,1
RVSDS_INT_RVI_III_MH3-10,42.67,42.67,1
RVSDS_INT_RVI_III_MH3-11,42.38,42.38,1
RVSDS_INT_RVI_III_MH3-12,42.08,42.08,1
RVSDS_INT_RVI_III_MH3-13,42.79,42.79,1
RVSDS_INT_RVI_III_MH3-14,42.42,42.42,1
RVSDS_INT_RVI_III_MH3-15,25.74,20.62,1
RVSDS_INT_RVI_III_MH3-15B,46.88,18.37,0
RVSDS_INT_RVI_III_TP3-15A,46.87,18.38,0
RVSDS_INT_RVI_IV_MH4-01,22.82,11.2,0
RVSDS_INT_RVI_IV_MH4-02,28.47,12.36,0
RVSDS_INT_RVI_IV_MH4-03,33.98,12.43,0
RVSDS_INT_RVI_IV_MH4-06,15.25,8.92,1
RVSDS_INT_RVI_IV_MH4-07,13.32,8.55,1
RVSDS_INT_RVI_IV_MH4-08,13.38,8.25,1
RVSDS_INT_RVI_IV_MH4-09,34.96,7.76,0
RVSDS_INT_RVI_IV_MH4-10,36.67,7.42,0
RVSDS_INT_RVI_IV_MH4-11,35.87,6.94,0
RVSDS_INT_RVI_IV_MH4-12,32.62,6.65,0
RVSDS_INT_RVI_IV_MH4-13,25.01,6.28,0
RVSDS_INT_RVI_IV_MH4-14,25.4,6.02,0
RVSDS_INT_RVI_IV_MH4-15,29.95,5.77,0
RVSDS_INT_RVI_IV_MH4-16,13.64,5.61,0
RVSDS_INT_RVI_IV_MH4-17,14.11,11.8,1
RVSDS_INT_RVI_IV_MH4-18,14.3,13.21,1
RVSDS_INT_RVI_IV_MH4-19,13.89,13.89,1
RVSDS_INT_RVI_IV_MH4-20,15.86,6.7,0
RVSDS_INT_RVI_IV_MH4-21,13.04,6.3,1
RVSDS_INT_RVI_IV_MH4-22,10.95,5.56,1
RVSDS_INT_RVI_IV_MH4-23,12.05,4.92,1
RVSDS_INT_RVI_IV_MH4-23B,22.85,4.93,0
RVSDS_INT_RVI_IV_MH4-24,25.2,4.75,0
RVSDS_INT_RVI_IV_MH4-25,10.75,4.54,1
RVSDS_INT_RVI_IV_MH4-26,11.7,4.44,1
RVSDS_INT_RVI_IV_MH4-28,11.43,3.99,1
RVSDS_INT_RVI_IV_MH4-29,28.02,3.72,0
RVSDS_INT_RVI_IV_MH4-30,14.4,3.5,0
RVSDS_INT_RVI_IV_MH4-VentMH,21.64,5.19,0
RVSDS_INT_RVI_IV_TP4-23,22.77,4.95,0
RVSDS_INT_RVI_IX_IT_9-01,7.12,0.45,1
RVSDS_INT_RVI_IX_IT_9-02,9.35,0.43,0
RVSDS_INT_RVI_IX_IT_9-03,8.5,0.45,0
RVSDS_INT_RVI_IX_IT_9-04,9.37,0.44,0
RVSDS_INT_RVI_IX_IT_9-05,6.92,0.44,1
RVSDS_INT_RVI_IX_IT_9-06,7.4,0.54,1
RVSDS_INT_RVI_IX_IT_9-07,7.02,0.4,1
RVSDS_INT_RVI_IX_MH9-01,11.13,0.65,0
RVSDS_INT_RVI_IX_MH9-02,10.88,0.8,0
RVSDS_INT_RVI_IX_MH9-03,10.54,0.78,0
RVSDS_INT_RVI_IX_MH9-04,18.74,0.77,0
RVSDS_INT_RVI_IX_MH9-05,22.97,0.77,0
RVSDS_INT_RVI_IX_MH9-06,25.89,0.77,0
RVSDS_INT_RVI_IX_MH9-07,8.33,0.77,1
RVSDS_INT_RVI_IX_MH9-08,12.44,0.89,0
RVSDS_INT_RVI_IX_MH9-09,10.65,0.91,0
RVSDS_INT_RVI_IX_MH9-10,10.23,0.92,0
RVSDS_INT_RVI_IX_MH9-10A,11.32,0.9,0
RVSDS_INT_RVI_IX_MH9-11,12.48,0.9,0
RVSDS_INT_RVI_IX_MH9-12,20.45,0.92,0
RVSDS_INT_RVI_IX_MH9-13,9.85,0.96,0
RVSDS_INT_RVI_IX_MH9-14,10.11,0.54,0
RVSDS_INT_RVI_IX_MH9-15,8.94,0.85,0
RVSDS_INT_RVI_IX_MH9-16,14.75,0.77,0
RVSDS_INT_RVI_IX_MH9-17,10.34,0.77,0
RVSDS_INT_RVI_IX_MH9-18,11.6,0.77,0
RVSDS_INT_RVI_IX_MH9-19,15.91,0.49,0
RVSDS_INT_RVI_IX_MH9-20,23.6,0.44,0
RVSDS_INT_RVI_IX_MH9-21,24.13,0.43,0
RVSDS_INT_RVI_IX_TP9-11,11.31,0.89,0
RVSDS_INT_RVI_IX_TPDS9-13,9.7,0.93,0
RVSDS_INT_RVI_IX_TPUS9-13,6.93,0.96,1
RVSDS_INT_RVI_LivoniaDrainCrossing,13.48,1.64,0
RVSDS_INT_RVI_V_MH5-01,9.28,3.35,1
RVSDS_INT_RVI_V_MH5-02,14.52,3.2,0
RVSDS_INT_RVI_V_MH5-03,11.17,3.12,0
RVSDS_INT_RVI_V_MH5-04,10.74,3.09,1
RVSDS_INT_RVI_V_MH5-05,20.46,3.09,0
RVSDS_INT_RVI_V_MH5-06,11.43,3.08,0
RVSDS_INT_RVI_V_MH5-07,12.85,3.09,0
RVSDS_INT_RVI_V_MH5-08,11.72,3.08,0
RVSDS_INT_RVI_V_MH5-09,10.69,2.77,1
RVSDS_INT_RVI_V_MH5-10,10.52,2.69,1
RVSDS_INT_RVI_V_MH5-11,11.13,2.72,0
RVSDS_INT_RVI_V_MH5-12,10.6,2.74,1
RVSDS_INT_RVI_V_MH5-13,9.97,2.85,1
RVSDS_INT_RVI_V_MH5-14,9.59,2.89,1
RVSDS_INT_RVI_V_MH5-15,14.46,2.23,0
RVSDS_INT_RVI_V_MH5-16,14.2,1.23,0
RVSDS_INT_RVI_VI_BT6-09,11.82,3.31,0
RVSDS_INT_RVI_VI_JC6-27,10.27,2.26,0
RVSDS_INT_RVI_VI_MH6-01,12.79,4.41,0
RVSDS_INT_RVI_VI_MH6-02,13.5,4.24,0
RVSDS_INT_RVI_VI_MH6-03,11.79,3.97,1
RVSDS_INT_RVI_VI_MH6-04,14.51,3.8,0
RVSDS_INT_RVI_VI_MH6-05,16.01,3.77,0
RVSDS_INT_RVI_VI_MH6-06,12.27,3.8,0
RVSDS_INT_RVI_VI_MH6-07,12.21,3.67,0
RVSDS_INT_RVI_VI_MH6-08,11.72,3.52,0
RVSDS_INT_RVI_VI_MH6-09,11.82,3.34,0
RVSDS_INT_RVI_VI_MH6-10,11.47,3.17,0
RVSDS_INT_RVI_VI_MH6-11,12.72,3.03,0
RVSDS_INT_RVI_VI_MH6-12,14.37,2.97,0
RVSDS_INT_RVI_VI_MH6-13,20.29,2.95,0
RVSDS_INT_RVI_VI_MH6-14,11.06,2.93,0
RVSDS_INT_RVI_VI_MH6-15,18.48,2.9,0
RVSDS_INT_RVI_VI_MH6-16,19.79,2.84,0
RVSDS_INT_RVI_VI_MH6-17,17.0,2.82,0
RVSDS_INT_RVI_VI_MH6-18,11.18,2.83,0
RVSDS_INT_RVI_VI_MH6-19,14.1,2.86,0
RVSDS_INT_RVI_VI_MH6-20,14.98,2.86,0
RVSDS_INT_RVI_VI_MH6-21,14.72,2.88,0
RVSDS_INT_RVI_VI_MH6-22,13.62,2.89,0
RVSDS_INT_RVI_VI_MH6-23,28.51,2.88,0
RVSDS_INT_RVI_VI_MH6-24,26.2,2.89,0
RVSDS_INT_RVI_VI_MH6-25,23.95,3.01,0
RVSDS_INT_RVI_VI_MH6-26,14.9,2.9,0
RVSDS_INT_RVI_VI_MH6-27,12.98,2.83,0
RVSDS_INT_RVI_VI_MH6-28,13.3,2.72,0
RVSDS_INT_RVI_VI_MH6-29,12.27,2.62,0
RVSDS_INT_RVI_VI_MH6-30,11.83,1.35,0
RVSDS_INT_RVI_VI_MH6-31,11.83,1.4,0
RVSDS_INT_RVI_VI_MH6-32,12.37,1.38,0
RVSDS_INT_RVI_VI_MH6-33,11.77,1.4,0
RVSDS_INT_RVI_VI_MH6-34,10.5,1.37,0
RVSDS_INT_RVI_VI_MH6-35,11.92,1.38,0
RVSDS_INT_RVI_VI_MH6-36,11.82,1.39,0
RVSDS_INT_RVI_VI_MH6-37,10.56,1.39,0
RVSDS_INT_RVI_VI_MH6-38,26.2,1.4,0
RVSDS_INT_RVI_VI_MH6-39,25.84,1.36,0
RVSDS_INT_RVI_VI_MH6-40,27.81,1.37,0
RVSDS_INT_RVI_VI_MH6-41,25.59,1.39,0
RVSDS_INT_RVI_VI_MH6-42,13.37,1.57,0
RVSDS_INT_RVI_VI_MH6-43,13.43,1.84,0
RVSDS_INT_RVI_VI_MH6-44,12.17,1.8,0
RVSDS_INT_RVI_VI_MH6-45,15.46,1.97,0
RVSDS_INT_RVI_VI_MH6-46,12.7,2.01,0
RVSDS_INT_RVI_VI_MH6-47,12.22,1.84,0
RVSDS_INT_RVI_VI_MH6-48,10.45,1.82,0
RVSDS_INT_RVI_VI_MH6-49,11.87,1.92,0
RVSDS_INT_RVI_VI_MH6-50,10.93,1.86,0
RVSDS_INT_RVI_VI_MH6-51,12.26,1.82,0
RVSDS_INT_RVI_VI_MH6-52,11.03,1.77,0
RVSDS_INT_RVI_VI_MH6-53,12.37,1.69,0
RVSDS_INT_RVI_VI_MH6-54,11.17,1.8,0
RVSDS_INT_RVI_VI_MH6-55,10.1,1.57,0
RVSDS_INT_RVI_VI_MH6-56,11.17,1.65,0
RVSDS_INT_RVI_VI_MH6-57,12.57,1.71,0
RVSDS_INT_RVI_VI_MH6-58,13.5,1.69,0
RVSDS_INT_RVI_VI_TP_DS6-09,11.42,3.47,1
RVSDS_INT_RVI_VI_TP_US6-09,10.25,3.48,1
RVSDS_INT_RVI_VI_TP6-30,13.58,0.92,0
RVSDS_INT_RVI_VII_MH7-02,24.0,3.1,0
RVSDS_INT_RVI_VII_MH7-03,11.49,2.88,0
RVSDS_INT_RVI_VII_MH7-04,8.4,2.92,1
RVSDS_INT_RVI_VII_MH7-05,4.86,2.88,1
RVSDS_INT_RVI_VII_MH7-06,4.52,3.04,1
RVSDS_INT_RVI_VII_MH7-07,5.25,3.34,1
RVSDS_INT_RVI_VII_MH7-08,4.9,4.62,1
RVSDS_INT_RVI_VII_MH7-09,4.58,4.58,1
RVSDS_INT_RVI_VII_MH7-10,5.15,4.42,1
RVSDS_INT_RVI_VII_MH7-11,4.96,4.48,1
RVSDS_INT_RVI_VII_MH7-12,4.75,4.63,1
RVSDS_INT_RVI_VII_MH7-13,4.5,4.5,1
RVSDS_INT_RVI_VII_MH7-15,5.1,5.1,1
RVSDS_INT_RVI_VII_MH7-16,8.89,8.89,1
RVSDS_INT_RVI_VII_MH7-17,8.8,8.8,1
RVSDS_INT_RVI_VII_MH7-17A,12.77,11.05,1
RVSDS_INT_RVI_VII_MH7-17B,12.73,9.79,1
RVSDS_INT_RVI_VII_MH7-17C,8.69,7.48,1
RVSDS_INT_RVI_VII_MH7-17D,7.67,7.67,1
RVSDS_INT_RVI_VII_MH7-19,4.75,4.75,1
RVSDS_INT_RVI_VII_MH7-20,5.51,5.51,1
RVSDS_INT_RVI_VII_MH7-21,5.34,5.34,1
RVSDS_INT_RVI_VII_MH7-Graham-NorthChamber,23.08,13.85,0
RVSDS_INT_RVI_VII_MH7-Graham-SouthChamber,18.08,13.15,1
RVSDS_INT_RVI_VIII_MH8-01,13.28,1.32,0
RVSDS_INT_RVI_VIII_MH8-02,10.94,1.49,0
RVSDS_INT_RVI_VIII_MH8-03,27.58,1.39,0
RVSDS_INT_RVI_VIII_MH8-04,12.93,1.42,0
RVSDS_INT_RVI_VIII_MH8-05,11.47,1.43,0
RVSDS_INT_RVI_VIII_MH8-06,11.27,1.44,0
RVSDS_INT_RVI_VIII_MH8-07,10.83,1.43,0
RVSDS_INT_RVI_VIII_MH8-08,13.12,1.45,0
RVSDS_INT_RVI_VIII_MH8-09,12.57,1.43,0
RVSDS_INT_RVI_VIII_MH8-10,13.03,1.44,0
RVSDS_INT_RVI_VIII_MH8-11,11.29,1.44,0
RVSDS_INT_RVI_VIII_MH8-12,13.32,1.42,0
RVSDS_INT_RVI_VIII_MH8-13,12.24,1.41,0
RVSDS_INT_RVI_VIII_MH8-14,11.21,1.6,0
RVSDS_INT_RVI_VIII_MH8-15,11.66,1.67,0
RVSDS_INT_RVI_VIII_MH8-16,10.51,1.64,0
RVSDS_INT_RVI_VIII_MH8-17,9.6,1.65,1
RVSDS_INT_RVI_VIII_MH8-19_(R51),12.11,1.54,0
RVSDS_INT_RVI_VIII_MH8-20,9.7,1.65,0
RVSDS_INT_RVI_VIII_MH8-21,12.52,1.69,0
RVSDS_INT_RVI_VIII_MH8-22,11.42,1.75,0
RVSDS_INT_RVI_VIII_MH8-23,12.54,1.7,0
RVSDS_INT_RVI_VIII_MH8-23A,12.51,1.67,0
RVSDS_INT_RVI_VIII_MH8-24,14.22,1.8,0
RVSDS_INT_RVI_VIII_MH8-25,26.22,0.98,0
RVSDS_INT_RVI_VIII_MH8-26,29.34,1.36,0
RVSDS_INT_RVI_VIII_MH8-27,11.12,1.23,0
RVSDS_INT_RVI_VIII_MH8-28,11.38,1.2,0
RVSDS_INT_RVI_VIII_TP8-24,12.9,1.81,0
RVSDS_INT_RVI_X_MH10-01,29.63,0.45,0
RVSDS_INT_RVI_X_MH10-02,35.5,0.44,0
RVSDS_INT_RVI_X_MH10-03,32.99,0.44,0
RVSDS_INT_RVI_X_MH10-04,36.58,0.43,0
RVSDS_INT_RVI_X_MH10-05,33.18,0.43,0
RVSDS_INT_RVI_X_MH10-06,34.18,0.42,0
RVSDS_INT_RVI_X_MH10-07,29.12,0.42,0
RVSDS_INT_RVI_X_MH10-08,36.1,0.41,0
RVSDS_INT_RVI_X_MH10-09,46.69,0.4,0
RVSDS_INT_RVI_X_MH10-10,43.23,0.4,0
RVSDS_INT_RVI_X_MH10-11,39.62,0.39,0
RVSDS_INT_RVI_X_MH10-12,38.34,0.38,0
RVSDS_INT_RVI_X_MH10-13,38.14,0.38,0
RVSDS_INT_RVI_X_MH10-14,43.96,0.37,0
RVSDS_INT_RVI_XII_MH12-01,24.53,1.48,0
RVSDS_INT_RVI_XII_MH12-02,30.08,1.53,0
RVSDS_INT_RVI_XII_MH12-03,34.17,1.57,0
RVSDS_INT_RVI_XII_MH12-04,28.93,1.57,0
RVSDS_INT_RVI_XII_MH12-05,27.21,1.57,0
RVSDS_INT_RVI_XII_MH12-06,30.51,1.57,0
RVSDS_INT_RVI_XII_MH12-07,30.03,1.57,0
RVSDS_INT_RVI_XII_MH12-07A,28.67,1.56,0
RVSDS_INT_RVI_XII_MH12-08,29.78,1.55,0
RVSDS_INT_RVI_XII_MH12-09,28.89,1.54,0
RVSDS_INT_RVI_XII_MH12-10,27.71,1.54,0
RVSDS_INT_RVI_XII_MH12-11,27.4,1.54,0
RVSDS_INT_RVI_XII_MH12-13,25.11,0.99,0
RVSDS_INT_RVI_XII_MH12-14,25.28,0.99,0
RVSDS_INT_RVI_XII_MH12-15,24.65,0.73,0
RVSDS_INT_RVI_XII_MH12-16,22.64,0.75,0
RVSDS_INT_RVI_XII_MH12-17,6.97,0.92,1
RVSDS_INT_RVI_XII_MH12-18,6.38,0.93,1
RVSDS_INT_RVI_XII_MH12-19,21.1,0.44,0
RVSDS_INT_RVI_XII_TP_DS12-17,6.75,0.91,1
RVSDS_INT_RVI_XII_TP_US12-17,6.23,0.92,1
RVSDS_INT_RVI_XIII_MH13-01,9.11,2.79,1
RVSDS_INT_RVI_XIII_MH13-02,8.47,2.78,1
RVSDS_INT_RVI_XIII_MH13-03,9.05,2.79,1
RVSDS_INT_RVI_XIII_MH13-04,9.56,2.77,1
RVSDS_INT_RVI_XIII_MH13-04A,9.89,2.76,1
RVSDS_INT_RVI_XIII_MH13-05,8.02,2.97,1
RVSDS_INT_RVI_XIII_MH13-06,10.34,2.92,1
RVSDS_INT_RVI_XIII_MH13-07,9.05,2.83,1
RVSDS_INT_RVI_XIII_MH13-08,11.05,2.81,0
RVSDS_INT_RVI_XIII_MH13-09,9.44,2.82,1
RVSDS_INT_RVI_XIII_MH13-10,9.46,2.94,1
RVSDS_INT_RVI_XIII_MH13-11,8.89,2.85,1
RVSDS_INT_RVI_XIII_MH13-12,16.89,2.76,0
RVSDS_INT_RVI_XIII_MH13-13,10.55,2.73,1
RVSDS_INT_RVI_XIII_MH13-14,11.16,2.69,0
RVSDS_INT_RVI_XIII_MH13-15,10.73,2.69,0
RVSDS_INT_RVI_XIII_MH13-16,10.73,2.68,0
RVSDS_INT_RVI_XIII_MH13-17,11.0,2.68,0
RVSDS_INT_RVI_XIII_MH13-18,12.24,2.77,0
RVSDS_INT_RVI_XIII_MH13-21,11.51,2.93,0
RVSDS_INT_RVI_XIII_MH13-22,11.07,3.02,0
RVSDS_INT_RVI_XIII_MH13-23,9.38,3.08,1
RVSDS_INT_RVI_XIII_MH13-25,12.84,3.14,0
RVSDS_INT_RVI_XIII_MH13-26,10.87,3.08,1
RVSDS_INT_RVI_XIII_MH13-27,11.74,2.97,0
RVSDS_INT_RVI_XIII_TP13-09A,11.82,2.82,0
RVSDS_INT_RVI_XIII_TP13-09B,11.64,2.8,0
RVSDS_INT_RVI_XIII_TP13-26,10.93,3.11,1
RVSDS_INT_RVI_XIII_TP13-27,11.28,3.01,0
RVSDS_INT_RVI_XIV_MH14-01,10.63,2.89,1
RVSDS_INT_RVI_XIV_MH14-02,12.75,2.77,0
RVSDS_INT_RVI_XIV_MH14-03,15.0,2.68,0
RVSDS_INT_RVI_XIV_MH14-04,11.99,2.68,0
RVSDS_INT_RVI_XIV_MH14-05,12.54,2.65,0
RVSDS_INT_RVI_XIV_MH14-06,12.95,2.63,0
RVSDS_INT_RVI_XIV_MH14-07,20.8,2.63,0
RVSDS_INT_RVI_XIV_MH14-08,14.62,2.62,0
RVSDS_INT_RVI_XIV_MH14-09,13.9,2.64,0
RVSDS_INT_RVI_XIV_MH14-10,14.88,2.61,0
RVSDS_INT_RVI_XIV_MH14-11,13.54,2.42,0
RVSDS_INT_RVI_XIV_MH14-12,12.66,2.42,0
RVSDS_INT_RVI_XIV_MH14-13,12.67,2.35,0
RVSDS_INT_RVI_XIV_MH14-14,11.16,2.32,0
RVSDS_INT_RVI_XIV_MH14-15,12.96,2.33,0
RVSDS_INT_RVI_XIV_MH14-16,9.84,2.31,1
RVSDS_INT_RVI_XIV_MH14-17,10.3,2.31,1
RVSDS_INT_RVI_XIV_MH14-18,11.27,2.32,0
RVSDS_INT_RVI_XIV_MH14-19,16.34,2.27,0
RVSDS_INT_RVI_XIV_MH14-20,11.31,2.22,0
RVSDS_INT_RVI_XIV_MH14-21_(R44),10.09,2.3,1
RVSDS_INT_RVI_XIV_MH14-22,22.35,2.67,0
RVSDS_INT_RVI_XIV_MH14-23,12.58,2.85,0
RVSDS_INT_RVI_XIV_MH14-24,10.91,2.98,1
RVSDS_INT_RVI_XV_MH15-01,16.79,1.74,0
RVSDS_INT_RVI_XV_MH15-02,14.25,2.6,0
RVSDS_INT_RVI_XV_MH15-03,13.54,2.67,0
RVSDS_INT_RVI_XV_MH15-04,9.67,2.74,1
RVSDS_INT_RVI_XV_MH15-05,11.41,2.79,0
RVSDS_INT_RVI_XV_MH15-06,12.03,2.79,0
RVSDS_INT_RVI_XV_MH15-07,9.92,2.8,1
RVSDS_INT_RVI_XV_MH15-08,11.96,2.81,0
RVSDS_INT_RVI_XV_MH15-09,13.41,2.8,0
RVSDS_INT_RVI_XV_MH15-10,12.24,2.94,0
RVSDS_INT_RVI_XV_MH15-11,11.97,3.01,0
RVSDS_INT_RVI_XV_MH15-12,11.64,3.22,0
RVSDS_INT_RVI_XV_MH15-13,10.29,1.64,0
RVSDS_INT_RVI_XV_MH15-14,11.16,2.4,0
RVSDS_INT_RVI_XV_MH15-15,10.07,3.13,1
RVSDS_INT_RVI_XV_MH15-16,9.81,3.27,1
RVSDS_INT_RVI_XV_MH15-17,7.72,3.37,1
RVSDS_INT_RVI_XV_MH15-18,10.42,3.47,1
RVSDS_INT_RVI_XV_MH15-18A,9.67,3.58,1
RVSDS_INT_RVI_XV_MH15-19,11.81,4.22,1
RVSDS_INT_RVI_XV_MH15-20,9.99,4.17,1
RVSDS_INT_RVI_XV_MH15-21,9.28,4.21,1
RVSDS_INT_RVI_XV_MH15-21A,8.53,4.25,1
RVSDS_INT_RVI_XV_MH15-21B,8.53,4.15,1
RVSDS_INT_RVI_XV_MH15-22,16.63,3.07,0
RVSDS_INT_RVI_XV_MH15-23,13.74,3.13,0
RVSDS_INT_RVI_XV_TP15-05A,11.28,2.79,0
RVSDS_INT_RVI_XV_TP15-05B,10.83,2.73,0
RVSDS_INT_RVI_XV_TP15-19,9.65,4.25,1
RVSDS_INT_RVI_XVI_MH16-01,14.5,3.19,0
RVSDS_INT_RVI_XVI_MH16-02,13.74,3.23,0
RVSDS_INT_RVI_XVI_MH16-03,8.16,3.27,1
RVSDS_INT_RVI_XVI_MH16-04,10.86,3.03,1
RVSDS_INT_RVI_XVI_MH16-04A,10.99,2.94,0
RVSDS_INT_RVI_XVI_MH16-05,10.72,2.92,1
RVSDS_INT_RVI_XVI_MH16-06,12.73,2.68,0
RVSDS_INT_RVI_XVI_MH16-07,11.41,2.53,0
RVSDS_INT_RVI_XVI_MH16-08,11.67,2.35,0
RVSDS_INT_RVI_XVI_MH16-09,12.99,2.12,0
RVSDS_INT_RVI_XVI_MH16-10,18.5,1.46,0
RVSDS_INT_RVI_XVI_MH16-10A_(R52),19.99,1.46,0
RVSDS_INT_RVI_XVI_MH16-11,10.88,1.13,0
RVSDS_INT_RVI_XVI_MH16-12,8.26,1.25,1
RVSDS_INT_RVI_XVI_MH16-13,8.72,1.27,1
RVSDS_INT_RVI_XVI_MH16-14,22.0,1.28,0
RVSDS_INT_RVI_XVI_MH16-15,26.22,1.28,0
RVSDS_INT_RVI_XVI_MH16-15A,10.04,1.27,0
RVSDS_INT_RVI_XVI_MH16-16,18.52,1.32,0
RVSDS_INT_RVI_XVI_MH16-17,27.78,0.81,0
RVSDS_INT_RVI_XVI_MH16-18,25.71,1.16,0
RVSDS_INT_RVI_XVI_MH16-19,28.79,1.16,0
RVSDS_INT_RVI_XVI_MH16-20,8.7,1.06,1
RVSDS_INT_RVI_XVI_MH16-21,25.88,1.15,0
RVSDS_INT_RVI_XVI_MH16-22,28.43,1.17,0
RVSDS_INT_RVI_XVI_MH16-23,11.26,1.16,0
RVSDS_INT_RVI_XVI_MH16-24,10.91,1.17,0
RVSDS_INT_RVI_XVI_MH16-24A,24.67,1.18,0
RVSDS_INT_RVI_XVI_MH16-25,25.1,1.18,0
RVSDS_INT_RVI_XVI_MH16-26,24.35,0.88,0
RVSDS_INT_RVI_XVI_MH16-27,10.67,0.61,0
RVSDS_INT_RVI_XVI_MH16-28,12.23,0.35,0
RVSDS_INT_RVI_XVI_MH16-29,25.34,0.09,0
RVSDS_INT_RVI_XVI_TP16-07,12.68,2.65,0
RVSDS_INT_RVI_XVI_TP16-16,9.56,1.29,0
RVSDS_INT_STCAP_JC1,45.44,53.7,1
RVSDS_INT_STCAP_JC2,24.75,41.71,1
RVSDS_INT_STCAP_JC3,17.17,14.58,1
RVSDS_INT_STCAP_JC4,21.63,10.0,0
RVSDS_INT_WC-01,25.72,1.0,0
RVSDS_INT_WC-02,25.55,0.93,0
RVSDS_INT_WC-03,24.4,0.92,0
RVSDS_INT_WC-04,24.97,0.7,0
RVSDS_INT_WC-05,24.5,0.73,0
RVSDS_INT_WC-06,25.67,0.73,0
RVSDS_INT_WC-07,5.52,0.52,1
RVSDS_INT_WC-08,6.26,0.47,1
RVSDS_INT_WC-09,14.49,8.46,1
RVSDS_INT_WC-10,15.4,8.46,1
RVSDS_INT_WC-11,21.11,0.44,0
RVSDS_INT_WI_E_MH01,14.0,1.59,0
RVSDS_INT_WI_E_MH02,21.72,2.85,0
RVSDS_INT_WI_E_MH03,21.47,2.71,0
RVSDS_INT_WI_E_MH04,19.2,2.64,0
RVSDS_INT_WI_E_MH05,18.93,2.63,0
RVSDS_INT_WI_E_MH06,21.16,2.63,0
RVSDS_INT_WI_E_MH07,21.68,2.63,0
RVSDS_INT_WI_E_MH08,23.84,2.65,0
RVSDS_INT_WI_E_MH09,24.19,2.66,0
RVSDS_INT_WI_E_MH10,25.17,2.29,0
RVSDS_INT_WI_E_MH11,25.36,1.89,0
RVSDS_INT_WI_E_MH12,26.05,1.8,0
RVSDS_INT_WI_E_MH13,28.75,1.82,0
RVSDS_INT_WI_E_MH14,26.05,1.82,0
RVSDS_INT_WI_E_MH15,25.08,1.6,0
RVSDS_INT_WI_E_MH16,22.52,1.61,0
RVSDS_INT_WI_E_MH17,20.03,1.41,0
RVSDS_INT_WI_E_MH18,15.43,1.42,0
RVSDS_INT_WI_E_MH19,12.27,1.22,0
RVSDS_INT_WI_E_MH20,16.25,1.23,0
RVSDS_INT_WI_E_MH21,17.87,1.23,0
RVSDS_INT_WI_E_MH22,17.8,1.22,0
RVSDS_INT_WI_E_MH23,16.46,1.23,0
RVSDS_INT_WI_E_MH24,16.71,1.21,0
RVSDS_INT_WI_E_MH25,15.62,1.22,0
RVSDS_INT_WI_E_MH26,13.73,1.21,0
RVSDS_INT_WI_E_MH27,13.76,1.21,0
RVSDS_INT_WI_E_MH28,13.35,1.2,0
RVSDS_INT_WI_E_MH29,13.45,1.2,0
RVSDS_INT_WI_E_MH30,13.84,1.15,0
RVSDS_INT_WI_E_MH31,15.54,1.15,0
RVSDS_INT_WI_E_MH32,15.14,1.15,0
RVSDS_INT_WI_E_MH33,14.71,1.15,0
RVSDS_INT_WI_E_MH34,10.88,1.15,0
RVSDS_INT_WI_E_MH35,7.61,1.34,1
RVSDS_INT_WI_E_MH36,13.0,1.13,0
RVSDS_INT_WI_E_TP17,20.03,1.4,0
RVSDS_INT_WI_W_DC14,22.0,0.96,0
RVSDS_INT_WI_W_MH01,7.05,1.09,1
RVSDS_INT_WI_W_MH01_NOP,7.79,1.08,1
RVSDS_INT_WI_W_MH02,9.45,1.04,0
RVSDS_INT_WI_W_MH03,13.68,1.06,0
RVSDS_INT_WI_W_MH04,16.38,1.05,0
RVSDS_INT_WI_W_MH05,18.08,1.04,0
RVSDS_INT_WI_W_MH05_NOP,17.69,1.05,0
RVSDS_INT_WI_W_MH06,19.78,1.04,0
RVSDS_INT_WI_W_MH06_NOP,18.34,1.04,0
RVSDS_INT_WI_W_MH07,19.48,1.0,0
RVSDS_INT_WI_W_MH08,20.18,0.98,0
RVSDS_INT_WI_W_MH09,20.38,0.98,0
RVSDS_INT_WI_W_MH10,21.08,0.97,0
RVSDS_INT_WI_W_MH11,21.28,0.97,0
RVSDS_INT_WI_W_MH11_NOP,19.79,0.97,0
RVSDS_INT_WI_W_MH12,20.98,0.96,0
RVSDS_INT_WI_W_MH13,22.24,0.96,0
RVSDS_INT_WI_W_MH13_NOP,21.16,0.95,0
RVSDS_INT_WI_W_MH15,22.44,0.82,0
RVSDS_INT_WI_W_MH15_NOP,22.98,0.8,0
RVSDS_INT_WI_W_MH16,22.28,0.79,0
RVSDS_INT_WI_W_MH17,22.96,0.77,0
RVSDS_INT_WI_W_MH18,24.12,0.79,0
RVSDS_INT_WI_W_MH19,19.94,0.79,0
RVSDS_INT_WI_W_MH20,14.67,0.78,0
RVSDS_INT_WI_W_MH22,16.27,0.25,0
RVSDS_INT_WIE_MH0290,8.23,0.53,1
RVSDS_INT_WIE_MH0586,8.05,0.74,1
RVSDS_INT_WIE_MH1078,7.75,0.7,1
RVSDS_INT_WIE_MH1569,12.46,0.71,0
RVSDS_INT_WIE_MH1865,6.28,0.71,1
RVSDS_INT_WIE_MH2212,14.07,0.7,0
RVSDS_INT_WIE_MH2640,11.81,0.69,0
RVSDS_INT_WIE_MH3068.5,8.55,0.68,1
RVSDS_INT_WIE_MH3432,8.33,0.69,1
RVSDS_INT_WIE_MH4160,8.38,0.74,1
RVSDS_INT_WIE_MH4969.6,7.5,0.78,1
RVSDS_INT_WIE_MH5390,13.25,0.71,0
RVSDS_INT_WIE_MH6159,19.19,0.78,0
RVSDS_INT_WIE_MH6309,10.1,0.76,0
RVSDS_INT_WIE_MH7056,22.23,1.29,0
RVSDS_INT_WIE_MH7606,22.8,1.31,0
RVSDS_INT_WIE_MH8000,20.56,1.07,0
RVSDS_INT_WIE_MH8126,19.48,0.99,0
RVSDS_INT_WIE_MH8550,21.23,0.74,0
RVSDS_INT_WIE_MH8903,24.02,0.53,0
RVSDS_INT_WIE_MH9256,23.81,0.34,0
RVSDS_INT_WIE_MH9608,18.6,0.25,0
RVSDS_INT_WRVI_MH1-01,20.57,0.56,0
RVSDS_INT_WRVI_MH1-02,18.87,1.24,0
RVSDS_INT_WRVI_MH1-03,18.61,1.21,0
RVSDS_INT_WRVI_MH1-04,18.84,1.2,0
RVSDS_INT_WRVI_MH1-05,20.58,1.19,0
RVSDS_INT_WRVI_MH1-06,21.35,1.22,0
RVSDS_INT_WRVI_MH1-07,21.14,1.19,0
RVSDS_INT_WRVI_MH1-08,20.08,1.25,0
RVSDS_INT_WRVI_MH1-09,20.01,1.25,0
RVSDS_INT_WRVI_MH1-10,17.75,1.33,0
RVSDS_INT_WRVI_MH1-11,21.5,1.27,0
RVSDS_INT_WRVI_MH1-12,20.29,1.28,0
RVSDS_INT_WRVI_MH1-13,20.08,1.23,0
RVSDS_INT_WRVI_MH1-14,19.82,1.2,0
RVSDS_INT_WRVI_MH1-15,19.6,1.14,0
RVSDS_INT_WRVI_MH1-16,21.38,1.2,0
RVSDS_INT_WRVI_MH1-17,22.16,1.18,0
RVSDS_INT_WRVI_MH1-18,21.95,1.18,0
RVSDS_INT_WRVI_MH1-19,22.73,1.17,0
RVSDS_INT_WRVI_MH1-20,22.51,1.16,0
RVSDS_INT_WRVI_MH1-21,20.29,1.16,0
RVSDS_INT_WRVI_MH1-22,19.84,0.83,0
RVSDS_INT_WRVI_MH1-23,20.58,0.77,0
RVSDS_INT_WRVI_MH1-24,21.32,0.75,0
RVSDS_INT_WRVI_MH1-25,21.04,0.75,0
RVSDS_INT_WRVI_MH1-26,17.8,0.7,0
RVSDS_INT_WRVI_MH1-27,18.55,0.74,0
RVSDS_INT_WRVI_MH1-28,18.31,0.71,0
RVSDS_INT_WRVI_MH1-29,19.06,0.75,0
RVSDS_INT_WRVI_MH1-30,19.8,0.74,0
RVSDS_INT_WRVI_MH1-31,19.55,0.74,0
RVSDS_INT_WRVI_MH1-32,19.3,0.75,0
RVSDS_INT_WRVI_MH1-33,20.26,0.77,0
RVSDS_INT_WRVI_MH1-34,20.77,0.84,0
RVSDS_INT_WRVI_MH1-35,20.46,1.12,0
RVSDS_INT_WRVI_MH1-36,19.16,1.14,0
RVSDS_INT_WRVI_MH1-37,18.85,1.13,0
RVSDS_INT_WRVI_MH1-38,18.55,1.15,0
RVSDS_INT_WRVI_MH1-39,19.25,1.14,0
RVSDS_INT_WRVI_MH1-40,18.94,1.14,0
RVSDS_INT_WRVI_MH1-41,19.14,1.14,0
RVSDS_INT_WRVI_MH1-42,19.34,1.09,0
RVSDS_INT_WRVI_MH1-43,21.04,1.13,0
RVSDS_INT_WRVI_MH1-44,16.74,1.16,0
RVSDS_INT_WRVI_MH1-45,19.44,1.16,0
RVSDS_INT_WRVI_MH1-46,17.15,1.16,0
RVSDS_INT_WRVI_MH1-47,15.85,1.17,0
RVSDS_INT_WRVI_MH1-48,15.57,1.14,0
RVSDS_INT_WRVI_MH1-49,17.29,1.09,0
RVSDS_INT_WRVI_MH1-50,16.01,1.05,0
RVSDS_INT_WRVI_MH1-51,16.73,1.05,0
RVSDS_INT_WRVI_MH1-52,15.45,1.04,0
RVSDS_INT_WRVI_MH1-53,15.17,1.03,0
RVSDS_INT_WRVI_MH1-54,13.89,1.04,0
RVSDS_INT_WRVI_MH1-55,16.62,1.04,0
RVSDS_RTB_DearbornHgts_3_MH1,34.16,2.31,0
RVSDS_RTB_DearbornHgts_3_MH2,26.72,2.22,0
RVSDS_RTB_DearbornHgts_3_MH3,7.75,1.98,1
RVSDS_RTB_DearbornHgts_4_MH1,25.46,1.12,0
RVSDS_RTB_DearbornHgts_4_MH4,10.44,1.99,0
RVSDS_RTB_DearbornHgts_4_MH5,11.08,1.99,0
RVSDS_RTB_DearbornHgts_4_MH7,17.5,2.08,0
RVSDS_RTB_DearbornHgts_4_MH8,29.72,1.79,0
RVSDS_RTB_DearbornHgts_II_MH01,20.22,4.52,0
RVSDS_RTB_DearbornHgts_II_MH02,18.92,3.47,0
RVSDS_RTB_DearbornHgts_II_MH03,19.37,3.06,0
RVSDS_RTB_DearbornHgts_II_MH04,18.12,2.15,0
RVSDS_RTB_DearbornHgts_II_MH05,18.17,2.18,0
RVSDS_RTB_DearbornHgts_II_MH06,18.67,2.22,0
RVSDS_RTB_DearbornHgts_II_MH07,19.94,2.23,0
RVSDS_RTB_DearbornHgts_II_MH08,22.75,1.22,0
RVSDS_RTB_DearbornHgts_II_MH09,27.75,1.37,0
RVSDS_RTB_DearbornHgts_II_MH10,23.55,1.29,0
RVSDS_RTB_DearbornHgts_II_MH10-1,19.08,1.32,0
RVSDS_RTB_DearbornHgts_II_MH10-2,17.03,1.32,0
RVSDS_RTB_DearbornHgts_II_MH10-3,16.7,1.35,0
RVSDS_RTB_DearbornHgts_II_MH10-4,15.44,0.93,0
RVSDS_RTB_DearbornHgts_II_MH11,18.25,0.37,0
RVSDS_RTB_DearbornHgts_II_MH20,23.97,2.36,0
RVSDS_RTB_Inkster_1_MH1,20.35,3.1,0
RVSDS_RTB_Inkster_1_MH3,17.95,2.83,0
RVSDS_RTB_Inkster_1_MH4,25.09,2.73,0
RVSDS_RTB_Inkster_1_MH5,11.48,3.04,0
RVSDS_RTB_Inkster_1_MH6,18.25,18.25,1
RVSDS_RTB_Inkster_1_MH7,29.33,3.37,0
RVSDS_RTB_Inkster_2_MH01,17.83,1.08,0
RVSDS_RTB_Inkster_2_MH02,17.59,1.25,0
RVSDS_RTB_Inkster_2_MH04,24.87,0.96,0
RVSDS_RTB_Inkster_2_MH05,23.6,1.13,0
RVSDS_RTB_Inkster_2_MH05A,26.78,0.62,0
RVSDS_RTB_Inkster_2_MH06,21.35,2.82,0
RVSDS_RTB_Inkster_2_MH07,20.57,2.78,0
RVSDS_RTB_Inkster_2_MH08,20.36,2.86,0
RVSDS_RTB_Inkster_2_MH09,20.46,3.25,0
RVSDS_RTB_Inkster_2_MH10,6.79,3.77,1
RVSDS_RTB_Inkster_2_MH11,24.38,1.52,0
RVSDS_RTB_Inkster_2_MH12,23.68,1.58,0
RVSDS_RTB_Inkster_2_MH13,23.37,1.0,0
RVSDS_RTB_Inkster_2_MH14,20.88,1.23,0
RVSDS_RTB_Inkster_2_MH15,12.42,0.69,0
RVSDS_RTB_Inkster_2_MH15A,19.23,0.54,0
RVSDS_RTB_Inkster_2_MH16,20.76,0.49,0
RVSDS_RTB_Inkster_2_MH17,17.87,0.94,0
RVSDS_RTB_Inkster_2_MH17A,20.07,1.77,0
RVSDS_RTB_Inkster_2_MH18,20.89,0.7,0
RVSDS_RTB_Inkster_2_MH18A,15.07,0.91,0
RVSDS_RTB_Inkster_2_MH19,17.22,0.77,0
RVSDS_RTB_Inkster_2_MH20,17.0,0.72,0
RVSDS_RTB_Inkster_2_MH21,18.45,0.72,0
RVSDS_RTB_Inkster_2_MH22,17.62,1.0,0
RVSDS_RTB_Inkster_2_MH23,17.31,1.06,0
RVSDS_RTB_Inkster_2_MH24,16.95,0.87,0
RVSDS_RTB_Inkster_2_MH25,23.5,1.02,0
RVSDS_RTB_Middlebelt_MH1,6.42,1.1,1
RVSDS_RTB_Middlebelt_MH2,12.69,0.0,0
RVSDS_RTB_Middlebelt_MH3,20.5,0.86,0
RVSDS_RTB_Middlebelt_MH4,22.7,4.06,0
RVSDS_RTB_Middlebelt_RegWeir,21.5,3.94,0
RVSDS_RTB_Redford_1_MH01,20.59,0.0,0
RVSDS_RTB_Redford_1_MH02,27.13,0.03,0
RVSDS_RTB_Redford_1_MH03,6.69,6.69,1
RVSDS_RTB_Redford_1_MH04,7.37,7.37,1
RVSDS_RTB_Redford_2_MH02A,11.3,11.3,1
RVSDS_RTB_Redford_2_MH03,18.62,18.62,1
RVSDS_RTB_Redford_2_MH03A,6.15,6.15,1
RVSDS_RTB_Redford_2_MH04,16.4,16.4,1
RVSDS_RTB_Redford_2_MH04A,6.2,6.2,1
RVSDS_RTB_Redford_2_MH05,14.19,14.19,1
RVSDS_RTB_Redford_2_MH05A,8.26,8.26,1
RVSDS_RTB_Redford_2_MH06,14.22,14.22,1
RVSDS_RTB_Redford_2_MH06A,9.45,9.45,1
RVSDS_RTB_Redford_2_MH07,16.8,16.8,1
RVSDS_RTB_Redford_2_MH07A,16.16,16.16,1
RVSDS_RTB_Redford_2_MH08,15.34,15.34,1
RVSDS_RTB_Redford_2_MH11,7.63,7.63,1
SAX-1,18.4,18.4,1
SAX-2,17.51,17.51,1
SAX-4,16.83,9.68,1
SCH00013,27.48,25.7,1
SCH00026,26.12,26.12,1
SCH00034,35.13,24.85,0
SCH00034a,35.13,20.22,0
SCH00035,20.72,20.73,1
SCH00038,27.7,20.35,1
SCH00040,32.77,32.77,1
SCH00057,29.11,27.47,1
SCH00079,26.85,7.82,0
SCH00080,40.17,40.66,1
SCH01280,26.78,25.21,1
SCH01281,28.9,27.49,1
SCH01683,15.09,10.59,1
SCH01683SG,9.81,9.81,1
SCH02482,16.69,12.88,1
SCH02483,14.47,12.07,1
SCH02882,7.31,5.07,1
SCHR-1,14.58,14.58,1
SCHR-2,14.08,14.08,1
SCHR-4,13.58,9.05,1
SFE,14.8,1.89,0
SFIT0001,25.331,25.41,1
SFIT0002,13.183,5.88,1
SFIT0003,23.926,23.93,1
SFIT0005,21.271,21.27,1
SFIT0006,24.068,19.8,1
SFIT0007,19.379,18.82,1
SFIT0008,26.73,26.73,1
SFIT0009,23.72,21.47,1
SFIT0011,25.44,25.46,1
SFIT0012,17.13,17.13,1
SFIT0013,31.444,25.7,1
SFIT0014,33.46,33.48,1
SFIT0016,28.5,26.07,1
SFIT0018,22.129,23.93,1
SFIT0019,21.85,32.83,1
SFIT0020,22.881,22.94,1
SFIT0021,79.03,72.05,1
SFIT0022,24.281,24.28,1
SFIT0023,37.99,37.99,1
SFIT0024,24.712,24.71,1
SFIT0025,23.368,23.37,1
SFIT0026,25.95,20.9,1
SFIT0027,16.96,22.32,1
SFIT0028,25.68,25.68,1
SFIT0029,24.722,24.73,1
SFIT0030,18.46,18.62,1
SFIT0031,16.406,16.41,1
SFIT0032,25.617,4.21,0
SFIT0033,22.556,3.68,0
SFIT0034,28.047,28.05,1
SFIT0035,10.43,0.85,0
SFIT0036,23.32,28.99,1
SFIT0037,35.77,35.79,1
SFIT0038,32.579,32.63,1
SFIT0039,39.77,39.79,1
SFIT0040,33.19,33.19,1
SFIT0044,27.07,27.07,1
SFIT0045,28.72,27.66,1
SFIT0046,32.3,32.3,1
SFIT0047,29.9,29.9,1
SFIT0049,13.145,12.62,1
SFIT0050,15.77,15.77,1
SFIT0053,18.26,12.54,1
SFIT0055,38.38,30.96,1
SFIT0056,41.32,41.32,1
SFIT0057,40.38,34.11,1
SFIT0061,11.851,9.8,1
SFIT0062,21.489,20.01,1
SFIT0063,20.839,18.52,1
SFIT0064,21.882,17.67,1
SFIT0065,46.24,32.67,0
SFIT0066,22.016,22.02,1
SFIT0068,27.23,27.23,1
SFIT0069,14.202,9.15,1
SFIT0070,25.189,25.21,1
SFIT0071,24.2,24.24,1
SFIT0072,20.682,20.68,1
SFIT0074,41.44,41.44,1
SFIT0075,41.12,41.12,1
SFIT0076,13.94,15.14,1
SFIT0077,15.0,18.05,1
SFIT0078,9.867,11.98,1
SFIT0080,22.38,22.38,1
SFIT0082,19.5,16.86,1
SFIT0083,18.47,7.17,0
SFIT0084,18.83,7.34,0
SFIT0085,17.1,7.43,0
SFIT0086,20.51,10.33,0
SFIT0087,18.904,18.71,1
SFIT0088,22.2,14.98,1
SFIT0090,16.35,8.1,0
SFIT0091,16.989,7.47,0
SFIT0093,34.57,26.26,0
SFIT0096,34.66,25.32,0
SFIT0097,35.61,24.05,0
SFIT0099,24.81,32.19,1
SFIT0100,11.56,11.56,1
SFIT0101,14.771,14.78,1
SFIT0105,34.97,23.41,0
SFIT0106,17.87,7.48,0
SFIT0107,34.97,21.71,0
SFIT0109,11.23,5.06,1
SFIT0114,25.12,25.15,1
SFIT0115,19.41,12.42,1
SFIT0118,20.43,14.59,1
SFIT0121,34.94,34.94,1
SFIT0125,35.13,35.13,1
SFIT0126,19.42,19.52,1
SFIT0127,15.62,0.98,0
SFIT0130,35.79,19.86,0
SFIT0131,35.77,23.97,0
SFIT0134,13.177,4.2,0
SFIT0135,48.84,48.89,1
SFIT0138,23.67,3.07,0
SFIT0139,14.99,3.64,0
SFIT0140,40.55,26.51,0
SFIT0146,38.42,25.2,0
SFIT0148,26.17,26.18,1
SFIT0151,24.04,24.08,1
SFIT0153,38.88,15.64,0
SFIT0158,18.35,1.29,0
SFIT0159,22.84,0.8,0
SFIT0161,32.979,14.28,0
SFIT0163,30.73,30.73,1
SFIT0164,25.69,25.72,1
SFIT0165,36.33,12.89,0
SFIT0166,38.069,14.98,0
SFIT0167,12.702,0.0,0
SFIT0168,37.446,16.3,0
SFIT0169,38.25,16.88,0
SFIT0170,40.916,21.37,0
SFIT0171,39.63,16.4,0
SFIT0172,39.49,16.38,0
SFIT0175,39.24,16.77,0
SFIT0176,28.696,11.61,0
SFIT0177,11.897,1.06,0
SFIT0181,30.57,30.57,1
SFIT0184,37.59,29.87,1
SFIT0187,29.72,11.55,0
SFIT0194,31.57,23.86,1
SFIT0198,31.16,13.2,0
SFIT0199,32.04,32.04,1
SFIT0200,8.644,0.81,1
SFIT0202,26.62,1.93,0
SFIT0203,36.4,13.8,0
SFIT0205,25.226,2.45,0
SFIT0208,10.33,6.6,1
SFIT0217,15.16,15.16,1
SFIT0219,21.77,21.77,1
SFIT0222,21.82,11.72,0
SFIT0226,22.68,17.33,1
SFIT0227,29.245,13.55,0
SFIT0228,45.75,45.75,1
SFIT0230,18.729,27.39,1
SFIT0233,19.44,28.09,1
SFIT0234,17.98,24.1,1
SFIT0236,22.43,29.56,1
SFIT0237,22.27,29.81,1
SFIT0238,17.97,21.98,1
SFIT0239,17.93,22.77,1
SFIT0240,18.1,23.48,1
SFIT0241,18.89,24.83,1
SFIT0243,24.02,30.05,1
SFIT0244,23.278,30.29,1
SFIT0245,24.53,30.56,1
SFIT0246,25.93,31.17,1
SFIT0248,20.36,25.69,1
SFIT0251,22.13,26.41,1
SFIT0257,27.17,35.56,1
SFIT0258,28.205,34.36,1
SFIT0259,25.7,36.42,1
SFIT0262,25.39,37.18,1
SFIT0265,25.546,30.33,1
SFIT0267,25.745,37.72,1
SFIT0270,25.605,38.04,1
SFIT0271,25.44,38.29,1
SFIT0272,26.7,38.77,1
SFIT0273,26.318,39.11,1
SFIT0275,16.52,39.84,1
SFIT0278,29.29,40.98,1
SFIT0279,27.64,38.65,1
SFIT0282,30.18,41.08,1
SFIT0283,24.062,35.75,1
SFIT0287,19.39,34.94,1
SFIT0288,21.94,35.71,1
SFIT0290,31.55,42.75,1
SFIT0291,19.32,29.63,1
SFIT0292,32.68,43.09,1
SFIT0295,19.39,31.87,1
SFIT0296,27.08,37.66,1
SFIT0297,31.02,44.15,1
SFIT0305,30.271,44.19,1
SFIT0306,31.34,44.55,1
SFIT0307,32.062,44.59,1
SFIT0310,34.224,44.82,1
SFIT0311,29.32,39.56,1
SFIT0312,28.23,37.78,1
SFIT0313,24.7,35.99,1
SFIT0314,22.6,34.39,1
SFIT0315,23.46,33.95,1
SFIT0316,21.91,32.83,1
SFIT0317,20.69,31.24,1
SFIT0319,17.91,17.94,1
SFIT0321,22.66,22.67,1
SFIT0322,22.12,22.13,1
SFIT0325,18.19,18.19,1
SFIT0326,20.69,20.69,1
SFIT0327,18.17,18.18,1
SFIT0328,20.25,20.26,1
SFIT0331,25.2,25.2,1
SFIT0332,25.24,25.24,1
SFIT0333,22.48,22.48,1
SFIT0334,22.65,22.65,1
SFIT0335,23.84,23.84,1
SFIT0336,21.99,21.99,1
SFIT0337,28.67,28.67,1
SFIT0342,29.53,29.53,1
SFIT0343,19.051,19.05,1
SFIT0344,25.32,25.32,1
SFIT0345,31.01,31.01,1
SFIT0346,31.59,31.59,1
SFIT0347,31.014,31.01,1
SFIT0348,27.45,27.45,1
SFIT0350,26.28,26.28,1
SFIT0352,26.341,24.47,1
SFIT0353,22.72,23.06,1
SFIT0359,26.3,31.77,1
SFIT0360,28.85,32.84,1
SFIT0361,22.39,22.39,1
SFIT0364,21.1,21.1,1
SFIT0367,23.76,23.76,1
SFIT0368,43.94,43.95,1
SFIT0369,14.68,14.68,1
SFIT0370,13.77,13.77,1
SFIT0375,33.222,1.38,0
SFIT0378,45.19,42.94,1
SFIT0379,48.69,48.69,1
SFIT0381,25.31,23.11,1
SFIT0382,26.38,24.81,1
SFIT0386,50.31,43.83,1
SFIT0387,56.66,56.66,1
SFIT0388,55.05,55.07,1
SFIT0392,17.153,5.27,0
SFIT0394,19.83,4.69,0
SFIT0396,22.25,22.25,1
SFIT0397,18.94,1.38,0
SFIT0399,40.4,40.4,1
SFIT0400,30.54,30.54,1
SFIT0401,20.34,3.15,0
SFIT0402,18.524,2.66,0
SFIT0403,18.913,2.64,0
SFIT0404,22.49,22.49,1
SFIT0405,22.81,22.81,1
SFIT0407,18.54,16.92,1
SFIT0410,16.2,13.98,1
SFIT0412,14.701,15.32,1
SFIT0413,19.872,19.89,1
SFIT0414,23.521,17.27,1
SFIT0415,13.55,13.56,1
SFIT0416,11.81,12.12,1
SFIT0417,23.052,14.11,0
SFIT0423,34.01,33.53,1
SFIT0425,22.59,22.59,1
SFIT0427,23.74,18.69,1
SFIT0428,23.21,18.93,1
SFIT0429,23.36,22.99,1
SFIT0439,19.05,19.05,1
SFIT0440,13.19,8.0,1
SFIT0441,24.44,14.46,0
SFIT0442,24.64,15.4,0
SFIT0446,20.03,20.03,1
SFIT0448,28.226,28.23,1
SFIT0449,29.6,29.6,1
SFIT0450,26.85,26.85,1
SFIT0451,28.54,28.54,1
SFIT0452,17.28,17.29,1
SFIT0453,17.79,17.79,1
SFIT0454,18.57,14.3,1
SFIT0456,15.174,7.71,1
SFIT0457,31.84,11.4,0
SFIT0458,38.421,17.4,0
SFIT0459,31.76,10.74,0
SFIT0460,22.677,7.86,0
SFIT0461,24.228,7.91,0
SFIT0462,11.02,11.02,1
SFIT0463,36.24,19.82,0
SFIT0464,31.65,21.48,0
SFIT0466,39.519,20.64,0
SFIT0468,45.749,45.77,1
SFIT0469,35.94,18.42,0
SFIT0470,35.41,20.94,0
SFIT0471,22.96,12.37,0
SFIT0473,23.73,9.46,0
SFIT0476,15.236,13.03,1
SFIT0481,33.52,33.52,1
SFIT0484,45.49,30.42,0
SFIT0487,28.6,28.61,1
SFIT0489,40.32,33.66,1
SFIT0490,39.25,31.92,1
SFIT0491,42.34,42.34,1
SFIT0492,41.35,33.87,1
SFIT0493,40.64,32.26,0
SFIT0495,43.08,33.52,0
SFIT0505,8.22,8.22,1
SFIT0506,9.07,5.08,1
SFIT0511,19.59,19.6,1
SFIT0512,18.66,16.61,1
SFIT0517,14.07,12.09,1
SFIT0519,5.118,6.45,1
SFIT0520,11.59,11.6,1
SFIT0521,17.549,17.55,1
SFIT0522,23.52,21.8,1
SFIT0529,23.95,8.17,0
SFIT0530,11.155,3.94,1
SFIT0536,34.78,20.16,0
SFIT0539,10.599,7.15,1
SFIT0543,9.731,5.92,1
SFIT0547,26.182,26.18,1
SFIT0548,21.551,4.13,0
SFIT0550,28.61,29.07,1
SFIT0551,28.224,38.55,1
SFIT0558,18.29,6.32,0
SFIT0574,15.423,1.62,0
SFIT0577,17.4,8.1,0
SFIT0579,8.897,0.99,1
SFIT0582,17.959,17.96,1
SFIT0583,40.33,26.26,0
SFIT0585,19.359,6.24,0
SFIT0586,16.78,2.55,0
SFIT0588,12.474,1.21,0
SFIT0589,13.6,1.96,0
SFIT0590,23.688,2.85,0
SFIT0591,12.864,1.91,0
SFIT0592,12.312,3.39,0
SFIT0593,14.818,3.76,0
SFIT0595,25.469,8.42,0
SFIT0596,22.455,7.91,0
SFIT0598,15.682,4.42,0
SFIT0599,13.28,1.68,0
SFIT0606,27.72,15.43,0
SFIT0607,23.06,13.19,0
SFIT0611,20.0,14.41,1
SFIT0613,42.2,25.9,0
SFIT0618,31.85,30.63,1
SFIT0619,27.69,3.35,0
SFIT0620,26.12,4.08,0
SFIT0621,16.759,0.55,0
SFIT0623,31.674,7.17,0
SFIT0626,14.31,14.31,1
SFIT0629,18.653,7.07,0
SFIT0631,22.779,10.4,0
SFIT0632,26.42,26.42,1
SFIT0636,17.763,9.0,0
SFIT0641,8.868,8.03,1
SFIT0646,8.31,9.15,1
SFIT0658,14.45,8.0,1
SFIT0664,21.09,13.97,1
SFIT0669,3.98,5.54,1
SFIT0671,21.9,21.9,1
SFIT0673,10.0,21.78,1
SFIT0674,10.59,10.65,1
SFIT0675,18.07,12.78,1
SFIT0682,30.6,27.57,1
SFIT0687,15.48,8.11,1
SFIT0688,15.663,10.12,1
SFIT0689,25.71,20.63,1
SFIT0690,16.63,32.99,1
SFIT0692,11.356,4.78,1
SFIT0693,12.322,6.46,1
SFIT0694,14.47,6.85,1
SFIT0697,12.16,4.98,1
SFIT0700,29.0,29.0,1
SFIT0705,12.3,5.57,1
SFIT0709,13.4,6.06,1
SFIT0710,26.41,25.73,1
SFIT0711,10.221,4.89,1
SFIT0712,11.65,5.13,1
SFIT0717,24.705,17.6,1
SFIT0721,18.27,18.27,1
SFIT0722,17.33,17.33,1
SFIT0723,19.42,19.42,1
SFIT0726,12.77,12.77,1
SFIT0728,17.96,17.96,1
SFIT0731,13.5,14.1,1
SFIT0733,23.21,17.84,1
SFIT0738,25.71,36.92,1
SFIT0739,23.25,34.03,1
SFIT0740,20.41,31.62,1
SFIT0741,35.67,44.86,1
SFIT0743,37.836,45.0,1
SFIT0746,39.63,44.99,1
SFIT0747,19.631,19.65,1
SFIT0749,19.3,19.32,1
SFIT0752,25.795,25.81,1
SFIT0753,27.174,27.22,1
SFIT0754,27.065,27.07,1
SFIT0755,26.761,26.76,1
SFIT0756,26.91,26.76,1
SFIT0759,26.43,26.44,1
SFIT0760,27.35,27.36,1
SFIT0764,16.651,16.65,1
SFIT0766,16.139,16.14,1
SFIT0769,16.204,16.01,1
SFIT0771,45.98,46.02,1
SFIT0773,16.096,15.77,1
SFIT0776,31.252,31.25,1
SFIT0777,31.273,31.27,1
SFIT0780,15.595,15.59,1
SFIT0781,8.043,8.04,1
SFIT0783,13.766,13.77,1
SFIT0785,12.39,12.39,1
SFIT0786,32.474,32.25,1
SFIT0787,13.52,13.52,1
SFIT0788,22.38,17.94,1
SFIT0800,24.75,10.51,0
SFIT0803,14.74,6.4,0
SFIT0805,16.22,16.22,1
SFIT0807,26.063,25.92,1
SFIT0811,17.84,9.36,0
SFIT0815,11.57,3.2,0
SFIT0816,12.56,3.12,0
SFIT0817,12.56,3.13,0
SFIT0818,12.56,3.13,0
SFIT0821,20.07,1.76,0
SFIT0826,28.31,0.75,0
SFIT0835,30.11,1.58,0
SFIT0837,20.75,5.89,0
SFIT0840,22.71,16.78,1
SFIT0841,32.46,31.52,1
SFIT0844,34.52,30.73,1
SFIT0846,29.95,25.09,1
SFIT0847,32.12,26.05,1
SFIT0849,20.83,20.83,1
SFIT0851,24.5,24.5,1
SFIT0853,31.6,23.31,0
SFIT0854,21.35,13.0,0
SFIT0857,21.387,11.91,0
SFIT0858,33.36,23.55,0
SFIT0860,28.01,28.01,1
SFIT0861,33.55,22.05,0
SFIT0864,31.02,19.45,0
SFIT0867,32.99,29.05,1
SFIT0868,11.72,2.4,0
SFIT0870,31.29,21.02,0
SFIT0871,21.75,18.02,1
SFIT0872,23.83,15.69,0
SFIT0873,32.317,23.28,0
SFIT0874,21.61,21.61,1
SFIT0877,31.99,23.86,0
SFIT0878,24.64,24.64,1
SFIT0880,38.61,38.61,1
SFIT0882,34.99,29.99,1
SFIT0884,26.41,26.41,1
SFIT0885,32.81,27.54,1
SFIT0886,19.94,14.75,1
SFIT0888,29.32,23.08,1
SFIT0889,21.59,18.2,1
SFIT0890,20.88,15.78,1
SFIT0891,21.87,21.87,1
SFIT0892,20.7,20.7,1
SFIT0893,25.69,17.71,1
SFIT0894,25.55,25.55,1
SFIT0895,30.53,23.61,1
SFIT0896,20.88,5.9,0
SFIT0897,25.23,25.23,1
SFIT0898,25.51,15.86,0
SFIT0901,13.155,3.21,0
SFIT0903,40.98,33.75,1
SFIT0905,22.83,22.83,1
SFIT0911,14.41,14.41,1
SFIT0913,26.08,15.65,0
SFIT0914,26.674,2.09,0
SFIT0915,26.55,2.18,0
SFIT0916,16.86,9.79,1
SFIT0917,13.83,1.75,0
SFIT0919,14.053,1.91,0
SFIT0920,28.599,3.74,0
SFIT0921,38.52,37.98,1
SFIT0923,21.246,1.92,0
SFIT0924,40.95,18.44,0
SFIT0925,66.845,48.36,0
SFIT0927,40.14,18.42,0
SFIT0928,66.76,66.76,1
SFIT0932,44.05,43.96,1
SFIT0935,38.7,23.75,0
SFIT0936,32.145,31.55,1
SFIT0938,37.68,31.65,1
SFIT0939,46.89,37.04,0
SFIT0940,38.86,27.98,0
SFIT0941,37.73,26.6,0
SFIT0942,39.816,26.21,0
SFIT0944,27.15,27.3,1
SFIT0945,12.54,7.1,1
SFIT0946,66.42,66.46,1
SFIT0948,18.968,11.85,1
SFIT0949,38.863,38.86,1
SFIT0950,30.76,30.79,1
SFIT0951,35.705,35.71,1
SFIT0956,28.42,26.95,1
SFIT0957,35.558,35.56,1
SFIT0963,35.98,36.01,1
SFIT0964,35.613,35.45,1
SFIT0967,19.72,19.72,1
SFIT0968,23.6,23.6,1
SFIT0969,22.07,18.15,1
SFIT0970,22.87,22.29,1
SFIT0971,20.36,20.36,1
SFIT0973,35.36,29.43,1
SFIT0974,35.082,31.98,1
SFIT0977,20.11,20.11,1
SFIT0979,37.701,37.7,1
SFIT0981,24.84,24.84,1
SFIT0982,24.72,22.45,1
SFIT0983,23.42,23.1,1
SFIT0984,40.63,28.71,0
SFIT0985,25.59,14.52,0
SFIT0986,39.48,27.94,0
SFIT0989,38.54,37.78,1
SFIT0990,39.08,25.52,0
SFIT0991,25.28,19.49,1
SFIT0992,38.69,25.69,0
SFIT0993,39.94,26.44,0
SFIT0994,25.27,25.27,1
SFIT0995,18.4,18.41,1
SFIT0998,21.41,21.41,1
SFIT1001,33.854,27.62,1
SFIT1002,37.88,30.81,1
SFIT1005,32.33,26.96,1
SFIT1007,31.95,25.81,1
SFIT1008,34.73,34.73,1
SFIT1009,34.57,34.57,1
SFIT1012,21.48,21.48,1
SFIT1014,28.59,25.31,1
SFIT1016,26.13,27.83,1
SFIT1018,24.22,28.01,1
SFIT1019,18.72,27.21,1
SFIT1023,28.59,21.28,1
SFIT1024,24.06,18.75,1
SFIT1025,19.236,18.08,1
SFIT1026,18.24,18.24,1
SFIT1028,15.73,13.83,1
SFIT1029,21.2,15.42,1
SFIT1032,25.9,22.16,1
SFIT1033,26.113,22.01,1
SFIT1035,28.844,22.68,1
SFIT1038,30.134,27.01,1
SFIT1039,29.71,26.94,1
SFIT1041,25.66,25.66,1
SFIT1042,24.88,23.6,1
SFIT1043,25.2,21.83,1
SFIT1045,21.03,21.03,1
SFIT1046,23.77,23.78,1
SFIT1048,26.24,25.43,1
SFIT1049,26.59,23.18,1
SFIT1051,23.595,22.34,1
SFIT1053,20.595,18.01,1
SFIT1055,16.249,16.25,1
SFIT1056,19.387,19.39,1
SFIT1057,23.68,23.69,1
SFIT1058,23.309,23.34,1
SFIT1059,18.47,18.47,1
SFIT1062,23.603,24.39,1
SFIT1064,24.465,24.58,1
SFIT1065,27.36,25.36,1
SFIT1067,27.008,25.64,1
SFIT1068,21.45,27.17,1
SFIT1071,13.29,15.26,1
SFIT1072,16.05,16.16,1
SFIT1073,11.68,13.37,1
SFIT1075,12.93,15.1,1
SFIT1076,15.94,16.94,1
SFIT1077,24.0,24.0,1
SFIT1079,22.95,22.95,1
SFIT1080,21.11,21.26,1
SFIT1081,20.09,20.94,1
SFIT1083,18.23,18.23,1
SFIT1085,26.41,27.19,1
SFIT1086,25.702,22.05,1
SFIT1087,27.65,25.46,1
SFIT1088,24.307,21.96,1
SFIT1090,23.56,21.71,1
SFIT1093,29.07,26.44,1
SFIT1094,25.21,21.76,1
SFIT1095,18.98,18.98,1
SFIT1096,20.26,20.26,1
SFIT1097,29.49,26.52,1
SFIT1098,31.36,29.73,1
SFIT1099,36.04,36.04,1
SFIT1101,36.5,36.51,1
SFIT1103,22.52,22.52,1
SFIT1104,33.8,33.8,1
SFIT1105,21.886,21.08,1
SFIT1106,34.51,30.33,1
SFIT1107,35.77,33.9,1
SFIT1110,36.4,32.58,1
SFIT1112,31.93,29.76,1
SFIT1113,37.801,32.84,1
SFIT1114,39.096,31.78,1
SFIT1115,38.82,31.94,1
SFIT1116,39.61,31.21,0
SFIT1119,40.21,34.21,1
SFIT1120,39.1,33.21,1
SFIT1121,27.67,29.5,1
SFIT1122,36.964,30.41,1
SFIT1124,22.42,29.1,1
SFIT1125,39.76,27.53,0
SFIT1126,21.81,10.39,0
SFIT1127,39.757,26.62,0
SFIT1128,26.03,26.03,1
SFIT1129,51.09,40.59,0
SFIT1131,26.47,26.48,1
SFIT1136,26.99,28.75,1
SFIT1143,38.78,38.78,1
SFIT1144,17.14,16.33,1
SFIT1147,40.726,40.3,1
SFIT1148,32.98,31.11,1
SFIT1154,11.88,11.94,1
SFIT1155,12.58,12.58,1
SFIT1157,13.81,12.52,1
SFIT1158,13.52,13.52,1
SFIT1160,38.53,38.53,1
SFIT1161,20.84,19.67,1
SFIT1162,36.08,36.08,1
SFIT1165,11.84,11.84,1
SFIT1166,13.32,14.15,1
SFIT1167,11.64,11.64,1
SFIT1168,38.73,32.66,1
SFIT1169,14.19,14.8,1
SFIT1170,16.74,16.74,1
SFIT1172,35.9,27.42,0
SFIT1173,26.26,24.29,1
SFIT1175,21.01,2.29,0
SFIT1176,27.98,3.6,0
SFIT1177,35.146,26.43,0
SFIT1182,16.313,25.84,1
SFIT1183,29.57,28.31,1
SFIT1186,16.682,12.72,1
SFIT1187,36.841,36.84,1
SFIT1191,29.742,28.04,1
SFIT1193,10.542,8.01,1
SFIT1194,16.256,13.45,1
SFIT1195,10.542,7.68,1
SFIT1196,15.319,12.18,1
SFIT1198,15.7,11.08,1
SFIT1199,13.74,13.74,1
SFIT1201,23.79,22.64,1
SFIT1202,11.56,10.82,1
SFIT1207,22.31,21.91,1
SFIT1208,13.33,13.52,1
SFIT1209,15.2,15.2,1
SFIT1210,11.85,13.44,1
SFIT1211,14.26,14.26,1
SFIT1212,26.77,20.08,1
SFIT1213,46.25,33.8,0
SFIT1215,40.61,27.37,0
SFIT1217,34.16,32.45,1
SFIT1221,36.99,36.42,1
SFIT1225,23.97,23.97,1
SFIT1226,18.022,18.02,1
SFIT1227,15.68,15.68,1
SFIT1230,24.11,27.51,1
SFIT1232,28.625,31.52,1
SFIT1235,29.979,30.44,1
SFIT1236,28.271,30.03,1
SFIT1237,15.62,15.62,1
SFIT1238,14.35,14.35,1
SFIT1239,33.1,31.93,1
SFIT1240,42.07,42.1,1
SFIT1241,34.401,34.04,1
SFIT1243,17.871,10.69,1
SFIT1244,13.832,2.23,0
SFIT1247,32.1,32.1,1
SFIT1250,10.772,9.01,1
SFIT1251,33.695,33.7,1
SFIT1254,35.41,35.41,1
SFIT1255,22.49,22.69,1
SFIT1261,10.953,10.96,1
SFIT1262,43.49,43.5,1
SFIT1264,27.75,28.35,1
SFIT1268,41.72,41.72,1
SFIT1269,42.22,42.22,1
SFIT1270,34.615,34.62,1
SFIT1271,40.591,40.59,1
SFIT1272,38.04,38.04,1
SFIT1273,38.511,38.51,1
SFIT1274,21.28,4.08,0
SFIT1275,17.3,3.68,0
SFIT1280,31.53,31.54,1
SFIT1281,36.06,36.09,1
SFIT1282,36.96,36.96,1
SFIT1286,22.333,22.33,1
SFIT1288,21.28,7.17,0
SFIT1291,24.044,4.05,0
SFIT1292,18.306,4.15,0
SFIT1293,19.37,7.17,0
SFIT1295,24.1,7.59,0
SFIT1296,20.388,2.87,0
SFIT1297,8.803,0.0,0
SFIT1299,26.263,2.15,0
SFIT1301,13.725,2.73,0
SFIT1302,13.865,2.52,0
SFIT1303,16.979,5.52,0
SFIT1304,25.258,5.31,0
SFIT1307,20.555,1.41,0
SFIT1309,17.127,4.34,0
SFIT1311,15.858,3.95,0
SFIT1312,17.503,5.41,0
SFIT1313,17.866,7.64,0
SFIT1320,30.53,30.53,1
SFIT1321,25.34,21.85,1
SFIT1323,25.832,23.95,1
SFIT1327,36.682,36.68,1
SFIT1328,30.755,30.8,1
SFIT1332,16.924,16.92,1
SFIT1338,34.93,33.44,1
SFIT1339,33.81,31.97,1
SFIT1346,24.517,3.1,0
SFIT1347,22.961,2.72,0
SFIT1348,14.69,14.69,1
SFIT1349,28.52,7.46,0
SFIT1350,27.84,7.39,0
SFIT1352,26.17,20.3,1
SFIT1355,27.22,27.22,1
SFIT1361,21.033,22.5,1
SFIT1363,20.51,21.11,1
SFIT1367,16.7,16.92,1
SFIT1368,18.496,18.23,1
SFIT1369,38.61,31.52,1
SFIT1370,28.712,25.17,1
SFIT1373,33.312,30.61,1
SFIT1375,15.471,3.43,0
SFIT1376,24.89,24.89,1
SFIT1377,16.38,13.67,1
SFIT1382,33.94,30.51,1
SFIT1383,33.93,29.3,1
SFIT1385,13.18,13.18,1
SFIT1386,39.764,28.63,0
SFIT1387,27.93,26.9,1
SFIT1388,28.68,27.13,1
SFIT1390,24.541,25.59,1
SFIT1392,13.265,13.27,1
SFIT1393,26.977,26.98,1
SFIT1396,13.604,15.22,1
SFIT1397,10.49,12.1,1
SFIT1398,27.36,27.56,1
SFIT1399,27.738,27.74,1
SFIT1404,16.053,18.05,1
SFIT1405,19.38,21.33,1
SFIT1406,13.05,16.7,1
SFIT1408,17.13,17.13,1
SFIT1410,21.98,22.6,1
SFIT1412,12.9,18.53,1
SFIT1414,29.1,27.23,1
SFIT1416,27.43,23.34,1
SFIT1417,13.135,23.36,1
SFIT1418,10.8,20.16,1
SFIT1419,13.315,15.94,1
SFIT1422,10.0,21.74,1
SFIT1423,40.29,39.79,1
SFIT1425,11.5,11.5,1
SFIT1427,35.302,35.3,1
SFIT1428,8.591,8.59,1
SFIT1432,35.42,35.42,1
SFIT1433,34.715,34.72,1
SFIT1434,14.7,12.8,1
SFIT1436,11.84,8.71,1
SFIT1437,13.476,9.61,1
SFIT1439,21.839,19.23,1
SFIT1440,21.99,20.85,1
SFIT1444,37.042,33.36,1
SFIT1450,18.01,16.7,1
SFIT1451,28.336,26.51,1
SFIT1456,27.351,27.35,1
SFIT1458,27.96,27.96,1
SFIT1463,25.49,25.49,1
SFIT1466,10.441,11.69,1
SFIT1471,13.53,14.32,1
SFIT1472,13.13,14.17,1
SFIT1480,7.665,10.69,1
SFIT1481,9.819,11.73,1
SFIT1482,11.074,11.57,1
SFIT1484,11.406,11.42,1
SFIT1485,17.98,17.98,1
SFIT1486,17.94,18.55,1
SFIT1487,16.969,19.22,1
SFIT1488,17.23,17.23,1
SFIT1492,15.17,15.17,1
SFIT1496,18.9,13.95,1
SFIT1499,10.77,12.51,1
SFIT1500,12.45,13.18,1
SFIT1501,11.273,12.72,1
SFIT1505,17.78,27.75,1
SFIT1508,19.69,19.69,1
SFIT1509,18.63,18.63,1
SFIT1512,14.19,14.23,1
SFIT1513,13.686,13.73,1
SFIT1515,12.824,12.83,1
SFIT1516,12.923,12.96,1
SFIT1519,21.76,21.76,1
SFIT1522,22.41,21.28,1
SFIT1524,19.18,19.61,1
SFIT1525,15.787,18.72,1
SFIT1527,19.77,19.77,1
SFIT1551,30.23,27.69,1
SFIT1557,30.88,30.88,1
SFIT1558,32.03,29.23,1
SFIT1561,23.9,23.9,1
SFIT1564,24.33,23.92,1
SFIT1567,23.94,23.94,1
SFIT1572,33.45,33.45,1
SFIT1576,34.7,34.7,1
SFIT1581,17.49,18.08,1
SFIT1582,17.19,17.73,1
SFIT1584,14.399,20.64,1
SFIT1585,13.88,20.58,1
SFIT1586,16.526,21.35,1
SFIT1587,18.523,20.79,1
SFIT1588,25.87,25.82,1
SFIT1589,15.33,16.96,1
SFIT1590,27.81,32.5,1
SFIT1591,25.23,25.23,1
SFIT1592,23.25,24.71,1
SFIT1593,23.61,24.64,1
SFIT1595,12.15,16.97,1
SFIT1596,22.78,24.77,1
SFIT1598,16.6,16.6,1
SFIT1602,15.09,19.2,1
SFIT1603,17.732,18.24,1
SFIT1604,17.73,18.46,1
SFIT1607,29.21,28.92,1
SFIT1608,14.205,14.21,1
SFIT1610,21.516,22.3,1
SFIT1611,21.79,22.31,1
SFIT1612,12.987,12.76,1
SFIT1613,23.19,23.3,1
SFIT1615,29.18,28.68,1
SFIT1619,21.057,21.06,1
SFIT1620,19.7,19.7,1
SFIT1621,19.109,19.18,1
SFIT1622,11.283,11.28,1
SFIT1624,10.811,10.83,1
SFIT1625,11.065,11.07,1
SFIT1626,11.085,11.09,1
SFIT1627,12.079,12.08,1
SFIT1628,10.588,9.33,1
SFIT1631,27.99,28.26,1
SFIT1633,29.12,29.13,1
SFIT1637,19.219,18.88,1
SFIT1639,9.626,9.35,1
SFIT1640,23.67,22.95,1
SFIT1642,16.02,16.9,1
SFIT1644,8.259,9.3,1
SFIT1645,15.137,17.14,1
SFIT1647,15.8,17.97,1
SFIT1648,7.23,9.15,1
SFIT1651,19.82,19.82,1
SFIT1653,15.0,15.03,1
SFIT1656,12.38,12.38,1
SFIT1658,19.93,17.24,1
SFIT1660,18.74,18.74,1
SFIT1666,25.37,23.59,1
SFIT1667,25.37,23.61,1
SFIT1668,24.87,24.91,1
SFIT1668_2,24.87,24.83,1
SFIT1672,19.51,22.27,1
SFIT1674,23.27,17.21,1
SFIT1675,15.27,9.71,1
SFIT1677,12.268,12.27,1
SFIT1678,20.72,18.86,1
SFIT1688,23.052,23.33,1
SFIT1693,19.55,19.55,1
SFIT1694,19.62,19.65,1
SFIT1695,19.98,19.99,1
SFIT1696,21.35,21.35,1
SFIT1697,21.571,21.57,1
SFIT1699,20.48,15.12,1
SFIT1702,13.778,13.79,1
SFIT1705,18.182,13.38,1
SFIT1706,15.76,15.76,1
SFIT1707,11.995,7.79,1
SFIT1709,20.24,14.91,1
SFIT1710,20.07,20.07,1
SFIT1713,12.679,7.32,1
SFIT1714,13.09,4.71,0
SFIT1716,12.677,6.35,1
SFIT1717,13.649,5.7,1
SFIT1718,22.273,22.28,1
SFIT1719,15.31,15.51,1
SFIT1720,14.89,14.15,1
SFIT1721,14.43,12.92,1
SFIT1723,17.13,19.04,1
SFIT1726,19.46,19.46,1
SFIT1727,18.871,18.89,1
SFIT1728,21.06,21.06,1
SFIT1729,25.613,25.61,1
SFIT1730,26.26,26.22,1
SFIT1731,19.28,19.28,1
SFIT1733,15.82,15.82,1
SFIT1734,12.98,12.98,1
SFIT1736,18.111,14.66,1
SFIT1737,37.72,32.57,1
SFIT1738,18.719,14.55,1
SFIT1741,25.0,23.37,1
SFIT1742,26.39,22.35,1
SFIT1743,17.57,17.57,1
SFIT1745,16.72,9.67,1
SFIT1746,36.67,28.82,1
SFIT1747,19.74,19.75,1
SFIT1748,20.0,20.0,1
SFIT1749,26.48,15.81,0
SFIT1750,29.16,14.81,0
SFIT1752,29.4,14.88,0
SFIT1753,24.97,24.97,1
SFIT1755,25.55,25.55,1
SFIT1756,17.635,3.58,0
SFIT1757,18.474,4.81,0
SFIT1758,22.704,8.42,0
SFIT1760,22.02,21.56,1
SFIT1762,23.78,18.17,1
SFIT1764,26.92,14.78,0
SFIT1765,30.05,11.27,0
SFIT1766,34.807,14.72,0
SFIT1767,36.53,16.31,0
SFIT1770,25.65,1.85,0
SFIT1771,25.826,2.8,0
SFIT1773,30.29,4.34,0
SFIT1774,50.095,23.76,0
SFIT1777,29.102,3.54,0
SFIT1780,49.67,31.88,0
SFIT1781,30.58,20.13,0
SFIT1783,35.2,15.62,0
SFIT1784,50.417,32.83,0
SFIT1788,27.82,4.4,0
SFIT1789,26.63,2.42,0
SFIT1790,29.31,5.42,0
SFIT1793,35.11,8.48,0
SFIT1796,33.92,7.69,0
SFIT1797,51.892,27.66,0
SFIT1798,30.118,3.38,0
SFIT1800,18.41,4.44,0
SFIT1803,23.88,2.11,0
SFIT1805,24.82,2.88,0
SFIT1808,27.22,3.17,0
SFIT1811,31.91,4.24,0
SFIT1813,31.05,4.66,0
SFIT1814,34.536,7.08,0
SFIT1815,33.98,5.19,0
SFIT1817,49.77,12.73,0
SFIT1818,27.118,1.71,0
SFIT1819,28.12,1.81,0
SFIT1820,28.28,1.68,0
SFIT1821,29.91,2.9,0
SFIT1822,33.766,5.06,0
SFIT1828,23.05,2.2,0
SFIT1829,28.6,3.07,0
SFIT1830,30.67,4.01,0
SFIT1831,25.64,4.1,0
SFIT1832,27.81,2.64,0
SFIT1833,51.85,27.82,0
SFIT1834,34.462,6.85,0
SFIT1835,34.824,6.96,0
SFIT1837,26.11,2.36,0
SFIT1838,27.91,2.31,0
SFIT1840,26.25,2.13,0
SFIT1842,32.54,2.21,0
SFIT1843,35.42,4.5,0
SFIT1844,21.48,2.41,0
SFIT1847,23.39,3.2,0
SFIT1848,23.158,3.1,0
SFIT1849,23.82,2.74,0
SFIT1855,25.88,1.92,0
SFIT1857,24.901,2.0,0
SFIT1858,26.45,2.89,0
SFIT1859,27.73,2.01,0
SFIT1864,28.837,3.26,0
SFIT1865,23.93,3.92,0
SFIT1866,24.21,2.59,0
SFIT1867,29.94,3.33,0
SFIT1868,32.096,2.96,0
SFIT1870,29.8,1.84,0
SFIT1871,29.75,1.93,0
SFIT1872,52.08,7.12,0
SFIT1874,31.36,2.15,0
SFIT1876,31.5,3.5,0
SFIT1881,30.57,5.27,0
SFIT1882,24.436,2.55,0
SFIT1883,26.18,26.18,1
SFIT1884,28.74,28.74,1
SFIT1886,20.13,1.49,0
SFIT1891,21.853,10.57,0
SFIT1893,21.997,22.0,1
SFIT1896,21.86,10.33,0
SFIT1897,23.37,13.1,0
SFIT1898,28.133,14.13,0
SFIT1899,28.088,22.31,1
SFIT1900,15.983,15.98,1
SFIT1902,41.912,41.91,1
SFIT1903,19.38,19.38,1
SFIT1904,22.25,18.99,1
SFIT1905,25.68,25.68,1
SFIT1907,29.536,15.76,0
SFIT1910,27.468,14.1,0
SFIT1911,26.48,17.9,0
SFIT1913,30.207,16.7,0
SFIT1914,43.68,43.68,1
SFIT1915,43.178,29.65,0
SFIT1916,30.678,30.68,1
SFIT1918,22.92,22.92,1
SFIT1919,19.66,19.67,1
SFIT1920,29.6,21.05,0
SFIT1922,27.25,27.25,1
SFIT1926,22.36,22.36,1
SFIT1929,28.947,19.9,0
SFIT1931,39.3,39.31,1
SFIT1934,40.674,32.39,0
SFIT1935,29.54,21.51,0
SFIT1936,43.032,43.03,1
SFIT1937,32.089,23.01,0
SFIT1938,33.489,26.08,1
SFIT1940,40.74,40.77,1
SFIT1941,30.174,23.8,1
SFIT1942,39.231,31.99,1
SFIT1943,29.831,23.28,1
SFIT1945,21.36,31.93,1
SFIT1950,41.16,32.59,0
SFIT1952,33.787,25.06,0
SFIT1953,33.51,25.58,1
SFIT1954,33.765,32.14,1
SFIT1957,32.615,26.23,1
SFIT1958,40.15,32.43,1
SFIT1960,34.055,26.44,1
SFIT1961,34.53,27.13,1
SFIT1962,34.66,30.52,1
SFIT1965,35.743,27.17,0
SFIT1966,39.11,27.74,0
SFIT1969,40.96,30.74,0
SFIT1973,25.47,24.93,1
SFIT1975,24.025,24.97,1
SFIT1980,17.295,24.4,1
SFIT1981,33.125,27.45,1
SFIT1982,34.47,29.49,1
SFIT1983,32.66,32.67,1
SFIT1986,33.06,28.21,1
SFIT1988,28.907,28.91,1
SFIT1991,19.334,22.98,1
SFIT1996,24.38,24.38,1
SFIT1997,30.785,30.83,1
SFIT2004,24.6,25.46,1
SFIT2008,25.16,25.41,1
SFIT2013,29.76,29.33,1
SFIT2017,30.51,30.84,1
SFIT2018,26.614,30.04,1
SFIT2022,32.58,32.88,1
SFIT2026,19.115,21.91,1
SFIT2027,20.09,23.09,1
SFIT2028,23.773,26.48,1
SFIT2029,24.114,25.9,1
SFIT2030,26.01,26.33,1
SFIT2032,36.051,36.56,1
SFIT2033,24.63,36.3,1
SFIT2035,31.61,33.81,1
SFIT2040,21.709,24.27,1
SFIT2041,21.13,24.88,1
SFIT2044,17.612,23.73,1
SFIT2045,18.22,19.5,1
SFIT2047,21.56,21.68,1
SFIT2048,17.082,18.24,1
SFIT2054,16.419,17.6,1
SFIT2055,18.71,20.1,1
SFIT2056,22.77,22.79,1
SFIT2061,17.272,27.14,1
SFIT2064,38.103,38.1,1
SFIT2065,28.245,28.25,1
SFIT2067,28.14,28.14,1
SFIT2071,22.33,22.76,1
SFIT2081,18.75,18.75,1
SFIT2085,27.71,27.89,1
SFIT2086,16.71,18.6,1
SFIT2087,17.53,18.28,1
SFIT2088,19.722,19.72,1
SFIT2090,28.046,28.13,1
SFIT2095,13.792,16.54,1
SFIT2100,11.45,13.93,1
SFIT2104,28.919,28.19,1
SFIT2105,19.66,19.05,1
SFIT2106,27.76,27.65,1
SFIT2108,29.36,29.36,1
SFIT2109,30.47,30.47,1
SFIT2110,29.6,29.6,1
SFIT2112,15.27,15.27,1
SFIT2114,27.0,27.39,1
SFIT2115,21.57,21.57,1
SFIT2118,20.36,22.01,1
SFIT2119,21.31,22.13,1
SFIT2121,25.16,25.3,1
SFIT2122,25.354,25.92,1
SFIT2123,13.484,14.97,1
SFIT2125,25.674,26.05,1
SFIT2128,22.51,22.51,1
SFIT2130,17.03,17.22,1
SFIT2131,28.541,22.63,1
SFIT2132,24.01,22.27,1
SFIT2134,20.036,21.94,1
SFIT2136,6.77,11.79,1
SFIT2137,22.93,22.93,1
SFIT2139,24.595,24.37,1
SFIT2149,13.09,13.09,1
SFIT2150,22.46,23.51,1
SFIT2151,13.71,13.86,1
SFIT2157,23.72,23.72,1
SFIT2158,12.91,13.82,1
SFIT2160,24.42,24.43,1
SFIT2161,24.46,24.46,1
SFIT2162,15.54,15.72,1
SFIT2166,16.77,16.77,1
SFIT2171,20.25,20.26,1
SFIT2173,22.73,22.93,1
SFIT2174,26.01,26.01,1
SFIT2175,24.41,25.48,1
SFIT2176,9.62,16.06,1
SFIT2177,6.68,11.87,1
SFIT2178,20.54,18.65,1
SFIT2179,15.705,15.71,1
SFIT2182,18.17,18.17,1
SFIT2184,16.285,10.44,1
SFIT2193,21.0,17.76,1
SFIT2195,15.785,15.79,1
SFIT2196,28.23,28.23,1
SFIT2197,26.579,23.28,1
SFIT2198,25.694,23.76,1
SFIT2199,13.22,11.12,1
SFIT2200,21.47,19.28,1
SFIT2201,23.776,23.78,1
SFIT2202,23.471,23.47,1
SFIT2204,13.78,13.78,1
SFIT2207,14.4,9.46,1
SFIT2211,11.92,10.88,1
SFIT2212,22.63,22.63,1
SFIT2213,11.917,9.86,1
SFIT2214,21.006,19.1,1
SFIT2217,23.57,19.95,1
SFIT2221,13.67,6.01,1
SFIT2225,21.61,24.75,1
SFIT2226,13.879,13.88,1
SFIT2227,18.218,18.23,1
SFIT2229,10.5,10.63,1
SFIT2238,16.799,16.8,1
SFIT2244,21.7,21.7,1
SFIT2245,22.45,21.91,1
SFIT2248,13.009,13.05,1
SFIT2249,19.63,19.63,1
SFIT2250,18.62,18.64,1
SFIT2254,17.84,21.83,1
SFIT2258,21.434,22.36,1
SFIT2261,15.502,15.5,1
SFIT2263,24.08,24.09,1
SFIT2264,26.52,26.52,1
SFIT2265,14.04,15.16,1
SFIT2267,15.659,15.67,1
SFIT2270,20.719,16.5,1
SFIT2271,48.493,38.9,0
SFIT2273,19.54,18.78,1
SFIT2275,13.16,17.12,1
SFIT2276,37.08,37.08,1
SFIT2277,36.255,36.25,1
SFIT2278,34.401,34.4,1
SFIT2280,9.5,9.5,1
SFIT2281,37.885,37.89,1
SFIT2282,52.602,52.6,1
SFIT2283,22.74,22.74,1
SFIT2287,24.34,16.33,0
SFIT2288,66.474,44.83,0
SFIT2289,20.666,22.39,1
SFIT2291,21.771,21.77,1
SFIT2292,31.85,31.85,1
SFIT2293,22.524,22.55,1
SFIT2295,34.09,31.03,1
SFIT2296,22.176,30.97,1
SFIT2297,22.031,30.98,1
SFIT2298,35.506,35.51,1
SFIT2299,30.93,30.93,1
SFIT2300,20.47,21.12,1
SFIT2301,21.56,21.57,1
SFIT2302,21.12,21.12,1
SFIT2303,18.75,21.84,1
SFIT2305,25.96,25.96,1
SFIT2306,30.8,30.82,1
SFIT2307,29.41,29.41,1
SFIT2308,33.58,33.58,1
SFIT2309,23.34,25.6,1
SFIT2310,20.8,23.95,1
SFIT2311,41.955,41.96,1
SFIT2314,41.203,41.21,1
SFIT2316,29.263,29.26,1
SFIT2317,43.861,42.92,1
SFIT2318,32.0,32.02,1
SFIT2319,32.0,31.77,1
SFIT2320,27.13,28.33,1
SFIT2321,27.99,28.42,1
SFIT2322,24.55,26.85,1
SFIT2323,24.98,26.7,1
SFIT2325,24.29,24.59,1
SFIT2328,33.086,33.09,1
SFIT2330,41.82,27.89,0
SFIT2332,34.3,34.3,1
SFIT2333,30.222,31.06,1
SFIT2334,32.82,32.85,1
SFIT2335,32.904,21.17,0
SFIT2336,34.38,22.57,0
SFIT2337,29.93,29.94,1
SFIT2339,35.256,35.26,1
SFIT2340,29.82,29.82,1
SFIT2341,18.14,18.15,1
SFIT2342,27.15,27.15,1
SFIT2344,31.16,31.16,1
SFIT2346,14.87,18.9,1
SFIT2349,23.98,18.71,1
SFIT2351,28.38,21.79,1
SFIT2355,7.47,14.62,1
SFIT2356,26.86,24.99,1
SFIT2358,16.12,17.03,1
SFIT2360,11.87,14.9,1
SFIT2361,17.57,14.25,1
SFIT2363,31.97,29.35,1
SFIT2364,16.136,12.12,1
SFIT2365,39.21,39.21,1
SFIT2366,16.93,16.93,1
SFIT2368,13.76,13.76,1
SFIT2369,16.135,11.78,1
SFIT2371,33.529,33.53,1
SFIT2372,16.503,16.53,1
SFIT2373,55.018,46.65,0
SFIT2374,17.235,12.08,1
SFIT2375,11.06,11.06,1
SFIT2376,15.21,15.21,1
SFIT2378,32.24,32.25,1
SFIT2380,16.95,24.4,1
SFIT2382,19.38,24.36,1
SFIT2383,22.36,22.36,1
SFIT2384,19.967,20.98,1
SFIT2385,15.0,19.51,1
SFIT2389,21.77,21.85,1
SFIT2390,25.1,25.51,1
SFIT2391,19.18,25.15,1
SFIT2392,23.459,27.79,1
SFIT2393,25.34,26.3,1
SFIT2394,23.204,24.67,1
SFIT2395,18.91,26.27,1
SFIT2396,25.0,25.64,1
SFIT2397,21.16,22.6,1
SFIT2399,27.84,28.83,1
SFIT2400,16.441,16.45,1
SFIT2401,20.783,25.46,1
SFIT2403,20.196,20.22,1
SFIT2404,23.33,25.57,1
SFIT2405,29.83,32.14,1
SFIT2406,18.69,32.3,1
SFIT2407,28.51,28.55,1
SFIT2408,28.92,28.98,1
SFIT2409,20.63,22.57,1
SFIT2411,23.77,24.71,1
SFIT2412,19.27,21.68,1
SFIT2413,26.05,26.05,1
SFIT2414,24.97,24.87,1
SFIT2415,27.68,27.68,1
SFIT2416,30.05,26.92,1
SFIT2417,29.58,26.46,1
SFIT2418,27.539,27.09,1
SFIT2419,31.87,26.04,1
SFIT2420,26.09,25.53,1
SFIT2421,26.21,24.85,1
SFIT2422,28.697,23.28,1
SFIT2423,17.12,17.12,1
SFIT2425,24.837,21.94,1
SFIT2426,23.894,23.89,1
SFIT2428,43.25,38.44,1
SFIT2432,43.65,43.65,1
SFIT2433,24.51,23.25,1
SFIT2434,24.01,23.37,1
SFIT2435,23.72,23.09,1
SFIT2436,44.042,43.48,1
SFIT2437,23.77,23.77,1
SFIT2446,50.93,35.28,0
SFIT2448,19.81,3.95,0
SFIT2449,32.96,16.99,0
SFIT2452,47.06,35.48,0
SFIT2453,39.67,27.97,0
SFIT2464,42.66,42.66,1
SFIT2465,24.9,21.96,1
SFIT2473,21.32,25.75,1
SFIT2475,21.32,26.04,1
SFIT2476,21.036,25.42,1
SFIT2478,7.15,25.34,1
SFIT2479,22.41,25.43,1
SFIT2480,23.73,26.18,1
SFIT2481,23.15,26.18,1
SFIT2482,21.52,23.33,1
SFIT2483,21.52,23.39,1
SFIT2484,21.61,23.52,1
SFIT2485,20.88,22.71,1
SFIT2486,20.88,23.01,1
SFIT2488,21.73,23.04,1
SFIT2489,32.75,32.75,1
SFIT2501,27.811,27.89,1
SFIT2502,29.817,29.93,1
SFIT2504,29.85,29.85,1
SFIT2505,28.036,27.28,1
SFIT2515,27.42,27.56,1
SFIT2519,29.78,29.8,1
SFIT2520,30.09,30.1,1
SFIT2521,27.243,27.24,1
SFIT2522,26.023,26.02,1
SFIT2523,18.77,18.77,1
SFIT2525,19.63,19.64,1
SFIT2526,27.65,23.25,1
SFIT2528,26.102,26.1,1
SFIT2529,25.22,24.11,1
SFIT2531,27.06,18.16,0
SFIT2532,26.275,26.27,1
SFIT2533,29.836,23.7,1
SFIT2534,27.735,19.22,0
SFIT2535,54.44,45.5,0
SFIT2536,17.25,11.26,1
SFIT2537,56.74,46.42,0
SFIT2539,25.25,25.25,1
SFIT2541,23.544,23.81,1
SFIT2542,37.55,22.94,0
SFIT2543,19.59,9.85,0
SFIT2551,19.72,9.29,0
SFIT2552,46.332,35.37,0
SFIT2553,14.18,18.11,1
SFIT2554,14.18,18.07,1
SFIT2557,22.75,26.58,1
SFIT2558,18.02,21.59,1
SFIT2559,25.63,25.65,1
SFIT2560,25.54,25.74,1
SFIT2561,27.81,27.81,1
SFIT2562,27.68,28.14,1
SFIT2563,26.44,26.68,1
SFIT2565,26.31,27.05,1
SFIT2566,20.21,22.6,1
SFIT2567,23.31,24.58,1
SFIT2569,33.02,32.26,1
SFIT2576,39.866,47.31,1
SFIT2578,26.157,32.04,1
SFIT2579,34.963,32.53,1
SFIT2582,27.82,27.82,1
SFIT2583,33.72,33.73,1
SFIT2584,21.39,23.63,1
SFIT2586,24.67,24.69,1
SFIT2587,16.741,20.46,1
SFIT2588,20.89,20.9,1
SFIT2589,19.13,19.13,1
SFIT2590,17.48,17.5,1
SFIT2595,16.37,16.67,1
SFIT2599,16.17,1.81,0
SFIT2601,13.85,13.87,1
SFIT2602,28.04,25.33,1
SFIT2607,22.425,22.43,1
SFIT2609,4.59,1.08,1
SFIT2623,31.7,23.46,0
SFIT2625,21.986,21.99,1
SFIT2627,21.62,21.62,1
SFIT2629,18.606,13.05,1
SFIT2639,19.887,19.89,1
SFIT2642,17.93,17.93,1
SFIT2647,13.1,18.11,1
SFIT2649,19.333,14.78,1
SFIT2650,19.409,13.5,1
SFIT2651,9.709,5.13,1
SFIT2653,25.76,17.18,0
SFIT2655,27.22,28.19,1
SFIT2658,34.751,34.78,1
SFIT2659,36.69,36.71,1
SFIT2660,25.233,18.82,1
SFIT2663,24.327,18.58,1
SFIT2666,23.615,18.27,1
SFIT2670,16.759,16.76,1
SFIT2671,15.657,8.81,1
SFIT2672,17.84,12.92,1
SFIT2673,18.808,18.83,1
SFIT2675,24.82,14.33,0
SFIT2677,47.518,47.52,1
SFIT2680,27.722,13.77,0
SFIT2683,24.564,15.22,0
SFIT2684,21.42,18.71,1
SFIT2686,21.273,18.47,1
SFIT2689,23.12,18.26,1
SFIT2691,16.57,18.13,1
SFIT2692,15.969,13.73,1
SFIT2697,20.96,18.01,1
SFIT2698,43.323,43.32,1
SFIT2699,31.13,31.13,1
SFIT2700,43.776,43.78,1
SFIT2704,16.58,16.32,1
SFIT2705,17.9,17.9,1
SFIT2706,26.16,26.16,1
SFIT2707,20.41,20.41,1
SFIT2708,21.455,15.21,1
SFIT2709,22.17,15.68,1
SFIT2710,22.252,15.78,1
SFIT2711,26.446,26.46,1
SFIT2712,26.63,26.63,1
SFIT2713,39.193,33.39,1
SFIT2716,24.647,20.09,1
SFIT2717,26.493,19.55,1
SFIT2718,40.12,33.78,1
SFIT2719,26.868,21.31,1
SFIT2721,25.348,24.87,1
SFIT2723,43.06,35.89,1
SFIT2729,27.01,20.81,1
SFIT2732,18.8,16.82,1
SFIT2735,16.7,16.71,1
SFIT2736,29.255,21.98,1
SFIT2740,36.86,29.33,1
SFIT2743,21.283,21.17,1
SFIT2745,22.232,22.09,1
SFIT2747,25.989,21.36,1
SFIT2748,25.402,21.48,1
SFIT2749,23.759,21.45,1
SFIT2751,26.275,21.15,1
SFIT2752,35.187,30.64,1
SFIT2754,17.941,17.94,1
SFIT2755,19.77,19.77,1
SFIT2756,20.42,20.42,1
SFIT2757,22.43,20.67,1
SFIT2761,25.506,20.86,1
SFIT2764,36.0,30.8,1
SFIT2765,22.62,23.33,1
SFIT2766,21.98,22.61,1
SFIT2767,20.78,20.79,1
SFIT2774,17.46,17.69,1
SFIT2775,18.441,20.09,1
SFIT2776,17.76,15.21,1
SFIT2777,16.884,16.78,1
SFIT2779,19.38,19.38,1
SFIT2780,24.38,24.39,1
SFIT2782,22.92,23.42,1
SFIT2783,23.065,23.1,1
SFIT2786,18.663,19.02,1
SFIT2787,20.051,20.05,1
SFIT2788,17.35,17.35,1
SFIT2790,26.47,26.47,1
SFIT2791,31.85,30.9,1
SFIT2792,31.09,27.76,1
SFIT2802,19.95,21.05,1
SFIT2803,21.08,21.39,1
SFIT2805,20.91,22.02,1
SFIT2807,31.103,31.24,1
SFIT2808,20.56,22.26,1
SFIT2809,32.92,33.02,1
SFIT2810,34.058,34.29,1
SFIT2811,22.534,23.73,1
SFIT2813,22.47,24.21,1
SFIT2814,23.285,24.85,1
SFIT2815,34.445,35.18,1
SFIT2817,34.509,35.51,1
SFIT2818,35.605,35.79,1
SFIT2819,27.219,27.67,1
SFIT2820,36.184,35.93,1
SFIT2821,30.688,30.79,1
SFIT2823,37.016,36.63,1
SFIT2824,28.262,27.86,1
SFIT2826,41.678,39.82,1
SFIT2830,29.41,29.06,1
SFIT2831,30.274,29.75,1
SFIT2832,27.916,30.43,1
SFIT2833,28.94,31.08,1
SFIT2834,27.626,31.45,1
SFIT2835,28.68,30.32,1
SFIT2836,20.33,19.96,1
SFIT2837,19.2,17.58,1
SFIT2842,33.33,25.08,0
SFIT2843,27.813,27.98,1
SFIT2846,18.94,18.94,1
SFIT2847,18.481,18.48,1
SFIT2848,25.97,25.97,1
SFIT2849,18.003,18.02,1
SFIT2850,16.98,16.98,1
SFIT2851,24.94,25.58,1
SFIT2852,14.36,16.38,1
SFIT2853,12.603,16.41,1
SFIT2854,14.04,15.35,1
SFIT2855,18.991,18.99,1
SFIT2856,26.67,26.67,1
SFIT2857,16.649,17.52,1
SFIT2858,19.539,19.54,1
SFIT2859,27.05,27.05,1
SFIT2860,28.63,28.63,1
SFIT2863,18.59,18.6,1
SFIT2864,18.28,25.33,1
SFIT2865,16.68,17.81,1
SFIT2866,17.2,17.21,1
SFIT2868,30.768,10.52,0
SFIT2869,24.376,24.42,1
SFIT2871,11.5,23.61,1
SFIT2874,24.633,25.71,1
SFIT2877,24.58,24.58,1
SFIT2878,27.12,27.12,1
SFIT2879,24.12,24.2,1
SFIT2880,19.082,22.37,1
SFIT2882,19.48,22.05,1
SFIT2883,18.919,22.36,1
SFIT2901,30.326,30.36,1
SFIT2905,16.719,32.29,1
SFIT2906,31.49,32.35,1
SFIT2907,40.957,40.96,1
SFIT2910,30.91,30.92,1
SFIT2912,25.789,25.94,1
SFIT2915,32.1,32.1,1
SFIT2916,34.2,34.2,1
SFIT2918,30.57,30.58,1
SFIT2919,31.02,31.08,1
SFIT2922,30.556,32.47,1
SFIT2923,35.751,33.43,1
SFIT2925,34.54,34.54,1
SFIT2928,36.101,35.01,1
SFIT2929,36.66,35.28,1
SFIT2935,36.28,35.67,1
SFIT2937,38.613,36.98,1
SFIT2943,39.05,36.87,1
SFIT2946,39.68,37.55,1
SFIT2947,42.92,40.22,1
SFIT2951,37.57,37.57,1
SFIT2953,37.44,36.13,1
SFIT2955,36.45,36.45,1
SFIT2956,35.67,35.67,1
SFIT2957,35.12,35.15,1
SFIT2958,36.15,36.15,1
SFIT2960,35.75,35.79,1
SFIT2961,34.4,34.47,1
SFIT2964,35.7,35.72,1
SFIT2969,39.53,36.76,1
SFIT2973,18.645,19.36,1
SFIT2974,19.612,21.11,1
SFIT2978,35.585,33.42,1
SFIT2980,17.443,21.25,1
SFIT2981,20.042,22.61,1
SFIT2984,27.437,28.24,1
SFIT2987,32.695,32.92,1
SFIT2988,15.2,15.35,1
SFIT2990,39.143,39.14,1
SFIT2992,39.316,39.32,1
SFIT2993,39.206,39.21,1
SFIT2995,38.789,38.79,1
SFIT2996,38.73,38.73,1
SFIT3001,25.819,18.68,1
SFIT3005,19.176,19.74,1
SFIT3007,19.75,20.05,1
SFIT3011,14.857,15.52,1
SFIT3012,18.29,18.34,1
SFIT3014,20.016,20.14,1
SFIT3017,17.84,17.94,1
SFIT3025,20.91,20.91,1
SFIT3029,21.22,21.22,1
SFIT3030,22.19,22.19,1
SFIT3031,22.15,22.76,1
SFIT3032,21.93,21.98,1
SFIT3036,21.13,21.16,1
SFIT3038,22.377,22.42,1
SFIT3040,21.58,21.81,1
SFIT3042,24.895,24.9,1
SFIT3045,23.06,23.11,1
SFIT3048,16.69,17.29,1
SFIT3050,17.45,17.48,1
SFIT3052,22.662,22.81,1
SFIT3055,24.88,24.9,1
SFIT3056,21.55,21.58,1
SFIT3057,26.513,26.51,1
SFIT3058,27.546,26.97,1
SFIT3062,26.215,20.62,1
SFIT3063,25.84,22.02,1
SFIT3065,26.85,25.35,1
SFIT3066,38.244,36.13,1
SFIT3067,38.99,38.99,1
SFIT3068,42.639,42.65,1
SFIT3073,35.47,35.47,1
SFIT3074,12.13,7.85,1
SFIT3075,35.66,35.66,1
SFIT3077,12.5,19.44,1
SFIT3079,13.33,20.93,1
SFIT3080,12.3,19.58,1
SFIT3081,10.74,19.23,1
SFIT3082,10.64,19.0,1
SFIT3083,16.037,13.58,1
SFIT3084,15.145,12.86,1
SFIT3085,30.06,30.06,1
SFIT3086,14.643,14.36,1
SFIT3089,11.222,7.42,1
SFIT3090,15.154,12.82,1
SFIT3091,29.53,29.53,1
SFIT3100,14.31,5.25,0
SFIT3105,15.51,2.78,0
SFIT3107,45.56,34.79,0
SFIT3110,29.746,29.75,1
SFIT3111,24.424,24.43,1
SFIT3113,24.902,22.8,1
SFIT3114,25.74,25.36,1
SFIT3115,27.27,26.68,1
SFIT3116,26.55,26.55,1
SFIT3117,26.7,26.12,1
SFIT3123,23.47,15.97,1
SFIT3125,21.69,21.69,1
SFIT3126,22.92,22.92,1
SFIT3127,23.07,23.07,1
SFIT3128,18.61,18.61,1
SFIT3130,20.17,20.19,1
SFIT3132,19.09,18.3,1
SFIT3133,30.93,30.93,1
SFIT3134,31.39,29.88,1
SFIT3137,19.62,18.87,1
SFIT3138,18.59,18.62,1
SFIT3140,18.297,18.3,1
SFIT3142,16.84,16.84,1
SFIT3143,32.41,32.41,1
SFIT3144,16.33,16.33,1
SFIT3145,17.1,17.11,1
SFIT3146,14.16,14.25,1
SFIT3147,14.9,14.96,1
SFIT3148,14.48,14.62,1
SFIT3150,38.98,39.6,1
SFIT3151,18.7,18.7,1
SFIT3154,17.16,17.22,1
SFIT3155,21.545,21.55,1
SFIT3156,16.194,9.55,1
SFIT3158,14.88,14.88,1
SFIT3161,29.6,27.36,1
SFIT3165,31.115,31.12,1
SFIT3167,15.95,15.96,1
SFIT3168,32.57,32.39,1
SFIT3170,18.17,18.17,1
SFIT3171,39.615,31.92,1
SFIT3172,25.414,25.42,1
SFIT3173,24.433,24.5,1
SFIT3175,23.72,23.81,1
SFIT3176,23.794,23.87,1
SFIT3179,21.99,33.99,1
SFIT3182,17.79,17.79,1
SFIT3183,17.36,17.36,1
SFIT3184,18.53,18.53,1
SFIT3185,18.07,13.45,1
SFIT3186,16.96,15.79,1
SFIT3188,15.4,15.4,1
SFIT3189,21.64,21.64,1
SFIT3190,23.11,10.5,0
SFIT3191,27.64,27.65,1
SFIT3194,25.93,25.94,1
SFIT3195,25.075,25.08,1
SFIT3197,25.49,39.7,1
SFIT3198,32.65,32.7,1
SFIT3199,41.59,31.0,0
SFIT3201,40.405,30.54,0
SFIT3202,15.06,15.06,1
SFIT3203,18.04,18.04,1
SFIT3204,36.93,36.93,1
SFIT3205,19.12,19.12,1
SFIT3206,19.35,11.29,0
SFIT3209,19.33,19.36,1
SFIT3210,16.42,16.42,1
SFIT3211,17.08,17.08,1
SFIT3213,44.77,44.78,1
SFIT3215,41.85,41.93,1
SFIT3216,24.62,24.62,1
SFIT3217,27.04,11.86,0
SFIT3218,25.646,10.01,0
SFIT3219,24.285,24.28,1
SFIT3220,23.82,9.25,0
SFIT3221,24.23,8.95,0
SFIT3222,18.23,5.8,0
SFIT3224,19.92,19.93,1
SFIT3225,22.9,8.72,0
SFIT3226,27.41,27.41,1
SFIT3228,27.369,27.37,1
SFIT3230,25.55,16.96,0
SFIT3231,39.883,31.5,0
SFIT3232,23.04,23.05,1
SFIT3234,16.01,16.01,1
SFIT3238,38.546,38.55,1
SFIT3240,32.36,32.6,1
SFIT3244,15.46,15.47,1
SFIT3245,15.53,8.22,1
SFIT3246,22.84,13.88,0
SFIT3247,16.627,7.6,0
SFIT3248,24.43,13.96,0
SFIT3249,17.354,7.73,0
SFIT3250,25.53,14.98,0
SFIT3251,25.1,15.73,0
SFIT3253,25.46,22.55,1
SFIT3254,19.334,17.41,1
SFIT3255,19.79,19.8,1
SFIT3256,29.75,29.75,1
SFIT3260,32.76,32.78,1
SFIT3261,20.42,20.42,1
SFIT3265,40.41,40.41,1
SFIT3275,20.86,7.27,0
SFIT3276,38.921,38.93,1
SFIT3279,39.83,39.83,1
SFIT3284,25.084,25.08,1
SFIT3287,14.567,14.62,1
SFIT3288,8.612,4.9,1
SFIT3292,26.6,23.14,1
SFIT3294,14.61,14.61,1
SFIT3295,30.805,30.81,1
SFIT3297,25.673,27.63,1
SFIT3301,33.26,29.26,1
SFIT3302,22.42,25.49,1
SFIT3303,32.4,32.59,1
SFIT3304,37.21,27.34,0
SFIT3306,33.98,36.53,1
SFIT3308,35.99,36.03,1
SFIT3309,21.554,21.55,1
SFIT3312,19.0,25.2,1
SFIT3314,9.1,22.47,1
SFIT3315,9.91,22.09,1
SFIT3316,15.22,17.33,1
SFIT3318,27.805,10.21,0
SFIT3319,24.839,9.65,0
SFIT3324,17.08,17.08,1
SFIT3329,22.529,22.53,1
SFIT3331,34.65,31.58,1
SFIT3332,26.77,26.77,1
SFIT3334,34.36,33.45,1
SFIT3335,21.155,21.16,1
SFIT3336,34.6,34.6,1
SFIT3338,25.842,29.93,1
SFIT3340,20.831,20.83,1
SFIT3351,29.82,29.89,1
SFIT3356,17.62,17.62,1
SFIT3357,8.55,12.12,1
SFIT3358,17.64,17.64,1
SFIT3359,31.57,27.71,1
SFIT3360,27.13,27.13,1
SFIT3362,15.76,17.96,1
SFIT3364,17.72,25.22,1
SFIT3365,19.15,21.29,1
SFIT3366,36.36,36.36,1
SFIT3367,36.38,36.38,1
SFIT3368,23.64,25.82,1
SFIT3369,30.306,31.89,1
SFIT3370,30.68,31.77,1
SFIT3371,25.91,25.99,1
SFIT3372,28.01,28.02,1
SFIT3377,16.62,16.62,1
SFIT3378,16.66,32.42,1
SFIT3380,28.26,28.28,1
SFIT3389,28.33,26.8,1
SFIT3391,20.56,20.85,1
SFIT3400,16.28,15.2,1
SFIT3401,26.66,26.66,1
SFIT3402,17.72,17.73,1
SFIT34028,20.26,13.56,1
SFIT3403,9.736,16.54,1
SFIT3404,10.074,16.68,1
SFIT3408,18.58,17.48,1
SFIT3415,27.547,27.55,1
SFIT34226,9.7,1.53,0
SFIT3423,16.75,16.48,1
SFIT3427,17.84,18.55,1
SFIT3428,16.59,17.32,1
SFIT3430,27.18,27.38,1
SFIT3431,14.696,15.19,1
SFIT3432,21.587,21.59,1
SFIT3434,15.05,22.16,1
SFIT3435,29.4,29.44,1
SFIT3437,16.4,16.48,1
SFIT3448,16.814,17.88,1
SFIT3449,21.97,22.32,1
SFIT3450,16.755,17.58,1
SFIT3451,23.07,23.17,1
SFIT3452,27.98,28.3,1
SFIT3454,17.5,20.69,1
SFIT34540,32.323,23.06,0
SFIT3455,27.04,27.04,1
SFIT3456,22.33,1.87,0
SFIT3457,20.71,1.37,0
SFIT3458,23.35,2.25,0
SFIT3462,25.346,4.01,0
SFIT3464,22.88,8.78,0
SFIT3465,37.91,37.91,1
SFIT3466,22.284,8.17,0
SFIT3467,36.834,36.83,1
SFIT3468,20.16,20.16,1
SFIT3469,12.63,20.93,1
SFIT3471,16.63,22.11,1
SFIT3472,24.14,23.62,1
SFIT3473,19.42,4.77,0
SFIT3474,22.32,16.73,1
SFIT3475,19.61,5.05,0
SFIT3476,16.93,5.12,0
SFIT3478,13.48,3.86,0
SFIT3479,15.381,10.59,1
SFIT3480,13.43,6.46,1
SFIT3481,9.95,6.38,1
SFIT3484,9.58,4.79,1
SFIT3485,16.36,4.67,0
SFIT3486,23.75,23.75,1
SFIT3488,25.262,2.1,0
SFIT3489,26.3,2.03,0
SFIT3491,26.517,1.93,0
SFIT3492,26.48,2.16,0
SFIT3494,28.866,1.8,0
SFIT3496,28.4,1.83,0
SFIT3497,33.088,2.25,0
SFIT3500,28.21,1.8,0
SFIT3505,40.807,12.71,0
SFIT3507,25.84,3.21,0
SFIT3508,39.87,28.89,0
SFIT3509,39.432,18.22,0
SFIT3513,44.24,21.01,0
SFIT3515,38.131,19.28,0
SFIT3517,44.548,18.61,0
SFIT35175,32.69,17.04,0
SFIT3518,14.286,0.89,0
SFIT3520,43.372,17.53,0
SFIT3521,29.43,2.97,0
SFIT3523,29.22,1.53,0
SFIT3524,30.15,2.03,0
SFIT3527,29.67,1.68,0
SFIT3528,24.46,2.38,0
SFIT3530,32.052,1.52,0
SFIT35316,45.072,36.31,0
SFIT3533,34.121,1.77,0
SFIT3534,33.77,2.25,0
SFIT3536,33.1,2.61,0
SFIT3539,33.43,2.46,0
SFIT3541,32.32,2.49,0
SFIT3546,31.83,1.66,0
SFIT3553,26.53,2.84,0
SFIT3555,22.84,3.78,0
SFIT3557,23.79,4.5,0
SFIT3561,17.45,2.58,0
SFIT3562,25.89,6.57,0
SFIT3564,12.41,1.73,0
SFIT3565,20.23,1.62,0
SFIT3566,22.16,2.28,0
SFIT3568,26.06,6.3,0
SFIT35681,44.97,28.67,0
SFIT3569,16.81,2.35,0
SFIT3570,27.77,5.85,0
SFIT3574,44.03,38.37,1
SFIT3576,42.054,35.08,1
SFIT3577,19.38,0.91,0
SFIT3578,27.799,5.07,0
SFIT3580,20.32,1.27,0
SFIT3582,19.58,1.41,0
SFIT3583,28.17,3.62,0
SFIT3585,42.344,19.29,0
SFIT3586,19.21,0.84,0
SFIT35868,34.315,29.63,1
SFIT3587,41.744,32.03,0
SFIT3589,19.46,0.78,0
SFIT3590,41.63,28.13,0
SFIT3591,27.345,4.07,0
SFIT3592,40.6,25.99,0
SFIT3594,25.07,7.05,0
SFIT3595,17.69,1.99,0
SFIT3597,40.16,3.23,0
SFIT3598,38.82,2.17,0
SFIT3599,26.01,1.17,0
SFIT3600,25.448,1.39,0
SFIT3602,21.45,1.24,0
SFIT3603,34.97,4.21,0
SFIT3604,40.48,5.46,0
SFIT36042,36.68,36.68,1
SFIT3605,41.747,5.74,0
SFIT3606,41.4,5.79,0
SFIT3607,21.19,1.5,0
SFIT3608,21.42,1.5,0
SFIT3610,21.76,0.0,0
SFIT3612,34.02,4.38,0
SFIT3613,21.694,0.0,0
SFIT3614,35.55,5.08,0
SFIT3617,37.82,7.04,0
SFIT3618,25.63,1.88,0
SFIT3619,26.84,2.13,0
SFIT3621,39.23,7.69,0
SFIT3622,30.4,1.9,0
SFIT3623,33.72,2.11,0
SFIT3624,32.67,2.11,0
SFIT3625,44.264,10.59,0
SFIT3626,44.05,13.56,0
SFIT3629,43.48,34.03,0
SFIT3630,33.648,1.67,0
SFIT3632,33.717,2.45,0
SFIT3633,43.62,30.42,0
SFIT3635,30.811,3.37,0
SFIT3636,29.7,4.02,0
SFIT3637,40.23,36.45,1
SFIT3638,26.922,4.24,0
SFIT3639,38.259,30.6,1
SFIT3640,26.42,4.98,0
SFIT3645,25.11,3.9,0
SFIT3652,27.15,5.61,0
SFIT3654,40.4,27.15,0
SFIT3655,39.307,27.54,0
SFIT3656,25.714,6.01,0
SFIT3657,25.99,6.4,0
SFIT3659,39.23,20.14,0
SFIT3662,24.446,6.98,0
SFIT3663,38.293,20.78,0
SFIT3664,33.767,33.77,1
SFIT3665,36.7,36.7,1
SFIT3666,37.516,37.52,1
SFIT3667,12.1,12.1,1
SFIT3669,12.83,12.83,1
SFIT3670,11.89,10.53,1
SFIT3671,17.5,29.13,1
SFIT3673,14.819,12.77,1
SFIT3674,19.584,19.58,1
SFIT3675,14.76,13.26,1
SFIT3676,14.99,14.71,1
SFIT3679,14.41,14.41,1
SFIT3680,16.295,15.68,1
SFIT3681,14.81,14.81,1
SFIT3682,20.074,20.07,1
SFIT3683,20.251,19.22,1
SFIT3684,14.429,14.02,1
SFIT3685,15.023,15.03,1
SFIT3687,20.988,20.99,1
SFIT3688,15.043,15.04,1
SFIT3689,16.35,15.89,1
SFIT3690,36.3,36.3,1
SFIT3692,34.77,33.84,1
SFIT3693,31.219,29.58,1
SFIT36936,31.526,16.29,0
SFIT3695,11.28,17.41,1
SFIT3697,11.26,11.67,1
SFIT3700,11.5,11.5,1
SFIT3701,13.874,13.87,1
SFIT3703,18.15,28.27,1
SFIT3704,13.39,13.39,1
SFIT3705,17.07,29.68,1
SFIT3706,29.686,29.69,1
SFIT37067,17.11,17.11,1
SFIT3707,36.384,32.83,1
SFIT3708,20.6,30.79,1
SFIT3709,18.24,28.34,1
SFIT3711,22.64,33.01,1
SFIT3712,22.627,33.46,1
SFIT3713,26.14,36.26,1
SFIT3714,26.11,36.53,1
SFIT3715,26.036,36.99,1
SFIT3717,15.78,15.79,1
SFIT3719,15.2,15.2,1
SFIT3720,11.98,11.98,1
SFIT3721,11.385,11.39,1
SFIT3722,11.67,9.54,1
SFIT3723,10.96,10.72,1
SFIT3724,12.36,14.69,1
SFIT3726,15.46,15.96,1
SFIT3727,39.116,34.61,1
SFIT37271,12.908,0.59,0
SFIT3728,38.22,34.85,1
SFIT3729,16.43,16.91,1
SFIT3734,15.2,12.0,1
SFIT3735,38.249,34.2,1
SFIT3736,12.79,17.27,1
SFIT3739,14.25,14.25,1
SFIT3740,13.79,14.08,1
SFIT3741,12.17,13.74,1
SFIT3742,11.5,12.26,1
SFIT3744,16.89,18.27,1
SFIT3746,14.3,23.11,1
SFIT3747,15.13,15.64,1
SFIT3748,17.189,17.94,1
SFIT3749,14.34,14.31,1
SFIT3751,36.969,32.8,1
SFIT3752,9.63,13.51,1
SFIT3753,36.14,36.14,1
SFIT3755,25.36,35.52,1
SFIT3756,34.169,34.17,1
SFIT3757,33.81,33.82,1
SFIT3759,32.411,32.42,1
SFIT3761,33.52,33.52,1
SFIT3762,33.13,33.13,1
SFIT3763,34.209,33.8,1
SFIT3764,34.77,33.45,1
SFIT3765,33.34,33.34,1
SFIT3766,34.879,34.88,1
SFIT3773,22.323,25.79,1
SFIT3774,20.968,26.01,1
SFIT3775,22.413,25.69,1
SFIT3776,20.934,26.05,1
SFIT3777,21.304,26.08,1
SFIT3781,31.3,31.3,1
SFIT3783,29.362,29.36,1
SFIT3784,29.239,29.24,1
SFIT3786,22.36,21.78,1
SFIT3788,18.19,19.37,1
SFIT3789,19.0,19.01,1
SFIT3791,34.354,31.47,1
SFIT3795,29.473,5.38,0
SFIT3796,36.86,31.32,1
SFIT3799,44.55,30.07,0
SFIT3801,35.36,31.42,1
SFIT3805,35.41,30.75,1
SFIT3808,18.84,20.91,1
SFIT3810,26.21,21.24,1
SFIT3812,39.1,29.56,0
SFIT3813,36.64,29.71,1
SFIT38156,47.226,46.75,1
SFIT3819,10.0,13.96,1
SFIT3820,29.34,21.81,1
SFIT3824,14.901,23.7,1
SFIT3825,16.56,24.53,1
SFIT38259,20.57,7.95,0
SFIT3826,15.636,24.71,1
SFIT3828,14.824,24.64,1
SFIT3830,27.974,27.97,1
SFIT3831,27.99,27.99,1
SFIT3834,22.08,22.08,1
SFIT3835,22.58,22.58,1
SFIT3837,17.4,17.4,1
SFIT3838,14.77,23.71,1
SFIT3840,22.52,22.52,1
SFIT3842,22.91,22.91,1
SFIT3849,26.734,26.73,1
SFIT3850,27.918,27.92,1
SFIT3852,28.12,28.12,1
SFIT3853,16.94,16.94,1
SFIT3855,27.28,20.52,1
SFIT3857,25.88,22.26,1
SFIT38578,25.773,25.77,1
SFIT3859,21.02,9.11,0
SFIT3860,21.92,13.54,0
SFIT3862,26.59,26.59,1
SFIT3864,17.821,17.82,1
SFIT3865,19.366,14.96,1
SFIT3866,19.212,12.61,1
SFIT3867,19.66,13.07,1
SFIT3868,18.35,12.93,1
SFIT3874,18.13,18.13,1
SFIT3876,14.32,23.37,1
SFIT3880,19.44,19.44,1
SFIT3881,19.344,19.34,1
SFIT3883,17.08,17.08,1
SFIT3885,15.09,15.09,1
SFIT3886,14.49,14.51,1
SFIT3889,17.585,15.21,1
SFIT3890,17.99,15.06,1
SFIT3892,37.24,28.51,0
SFIT3895,31.26,27.18,1
SFIT3899,24.49,13.95,0
SFIT3901,21.89,15.0,1
SFIT3902,18.14,18.14,1
SFIT3904,20.169,12.05,0
SFIT3905,14.88,10.53,1
SFIT3906,19.36,12.12,1
SFIT3909,14.28,23.66,1
SFIT3911,15.573,22.16,1
SFIT3912,15.84,22.31,1
SFIT3913,19.93,20.0,1
SFIT3918,17.26,13.13,1
SFIT3919,18.78,18.78,1
SFIT3920,17.95,17.95,1
SFIT3921,15.98,11.11,1
SFIT3923,14.49,11.51,1
SFIT3924,15.14,11.27,1
SFIT3925,15.63,10.86,1
SFIT3926,15.38,10.88,1
SFIT39273,18.089,18.11,1
SFIT39275,29.44,33.56,1
SFIT3928,17.73,19.87,1
SFIT3931,24.07,24.07,1
SFIT3933,23.19,23.19,1
SFIT3934,28.07,23.45,1
SFIT3935,26.49,22.75,1
SFIT3937,28.16,23.33,1
SFIT3938,33.16,33.18,1
SFIT3939,32.15,32.17,1
SFIT3940,33.6,33.6,1
SFIT3941,17.56,19.99,1
SFIT3943,15.784,9.07,1
SFIT3944,27.72,19.73,1
SFIT3945,30.12,20.07,0
SFIT3949,34.13,34.15,1
SFIT3953,37.219,28.28,0
SFIT39538,21.25,21.25,1
SFIT3955,32.78,32.91,1
SFIT3962,24.71,24.71,1
SFIT3963,23.25,23.49,1
SFIT3964,21.69,21.76,1
SFIT39652,31.291,31.34,1
SFIT3966,45.161,45.19,1
SFIT3967,37.79,37.79,1
SFIT39677,28.43,33.07,1
SFIT3969,36.689,36.7,1
SFIT3973,46.61,40.36,1
SFIT3974,29.758,23.57,1
SFIT39742,13.262,4.21,0
SFIT3982,17.876,19.4,1
SFIT3983,17.15,18.94,1
SFIT3985,21.54,21.54,1
SFIT3986,24.18,25.24,1
SFIT3991,25.49,25.56,1
SFIT3992,41.66,41.67,1
SFIT3993,21.53,21.58,1
SFIT3994,27.47,27.37,1
SFIT3997,26.46,27.03,1
SFIT4000,27.227,27.23,1
SFIT4002,13.55,18.92,1
SFIT4005,32.085,32.09,1
SFIT4007,28.809,23.97,1
SFIT4008,28.23,26.33,1
SFIT4009,27.31,23.63,1
SFIT4013,36.6,29.03,1
SFIT4015,21.58,15.47,1
SFIT4017,25.097,23.66,1
SFIT4021,33.06,33.91,1
SFIT4024,41.834,41.83,1
SFIT4025,42.228,42.23,1
SFIT4026,21.92,21.92,1
SFIT4030,22.63,22.69,1
SFIT4033,42.019,42.02,1
SFIT4035,26.17,26.25,1
SFIT40387,25.66,25.67,1
SFIT4039,33.95,33.95,1
SFIT4040,25.335,25.34,1
SFIT4041,25.634,25.63,1
SFIT4043,22.907,16.92,1
SFIT4046,20.6,15.3,1
SFIT4050,27.77,27.77,1
SFIT4053,20.83,20.83,1
SFIT4056,18.9,17.64,1
SFIT4058,20.22,18.64,1
SFIT4059,25.748,25.76,1
SFIT4066,23.32,23.42,1
SFIT4070,18.26,20.86,1
SFIT4073,19.86,22.72,1
SFIT4076,21.45,21.9,1
SFIT4077,22.56,22.56,1
SFIT4080,21.33,22.29,1
SFIT4082,21.75,22.19,1
SFIT4085,21.82,21.82,1
SFIT4087,23.9,25.2,1
SFIT4088,26.07,25.7,1
SFIT4089,25.141,25.14,1
SFIT4090,26.242,25.63,1
SFIT40903,13.561,15.95,1
SFIT4092,24.397,26.14,1
SFIT4093,20.47,24.13,1
SFIT4094,21.141,24.78,1
SFIT4096,21.289,24.78,1
SFIT4097,22.7,24.36,1
SFIT4101,19.994,18.77,1
SFIT4102,21.206,19.06,1
SFIT4104,22.88,22.88,1
SFIT4105,23.3,20.69,1
SFIT4108,22.81,22.81,1
SFIT4110,18.032,18.04,1
SFIT4111,17.31,17.74,1
SFIT4112,16.687,17.96,1
SFIT4113,16.934,18.06,1
SFIT4114,17.095,18.24,1
SFIT4116,17.928,18.48,1
SFIT4117,28.566,22.75,1
SFIT4118,28.28,20.14,0
SFIT4121,37.361,28.85,0
SFIT41213,34.604,23.89,0
SFIT4126,20.64,14.67,1
SFIT4128,21.43,14.95,1
SFIT41288,34.245,24.77,0
SFIT4130,22.84,17.37,1
SFIT4132,23.67,16.26,1
SFIT4134,20.76,18.84,1
SFIT4136,23.85,23.86,1
SFIT4137,44.96,42.34,1
SFIT4138,23.696,20.5,1
SFIT41421,29.39,29.47,1
SFIT4143,23.51,22.31,1
SFIT4144,23.522,21.92,1
SFIT4145,46.94,43.68,1
SFIT4151,19.94,19.94,1
SFIT4153,19.56,19.56,1
SFIT4154,21.679,21.69,1
SFIT4162,22.88,22.92,1
SFIT4165,21.45,21.59,1
SFIT4166,22.74,22.74,1
SFIT4170,22.59,22.6,1
SFIT4171,22.256,22.26,1
SFIT4172,23.39,23.39,1
SFIT4173,22.809,22.35,1
SFIT4176,44.5,44.5,1
SFIT4179,28.69,28.69,1
SFIT4180,27.474,27.47,1
SFIT4181,28.499,28.5,1
SFIT4183,29.03,29.03,1
SFIT4184,31.947,31.95,1
SFIT4187,30.408,30.41,1
SFIT4189,27.41,27.41,1
SFIT41895,26.634,18.85,1
SFIT4190,24.01,24.6,1
SFIT4191,40.36,40.51,1
SFIT4195,23.427,24.3,1
SFIT4199,18.5,21.05,1
SFIT4200,18.26,19.7,1
SFIT4201,17.06,18.63,1
SFIT4202,38.9,40.26,1
SFIT4203,25.581,22.47,1
SFIT4204,26.09,22.31,1
SFIT4206,26.887,23.08,1
SFIT4207,44.45,39.52,1
SFIT4208,27.12,22.3,1
SFIT4213,27.84,23.19,1
SFIT4215,27.44,27.44,1
SFIT4216,29.04,29.04,1
SFIT4219,28.664,28.67,1
SFIT4220,29.18,29.19,1
SFIT4221,29.088,29.09,1
SFIT4222,22.052,22.05,1
SFIT4223,19.18,19.2,1
SFIT4224,16.9,20.7,1
SFIT4225,46.71,44.62,1
SFIT4227,48.57,44.52,1
SFIT4228,21.145,20.95,1
SFIT42282,21.22,21.23,1
SFIT4236,20.85,20.85,1
SFIT4239,29.62,29.62,1
SFIT4243,28.8,28.8,1
SFIT4245,28.788,28.79,1
SFIT4249,23.615,23.62,1
SFIT4250,22.5,22.5,1
SFIT4254,20.313,20.5,1
SFIT4255,19.42,20.43,1
SFIT4258,21.72,20.03,1
SFIT4260,20.72,20.72,1
SFIT42616,21.149,22.37,1
SFIT4262,20.05,16.19,1
SFIT4264,20.35,19.81,1
SFIT4267,19.375,18.66,1
SFIT4268,20.872,18.75,1
SFIT4270,19.78,19.82,1
SFIT4272,19.15,19.15,1
SFIT4273,40.804,28.62,0
SFIT4275,39.443,28.96,0
SFIT4279,28.94,28.94,1
SFIT4280,14.01,14.01,1
SFIT4281,14.96,14.96,1
SFIT4282,16.0,16.0,1
SFIT4283,18.02,13.86,1
SFIT4286,19.46,14.6,1
SFIT4287,19.3,19.3,1
SFIT4288,21.66,19.22,1
SFIT4290,16.43,16.43,1
SFIT4291,23.269,22.8,1
SFIT4292,17.19,17.19,1
SFIT4294,15.21,15.21,1
SFIT4296,19.81,19.81,1
SFIT4299,19.73,19.75,1
SFIT4300,18.31,18.31,1
SFIT4303,20.34,20.34,1
SFIT4304,18.67,17.92,1
SFIT4309,18.38,18.38,1
SFIT4311,25.713,22.32,1
SFIT4312,16.12,16.12,1
SFIT4315,12.251,12.25,1
SFIT4324,11.801,11.8,1
SFIT4329,31.591,31.59,1
SFIT4331,34.538,31.54,1
SFIT4334,17.154,17.77,1
SFIT4338,40.66,30.14,0
SFIT4339,25.766,3.5,0
SFIT4341,34.03,8.87,0
SFIT4346,27.62,0.59,0
SFIT43477,19.22,15.87,1
SFIT4353,19.82,1.59,0
SFIT4354,19.18,0.0,0
SFIT4359,25.72,26.02,1
SFIT4361,20.88,21.71,1
SFIT43658,29.01,1.85,0
SFIT43675,26.657,26.66,1
SFIT4368,21.43,21.43,1
SFIT4371,16.4,15.73,1
SFIT4373,20.99,28.48,1
SFIT4374,22.71,8.18,0
SFIT4375,28.83,2.88,0
SFIT4376,25.755,25.76,1
SFIT4377,21.75,18.24,1
SFIT4379,24.557,24.56,1
SFIT4380,14.524,21.89,1
SFIT4381,26.921,26.93,1
SFIT4386,18.94,18.39,1
SFIT4391,9.686,6.03,1
SFIT4397,16.067,12.07,1
SFIT4400,41.86,36.79,1
SFIT4401,61.39,50.68,0
SFIT4404,32.15,32.16,1
SFIT4405,33.83,32.46,1
SFIT4408,20.114,20.17,1
SFIT4409,22.368,22.39,1
SFIT4411,34.548,27.65,1
SFIT4413,34.16,25.98,0
SFIT4415,35.742,32.2,1
SFIT4416,51.7,51.7,1
SFIT44221,31.54,1.21,0
SFIT4424,12.832,22.05,1
SFIT4430,33.073,33.07,1
SFIT4432,16.2,16.5,1
SFIT4433,13.5,42.64,1
SFIT4434,10.24,110.24,1
SFIT44524,30.97,0.79,0
SFIT45778,15.93,1.19,0
SFIT46661,22.33,1.24,0
SFIT47085,19.66,1.22,0
SFIT47820,10.0,10.84,1
SFIT48112,17.41,16.58,1
SFIT48159,33.57,4.64,0
SFIT48268,20.07,0.01,0
SFIT48284,27.39,2.83,0
SFIT48504,13.591,2.91,0
SFIT49003,14.39,14.48,1
SFIT49345,34.127,34.13,1
SFIT49470,11.984,15.13,1
SFIT49877,10.0,0.0,0
SFIT50078,39.09,39.09,1
SFIT50301,15.28,15.29,1
SFIT50311,9.23,11.97,1
SFIT51941,10.95,14.03,1
SFIT53389,28.68,11.67,0
SFIT54019,35.345,20.43,0
SFIT54408,17.15,3.95,0
SFIT55641,44.1,43.86,1
SFIT55897,13.896,0.92,0
SFIT56573,15.018,24.26,1
SFIT57534,29.35,29.35,1
SFIT57870,29.411,29.41,1
SFIT58569,15.83,15.83,1
SFIT59067,27.335,27.17,1
SFIT61343,11.87,6.35,1
SFIT64799,27.0,21.25,1
SFIT65255,21.222,16.5,1
SFIT65339,11.65,14.01,1
SFIT65618,37.112,34.7,1
SFIT65875,26.101,26.1,1
SFIT66943,37.58,36.77,1
SFIT66944,38.17,37.65,1
SFIT67424,20.737,4.56,0
SFIT68298,55.613,55.63,1
SFIT72212,36.99,32.17,1
SFIT73485,15.26,15.27,1
SFIT74097,15.492,15.49,1
SG15A,34.5,28.49,1
SG16A,34.5,28.5,1
SG17A,24.0,18.48,1
SG18A,24.0,18.48,1
SG19A,46.49,40.85,1
SHAK-1,16.51,16.51,1
SHAK-3,15.72,7.89,1
SIT0017,29.967,30.04,1
SMH00020,18.09,18.11,1
SMH00023,25.49,25.49,1
SMH00030,16.63,19.67,1
SMH00037,10.9,12.46,1
SMH00046,13.85,13.86,1
SMH00059,13.09,14.46,1
SMH00060,13.94,18.52,1
SMH00061,16.1,19.22,1
SMH00106,20.45,28.38,1
SMH00108,22.88,16.39,1
SMH00122,18.03,18.03,1
SMH00134,18.76,1.75,0
SMH00135,53.56,53.56,1
SMH00136,40.17,40.17,1
SMH00139,14.59,0.0,0
SMH00149,12.47,14.6,1
SMH00160,14.0,14.1,1
SMH00161,20.94,20.94,1
SMH00169,17.95,24.18,1
SMH00174,45.21,45.21,1
SMH00183,11.47,16.89,1
SMH00185,15.48,15.95,1
SMH00189,28.91,28.97,1
SMH00217,13.1,18.29,1
SMH00218,16.54,20.59,1
SMH00264,12.49,21.44,1
SMH00281,19.86,19.86,1
SMH00282,21.87,21.87,1
SMH00289,15.4,18.78,1
SMH00302,22.39,11.58,0
SMH00303,14.26,14.26,1
SMH00304,21.9,19.93,1
SMH00311,17.63,20.1,1
SMH00315,22.09,22.09,1
SMH00328,19.538,14.33,1
SMH00329,22.925,20.77,1
SMH00342,12.72,14.07,1
SMH00346,19.74,12.93,1
SMH00387,26.73,26.73,1
SMH00422,14.49,19.9,1
SMH00425,25.93,25.93,1
SMH00437,12.47,15.24,1
SMH00448,27.6,27.6,1
SMH00469,15.54,19.46,1
SMH00481,11.08,8.99,1
SMH00486,13.9,14.51,1
SMH00548,11.66,19.77,1
SMH00590,32.9,33.13,1
SMH00592,30.4,32.32,1
SMH00683,41.6,41.6,1
SMH00707,22.75,34.67,1
SMH00714,26.07,37.0,1
SMH00800,36.836,36.16,1
SMH00812,14.75,16.27,1
SMH00833,12.58,21.1,1
SMH00872,32.84,32.07,1
SMH00873,14.1,14.11,1
SMH00881,16.99,21.31,1
SMH00886,14.968,2.93,0
SMH00891,26.58,26.72,1
SMH00899,24.83,18.71,1
SMH00911,33.73,33.73,1
SMH00912,14.8,14.82,1
SMH00919,23.56,23.58,1
SMH00941,23.83,25.61,1
SMH00949,23.18,37.07,1
SMH00950,12.83,27.64,1
SMH00993,25.87,39.64,1
SMH01032,41.97,35.32,1
SMH01036,38.91,27.81,0
SMH01059,17.39,0.62,0
SMH01065,13.59,15.56,1
SMH01068,19.5,19.5,1
SMH01083,18.5,18.5,1
SMH01089,27.0,24.34,1
SMH01090,12.53,13.54,1
SMH01131,14.72,6.52,0
SMH01133,12.87,12.87,1
SMH01135,13.88,13.88,1
SMH01158,18.98,20.04,1
SMH01163,12.7,6.22,1
SMH01164,10.5,0.65,0
SMH01165,12.4,2.65,0
SMH01167,25.13,9.54,0
SMH01168,43.63,29.96,0
SMH01170,16.5,0.33,0
SMH01173,14.79,14.9,1
SMH01199,18.76,18.77,1
SMH01200,9.27,9.27,1
SMH01203,17.84,16.26,1
SMH01204,15.13,13.42,1
SMH01205,17.16,14.58,1
SMH01211,14.32,19.67,1
SMH01213,13.36,12.83,1
SMH01222,17.42,18.01,1
SMH01227,23.77,7.9,0
SMH01229,13.21,13.24,1
SMH01242,13.76,13.76,1
SMH01245,16.25,16.28,1
SMH01246,26.9,26.91,1
SMH01252,16.3,16.3,1
SMH01255,14.79,14.79,1
SMH01261,19.43,9.6,0
SMH01265,16.3,16.31,1
SMH01266,16.1,16.1,1
SMH01269,27.27,27.27,1
SMH01287,14.14,14.14,1
SMH01291,20.67,15.71,1
SMH01292,19.57,17.33,1
SMH01294,17.13,17.13,1
SMH01302,13.93,13.93,1
SMH01303,22.05,18.35,1
SMH01313,15.35,10.22,1
SMH01340,14.41,14.42,1
SMH01341,15.7,15.71,1
SMH01342,23.06,23.06,1
SMH01344,16.13,12.15,1
SMH01346,15.96,15.96,1
SMH01349,10.86,10.86,1
SMH01358,18.76,11.55,1
SMH01364,15.488,29.86,1
SMH01365,8.6,12.05,1
SMH01371,15.33,19.1,1
SMH01380,23.98,24.04,1
SMH01395,46.56,46.61,1
SMH01403,10.2,10.2,1
SMH01407,8.0,8.0,1
SMH01408,18.9,19.37,1
SMH01430,14.42,16.49,1
SMH01434,12.94,12.94,1
SMH01454,23.01,28.51,1
SMH01456,26.386,26.39,1
SMH01465,16.23,18.58,1
SMH01474,20.5,22.37,1
SMH01477,20.67,25.27,1
SMH01484,23.39,25.5,1
SMH01497,36.54,34.12,1
SMH01505,17.46,18.77,1
SMH01512,21.5,25.78,1
SMH01521,67.47,67.47,1
SMH01526,34.968,33.99,1
SMH01527,25.65,27.43,1
SMH01539,7.47,7.47,1
SMH01540,24.77,24.88,1
SMH01544,15.92,15.92,1
SMH01548,15.38,16.33,1
SMH01561,13.41,13.45,1
SMH01570,57.33,57.33,1
SMH01576,35.82,33.9,1
SMH01580,46.59,37.47,0
SMH01584,23.49,23.49,1
SMH01588,26.9,26.9,1
SMH01591,28.93,24.84,1
SMH01592,18.08,14.26,1
SMH01598,19.09,19.22,1
SMH01612/14770,25.2,25.21,1
SMH01613,29.8,29.8,1
SMH01622,16.35,16.35,1
SMH01624,22.39,22.39,1
SMH01629,11.46,9.31,1
SMH01643,24.53,1.47,0
SMH01649,19.01,19.01,1
SMH01652,28.69,26.9,1
SMH01654,28.06,27.75,1
SMH01655,45.72,36.92,0
SMH01658,23.41,22.94,1
SMH01660,22.27,24.51,1
SMH01666,17.93,25.3,1
SMH01676,22.31,22.31,1
SMH01678,34.04,32.96,1
SMH01679,30.93,30.96,1
SMH01691,13.91,13.92,1
SMH01693,16.72,21.98,1
SMH01696,12.41,14.98,1
SMH01716,43.8,43.81,1
SMH01738,17.48,25.43,1
SMH01740,20.15,24.64,1
SMH01751,18.95,20.8,1
SMH01755,16.36,21.37,1
SMH01761,24.82,21.48,1
SMH01770,13.04,3.96,0
SMH01772,37.38,15.35,0
SMH01786,27.47,0.77,0
SMH01810,20.48,17.45,1
SMH01813,17.79,19.46,1
SMH01822,17.11,14.38,1
SMH01823,22.79,22.79,1
SMH01828,22.75,22.95,1
SMH01838,23.39,23.39,1
SMH01848,24.91,23.43,1
SMH01853,19.62,19.62,1
SMH01854,19.1,1.56,0
SMH01855,20.98,1.57,0
SMH01864,14.56,14.56,1
SMH01865,12.2,13.47,1
SMH01866,9.09,9.09,1
SMH01869,19.69,6.15,0
SMH01876,10.73,12.74,1
SMH01877,20.12,20.12,1
SMH01878,13.7,13.7,1
SMH01886,26.58,26.58,1
SMH01889,10.96,13.66,1
SMH01899,26.26,1.75,0
SMH01904,12.271,1.12,0
SMH01905,16.42,22.78,1
SMH01906,29.11,19.17,0
SMH01908,19.24,0.47,0
SMH01909,36.43,36.45,1
SMH01914,28.23,4.02,0
SMH01923,20.81,19.99,1
SMH01927,26.39,25.92,1
SMH01931,15.11,0.36,0
SMH01932,23.51,23.51,1
SMH01943,24.56,24.42,1
SMH01949,13.05,13.06,1
SMH01956,28.66,26.08,1
SMH01966,13.01,17.01,1
SMH01967,30.65,21.67,0
SMH01971,14.47,11.78,1
SMH01983,34.82,34.82,1
SMH01986,17.96,0.92,0
SMH01987,33.6,19.31,0
SMH02015,14.75,1.1,0
SMH02017,20.01,20.01,1
SMH02023,15.84,15.84,1
SMH02025,14.13,12.5,1
SMH02033,19.66,12.33,1
SMH02038,14.55,23.3,1
SMH02042,14.67,23.16,1
SMH02053,23.29,23.3,1
SMH02056,12.17,17.7,1
SMH02064,11.25,13.29,1
SMH02074,22.16,22.17,1
SMH02122,14.86,21.47,1
SMH02132,17.65,17.67,1
SMH02138,13.99,13.99,1
SMH02144,19.28,19.29,1
SMH02154,16.01,25.62,1
SMH02166,11.03,11.03,1
SMH02179,22.74,22.74,1
SMH02181,25.21,19.23,1
SMH02200,14.75,19.48,1
SMH02201,20.49,1.77,0
SMH02202,20.32,1.79,0
SMH02212,13.98,6.22,1
SMH02226,23.84,23.84,1
SMH02227,16.23,26.85,1
SMH02230,16.58,4.5,0
SMH02232,18.026,4.62,0
SMH02233,11.71,5.07,1
SMH02236,15.49,15.49,1
SMH02240,16.72,16.72,1
SMH02248,12.2,12.2,1
SMH02262,21.1,18.23,1
SMH02268,23.04,20.3,1
SMH02271,19.54,18.23,1
SMH02283,22.99,22.99,1
SMH02294,23.36,15.32,0
SMH02315,14.15,14.15,1
SMH02317,19.06,1.59,0
SMH02320,17.68,17.68,1
SMH02324,39.69,39.69,1
SMH02325,41.23,41.23,1
SMH02326,15.22,14.89,1
SMH02331,40.35,40.35,1
SMH02333,30.48,21.4,0
SMH02342,30.52,15.51,0
SMH02344,18.95,19.03,1
SMH02346,20.11,2.53,0
SMH02347,19.294,0.0,0
SMH02353,12.64,11.03,1
SMH02374,13.21,13.21,1
SMH02375,12.51,16.13,1
SMH02381,14.3,18.81,1
SMH02385,34.67,24.65,0
SMH02387,37.52,25.7,0
SMH02398,35.19,13.26,0
SMH02406,15.33,9.39,1
SMH02409,24.69,21.61,1
SMH02415,9.59,2.61,1
SMH02423,9.24,9.24,1
SMH02428,17.69,17.69,1
SMH02431,11.0,4.58,1
SMH02438,22.3,23.06,1
SMH02439,51.45,51.45,1
SMH02440,53.88,53.88,1
SMH02441,19.77,18.14,1
SMH02442,16.43,9.87,1
SMH02446,18.38,18.38,1
SMH02451,12.6,9.83,1
SMH02452,14.18,16.41,1
SMH02456,18.62,20.18,1
SMH02472,12.04,12.04,1
SMH02479,15.61,8.21,1
SMH02493,16.6,0.39,0
SMH02497,17.05,2.54,0
SMH02498,41.91,41.94,1
SMH02500,18.33,1.48,0
SMH02503,19.09,2.55,0
SMH02506,15.28,4.13,0
SMH02507,21.91,21.91,1
SMH02508,17.98,0.52,0
SMH02510,14.89,15.42,1
SMH02523,20.05,20.05,1
SMH02525,33.23,33.23,1
SMH02533,28.01,25.64,1
SMH02534,14.2,14.21,1
SMH02551,24.34,24.34,1
SMH02559,21.36,21.36,1
SMH02560,20.01,20.01,1
SMH02563,33.4,30.9,1
SMH02565,34.02,34.02,1
SMH02577,15.1,19.42,1
SMH02578,14.9,14.9,1
SMH02583,19.37,19.37,1
SMH02593,23.98,23.98,1
SMH02601,34.56,29.65,1
SMH02620,34.61,9.35,0
SMH02625,43.9,43.9,1
SMH02627,20.79,20.79,1
SMH02628,18.26,1.0,0
SMH02641,29.92,28.66,1
SMH02668,20.53,21.12,1
SMH02672,29.64,2.33,0
SMH02689,16.62,16.68,1
SMH02783,27.57,3.58,0
SMH02789,27.76,26.81,1
SMH02794,31.43,31.43,1
SMH02799,20.15,20.15,1
SMH02805,22.67,17.89,1
SMH02806,36.2,36.2,1
SMH02807,22.57,22.57,1
SMH02809,22.6,22.6,1
SMH02820,32.03,32.03,1
SMH02828,19.41,19.41,1
SMH02829,21.35,21.35,1
SMH02853,30.77,30.77,1
SMH02860,11.95,18.03,1
SMH02870,29.19,29.19,1
SMH02871,38.53,38.53,1
SMH02914,10.71,0.0,0
SMH03202,30.79,31.99,1
SMH03212,22.39,22.39,1
SMH03218,19.03,19.53,1
SMH03223,13.56,15.71,1
SMH03226,18.71,19.53,1
SMH03230,25.67,25.67,1
SMH03244,14.32,16.24,1
SMH03245,15.07,17.08,1
SMH03246,14.59,16.18,1
SMH03252,11.98,13.26,1
SMH03253,10.31,11.06,1
SMH03258,13.63,30.38,1
SMH03262,16.24,16.24,1
SMH03266,14.695,16.13,1
SMH03267,18.93,18.55,1
SMH03270,29.55,29.55,1
SMH03454,17.0,17.27,1
SMH03458,20.91,20.97,1
SMH03459,23.73,23.77,1
SMH03475,11.67,0.0,0
SMH03479,33.34,11.9,0
SMH03484,35.09,2.02,0
SMH03528,37.58,3.09,0
SMH03531,12.22,13.78,1
SMH03551,17.72,18.6,1
SMH03727,18.81,1.88,0
SMH03733,15.46,17.79,1
SMH03750,25.91,2.21,0
SMH03751,11.78,1.26,0
SMH03753,20.85,20.85,1
SMH03764,18.19,1.41,0
SMH03766,28.58,3.27,0
SMH03767,31.59,2.37,0
SMH03783,16.34,16.39,1
SMH03792,27.46,1.13,0
SMH03795,23.23,4.92,0
SMH03797,16.65,16.65,1
SMH03807,21.33,21.36,1
SMH03810,12.29,12.29,1
SMH03813,23.46,23.49,1
SMH03817,29.23,2.54,0
SMH03844,19.34,19.83,1
SMH03868,36.79,6.37,0
SMH03874,22.34,12.34,0
SMH03875,22.76,22.88,1
SMH03881,21.84,15.0,1
SMH03882,17.15,15.82,1
SMH03883,16.1,15.06,1
SMH03884,17.84,14.01,1
SMH03939,43.88,11.14,0
SMH03944,24.97,24.98,1
SMH03951,41.14,6.35,0
SMH03992,10.83,13.16,1
SMH03994,25.25,25.96,1
SMH04024,17.16,17.16,1
SMH04025,14.97,14.98,1
SMH04063,21.31,21.31,1
SMH04083,31.13,28.47,1
SMH04085,21.74,13.12,0
SMH04086,19.12,13.04,1
SMH04094,27.06,13.04,0
SMH04096,29.69,13.37,0
SMH04105,26.15,4.63,0
SMH04111,17.99,17.99,1
SMH04118,21.63,10.57,0
SMH04128,42.42,42.42,1
SMH04138,13.91,13.91,1
SMH04140,17.59,17.67,1
SMH04141,18.85,18.88,1
SMH04155,17.41,16.68,1
SMH04159,19.38,21.14,1
SMH04160,19.65,20.77,1
SMH04163,19.61,18.23,1
SMH04194,15.19,15.19,1
SMH04215,15.01,15.01,1
SMH04220,39.4,32.83,1
SMH04221,36.53,30.95,1
SMH04227,12.86,12.86,1
SMH04235,16.97,14.01,1
SMH04242,13.52,13.54,1
SMH04257,16.18,16.19,1
SMH04262,14.17,5.31,0
SMH04269,14.0,14.0,1
SMH04277,17.96,17.96,1
SMH04282,23.58,19.88,1
SMH04322,11.64,12.2,1
SMH04324,11.98,14.07,1
SMH04326,9.41,9.41,1
SMH04347,28.78,31.07,1
SMH04354,28.77,23.84,1
SMH04361,33.09,25.77,1
SMH04373,37.34,30.12,1
SMH04373o,16.85,8.54,0
SMH04391,16.74,19.53,1
SMH04405,25.38,25.38,1
SMH04408,11.59,11.61,1
SMH04413,16.11,16.11,1
SMH04442,13.32,22.08,1
SMH04445,12.49,20.49,1
SMH04450,12.53,15.67,1
SMH04451,11.22,12.31,1
SMH04472,20.37,26.15,1
SMH04473,12.29,12.29,1
SMH04496,18.12,18.13,1
SMH04498,12.12,15.48,1
SMH04502,30.77,30.78,1
SMH04503,40.91,40.91,1
SMH04509,21.09,21.1,1
SMH04514,30.48,22.39,0
SMH04517,13.27,16.64,1
SMH04521,16.4,16.42,1
SMH04534,27.3,23.45,1
SMH04535,17.75,17.86,1
SMH04536,47.79,44.44,1
SMH04538,15.97,14.93,1
SMH04539,18.15,17.94,1
SMH04553,14.01,20.46,1
SMH04558,17.08,17.1,1
SMH04566,43.33,43.33,1
SMH04569,12.85,12.85,1
SMH04574,18.65,18.65,1
SMH04585,17.96,33.43,1
SMH04588,26.76,28.31,1
SMH04590,28.3,29.14,1
SMH04591,22.07,22.07,1
SMH04592,36.83,29.26,1
SMH04596,18.84,23.43,1
SMH04606,27.28,21.94,1
SMH04612,14.88,12.93,1
SMH04615,41.5,41.5,1
SMH04619,11.22,21.59,1
SMH04623,13.0,31.3,1
SMH04645,19.16,19.16,1
SMH04648,18.24,20.46,1
SMH04674,18.45,18.45,1
SMH04681,17.94,17.94,1
SMH04682,14.15,14.15,1
SMH04711,22.44,22.44,1
SMH04724,21.8,25.52,1
SMH04725,21.8,21.8,1
SMH04730,16.86,16.66,1
SMH04743,32.07,32.13,1
SMH04762,23.51,19.11,1
SMH04770,9.3,12.46,1
SMH04783,13.24,13.25,1
SMH04798,26.11,22.67,1
SMH04800,14.08,15.18,1
SMH04804,18.04,16.6,1
SMH04815,13.35,18.67,1
SMH04817,19.47,19.47,1
SMH04821,15.28,16.82,1
SMH04824,14.65,19.13,1
SMH04844,15.64,16.59,1
SMH04845,14.5,15.61,1
SMH04867,21.29,21.29,1
SMH04884,19.25,19.25,1
SMH04908,20.2,20.22,1
SMH04911,13.68,13.68,1
SMH04948,12.33,12.38,1
SMH04954,20.69,7.04,0
SMH04988,24.3,24.3,1
SMH05014,32.25,32.07,1
SMH05033,15.95,2.11,0
SMH05042,15.8,15.82,1
SMH05051,10.9,12.25,1
SMH05077,16.87,3.42,0
SMH05084,22.49,22.49,1
SMH05125,10.2,13.91,1
SMH05134,24.21,24.21,1
SMH05154,8.3,8.3,1
SMH05162,12.96,14.41,1
SMH05164,10.89,13.5,1
SMH05168,12.53,12.53,1
SMH05175,13.57,13.57,1
SMH05181,24.49,30.76,1
SMH05215,36.9,36.9,1
SMH05216,12.1,12.1,1
SMH05228,18.04,18.04,1
SMH05257,8.68,8.68,1
SMH05262,30.49,30.49,1
SMH05270,16.4,17.27,1
SMH05282,13.22,17.29,1
SMH05286,15.77,15.77,1
SMH05288,19.78,22.63,1
SMH05303,23.21,23.21,1
SMH05312,41.42,36.01,1
SMH05316,21.61,21.61,1
SMH05319,20.06,14.52,1
SMH05322,47.08,47.08,1
SMH05327,27.79,27.79,1
SMH05329,28.73,28.16,1
SMH05364,17.01,19.18,1
SMH05372,61.29,61.35,1
SMH05383,23.58,23.58,1
SMH05391,21.28,21.28,1
SMH05404,22.14,22.14,1
SMH05405,23.5,23.5,1
SMH05406,22.22,22.22,1
SMH05415,19.92,19.92,1
SMH05418,30.62,28.44,1
SMH05421,20.68,16.81,1
SMH05430,20.1,18.87,1
SMH05432,21.2,21.2,1
SMH05447,24.97,35.89,1
SMH05469,16.06,16.58,1
SMH05475,24.05,34.78,1
SMH05479,15.57,28.32,1
SMH05526,19.68,20.17,1
SMH05535,24.35,29.98,1
SMH05550,21.2,35.81,1
SMH05551,21.1,35.71,1
SMH05556,22.34,25.43,1
SMH05561,23.86,3.77,0
SMH05567,17.3,3.26,0
SMH05570,12.153,1.44,0
SMH05572,18.68,3.9,0
SMH05576,10.0,0.88,0
SMH05577,24.04,24.22,1
SMH05579,24.35,24.35,1
SMH05580,18.336,2.84,0
SMH05587,54.76,47.16,1
SMH05588,53.44,46.33,1
SMH05589,13.08,14.38,1
SMH05593,37.21,27.29,0
SMH05602,26.23,27.83,1
SMH05615,32.68,32.63,1
SMH05626,21.25,22.56,1
SMH05633,33.68,33.75,1
SMH05668,27.84,37.6,1
SMH05672,28.0,28.0,1
SMH05673,27.2,27.22,1
SMH05676,36.0,35.88,1
SMH05686,36.36,36.41,1
SMH05689,19.87,19.87,1
SMH05695,21.23,24.74,1
SMH05697,36.66,35.5,1
SMH05699,27.09,28.53,1
SMH05723,23.24,16.87,1
SMH05724,31.41,24.54,1
SMH05726,21.69,21.69,1
SMH05736,42.62,30.79,0
SMH05740,12.0,12.0,1
SMH05745,29.02,30.05,1
SMH05750,33.75,19.97,0
SMH05751,31.13,24.03,1
SMH05756,33.66,33.66,1
SMH05760,13.845,0.95,0
SMH05761,12.615,12.62,1
SMH05765,37.95,31.32,1
SMH05771,34.4,30.02,1
SMH05772,27.0,23.4,1
SMH05774,14.0,14.0,1
SMH05777,13.19,14.01,1
SMH05783,13.83,14.73,1
SMH05786,20.55,23.24,1
SMH05792,38.01,36.21,1
SMH05793,73.06,73.11,1
SMH05794,17.42,17.42,1
SMH05801,45.92,45.92,1
SMH05805,10.55,12.45,1
SMH05807,19.46,19.46,1
SMH05810,38.38,25.93,0
SMH05816,13.18,20.83,1
SMH05818,30.39,30.72,1
SMH05819,24.44,19.56,1
SMH05822,17.48,1.45,0
SMH05825,13.316,14.71,1
SMH05829,36.8,36.8,1
SMH05833,11.271,11.27,1
SMH05834,24.05,7.14,0
SMH05851,26.0,27.11,1
SMH05856,28.09,28.09,1
SMH05858,17.265,2.73,0
SMH05860,30.64,30.64,1
SMH05864,14.89,14.89,1
SMH05867,21.71,30.11,1
SMH05879,25.07,25.08,1
SMH05888,17.16,17.2,1
SMH05904,21.22,21.22,1
SMH05907,14.74,6.56,0
SMH05928,17.22,18.49,1
SMH05943,28.21,28.3,1
SMH05947,20.83,21.62,1
SMH05948,17.94,6.32,0
SMH05962,12.808,4.43,0
SMH05966,25.07,2.7,0
SMH05982,19.63,2.62,0
SMH05989,26.02,26.02,1
SMH05992,39.81,34.53,1
SMH06000,19.47,11.54,1
SMH06005,19.39,9.67,0
SMH06022,16.99,16.99,1
SMH06041,12.641,6.3,1
SMH06045,20.93,19.59,1
SMH06063,14.6,14.6,1
SMH06065,21.41,12.2,0
SMH06067,41.3,43.06,1
SMH06075,16.95,16.96,1
SMH06082,16.63,16.86,1
SMH06084,26.77,26.65,1
SMH06087,22.92,22.92,1
SMH06088,12.57,12.57,1
SMH06089,18.98,19.2,1
SMH06093,30.06,27.65,1
SMH06095,7.51,8.62,1
SMH06097,9.42,9.42,1
SMH06101,17.44,17.44,1
SMH06104,19.31,19.31,1
SMH06106,16.5,14.38,1
SMH06108,15.08,15.08,1
SMH06110,21.13,24.18,1
SMH06111,18.41,18.41,1
SMH06112,19.23,2.45,0
SMH06114,18.5,4.69,0
SMH06120,14.26,20.26,1
SMH06121,16.74,17.84,1
SMH06122,28.27,28.52,1
SMH06130,15.6,20.58,1
SMH06131,28.8,28.9,1
SMH06146,12.59,14.47,1
SMH06149,21.54,21.11,1
SMH06155,10.87,11.11,1
SMH06156,14.8,14.8,1
SMH06167,12.66,13.17,1
SMH06169,10.84,12.82,1
SMH06174,26.44,26.46,1
SMH06176,7.78,10.4,1
SMH06179,12.96,14.67,1
SMH06188,11.89,15.86,1
SMH06236,33.11,27.37,1
SMH06243,13.36,15.05,1
SMH06248,24.556,16.86,1
SMH06249,15.94,15.94,1
SMH06251,24.43,24.43,1
SMH06252,23.47,23.47,1
SMH06264,34.18,34.18,1
SMH06269,15.98,13.3,1
SMH06275,13.01,13.01,1
SMH06303,21.3,38.93,1
SMH06322,13.89,32.38,1
SMH06323,15.74,33.25,1
SMH06324,19.17,30.19,1
SMH06327,13.46,23.16,1
SMH06339,16.02,33.71,1
SMH06385,30.53,41.46,1
SMH06492,20.21,18.17,1
SMH06503,37.77,34.11,1
SMH06511,12.88,12.88,1
SMH06520,13.99,15.39,1
SMH06528,21.46,21.55,1
SMH06537,12.43,12.43,1
SMH06543,18.1,18.1,1
SMH06552,8.0,19.51,1
SMH06558,51.7,40.39,0
SMH06568,13.9,17.96,1
SMH06571,19.18,21.99,1
SMH06576,24.27,27.1,1
SMH06577,26.73,27.06,1
SMH06582,17.64,17.64,1
SMH06584,13.82,13.82,1
SMH06586,18.61,18.61,1
SMH06594,17.04,17.35,1
SMH06599,15.74,15.74,1
SMH06605,50.49,51.35,1
SMH06606,22.27,24.59,1
SMH06613,11.74,19.41,1
SMH06617,56.52,56.94,1
SMH06620,16.8,24.92,1
SMH06634,14.31,14.43,1
SMH06635,18.9,18.9,1
SMH06637,42.62,42.69,1
SMH06648,22.76,22.76,1
SMH06664,11.24,12.55,1
SMH06665,18.46,18.46,1
SMH06667,22.0,22.88,1
SMH06668,17.336,17.79,1
SMH06670,16.766,16.77,1
SMH06673,30.6,30.63,1
SMH06685,19.7,19.7,1
SMH06686,15.3,15.3,1
SMH06692,40.82,40.82,1
SMH06736,21.23,36.38,1
SMH06800,22.9,22.9,1
SMH06801,17.0,17.27,1
SMH06803,18.25,23.43,1
SMH06813,10.18,11.72,1
SMH06814,8.2,9.27,1
SMH06815,19.21,3.95,0
SMH06823,17.77,22.22,1
SMH06827,17.16,14.13,1
SMH06832,16.3,16.3,1
SMH06836,16.4,3.78,0
SMH06841,34.08,36.85,1
SMH06847,22.44,22.52,1
SMH06850,23.873,2.86,0
SMH06852,21.37,11.41,0
SMH06853,22.87,22.87,1
SMH06868,18.34,18.34,1
SMH06869,28.17,20.39,1
SMH06882,12.27,12.27,1
SMH06884,10.02,1.52,0
SMH06891,28.22,19.76,0
SMH06897,16.88,3.55,0
SMH06907,28.38,29.56,1
SMH06922,15.83,15.83,1
SMH06925,19.52,19.52,1
SMH06928,17.43,17.43,1
SMH06932,19.93,31.51,1
SMH06933,11.5,1.16,0
SMH06941,30.18,29.24,1
SMH06942,35.36,35.75,1
SMH06950,21.33,13.51,1
SMH06957,9.72,9.73,1
SMH06959,11.5,0.76,0
SMH06960,35.64,35.64,1
SMH06963,25.52,25.56,1
SMH06964,14.43,16.31,1
SMH06965,20.61,22.76,1
SMH06988,25.571,3.69,0
SMH06989,20.79,20.4,1
SMH06994,18.73,15.49,1
SMH07007,24.192,0.31,0
SMH07018,24.66,29.12,1
SMH07025,17.018,5.95,0
SMH07035,37.52,36.36,1
SMH07044,19.29,1.81,0
SMH07051,20.78,4.94,0
SMH07075,16.65,16.65,1
SMH07078,31.08,31.08,1
SMH07079,30.17,30.17,1
SMH07100,30.14,30.14,1
SMH07109,13.46,13.47,1
SMH07110,13.5,2.68,0
SMH07113,8.18,8.56,1
SMH07114,13.33,13.33,1
SMH07116,16.0,16.83,1
SMH07133,27.64,27.36,1
SMH07135,35.52,35.52,1
SMH07142,16.37,13.19,1
SMH07153,14.6,4.87,0
SMH07156,31.89,31.89,1
SMH07184,30.77,31.76,1
SMH07190,15.58,0.93,0
SMH07199,26.1,26.11,1
SMH07202,31.56,7.4,0
SMH07203,11.14,0.68,0
SMH07204,16.94,2.44,0
SMH07207,14.97,1.49,0
SMH07208,15.55,15.68,1
SMH07210,29.3,29.62,1
SMH07213,10.55,13.53,1
SMH07229,23.0,23.0,1
SMH07239,25.77,21.32,1
SMH07240,27.32,31.33,1
SMH07244,29.24,28.97,1
SMH07251,14.21,1.22,0
SMH07253,15.78,0.54,0
SMH07254,14.88,0.91,0
SMH07256,24.67,4.45,0
SMH07257,27.4,6.96,0
SMH07258,12.43,2.25,0
SMH07263,10.9,11.93,1
SMH07269,20.74,20.75,1
SMH07287,12.56,13.28,1
SMH07291,10.49,10.49,1
SMH07305,14.88,16.27,1
SMH07317,11.03,11.03,1
SMH07339,7.02,7.02,1
SMH07366/20566,25.51,25.58,1
SMH07366/20566_2,25.51,25.55,1
SMH07373,14.86,14.86,1
SMH07376,13.18,17.12,1
SMH07377,12.16,18.3,1
SMH07378,13.67,17.29,1
SMH07398,16.98,18.62,1
SMH07414,24.92,24.92,1
SMH07419,14.77,1.08,0
SMH07435,14.25,14.26,1
SMH07437,15.55,16.41,1
SMH07439,15.32,15.32,1
SMH07446,12.89,12.89,1
SMH07448,9.29,9.29,1
SMH07449,12.35,12.37,1
SMH07456,13.06,11.14,1
SMH07459,13.48,21.18,1
SMH07462,21.43,23.08,1
SMH07469,17.41,21.4,1
SMH07491,15.4,14.63,1
SMH07492,20.06,20.06,1
SMH07509,13.39,14.7,1
SMH07513,7.9,11.49,1
SMH07515,8.83,8.83,1
SMH07527,10.15,10.15,1
SMH07536,11.33,14.22,1
SMH07541,21.88,24.73,1
SMH07578,25.19,7.89,0
SMH07582,30.74,20.01,0
SMH07583,23.9,23.9,1
SMH07592,24.09,22.43,1
SMH07598,20.99,8.97,0
SMH07610,13.87,14.81,1
SMH07611,8.92,10.31,1
SMH07613,20.78,2.35,0
SMH07619,45.29,39.06,1
SMH07625,9.5,9.5,1
SMH07631,21.83,21.85,1
SMH07632,12.768,14.59,1
SMH07644,17.56,19.22,1
SMH07646,15.45,23.76,1
SMH07650,8.64,8.64,1
SMH07653,24.88,26.4,1
SMH07654,17.94,22.4,1
SMH07657,15.6,15.6,1
SMH07659,14.69,14.69,1
SMH07660,13.96,9.68,1
SMH07668,33.73,33.57,1
SMH07676,20.99,20.99,1
SMH07678,13.22,13.33,1
SMH07681,14.3,14.31,1
SMH07683,17.87,17.87,1
SMH07697,22.0,4.54,0
SMH07734/27506/47794,25.12,25.12,1
SMH07738,17.43,16.43,1
SMH07753,33.82,4.58,0
SMH07756,20.44,20.46,1
SMH07773,21.59,20.58,1
SMH07774,14.68,14.68,1
SMH07780,22.37,23.83,1
SMH07784,31.46,0.62,0
SMH07786,15.15,3.24,0
SMH07787,24.09,7.87,0
SMH07794,33.13,33.13,1
SMH07795,15.63,15.63,1
SMH07800,24.47,24.47,1
SMH07802,16.28,16.28,1
SMH07803,22.39,22.39,1
SMH07829,15.63,15.63,1
SMH07834,11.84,11.65,1
SMH07846,18.2,18.2,1
SMH07848,14.07,14.08,1
SMH07851,17.38,16.14,1
SMH07853,15.16,15.16,1
SMH07856,18.78,18.78,1
SMH07864,14.58,14.6,1
SMH07865,14.1,14.1,1
SMH07877,7.19,0.53,1
SMH07878,14.97,14.97,1
SMH07880,10.719,1.68,0
SMH07885,22.24,22.24,1
SMH07916,10.0,10.86,1
SMH07921,17.56,17.57,1
SMH07925,15.74,15.74,1
SMH07927,20.8,13.59,1
SMH07940,15.42,15.42,1
SMH07942,24.3,22.25,1
SMH07947,16.06,18.17,1
SMH07948,22.26,22.26,1
SMH07949,29.92,31.55,1
SMH07953,31.17,32.36,1
SMH07961,47.52,47.52,1
SMH07962,48.61,48.64,1
SMH07971,16.057,16.06,1
SMH07972,16.156,16.16,1
SMH07973,10.1,7.11,1
SMH07981,14.296,14.3,1
SMH07982,11.0,27.66,1
SMH07985,10.0,10.0,1
SMH07986,11.29,10.93,1
SMH07986b,11.29,10.45,1
SMH07990,11.13,10.38,1
SMH08001,20.04,29.94,1
SMH08004,55.72,55.73,1
SMH08007,13.33,16.51,1
SMH08010,19.93,19.93,1
SMH08013,55.93,55.95,1
SMH08023,29.05,32.07,1
SMH08024,15.119,15.12,1
SMH08036,22.73,26.53,1
SMH08042,23.45,23.45,1
SMH08062,22.09,25.31,1
SMH08064,23.73,26.27,1
SMH08070,18.83,18.83,1
SMH08081,34.51,31.72,1
SMH08082,32.35,32.37,1
SMH08093,16.28,26.39,1
SMH08096,21.17,28.13,1
SMH08097,34.86,33.54,1
SMH08105,46.14,46.14,1
SMH08112,15.89,18.98,1
SMH08121,8.07,11.38,1
SMH08131,16.28,17.2,1
SMH08134,21.59,21.6,1
SMH08140,27.29,24.09,1
SMH08153,36.11,33.79,1
SMH08160,10.76,10.76,1
SMH08167,13.06,20.29,1
SMH08176,18.64,21.5,1
SMH08177,39.14,14.99,0
SMH08181,31.76,31.11,1
SMH08183,29.43,29.43,1
SMH08189,21.81,21.82,1
SMH08193,12.57,13.67,1
SMH08196,16.31,16.31,1
SMH08199,31.37,1.54,0
SMH08200,24.35,1.45,0
SMH08211,25.17,24.62,1
SMH08220,37.27,30.06,1
SMH08231,18.59,18.07,1
SMH08235,13.64,13.64,1
SMH08247,22.13,21.81,1
SMH08249,19.46,19.01,1
SMH08250,22.4,22.4,1
SMH08254,29.07,15.49,0
SMH08259,22.83,22.83,1
SMH08262,18.51,27.15,1
SMH08278,27.09,1.99,0
SMH08279,24.68,18.66,1
SMH08286,10.3,0.0,0
SMH08291,14.46,15.89,1
SMH08301,19.23,19.24,1
SMH08304,10.25,14.97,1
SMH08305,9.4,16.65,1
SMH08315,14.0,16.21,1
SMH08331,33.39,29.4,1
SMH08332,19.6,6.51,0
SMH08334,20.7,6.33,0
SMH08336,8.34,0.55,1
SMH08340,8.58,8.58,1
SMH08342,20.43,20.43,1
SMH08343,14.45,14.45,1
SMH08347,16.8,1.32,0
SMH08355,20.37,22.97,1
SMH08356,12.19,15.28,1
SMH08363,13.02,13.03,1
SMH08365,16.77,16.77,1
SMH08369,17.72,17.61,1
SMH08372,22.59,18.9,1
SMH08383,10.0,1.08,0
SMH08390,28.8,28.8,1
SMH08391,18.58,2.87,0
SMH08396,23.88,9.63,0
SMH08398,15.23,15.23,1
SMH08406,13.49,14.08,1
SMH08413,16.78,16.78,1
SMH08414,31.06,31.06,1
SMH08420,14.2,6.46,1
SMH08425,33.82,33.83,1
SMH08428,20.11,20.11,1
SMH08429,20.28,20.28,1
SMH08441,35.29,11.11,0
SMH08442,13.217,1.06,0
SMH08447,22.27,15.88,1
SMH08458,25.91,25.91,1
SMH08460,37.25,26.82,0
SMH08464,15.62,15.63,1
SMH08465,31.74,31.74,1
SMH08472,21.87,1.14,0
SMH08473,20.8,0.95,0
SMH08476,15.728,0.0,0
SMH08478,21.26,0.82,0
SMH08495,20.6,21.11,1
SMH08495o,20.7,21.0,1
SMH08502,20.61,1.17,0
SMH08521,19.94,24.11,1
SMH08525,13.05,21.86,1
SMH08526,12.89,21.94,1
SMH08527,15.69,24.97,1
SMH08529,12.81,13.44,1
SMH08536,13.34,55.12,1
SMH08542,13.97,18.73,1
SMH08543,8.89,10.01,1
SMH08546,15.25,30.47,1
SMH08560,29.59,29.59,1
SMH08568,13.55,22.01,1
SMH08570,20.82,20.82,1
SMH08571,21.5,21.5,1
SMH08572,22.69,22.69,1
SMH08584,19.59,7.85,0
SMH08585,20.03,1.71,0
SMH08594,13.49,13.5,1
SMH08611,9.64,9.64,1
SMH08612,11.33,11.33,1
SMH08617,20.0,20.0,1
SMH08620,13.47,13.48,1
SMH08636,23.03,23.03,1
SMH08644,43.76,43.83,1
SMH08648,11.813,11.81,1
SMH08659,13.55,13.56,1
SMH08660,12.12,13.08,1
SMH08663,12.31,12.55,1
SMH08683,29.25,26.61,1
SMH08697,18.41,18.41,1
SMH08702,30.33,25.56,1
SMH08706,17.16,17.16,1
SMH08707,19.93,22.17,1
SMH08720,18.81,20.57,1
SMH08728,35.13,23.17,0
SMH08730,35.01,23.72,0
SMH08731,25.93,19.29,1
SMH08748,18.14,18.14,1
SMH08750,11.92,11.96,1
SMH08758,16.63,16.63,1
SMH08759,14.03,14.0,1
SMH08764,22.38,25.18,1
SMH08766,21.75,23.66,1
SMH08771,28.2,25.82,1
SMH08774,21.42,18.12,1
SMH08775,23.54,18.06,1
SMH08778,24.36,25.49,1
SMH08796,19.08,14.37,1
SMH08806,27.05,27.05,1
SMH08808,18.14,1.66,0
SMH08825,20.5,20.64,1
SMH08828,19.92,1.57,0
SMH08829,48.0,47.43,1
SMH08835,19.37,19.37,1
SMH08836,27.27,27.27,1
SMH08837,28.13,28.13,1
SMH08845,18.57,3.12,0
SMH08851,16.36,16.36,1
SMH08855,25.82,8.99,0
SMH08856,13.64,2.03,0
SMH08863,32.36,32.36,1
SMH08864,28.9,23.5,1
SMH08867,28.83,21.77,1
SMH08874,16.52,0.82,0
SMH08875,17.41,0.35,0
SMH08888,13.88,14.83,1
SMH08894,17.02,17.02,1
SMH08895,20.73,20.75,1
SMH08897,47.46,47.46,1
SMH08898,36.86,24.22,0
SMH08900,15.99,14.13,1
SMH08901,12.15,12.15,1
SMH08904,14.11,2.23,0
SMH08908,14.91,12.63,1
SMH08922,22.07,11.29,0
SMH08927,13.73,13.75,1
SMH08935,17.5,4.2,0
SMH08936,11.33,2.96,0
SMH08937,13.54,6.42,1
SMH08943,15.96,15.96,1
SMH08958,12.56,12.56,1
SMH08961,24.23,22.0,1
SMH08962,20.81,19.65,1
SMH08963,19.88,19.88,1
SMH08965,16.89,23.83,1
SMH08969,14.83,14.83,1
SMH09002,17.35,10.76,1
SMH09007,12.91,8.25,1
SMH09009,10.91,6.59,1
SMH09025,17.23,5.13,0
SMH09028,14.79,5.68,0
SMH09036,10.21,13.12,1
SMH09038,13.53,17.83,1
SMH09040,45.44,45.7,1
SMH09044,18.88,13.92,1
SMH09047,33.71,33.71,1
SMH09053,26.87,26.87,1
SMH09058,13.9,13.9,1
SMH09059,17.38,19.83,1
SMH09060,19.26,18.42,1
SMH09074,20.6,20.6,1
SMH09081,15.548,15.55,1
SMH09082,16.777,15.41,1
SMH09085,19.7,1.86,0
SMH09088,13.2,12.08,1
SMH09089,10.0,11.44,1
SMH09091,22.19,15.72,1
SMH09092,29.77,21.44,0
SMH09098,41.13,28.88,0
SMH09101,24.457,24.46,1
SMH09102,25.601,25.6,1
SMH09108,22.41,22.41,1
SMH09109,14.0,13.33,1
SMH09111,44.09,44.09,1
SMH09117,13.89,12.94,1
SMH09118,14.2,13.19,1
SMH09124,13.89,13.89,1
SMH09134,15.302,14.21,1
SMH09137,31.01,29.67,1
SMH09142,17.16,1.1,0
SMH09147,21.04,17.45,1
SMH09172,18.06,18.08,1
SMH09173,17.27,17.29,1
SMH09198,26.55,26.55,1
SMH09207,16.54,16.59,1
SMH09232,10.47,10.74,1
SMH09243,27.01,27.01,1
SMH09281,22.55,22.55,1
SMH09286,24.26,2.02,0
SMH09297,11.81,0.0,0
SMH09307,38.83,38.85,1
SMH09685,19.1,19.1,1
SMH09686,17.95,28.76,1
SMH09696,13.39,15.49,1
SMH09698,19.77,19.77,1
SMH09699,17.05,18.32,1
SMH09704,17.86,26.72,1
SMH09715,6.88,13.1,1
SMH09727,10.78,10.81,1
SMH09728,11.66,11.83,1
SMH09731,12.68,12.74,1
SMH09732,13.49,17.56,1
SMH09733,24.61,24.77,1
SMH09736,16.19,16.28,1
SMH09737,26.64,26.11,1
SMH09739,28.69,28.69,1
SMH09741,13.73,22.19,1
SMH09744,14.61,16.14,1
SMH09745,16.01,15.85,1
SMH09754,15.19,18.9,1
SMH09757,26.8,26.8,1
SMH09950,16.76,1.23,0
SMH09958,18.41,4.23,0
SMH09959,21.18,2.62,0
SMH09995,32.22,3.56,0
SMH10017,13.98,14.76,1
SMH10028,12.5,14.45,1
SMH10029,11.24,12.54,1
SMH10030,13.09,13.11,1
SMH10033,17.14,17.15,1
SMH10041,14.89,0.91,0
SMH10062,23.15,1.19,0
SMH10076,17.81,17.83,1
SMH10218,24.22,1.24,0
SMH10223,14.34,1.69,0
SMH10228,25.4,1.22,0
SMH10229,17.5,2.3,0
SMH10234,17.43,17.62,1
SMH10235,16.5,16.7,1
SMH10236,17.05,17.41,1
SMH10240,15.16,17.55,1
SMH10259,20.09,1.34,0
SMH10289,12.77,13.02,1
SMH10295,17.52,0.93,0
SMH10304,16.93,1.78,0
SMH10310,17.17,0.65,0
SMH10314,11.19,11.19,1
SMH10319,9.71,0.57,0
SMH10320,34.44,1.71,0
SMH10332,15.04,14.34,1
SMH10348,17.52,0.8,0
SMH10350,38.83,1.73,0
SMH10353,30.76,3.41,0
SMH10368,34.57,3.82,0
SMH10369,28.39,1.5,0
SMH10378,15.64,1.61,0
SMH10379,12.74,0.0,0
SMH10387,21.76,22.09,1
SMH10489,36.86,3.64,0
SMH10523,15.18,1.61,0
SMH10530,41.3,41.7,1
SMH10535,21.87,1.81,0
SMH10541,17.73,5.3,0
SMH10569,41.13,33.59,1
SMH10570,31.88,31.88,1
SMH10572,20.12,20.12,1
SMH10573,31.27,20.75,0
SMH10592,22.87,17.43,1
SMH10600,31.1,7.22,0
SMH10601,29.03,3.73,0
SMH10606,39.92,39.92,1
SMH10616,23.0,10.75,0
SMH10625,24.23,14.49,0
SMH10633,21.89,19.0,1
SMH10641,25.35,16.7,0
SMH10646,33.33,24.74,0
SMH10647,26.43,26.44,1
SMH10648,34.61,16.75,0
SMH10649,35.48,22.81,0
SMH10650,24.46,8.36,0
SMH10652,19.41,19.41,1
SMH10654,16.06,4.94,0
SMH10655,13.22,4.55,0
SMH10656,20.82,12.44,0
SMH10658,14.77,4.54,0
SMH10660,26.97,23.39,1
SMH10666,20.53,18.16,1
SMH10673,20.45,20.45,1
SMH10676,21.7,21.7,1
SMH10686,27.12,27.12,1
SMH10697,20.98,24.12,1
SMH10707,12.17,16.58,1
SMH10710,14.07,14.08,1
SMH10716,19.86,21.61,1
SMH10767,12.51,12.61,1
SMH10771,36.79,36.79,1
SMH10777,32.07,32.07,1
SMH10794,20.98,20.26,1
SMH10813,20.97,18.39,1
SMH10849,37.15,37.15,1
SMH10851,13.29,13.29,1
SMH10853,13.37,13.63,1
SMH10877,16.83,16.84,1
SMH10887,16.78,18.89,1
SMH10895,13.55,23.98,1
SMH10909,19.57,24.99,1
SMH10925,18.07,24.78,1
SMH10931,30.66,30.7,1
SMH10932,14.54,14.54,1
SMH10934,14.09,15.49,1
SMH10941,16.67,16.67,1
SMH10943,14.98,14.98,1
SMH10951,10.77,10.79,1
SMH10960,9.1,12.21,1
SMH10962,44.56,44.56,1
SMH10964,16.41,16.42,1
SMH10970,16.56,16.56,1
SMH10974,14.24,14.25,1
SMH11006,18.49,18.5,1
SMH11008,17.81,23.25,1
SMH11040,18.23,18.25,1
SMH11044,15.88,19.42,1
SMH11045,29.67,29.67,1
SMH11054,14.83,14.83,1
SMH11064,44.77,44.77,1
SMH11070,26.6,20.83,1
SMH11086,16.84,16.84,1
SMH11100,36.26,30.93,1
SMH11108,15.48,15.48,1
SMH11110,15.67,15.67,1
SMH11116,38.43,38.43,1
SMH11130,21.94,16.48,1
SMH11136,13.5,16.92,1
SMH11146,19.3,18.71,1
SMH11147,21.063,26.68,1
SMH11149,22.19,22.19,1
SMH11154,11.8,17.4,1
SMH11173,25.35,25.39,1
SMH11178,20.46,14.88,1
SMH11196,15.83,10.94,1
SMH11197,30.96,31.03,1
SMH11271,17.55,10.04,1
SMH11276,13.94,13.94,1
SMH11278,37.23,31.37,1
SMH11280,18.34,18.34,1
SMH11284,32.26,27.46,1
SMH11298,15.54,15.54,1
SMH11306,36.31,36.39,1
SMH11320,26.31,23.06,1
SMH11337,11.09,18.6,1
SMH11347,16.31,19.88,1
SMH11354,27.67,27.67,1
SMH11364,12.67,12.67,1
SMH11366,21.1,21.1,1
SMH11367,19.95,19.96,1
SMH11368,14.32,16.69,1
SMH11370,32.91,32.91,1
SMH11373,27.47,27.07,1
SMH11374,21.85,21.85,1
SMH11379,16.43,22.22,1
SMH11380,15.59,13.49,1
SMH11392,10.44,10.44,1
SMH11396,11.83,11.84,1
SMH11405,16.33,16.33,1
SMH11412,13.87,13.87,1
SMH11441,11.8,13.01,1
SMH11471,13.2,14.75,1
SMH11472,21.3,11.03,0
SMH11490,15.86,27.8,1
SMH11501,34.74,44.75,1
SMH11503,16.39,1.05,0
SMH11506,16.32,2.04,0
SMH11538,25.37,36.14,1
SMH11590,13.38,15.16,1
SMH11591,21.7,21.7,1
SMH11599,14.39,1.01,0
SMH11605,16.05,2.86,0
SMH11608,18.95,18.95,1
SMH11609,20.36,20.36,1
SMH11621,19.75,19.75,1
SMH11651,15.4,27.47,1
SMH11666,15.17,15.18,1
SMH11684,26.53,26.58,1
SMH11686,27.09,27.09,1
SMH11687,25.7,25.7,1
SMH11689,15.09,18.47,1
SMH11708,15.56,15.56,1
SMH11720,18.65,18.65,1
SMH11732,37.67,33.73,1
SMH11736,24.97,24.97,1
SMH11765,29.17,29.17,1
SMH11776,22.13,35.91,1
SMH11784,14.6,16.89,1
SMH11786,15.62,14.13,1
SMH11799,16.49,0.45,0
SMH11801,14.87,0.52,0
SMH11809,13.58,23.4,1
SMH11813,19.72,23.32,1
SMH11819,15.52,18.53,1
SMH11831,37.47,44.96,1
SMH11839,22.81,23.88,1
SMH11840,21.46,24.37,1
SMH11843,17.89,17.89,1
SMH11845,21.01,11.3,0
SMH11846,22.76,14.0,0
SMH11848,20.32,19.53,1
SMH11851,14.76,21.18,1
SMH11862,39.81,39.81,1
SMH11867,49.42,49.42,1
SMH11886,16.53,19.51,1
SMH11887,15.72,20.06,1
SMH11888,15.98,20.74,1
SMH11890,23.15,23.15,1
SMH11907,23.29,17.89,1
SMH11915,20.73,20.73,1
SMH11939,18.55,20.02,1
SMH11940,21.97,31.93,1
SMH11962,25.79,34.69,1
SMH11966,11.68,20.44,1
SMH11968,18.44,29.4,1
SMH11969,13.04,13.05,1
SMH12018,23.88,27.74,1
SMH12027,24.38,24.97,1
SMH12028,55.99,43.9,0
SMH12051,19.78,24.87,1
SMH12058,19.1,19.1,1
SMH12060,18.7,21.81,1
SMH12066,21.82,25.33,1
SMH12086,21.78,10.04,0
SMH12090,24.25,24.25,1
SMH12102,16.19,17.45,1
SMH12116,27.76,27.76,1
SMH12119,17.32,4.44,0
SMH12121,21.927,21.93,1
SMH12146,10.5,10.5,1
SMH12147,27.37,27.88,1
SMH12148,26.32,26.32,1
SMH12155,19.53,20.04,1
SMH12156,29.27,29.55,1
SMH12180,15.32,19.68,1
SMH12192,12.07,12.55,1
SMH12197,22.79,25.62,1
SMH12202,28.2,28.2,1
SMH12214,23.1,23.1,1
SMH12239,19.13,22.78,1
SMH12253,15.46,15.46,1
SMH12256,13.99,13.99,1
SMH12262,38.84,30.58,0
SMH12267,33.257,1.18,0
SMH12270,12.71,13.49,1
SMH12276,13.74,17.52,1
SMH12281,15.58,15.58,1
SMH12283,26.51,26.01,1
SMH12286,13.91,13.94,1
SMH12288,16.55,16.12,1
SMH12289,15.35,15.35,1
SMH12290,35.7,35.7,1
SMH12296,30.9,0.0,0
SMH12327,19.92,19.92,1
SMH12329,17.13,5.37,0
SMH12332,27.01,27.59,1
SMH12335,27.54,27.54,1
SMH12343,10.29,1.41,0
SMH12349,24.002,24.0,1
SMH12351,20.74,23.81,1
SMH12355,11.344,17.14,1
SMH12359,23.76,23.76,1
SMH12360,20.207,20.6,1
SMH12364,13.56,13.6,1
SMH12365,22.02,22.02,1
SMH12366,22.5,22.5,1
SMH12368,12.0,11.48,1
SMH12371,29.22,29.22,1
SMH12372,16.94,16.95,1
SMH12401,19.44,19.44,1
SMH12410,10.99,5.36,1
SMH12434,28.27,28.32,1
SMH12453,9.72,5.46,1
SMH12459,23.66,2.91,0
SMH12465,18.0,21.42,1
SMH12466,19.29,21.74,1
SMH12469,20.62,22.7,1
SMH12470,10.7,12.96,1
SMH12471,7.96,10.83,1
SMH12476,16.65,0.79,0
SMH12487,16.89,15.72,1
SMH12489,14.79,14.79,1
SMH12491,30.23,30.23,1
SMH12516,28.442,22.8,1
SMH12524,8.19,8.19,1
SMH12525,9.28,9.31,1
SMH12526,18.75,11.38,1
SMH12527,8.41,8.41,1
SMH12532,10.23,10.24,1
SMH12544,20.21,20.21,1
SMH12546,13.48,13.48,1
SMH12547,43.62,44.86,1
SMH12555,25.19,25.21,1
SMH12569,13.77,5.66,0
SMH12575,16.43,16.45,1
SMH12582,12.59,13.04,1
SMH12599,15.44,15.45,1
SMH12609,19.37,13.49,1
SMH12610,16.17,16.17,1
SMH12616,11.33,11.34,1
SMH12621,18.63,16.3,1
SMH12623,21.18,16.2,1
SMH12631,19.88,20.52,1
SMH12632,17.56,18.11,1
SMH12638,19.04,21.28,1
SMH12643,17.671,17.67,1
SMH12652,23.39,23.39,1
SMH12656,10.49,12.12,1
SMH12665,9.16,10.58,1
SMH12684,11.37,13.42,1
SMH12693,16.12,17.27,1
SMH12696,16.04,16.55,1
SMH12699,11.66,11.7,1
SMH12700,19.46,19.47,1
SMH12702,14.1,14.11,1
SMH12706,9.24,33.7,1
SMH12708,38.19,36.99,1
SMH12714,11.45,11.45,1
SMH12715,14.09,14.09,1
SMH12719,24.269,24.27,1
SMH12720,23.6,23.61,1
SMH12725,30.13,30.13,1
SMH12728,26.03,29.2,1
SMH12732,18.46,22.6,1
SMH12742,14.42,19.95,1
SMH12743,17.33,20.8,1
SMH12745,27.0,27.0,1
SMH12749,27.14,27.89,1
SMH12754,15.7,13.84,1
SMH12761,17.17,17.41,1
SMH12762,18.42,8.72,0
SMH12780,21.11,16.67,1
SMH12782,19.4,12.02,1
SMH12794,7.26,7.43,1
SMH12796,15.83,15.83,1
SMH12844,18.56,29.84,1
SMH13053,9.62,10.29,1
SMH13065,23.0,2.85,0
SMH13066,17.14,4.79,0
SMH13067,11.94,13.56,1
SMH13075,33.53,33.53,1
SMH13077,28.95,35.51,1
SMH13083,20.72,25.11,1
SMH13084,20.43,25.53,1
SMH13085,20.47,25.29,1
SMH13087,27.03,27.03,1
SMH13091,31.9,31.9,1
SMH13092,13.01,14.09,1
SMH13099,20.37,22.32,1
SMH13100,28.65,28.65,1
SMH13101,16.4,16.41,1
SMH13106,21.82,22.24,1
SMH13107,21.16,22.69,1
SMH13114,19.27,19.27,1
SMH13130,27.68,29.23,1
SMH13138,26.34,26.34,1
SMH13139,21.26,24.81,1
SMH13142,16.29,19.18,1
SMH13150,19.5,25.2,1
SMH13156,17.24,17.25,1
SMH13161,31.6,30.75,1
SMH13172,13.73,13.79,1
SMH13178,18.34,18.34,1
SMH13198,13.27,15.37,1
SMH13199,13.77,22.11,1
SMH13202,12.3,15.02,1
SMH13204,54.47,55.04,1
SMH13211,17.25,17.25,1
SMH13216,45.39,46.07,1
SMH13217,14.9,9.97,1
SMH13219,28.78,28.78,1
SMH13228,13.92,15.13,1
SMH13229,15.0,15.77,1
SMH13236,15.0,15.0,1
SMH13238,28.73,28.73,1
SMH13243,21.55,21.55,1
SMH13251,32.52,32.52,1
SMH13257,13.6,13.6,1
SMH13259,12.893,15.02,1
SMH13261,15.89,18.22,1
SMH13276,29.5,29.75,1
SMH13277,21.826,24.6,1
SMH13280,20.7,20.7,1
SMH13282,13.2,13.2,1
SMH13284,7.5,1.22,1
SMH13290,17.4,18.16,1
SMH13292,13.175,15.5,1
SMH13298,17.96,15.08,1
SMH13299,18.83,15.39,1
SMH13305,13.1,31.85,1
SMH13370,15.64,15.64,1
SMH13372,17.03,3.78,0
SMH13379,37.07,37.07,1
SMH13381,22.48,22.48,1
SMH13394,23.72,27.76,1
SMH13400,13.36,2.95,0
SMH13401,17.1,17.1,1
SMH13404,19.21,21.19,1
SMH13409,11.958,13.34,1
SMH13410,12.8,12.8,1
SMH13412,16.8,16.8,1
SMH13417,13.702,2.6,0
SMH13421,34.61,36.04,1
SMH13425,19.94,21.61,1
SMH13438,39.8,39.87,1
SMH13445,25.11,26.06,1
SMH13446,17.03,3.36,0
SMH13450,17.25,3.74,0
SMH13464,12.669,0.72,0
SMH13478,24.4,24.59,1
SMH13480,15.45,21.97,1
SMH13483,25.29,26.63,1
SMH13495,35.67,35.67,1
SMH13496,26.15,34.65,1
SMH13498,28.28,29.89,1
SMH13499,33.78,34.58,1
SMH13518,25.58,25.61,1
SMH13528,21.44,4.0,0
SMH13533,21.673,3.39,0
SMH13535,17.2,16.98,1
SMH13542,13.8,16.71,1
SMH13544,34.18,34.18,1
SMH13550,30.32,32.94,1
SMH13552,21.05,21.05,1
SMH13584,10.35,0.98,0
SMH13589,28.99,12.49,0
SMH13596,15.33,21.82,1
SMH13599,21.53,22.92,1
SMH13615,30.85,30.85,1
SMH13624,17.13,16.45,1
SMH13628,16.05,16.05,1
SMH13630,16.42,0.32,0
SMH13636,15.302,15.3,1
SMH13637,23.212,24.3,1
SMH13646,23.05,2.94,0
SMH13652,29.55,29.55,1
SMH13655,30.74,30.75,1
SMH13658,20.13,17.56,1
SMH13659,46.53,29.09,0
SMH13666,17.73,18.28,1
SMH13673,13.77,13.77,1
SMH13676,19.49,7.89,0
SMH13679,17.76,22.32,1
SMH13680,27.02,19.98,1
SMH13682,10.0,10.5,1
SMH13684,19.67,19.68,1
SMH13685,17.6,18.64,1
SMH13699,13.82,4.95,0
SMH13701,33.13,19.29,0
SMH13704,27.7,27.72,1
SMH13708,24.29,25.51,1
SMH13710,25.67,15.23,0
SMH13722,16.74,17.44,1
SMH13723,19.46,19.46,1
SMH13726,12.25,2.01,0
SMH13736,16.23,0.84,0
SMH13737,10.07,3.07,1
SMH13742,22.47,4.36,0
SMH13746,19.81,19.46,1
SMH13761,17.05,18.96,1
SMH13764,38.21,38.29,1
SMH13766,33.22,33.57,1
SMH13782,20.94,16.06,1
SMH13802,37.93,37.96,1
SMH13807,21.3,3.64,0
SMH13821,17.59,5.34,0
SMH13833,12.62,14.57,1
SMH13835,24.8,26.55,1
SMH13843,10.69,11.18,1
SMH13846,14.17,14.17,1
SMH13849,17.34,5.13,0
SMH13851,10.32,10.32,1
SMH13857,23.06,23.74,1
SMH13859,13.4,16.01,1
SMH13885,8.08,8.95,1
SMH13889,28.64,28.64,1
SMH13891,18.18,17.46,1
SMH13894,15.55,18.99,1
SMH13902,11.76,9.71,1
SMH13904,5.18,5.18,1
SMH13913,25.77,8.69,0
SMH13917,28.84,28.94,1
SMH13925,12.7,12.94,1
SMH13935,13.0,21.15,1
SMH13939,23.07,23.07,1
SMH13949,7.01,9.05,1
SMH13950,14.6,17.69,1
SMH13959,23.55,23.55,1
SMH13979,16.68,17.73,1
SMH13980,14.12,14.12,1
SMH13981,17.09,17.63,1
SMH13984,24.71,16.51,0
SMH13987,9.22,9.22,1
SMH13991,12.4,12.4,1
SMH13996,13.08,13.08,1
SMH13999,27.77,27.81,1
SMH14005,24.3,24.3,1
SMH14009,8.9,15.77,1
SMH14011,18.69,23.07,1
SMH14016,33.94,36.86,1
SMH14022,17.58,17.37,1
SMH14025,32.58,16.21,0
SMH14026,17.56,12.73,1
SMH14031,20.76,20.22,1
SMH14054,18.95,18.95,1
SMH14055,14.35,15.7,1
SMH14057,14.11,14.11,1
SMH14076,23.51,23.8,1
SMH14087,33.76,21.01,0
SMH14090,37.614,37.61,1
SMH14100,13.8,13.8,1
SMH14103,28.47,28.48,1
SMH14116,15.063,10.2,1
SMH14120,8.6,8.81,1
SMH14121,10.47,11.13,1
SMH14122,19.2,3.58,0
SMH14129,19.03,3.08,0
SMH14130,19.98,2.36,0
SMH14139,19.15,19.15,1
SMH14142,33.52,32.9,1
SMH14143,16.57,16.57,1
SMH14151,23.82,23.82,1
SMH14153,35.2,29.36,1
SMH14175,12.61,11.26,1
SMH14177,28.85,27.86,1
SMH14181,16.15,16.15,1
SMH14185,15.29,22.12,1
SMH14186,9.63,6.33,1
SMH14189,39.69,31.78,1
SMH14193,9.03,9.03,1
SMH14194,7.04,7.06,1
SMH14196,11.96,10.22,1
SMH14198,3.41,5.48,1
SMH14216,15.764,4.8,0
SMH14217,13.09,13.85,1
SMH14218,30.21,30.21,1
SMH14220,21.5,21.78,1
SMH14229,20.92,20.92,1
SMH14240,23.91,4.51,0
SMH14242,41.74,30.51,0
SMH14249,31.08,14.8,0
SMH14254,22.56,4.74,0
SMH14259,24.08,18.61,1
SMH14261,21.49,21.75,1
SMH14266,23.58,1.71,0
SMH14272,17.4,16.64,1
SMH14274,14.77,3.13,0
SMH14276,15.73,5.76,0
SMH14279,9.8,0.64,0
SMH14284,46.208,42.61,1
SMH14288,24.77,9.44,0
SMH14316,35.97,35.97,1
SMH14321,23.57,23.57,1
SMH14335,23.26,23.26,1
SMH14346,31.14,31.16,1
SMH14350,27.25,26.9,1
SMH14367,34.96,31.12,1
SMH14388,15.37,15.37,1
SMH14395,29.25,28.49,1
SMH14398,18.07,18.25,1
SMH14404,16.85,16.85,1
SMH14415,17.11,17.11,1
SMH14428,14.98,12.36,1
SMH14435,24.71,14.85,0
SMH14446,19.21,20.5,1
SMH14451,9.0,1.0,1
SMH14457,13.7,21.14,1
SMH14469,14.34,14.34,1
SMH14474,24.9,24.93,1
SMH14480,15.78,15.78,1
SMH14487,14.79,14.8,1
SMH14488,14.25,14.26,1
SMH14489,10.26,10.35,1
SMH14497,14.17,14.18,1
SMH14500,20.215,13.54,1
SMH14503,21.2,11.92,0
SMH14508,24.8,24.89,1
SMH14509,24.167,24.31,1
SMH14513,20.15,21.16,1
SMH14521,19.44,22.45,1
SMH14531,18.245,18.34,1
SMH14532,24.16,26.63,1
SMH14546,17.756,17.76,1
SMH14553,8.5,0.93,1
SMH14560,11.657,11.66,1
SMH14584,31.704,28.78,1
SMH14587,14.19,14.19,1
SMH14608,22.8,28.65,1
SMH14610,30.862,24.52,1
SMH14611,20.24,20.24,1
SMH14624,26.82,20.4,1
SMH14626,19.58,23.23,1
SMH14632,13.76,28.76,1
SMH14638_2,7.32,20.73,1
SMH14645,22.15,22.15,1
SMH14648,20.54,25.95,1
SMH14653,24.67,26.19,1
SMH14657,22.91,25.18,1
SMH14670,5.0,12.31,1
SMH14677,17.37,17.67,1
SMH14692,37.88,30.49,1
SMH14698,30.26,31.93,1
SMH14703,36.18,36.18,1
SMH14716,10.4,9.67,1
SMH14717,17.87,17.87,1
SMH14734,16.3,16.38,1
SMH14760/27929/27930,25.92,25.92,1
SMH14763,19.53,19.53,1
SMH14773,41.42,29.8,0
SMH14781,17.67,21.46,1
SMH14782,13.866,1.19,0
SMH14794,12.445,1.07,0
SMH14795,31.37,22.16,0
SMH14801,14.19,14.21,1
SMH14806,16.19,16.19,1
SMH14809,11.72,0.53,0
SMH14810,30.32,1.58,0
SMH14819,8.931,0.93,0
SMH14824,22.99,27.08,1
SMH14838,23.86,23.56,1
SMH14847,16.99,16.99,1
SMH14850,19.55,17.81,1
SMH14851,9.384,0.68,0
SMH14865,50.13,7.18,0
SMH14871,14.39,23.93,1
SMH14876,32.29,1.31,0
SMH14882,15.64,26.92,1
SMH14893,22.63,1.38,0
SMH14903,26.65,2.59,0
SMH14912,16.95,45.0,1
SMH14915,16.51,29.24,1
SMH14920,17.32,17.77,1
SMH14925,11.44,13.55,1
SMH14928,23.12,19.5,1
SMH14934,31.68,31.68,1
SMH14941,27.19,26.31,1
SMH14956,24.55,23.96,1
SMH14957,21.14,21.14,1
SMH14958,14.96,14.96,1
SMH14964,14.62,19.39,1
SMH14965,22.15,23.72,1
SMH14979,17.53,17.53,1
SMH14983,15.74,15.75,1
SMH14986,11.55,11.66,1
SMH15006,31.3,31.31,1
SMH15013,13.1,13.72,1
SMH15018,16.38,16.38,1
SMH15025,23.35,23.35,1
SMH15026,13.08,1.37,0
SMH15038,26.17,25.91,1
SMH15041,20.93,20.93,1
SMH15042,19.73,19.74,1
SMH15051,29.95,26.97,1
SMH15057,22.42,22.42,1
SMH15059,17.85,17.85,1
SMH15066,13.6,21.5,1
SMH15070,38.66,26.41,0
SMH15071,16.71,16.71,1
SMH15073,35.47,27.93,1
SMH15074,32.56,25.47,1
SMH15080,20.93,20.93,1
SMH15082,21.46,21.46,1
SMH15091,33.36,11.9,0
SMH15115,16.95,18.45,1
SMH15124,14.28,30.5,1
SMH15129,11.85,20.3,1
SMH15132,13.26,15.87,1
SMH15137,14.74,20.82,1
SMH15150,28.38,28.38,1
SMH15154,28.2,28.2,1
SMH15158,17.95,33.47,1
SMH15160,18.18,19.15,1
SMH15169,18.78,20.07,1
SMH15171,27.94,27.94,1
SMH15176,29.31,29.31,1
SMH15180,15.98,7.49,0
SMH15181,17.2,8.09,0
SMH15183,18.65,18.72,1
SMH15191,18.92,25.02,1
SMH15194,14.44,16.83,1
SMH15195,16.79,18.17,1
SMH15206,8.07,8.17,1
SMH15208,19.8,19.8,1
SMH15211,18.32,18.32,1
SMH15212,69.51,69.52,1
SMH15215,14.89,14.89,1
SMH15219,17.14,21.82,1
SMH15221,11.15,11.15,1
SMH15229,16.06,16.06,1
SMH15234,18.85,18.59,1
SMH15236,16.2,20.59,1
SMH15241,15.62,9.71,1
SMH15245,14.48,13.18,1
SMH15253,14.13,24.63,1
SMH15255,16.82,20.25,1
SMH15267,24.96,19.57,1
SMH15281,11.48,16.6,1
SMH15289,29.71,20.2,0
SMH15292,15.43,15.43,1
SMH15296,19.21,19.23,1
SMH15297,14.36,4.28,0
SMH15298,17.07,17.07,1
SMH15301,19.4,19.46,1
SMH15302,17.19,11.83,1
SMH15324,22.53,24.39,1
SMH15329,10.54,15.98,1
SMH15332,20.49,2.61,0
SMH15343,15.58,15.58,1
SMH15346,29.06,27.53,1
SMH15356,23.21,25.35,1
SMH15358,22.28,22.17,1
SMH15374,13.25,23.53,1
SMH15388,15.48,15.48,1
SMH15401,20.93,20.93,1
SMH15406,15.34,20.16,1
SMH15407,13.83,20.53,1
SMH15412,15.42,15.42,1
SMH15414,19.08,11.44,1
SMH15416,27.28,27.28,1
SMH15417,27.0,27.14,1
SMH15420,17.79,1.8,0
SMH15421,18.15,0.0,0
SMH15431,14.86,3.91,0
SMH15432,51.57,51.57,1
SMH15434,16.3,3.38,0
SMH15439,12.1,1.08,0
SMH15443,37.48,18.47,0
SMH15445,15.18,4.07,0
SMH15448,14.4,14.89,1
SMH15485,19.47,11.82,1
SMH15492,29.49,27.75,1
SMH15493,31.26,30.54,1
SMH15497,28.74,28.74,1
SMH15519,7.22,0.21,1
SMH15521,9.2,0.16,0
SMH15522,12.12,0.24,0
SMH15523,18.1,4.2,0
SMH15527,19.35,19.35,1
SMH15532,16.06,14.28,1
SMH15534,22.17,22.17,1
SMH15540,16.96,16.96,1
SMH15549,22.19,16.75,1
SMH15570,13.74,13.77,1
SMH15571,14.34,14.35,1
SMH15572,16.71,16.74,1
SMH15573,17.85,7.74,0
SMH15584,19.0,7.49,0
SMH15588,13.21,9.82,1
SMH15599,22.61,22.61,1
SMH15601,13.65,8.92,1
SMH15602,12.05,7.89,1
SMH15622,14.97,3.86,0
SMH15628,18.76,31.63,1
SMH15632,18.21,18.28,1
SMH15633,16.89,20.02,1
SMH15634,27.26,27.33,1
SMH15637,35.74,34.28,1
SMH15640,39.03,39.03,1
SMH15643,15.15,15.79,1
SMH15662,10.1,10.1,1
SMH15666,63.06,63.09,1
SMH15668,25.56,20.8,1
SMH15671,17.92,17.92,1
SMH15675,20.54,20.54,1
SMH15678,26.87,26.87,1
SMH15683,16.0,16.01,1
SMH15684,28.56,28.57,1
SMH15686,15.16,13.0,1
SMH15696,39.41,27.44,0
SMH15701,51.11,39.29,0
SMH15702,23.24,23.24,1
SMH15704,15.3,15.3,1
SMH15706,43.64,43.64,1
SMH15708,16.56,16.56,1
SMH15714,13.3,13.3,1
SMH15718,13.51,13.51,1
SMH15728,13.01,13.01,1
SMH15730,19.5,14.3,1
SMH15740,15.63,12.7,1
SMH15748,14.646,14.53,1
SMH15750,17.19,11.58,1
SMH15752,17.27,0.76,0
SMH15789,19.02,19.03,1
SMH15817,40.15,8.12,0
SMH15824,14.46,14.5,1
SMH15825,13.31,13.31,1
SMH15827,18.22,18.22,1
SMH15828,16.91,16.95,1
SMH15868,26.65,2.48,0
SMH15886,22.05,0.0,0
SMH15894,13.69,1.19,0
SMH15897,37.55,36.24,1
SMH15899,14.79,2.0,0
SMH16269,19.59,22.42,1
SMH16283,18.77,18.79,1
SMH16289,15.67,15.67,1
SMH16290,15.85,16.27,1
SMH16309,12.68,19.27,1
SMH16312,13.43,18.07,1
SMH16319,24.4,24.43,1
SMH16320,14.61,18.42,1
SMH16323,18.17,19.91,1
SMH16325,25.0,25.01,1
SMH16326,18.15,18.15,1
SMH16336,20.61,20.61,1
SMH16339,20.76,20.78,1
SMH16340,30.24,30.47,1
SMH16505,37.32,31.78,1
SMH16512,22.17,22.18,1
SMH16518,14.9,1.3,0
SMH16537,23.46,0.96,0
SMH16548,42.91,8.83,0
SMH16565,37.95,11.8,0
SMH16567,32.41,2.92,0
SMH16607,10.5,0.72,0
SMH16619,32.29,6.45,0
SMH16625,40.75,7.52,0
SMH16627,13.91,1.62,0
SMH16629,12.09,2.12,0
SMH16630,16.93,16.98,1
SMH16631,17.38,17.4,1
SMH16809,23.1,1.61,0
SMH16810,26.41,2.09,0
SMH16834,10.02,10.03,1
SMH16835,14.81,14.81,1
SMH16839,13.5,14.27,1
SMH16840,16.05,0.0,0
SMH16856,15.63,15.8,1
SMH16858,13.76,14.38,1
SMH16861,16.59,16.62,1
SMH16913,23.98,21.46,1
SMH16921,32.1,1.97,0
SMH16927,29.64,1.5,0
SMH16928,35.63,5.64,0
SMH16929,29.54,0.96,0
SMH16933,13.95,2.31,0
SMH16950,20.1,20.33,1
SMH16951,10.92,0.03,0
SMH16955,16.12,16.16,1
SMH16966,25.42,20.84,1
SMH17032,19.64,16.4,1
SMH17039,41.81,5.67,0
SMH17041,35.62,4.0,0
SMH17068,41.59,41.6,1
SMH17073,40.31,9.45,0
SMH17082,12.86,1.81,0
SMH17116,16.65,16.65,1
SMH17122,19.4,0.0,0
SMH17123,19.58,0.0,0
SMH17149,24.08,2.73,0
SMH17153,39.54,19.17,0
SMH17160,22.37,14.33,0
SMH17174,14.59,17.25,1
SMH17183,28.68,16.85,0
SMH17187,23.92,23.92,1
SMH17188,21.31,21.31,1
SMH17192,28.56,24.28,1
SMH17200,44.04,44.02,1
SMH17206,32.49,32.08,1
SMH17209,22.96,17.53,1
SMH17213,20.31,15.85,1
SMH17214,22.68,14.65,0
SMH17218,19.15,15.61,1
SMH17221,33.68,29.84,1
SMH17232,13.07,13.07,1
SMH17238,36.69,18.64,0
SMH17245,23.35,8.27,0
SMH17251,16.76,9.55,1
SMH17258,19.01,19.01,1
SMH17260,19.26,19.26,1
SMH17264,22.13,20.67,1
SMH17265,23.77,23.77,1
SMH17269,17.98,14.92,1
SMH17279,30.4,24.99,1
SMH17283,22.178,13.23,0
SMH17284,21.29,15.24,1
SMH17296,16.32,16.32,1
SMH17310,23.51,26.31,1
SMH17321,12.65,13.47,1
SMH17382,19.82,19.82,1
SMH17386,11.7,15.86,1
SMH17387,9.48,10.19,1
SMH17388,10.51,10.81,1
SMH17397,12.29,13.14,1
SMH17401,15.04,15.04,1
SMH17402,36.05,36.06,1
SMH17406,20.69,22.35,1
SMH17419,19.17,15.59,1
SMH17421,34.29,34.29,1
SMH17471,23.16,21.86,1
SMH17475,13.28,13.28,1
SMH17476,13.87,13.87,1
SMH17503,13.2,15.1,1
SMH17559,16.11,19.27,1
SMH17564,18.43,18.43,1
SMH17565,21.17,21.82,1
SMH17573,18.07,18.08,1
SMH17575,14.07,14.15,1
SMH17582,15.52,18.65,1
SMH17589,24.35,24.8,1
SMH17590,24.87,26.33,1
SMH17595,29.18,27.36,1
SMH17607,37.1,34.35,1
SMH17623,17.24,17.24,1
SMH17624,16.45,16.45,1
SMH17628,15.31,19.68,1
SMH17631,16.24,17.87,1
SMH17636,27.25,27.25,1
SMH17645,13.56,13.56,1
SMH17658,16.53,16.53,1
SMH17667,14.57,14.57,1
SMH17669,15.42,15.42,1
SMH17675,35.23,29.04,1
SMH17676,33.71,27.4,1
SMH17677,44.69,37.91,1
SMH17678,14.51,14.51,1
SMH17685,32.12,26.03,1
SMH17690,39.17,39.17,1
SMH17695,18.11,18.11,1
SMH17699,11.23,11.25,1
SMH17700,25.04,25.04,1
SMH17702,19.72,19.73,1
SMH17714,34.27,34.27,1
SMH17724,18.67,17.3,1
SMH17725,23.22,23.22,1
SMH17733,13.556,13.56,1
SMH17743,17.66,17.67,1
SMH17746,22.97,18.28,1
SMH17769,14.98,18.21,1
SMH17784,20.73,18.26,1
SMH17795,19.03,19.03,1
SMH17805,14.21,14.21,1
SMH17829,12.79,15.62,1
SMH17832,20.7,20.71,1
SMH17834/51299,23.01,18.92,1
SMH17834/51299_2,23.01,17.9,1
SMH17841,38.5,31.59,1
SMH17844,15.69,9.11,1
SMH17845,16.41,9.27,1
SMH17847,16.69,13.41,1
SMH17870,22.46,22.46,1
SMH17890,10.9,14.31,1
SMH17905,13.25,11.87,1
SMH17920,9.73,18.5,1
SMH17922,15.6,16.47,1
SMH17925,14.79,19.56,1
SMH17943,22.2,22.2,1
SMH17958,15.96,16.0,1
SMH17960,19.79,19.79,1
SMH17963,13.59,28.78,1
SMH17978,13.97,0.37,0
SMH17979,18.78,18.78,1
SMH17986,27.16,27.16,1
SMH17995,13.51,14.46,1
SMH18009,11.46,19.59,1
SMH18026,11.69,22.82,1
SMH18038,13.79,13.93,1
SMH18043,18.96,6.38,0
SMH18064,31.11,33.54,1
SMH18091,11.2,11.2,1
SMH18098,15.85,1.29,0
SMH18103,14.39,17.64,1
SMH18108,17.93,17.94,1
SMH18115,13.35,13.35,1
SMH18120,15.0,1.21,0
SMH18136,16.83,16.83,1
SMH18138,14.13,15.23,1
SMH18142,17.07,7.88,0
SMH18182,14.85,12.5,1
SMH18231,15.29,26.88,1
SMH18233,13.85,13.87,1
SMH18246,11.6,13.75,1
SMH18261,10.21,10.21,1
SMH18262,15.9,15.9,1
SMH18263,13.79,18.74,1
SMH18324,12.61,10.11,1
SMH18345,16.1,11.65,1
SMH18349,15.1,12.61,1
SMH18350,32.2,32.2,1
SMH18351,17.369,14.46,1
SMH18352,11.09,19.52,1
SMH18354,14.23,0.45,0
SMH18360,15.71,17.45,1
SMH18366,15.72,15.72,1
SMH18368,17.64,17.64,1
SMH18395,15.32,24.33,1
SMH18396,14.16,30.03,1
SMH18407,22.72,22.72,1
SMH18413,22.37,21.4,1
SMH18424,38.96,38.96,1
SMH18426,27.39,3.26,0
SMH18428,64.24,64.28,1
SMH18432,20.0,20.0,1
SMH18436,27.61,25.45,1
SMH18449,23.08,23.08,1
SMH18450,21.38,19.99,1
SMH18467,23.79,14.86,0
SMH18474,18.67,18.68,1
SMH18481,22.95,12.63,0
SMH18506,20.72,17.65,1
SMH18516,21.85,21.85,1
SMH18524,18.99,19.25,1
SMH18555,12.02,12.69,1
SMH18607,27.34,27.34,1
SMH18615,13.18,14.48,1
SMH18628,25.95,27.68,1
SMH18631,23.85,24.41,1
SMH18634,25.22,28.06,1
SMH18636,21.61,22.9,1
SMH18647,46.39,24.08,0
SMH18662,19.75,21.09,1
SMH18664,20.6,26.63,1
SMH18665,21.2,26.55,1
SMH18666,17.68,22.2,1
SMH18673,18.4,0.84,0
SMH18675,16.93,3.66,0
SMH18678,23.49,6.4,0
SMH18679,14.06,6.83,1
SMH18681,15.95,15.95,1
SMH18684,24.27,9.75,0
SMH18688,18.72,4.51,0
SMH18698,19.23,22.23,1
SMH18702,18.82,21.88,1
SMH18705,19.73,21.58,1
SMH18732,19.22,6.28,0
SMH18736,24.3,24.37,1
SMH18740,26.42,26.42,1
SMH18743,25.78,25.79,1
SMH18746,34.92,31.98,1
SMH18763,12.27,22.39,1
SMH18764,12.9,20.59,1
SMH18773,14.24,26.76,1
SMH18781,30.02,29.13,1
SMH18783,38.35,35.89,1
SMH18785,36.06,33.87,1
SMH18788,35.89,34.52,1
SMH18809,26.17,25.87,1
SMH18810,24.79,24.79,1
SMH18813,25.63,26.98,1
SMH18826,28.12,29.65,1
SMH18827,32.53,32.67,1
SMH18832,38.98,38.98,1
SMH18848,34.73,34.73,1
SMH18849,34.76,34.76,1
SMH18854,29.18,29.18,1
SMH18859,35.97,35.99,1
SMH18862,40.05,28.37,0
SMH18864,47.3,47.3,1
SMH18870,30.2,30.2,1
SMH18872,26.8,26.8,1
SMH18877,18.74,0.84,0
SMH18880,19.1,21.84,1
SMH18885,22.05,22.06,1
SMH18893,11.7,11.7,1
SMH18897,11.75,15.03,1
SMH18900,37.2,36.58,1
SMH18903,38.46,38.46,1
SMH18907,27.92,31.39,1
SMH18913,14.43,1.48,0
SMH18929,30.573,4.79,0
SMH18931,26.58,14.78,0
SMH18934,28.61,26.32,1
SMH18935,11.3,11.33,1
SMH18937,28.9,29.53,1
SMH18938,14.1,19.21,1
SMH18950,26.21,24.23,1
SMH18961,28.72,30.17,1
SMH18964,17.5,13.93,1
SMH18965,16.1,16.1,1
SMH18974,34.57,34.57,1
SMH18978,27.92,27.93,1
SMH18986,28.94,28.94,1
SMH18987,34.38,34.38,1
SMH18989,12.32,0.43,0
SMH18991,12.84,4.72,0
SMH18992,19.72,9.24,0
SMH19002,11.71,14.71,1
SMH19021,27.18,22.78,1
SMH19023,12.74,6.15,1
SMH19032,22.25,22.57,1
SMH19041,16.96,17.26,1
SMH19048,15.98,6.66,0
SMH19056,10.92,5.22,1
SMH19061,20.62,2.96,0
SMH19075,11.03,13.09,1
SMH19076,8.38,11.29,1
SMH19082,29.44,3.31,0
SMH19087,23.97,2.81,0
SMH19090,18.79,0.72,0
SMH19095,21.95,8.63,0
SMH19099,15.82,10.58,1
SMH19101,14.8,16.17,1
SMH19108,23.05,23.06,1
SMH19111,19.14,3.22,0
SMH19112,15.56,3.49,0
SMH19138,11.0,5.77,1
SMH19143,9.1,4.67,1
SMH19145,15.55,15.55,1
SMH19146,9.17,7.68,1
SMH19147,12.08,7.75,1
SMH19160,15.53,15.53,1
SMH19165,9.3,8.02,1
SMH19166,11.85,9.06,1
SMH19181,42.334,43.47,1
SMH19183,12.28,6.59,1
SMH19190,16.25,4.75,0
SMH19195,17.07,12.1,1
SMH19196,10.15,4.87,1
SMH19202,17.21,21.25,1
SMH19220,15.4,16.67,1
SMH19224,9.45,9.45,1
SMH19225,9.88,9.88,1
SMH19227,15.91,13.69,1
SMH19234,21.7,17.06,1
SMH19240,18.59,18.59,1
SMH19251,16.98,17.0,1
SMH19254,15.0,21.22,1
SMH19257,16.91,18.23,1
SMH19261,20.11,20.11,1
SMH19269,12.06,13.81,1
SMH19275,16.21,17.09,1
SMH19277,28.28,28.28,1
SMH19279,9.34,11.31,1
SMH19289,12.8,13.56,1
SMH19297,13.31,14.91,1
SMH19298,13.85,15.22,1
SMH19305,16.29,18.8,1
SMH19310,17.17,17.19,1
SMH19315,10.56,10.57,1
SMH19318,16.62,18.86,1
SMH19319,16.17,16.36,1
SMH19323,7.66,13.83,1
SMH19329,11.21,11.21,1
SMH19335,22.31,18.97,1
SMH19339,23.72,23.72,1
SMH19341,30.35,33.7,1
SMH19348,29.03,29.03,1
SMH19360,20.1,20.1,1
SMH19372,26.12,27.89,1
SMH19375,26.32,26.35,1
SMH19376,14.97,14.97,1
SMH19377,18.04,18.04,1
SMH19384,14.69,14.69,1
SMH19406,43.49,45.06,1
SMH19422,10.92,6.96,1
SMH19432,41.63,42.98,1
SMH19483,10.57,19.11,1
SMH19590,15.09,15.89,1
SMH19592,16.21,17.62,1
SMH19661,15.199,16.12,1
SMH19670,13.5,1.98,0
SMH19674,18.5,18.5,1
SMH19679,17.527,12.81,1
SMH19680,17.26,23.42,1
SMH19684,22.69,22.81,1
SMH19693,20.3,18.43,1
SMH19695,11.6,23.55,1
SMH19699,11.0,11.61,1
SMH19702,16.8,16.8,1
SMH19703,55.31,49.18,1
SMH19706,18.5,11.56,1
SMH19707,16.13,16.14,1
SMH19728,22.01,22.03,1
SMH19730,22.02,25.03,1
SMH19731,21.88,24.51,1
SMH19737,31.4,32.77,1
SMH19739,31.8,33.5,1
SMH19749,12.55,12.68,1
SMH19757,17.5,17.51,1
SMH19760,18.89,18.89,1
SMH19762,20.81,12.23,0
SMH19764,11.78,13.94,1
SMH19768,15.22,21.48,1
SMH19774,22.42,25.22,1
SMH19775,19.25,19.25,1
SMH19781,23.35,23.35,1
SMH19788,14.39,22.86,1
SMH19802,16.04,1.53,0
SMH19808,44.66,44.78,1
SMH19810,12.89,19.61,1
SMH19812,13.4,28.6,1
SMH19815,19.31,19.32,1
SMH19820,11.1,3.93,1
SMH19821,12.5,12.5,1
SMH19822,15.4,13.91,1
SMH19826,18.38,18.39,1
SMH19828,13.41,22.12,1
SMH19834,16.83,17.98,1
SMH19836,12.27,20.99,1
SMH19840,33.34,33.34,1
SMH19843,17.0,44.25,1
SMH19844,25.43,25.43,1
SMH19845,65.43,65.43,1
SMH19847_2,26.87,26.87,1
SMH19848,10.58,15.79,1
SMH19850,20.203,20.2,1
SMH19852,14.87,14.87,1
SMH19857,10.2,17.95,1
SMH19858,25.2,26.26,1
SMH19861,27.95,27.95,1
SMH19863,58.81,58.97,1
SMH19870,14.2,14.2,1
SMH19877,27.91,25.91,1
SMH19880,16.5,18.65,1
SMH19886,11.74,11.75,1
SMH19892,14.0,19.21,1
SMH19920,27.87,40.05,1
SMH19994,18.53,21.36,1
SMH20001,13.65,13.65,1
SMH20015,19.54,21.18,1
SMH20028,16.7,3.5,0
SMH20029,19.65,21.79,1
SMH20033,17.42,19.3,1
SMH20037,18.43,19.56,1
SMH20043,18.47,2.0,0
SMH20048,36.42,27.26,0
SMH20051,24.75,25.8,1
SMH20053,24.09,28.76,1
SMH20058,16.41,17.87,1
SMH20061,26.73,26.73,1
SMH20063,29.38,29.7,1
SMH20065,17.61,3.91,0
SMH20066,18.7,2.54,0
SMH20068,19.3,10.74,0
SMH20069,11.5,0.84,0
SMH20074,19.7,22.06,1
SMH20079,24.01,25.38,1
SMH20081,21.84,22.36,1
SMH20088,35.03,35.17,1
SMH20090,18.96,22.22,1
SMH20093,15.55,15.55,1
SMH20095,15.68,1.33,0
SMH20108,25.51,34.07,1
SMH20111,15.6,11.82,1
SMH20112,20.94,23.48,1
SMH20113,13.05,4.05,0
SMH20119,33.78,33.8,1
SMH20125,24.66,24.66,1
SMH20136,42.19,42.19,1
SMH20138,21.14,3.35,0
SMH20142,15.459,13.64,1
SMH20154,17.81,15.49,1
SMH20162,23.44,3.21,0
SMH20167,33.05,33.05,1
SMH20176,35.28,35.83,1
SMH20178,18.48,18.36,1
SMH20184,46.92,46.92,1
SMH20192,37.34,37.34,1
SMH20204,31.56,22.89,0
SMH20209,16.99,17.74,1
SMH20216,16.83,22.21,1
SMH20217,16.1,16.79,1
SMH20218,22.23,23.96,1
SMH20220,24.84,15.31,0
SMH20221,14.85,1.0,0
SMH20225,7.4,0.55,1
SMH20239,13.87,14.57,1
SMH20252,46.0,46.02,1
SMH20279,15.46,1.51,0
SMH20282,33.09,13.93,0
SMH20295,19.3,22.57,1
SMH20300,6.81,0.0,1
SMH20302,35.47,35.43,1
SMH20303,24.74,24.74,1
SMH20305,36.12,35.42,1
SMH20309,14.56,14.56,1
SMH20311,13.85,20.3,1
SMH20313,14.57,5.24,0
SMH20318,32.45,23.68,0
SMH20321,14.4,1.83,0
SMH20352,19.32,19.15,1
SMH20358,15.72,1.18,0
SMH20368,28.25,6.65,0
SMH20376,32.12,32.13,1
SMH20389,21.68,3.34,0
SMH20410,14.01,14.01,1
SMH20412,32.93,32.94,1
SMH20415,19.44,2.82,0
SMH20433,37.43,37.43,1
SMH20439,11.94,1.35,0
SMH20441,29.18,2.96,0
SMH20456,15.32,0.0,0
SMH20470,21.15,24.94,1
SMH20473,18.36,18.02,1
SMH20479,10.27,11.99,1
SMH20481,18.57,17.65,1
SMH20484,24.15,24.15,1
SMH20485,23.14,23.14,1
SMH20490,14.9,17.43,1
SMH20509,28.22,28.22,1
SMH20510,10.49,11.64,1
SMH20514/47398,26.3,26.31,1
SMH20529/54044,28.68,28.68,1
SMH20529/54044_2,28.68,28.68,1
SMH20531,29.13,29.24,1
SMH20535,14.61,14.61,1
SMH20542,23.92,23.92,1
SMH20550,33.82,8.83,0
SMH20551,29.95,4.76,0
SMH20561,25.3,24.93,1
SMH20565,39.95,39.95,1
SMH20572,15.67,18.26,1
SMH20575,15.47,22.04,1
SMH20579,10.7,19.24,1
SMH20584,14.8,2.09,0
SMH20585,16.31,2.57,0
SMH20600,9.37,9.37,1
SMH20602,15.63,16.55,1
SMH20605,16.01,2.68,0
SMH20626,40.06,40.06,1
SMH20629,14.62,4.94,0
SMH20638,17.03,23.7,1
SMH20639,17.312,23.09,1
SMH20648,12.09,16.16,1
SMH20650,14.51,18.82,1
SMH20655,29.49,29.5,1
SMH20662,33.32,29.46,1
SMH20663,20.21,18.24,1
SMH20668,18.66,18.66,1
SMH20680,13.3,13.3,1
SMH20734,34.39,19.23,0
SMH20765,17.3,4.3,0
SMH20770,21.06,2.66,0
SMH20780,34.55,33.46,1
SMH20786,43.46,40.53,1
SMH20792,17.779,15.51,1
SMH20799,24.31,24.32,1
SMH20813,7.74,7.74,1
SMH20816,11.12,9.8,1
SMH20817,11.03,20.32,1
SMH20818,12.66,10.83,1
SMH20821,17.96,18.49,1
SMH20823,11.61,12.14,1
SMH20831,12.44,12.44,1
SMH20836,11.67,9.75,1
SMH20855,27.69,27.72,1
SMH20864,17.36,17.36,1
SMH20875,14.02,0.98,0
SMH20893,15.668,4.58,0
SMH20894,14.1,3.94,0
SMH20896,13.78,13.78,1
SMH20897,20.19,5.35,0
SMH20901,14.39,15.73,1
SMH20903,18.62,17.36,1
SMH20909,9.5,0.69,0
SMH20910,12.0,1.96,0
SMH20911,10.3,0.08,0
SMH20916,12.73,12.58,1
SMH20928,26.24,25.75,1
SMH20951,21.07,19.29,1
SMH20952,16.63,15.86,1
SMH20962,12.81,17.21,1
SMH20966,19.03,19.03,1
SMH20967,19.25,19.25,1
SMH20971,28.65,0.66,0
SMH20972,48.11,48.11,1
SMH20981,35.67,35.67,1
SMH20982,38.88,31.58,1
SMH20993,15.74,15.74,1
SMH20996,27.15,25.9,1
SMH20997,24.43,24.43,1
SMH21000,38.2,33.07,1
SMH21004,13.72,13.73,1
SMH21005,16.84,16.84,1
SMH21006,14.43,14.43,1
SMH21016,16.26,16.26,1
SMH21021,17.18,17.18,1
SMH21024,15.27,14.13,1
SMH21025,17.97,17.97,1
SMH21034,14.3,14.3,1
SMH21035,9.31,1.47,1
SMH21037,17.4,14.88,1
SMH21049,20.9,20.9,1
SMH21055,15.09,15.1,1
SMH21063,20.96,20.96,1
SMH21064,21.26,21.27,1
SMH21076,19.78,19.81,1
SMH21077,19.44,19.44,1
SMH21079,11.03,11.04,1
SMH21082,14.4,14.4,1
SMH21087,13.16,13.17,1
SMH21091,18.27,18.27,1
SMH21098,17.19,17.2,1
SMH21100,9.9,5.95,1
SMH21105,19.9,11.74,0
SMH21115,7.2,7.2,1
SMH21116,12.111,28.24,1
SMH21117,11.0,27.9,1
SMH21123,12.4,12.4,1
SMH21124,13.3,13.85,1
SMH21127,18.427,18.43,1
SMH21130,17.61,21.93,1
SMH21135,18.59,32.31,1
SMH21162,17.967,17.97,1
SMH21173,10.3,8.99,1
SMH21207,24.51,27.1,1
SMH21211,26.709,26.71,1
SMH21222,19.17,19.17,1
SMH21225,18.71,21.96,1
SMH21227,21.2,23.12,1
SMH21228,20.533,24.0,1
SMH21233,21.14,24.21,1
SMH21266,22.2,27.59,1
SMH21279,29.82,27.3,1
SMH21286,35.4,35.42,1
SMH21297,19.7,19.77,1
SMH21305,20.396,18.36,1
SMH21323,22.14,22.15,1
SMH21327,27.1,27.1,1
SMH21328,25.5,25.5,1
SMH21334,13.18,18.3,1
SMH21340,34.5,4.82,0
SMH21353,13.84,21.27,1
SMH21369,19.86,19.86,1
SMH21376,26.22,24.25,1
SMH21377,14.74,14.75,1
SMH21382,21.01,21.04,1
SMH21384,24.77,24.79,1
SMH21389,12.13,14.21,1
SMH21400,18.02,0.97,0
SMH21408,32.09,28.85,1
SMH21409,28.15,12.05,0
SMH21414,21.92,22.04,1
SMH21425,16.76,20.29,1
SMH21426,21.34,25.76,1
SMH21431,13.82,10.59,1
SMH21432,23.2,23.2,1
SMH21433,22.46,7.64,0
SMH21437,25.59,2.68,0
SMH21439,25.21,25.4,1
SMH21446,13.77,13.05,1
SMH21447,11.0,1.03,0
SMH21448,18.63,18.41,1
SMH21452,20.16,1.05,0
SMH21454,25.08,25.76,1
SMH21457,42.9,37.1,1
SMH21473,17.07,18.93,1
SMH21474,18.19,18.89,1
SMH21496,11.33,13.72,1
SMH21506,16.55,16.55,1
SMH21515,18.22,20.44,1
SMH21525,18.83,1.62,0
SMH21533,18.4,18.4,1
SMH21545,34.26,11.18,0
SMH21547,22.3,18.95,1
SMH21554,16.98,19.68,1
SMH21566,19.48,16.73,1
SMH21572,19.15,19.16,1
SMH21577,15.4,1.33,0
SMH21587,24.26,24.48,1
SMH21594,18.23,16.86,1
SMH21596a,31.59,9.23,0
SMH21600,16.79,16.79,1
SMH21606,16.7,25.2,1
SMH21610,33.44,30.56,1
SMH21612,27.21,1.35,0
SMH21628,16.69,16.69,1
SMH21629,15.21,15.21,1
SMH21650,20.27,6.18,0
SMH21658,31.75,8.25,0
SMH21662,16.18,16.18,1
SMH21674,19.34,19.34,1
SMH21678,21.01,6.14,0
SMH21701,22.32,17.16,1
SMH21710,10.31,10.69,1
SMH21711,17.91,16.87,1
SMH21715,17.78,17.78,1
SMH21744,13.32,13.32,1
SMH21749,11.64,4.64,1
SMH21762,13.15,24.27,1
SMH21765,12.02,21.29,1
SMH21766,15.27,23.31,1
SMH21778,14.22,14.68,1
SMH21783,16.52,18.8,1
SMH21790,19.39,19.39,1
SMH21798,18.18,20.94,1
SMH21800,14.72,17.15,1
SMH21801,20.09,20.09,1
SMH21805,27.98,27.98,1
SMH21806,13.8,13.8,1
SMH21807,28.07,27.3,1
SMH21812,19.73,10.83,0
SMH21815,19.54,7.69,0
SMH21825,25.67,25.59,1
SMH21833,14.07,18.21,1
SMH21838,16.4,23.58,1
SMH21841,29.24,29.24,1
SMH21842,29.49,29.49,1
SMH21850,21.99,21.99,1
SMH21851,63.28,63.3,1
SMH21852,17.84,19.23,1
SMH21880,18.54,18.54,1
SMH21881,19.0,19.01,1
SMH21890,12.57,12.57,1
SMH21901,20.09,21.15,1
SMH21904,16.08,16.08,1
SMH21916,11.35,7.43,1
SMH21929,22.08,22.08,1
SMH21935,22.35,14.7,1
SMH21940,11.35,5.32,1
SMH21944,15.45,6.27,0
SMH21947,14.35,8.1,1
SMH21949,16.33,16.38,1
SMH21950,16.64,9.42,1
SMH21968,27.15,27.15,1
SMH21969,13.77,31.49,1
SMH21970,21.74,25.91,1
SMH21973,15.47,15.45,1
SMH21978,16.62,15.21,1
SMH21987,54.21,54.25,1
SMH21997,16.37,16.37,1
SMH22001,19.21,14.57,1
SMH22024,19.31,19.32,1
SMH22028,28.79,25.08,1
SMH22045,17.28,19.61,1
SMH22052,17.43,5.29,0
SMH22055,26.45,26.48,1
SMH22056,25.6,25.61,1
SMH22058,39.97,39.6,1
SMH22064,18.89,19.33,1
SMH22068,15.5,1.06,0
SMH22078,19.49,2.16,0
SMH22085,15.08,9.47,1
SMH22086,15.81,10.46,1
SMH22088,23.48,23.48,1
SMH22090,30.57,30.57,1
SMH22091,15.93,14.2,1
SMH22092,28.56,28.56,1
SMH22094,38.17,28.63,0
SMH22110,13.8,13.82,1
SMH22115,22.06,22.06,1
SMH22119,35.0,25.27,0
SMH22124,27.94,24.91,1
SMH22138,28.6,28.61,1
SMH22144,13.39,2.32,0
SMH22145,12.87,12.87,1
SMH22160,15.87,15.87,1
SMH22168,21.01,21.01,1
SMH22169,19.36,17.24,1
SMH22174,16.18,16.18,1
SMH22175,20.98,23.3,1
SMH22179,25.87,20.71,1
SMH22188,17.86,18.67,1
SMH22199,20.05,1.71,0
SMH22211,27.6,27.26,1
SMH22213,8.05,0.57,1
SMH22218,25.94,16.65,0
SMH22223,11.12,11.12,1
SMH22229,10.34,10.34,1
SMH22238,20.49,2.98,0
SMH22239,18.04,0.6,0
SMH22248,14.93,3.9,0
SMH22251,18.28,2.65,0
SMH22254,45.03,45.05,1
SMH22260,29.73,29.73,1
SMH22272,26.27,26.27,1
SMH22276,10.2,10.2,1
SMH22287,10.72,10.72,1
SMH22288,16.03,16.03,1
SMH22293,25.59,22.94,1
SMH22295,66.15,66.17,1
SMH22299,21.62,21.62,1
SMH22301,21.68,20.06,1
SMH22304,28.02,23.9,1
SMH22305,37.84,29.17,0
SMH22312,15.67,11.1,1
SMH22317,11.5,13.07,1
SMH22318,14.26,9.22,1
SMH22320,22.03,22.03,1
SMH22323,24.83,24.01,1
SMH22327,23.905,23.91,1
SMH22328,50.3,39.86,0
SMH22343,14.78,13.65,1
SMH22352,16.24,16.24,1
SMH22370,15.39,2.45,0
SMH22377,50.33,35.28,0
SMH22395,12.07,12.07,1
SMH22421,22.94,23.13,1
SMH22447,17.04,17.06,1
SMH22448,13.86,16.06,1
SMH22467,40.72,40.76,1
SMH22486,24.26,1.65,0
SMH22488,25.2,2.49,0
SMH22503,44.97,23.77,0
SMH22893,19.84,19.6,1
SMH22895,18.28,49.72,1
SMH22913,17.86,18.03,1
SMH22921,22.1,24.54,1
SMH22927,9.14,9.14,1
SMH22930,13.96,20.24,1
SMH22934,18.39,19.47,1
SMH22935,14.38,17.85,1
SMH22936,14.26,17.42,1
SMH22938,19.66,19.66,1
SMH22939,17.93,17.96,1
SMH22940,20.79,20.09,1
SMH22941,15.94,18.06,1
SMH22942,13.96,15.05,1
SMH22951,16.35,16.81,1
SMH22953,19.83,19.84,1
SMH23088,23.15,2.92,0
SMH23108,15.76,15.76,1
SMH23111,34.94,34.94,1
SMH23113,16.13,0.57,0
SMH23114,18.99,19.03,1
SMH23127,17.72,14.87,1
SMH23128,24.91,22.88,1
SMH23145,36.35,15.26,0
SMH23165,13.62,0.0,0
SMH23185,13.65,13.82,1
SMH23201,15.17,1.21,0
SMH23206,14.74,16.27,1
SMH23208,12.43,12.46,1
SMH23216,16.68,0.57,0
SMH23219,34.66,10.08,0
SMH23231,25.7,2.96,0
SMH23238,20.42,0.02,0
SMH23405,16.25,3.15,0
SMH23425,15.56,15.9,1
SMH23427,15.64,16.44,1
SMH23444,17.21,17.26,1
SMH23446,14.26,14.49,1
SMH23453,43.38,2.36,0
SMH23456,25.54,1.24,0
SMH23468,14.24,14.26,1
SMH23471,11.92,11.93,1
SMH23485,28.73,1.87,0
SMH23491,46.28,2.69,0
SMH23492,21.81,2.36,0
SMH23511,15.94,1.75,0
SMH23512,14.5,3.31,0
SMH23515,15.96,14.9,1
SMH23520,16.69,2.01,0
SMH23531,26.59,3.06,0
SMH23537,24.69,1.09,0
SMH23539,16.49,0.03,0
SMH23551,34.07,3.0,0
SMH23554,32.55,2.87,0
SMH23587,32.27,2.09,0
SMH23588,41.96,6.23,0
SMH23592,53.1,53.11,1
SMH23647,13.83,13.88,1
SMH23648,25.02,21.89,1
SMH23649,17.06,1.55,0
SMH23668,31.77,1.49,0
SMH23705,30.19,1.23,0
SMH23707,30.02,1.19,0
SMH23729,26.12,2.16,0
SMH23737,21.4,19.08,1
SMH23744,23.6,15.32,0
SMH23756,36.16,17.41,0
SMH23764,26.37,26.37,1
SMH23766,27.07,7.4,0
SMH23766_2,27.07,4.86,0
SMH23766_3,27.07,6.99,0
SMH23775,22.06,13.19,0
SMH23776,21.42,15.28,1
SMH23777,30.47,4.66,0
SMH23778,26.26,26.26,1
SMH23779,26.73,26.73,1
SMH23788,27.71,27.71,1
SMH23790,23.34,23.34,1
SMH23799,22.21,22.21,1
SMH23802,24.85,24.85,1
SMH23803,25.65,25.65,1
SMH23808,26.39,26.39,1
SMH23810,23.32,23.32,1
SMH23811,30.91,30.91,1
SMH23820,10.29,10.75,1
SMH23826,33.45,28.43,1
SMH23831,20.13,20.13,1
SMH23834,9.44,3.05,1
SMH23838,24.01,10.68,0
SMH23845,19.91,19.91,1
SMH23855,19.87,14.88,1
SMH23887,14.54,30.04,1
SMH23892,12.06,12.67,1
SMH23894,18.16,20.11,1
SMH23899,26.68,26.69,1
SMH23908,12.67,15.44,1
SMH23928,17.85,17.94,1
SMH23946,20.94,20.78,1
SMH23947,15.1,15.1,1
SMH23968,25.84,21.79,1
SMH24003,42.17,39.53,1
SMH24005,18.61,18.62,1
SMH24012,11.56,11.56,1
SMH24037,11.2,23.61,1
SMH24042,16.42,21.27,1
SMH24075,24.58,29.91,1
SMH24076,11.15,18.36,1
SMH24082,39.61,39.61,1
SMH24093,18.22,18.22,1
SMH24103,14.62,14.62,1
SMH24104,20.51,20.83,1
SMH24107,14.3,14.31,1
SMH24108,11.8,17.48,1
SMH24109,9.9,40.06,1
SMH24112,24.1,25.32,1
SMH24116,25.9,22.4,1
SMH24119,23.29,24.49,1
SMH24124,24.97,22.47,1
SMH24129,8.1,11.64,1
SMH24130,16.32,16.4,1
SMH24133,17.97,18.14,1
SMH24154,38.93,38.93,1
SMH24158,30.62,30.64,1
SMH24162,21.29,29.47,1
SMH24164,13.66,14.36,1
SMH24165,29.62,27.57,1
SMH24166,34.39,31.82,1
SMH24181,31.97,26.33,1
SMH24182,30.05,24.11,1
SMH24193,19.4,19.4,1
SMH24197,20.23,29.03,1
SMH24198,26.62,36.08,1
SMH24210,22.87,24.2,1
SMH24222,19.62,13.07,1
SMH24227,29.38,29.38,1
SMH24237,20.95,19.78,1
SMH24257,41.07,33.38,1
SMH24258,39.65,32.89,1
SMH24261,43.96,39.66,1
SMH24262,14.43,14.43,1
SMH24281,16.49,16.49,1
SMH24283,18.86,12.7,1
SMH24290,17.85,17.85,1
SMH24310,17.67,17.67,1
SMH24312,35.17,35.17,1
SMH24333,24.7,24.7,1
SMH24334,18.489,21.13,1
SMH24335,20.03,20.03,1
SMH24343,25.78,18.98,1
SMH24350,17.56,1.12,0
SMH24352,41.6,38.0,1
SMH24392,20.015,20.02,1
SMH24393,23.38,22.15,1
SMH24394,26.52,20.92,1
SMH24409,13.19,13.19,1
SMH24411,12.93,12.93,1
SMH24419,32.38,32.41,1
SMH24453,13.94,10.66,1
SMH24454,13.39,11.23,1
SMH24456,13.47,13.47,1
SMH24462,36.26,32.9,1
SMH24465,21.7,21.7,1
SMH24467,18.02,21.17,1
SMH24472,21.16,21.15,1
SMH24486,8.4,11.67,1
SMH24500,26.08,22.7,1
SMH24503,13.58,20.78,1
SMH24525,16.98,18.35,1
SMH24553,29.58,29.58,1
SMH24554,28.49,28.49,1
SMH24563,33.15,33.95,1
SMH24565,19.66,19.66,1
SMH24567,14.6,3.94,0
SMH24567_2,14.6,4.09,0
SMH24568,15.95,5.96,0
SMH24569,23.17,30.03,1
SMH24583,21.36,21.36,1
SMH24586,16.03,16.03,1
SMH24594,25.34,25.34,1
SMH24609,15.2,15.2,1
SMH24664,21.66,21.66,1
SMH24665,10.626,10.03,1
SMH24666,18.02,29.77,1
SMH24680,17.18,1.8,0
SMH24681,17.16,0.91,0
SMH24683,12.72,12.72,1
SMH24687,13.82,13.83,1
SMH24723,13.56,13.56,1
SMH24726,26.99,39.43,1
SMH24749,15.77,15.79,1
SMH24753,36.54,33.79,1
SMH24756,13.9,13.91,1
SMH24764,17.16,18.26,1
SMH24765,15.92,18.31,1
SMH24769,16.8,16.8,1
SMH24780,15.99,2.28,0
SMH24788,17.67,17.67,1
SMH24817,15.83,15.85,1
SMH24818,19.8,31.49,1
SMH24839,8.5,8.5,1
SMH24874,11.57,5.63,1
SMH24884,15.95,3.41,0
SMH24898,15.7,15.7,1
SMH24907,35.28,35.28,1
SMH24910,15.79,0.45,0
SMH24915,11.94,7.13,1
SMH24916,37.02,37.02,1
SMH24917,21.339,14.79,1
SMH24920,12.97,12.97,1
SMH24937,9.45,18.61,1
SMH24939,14.01,14.01,1
SMH24940,9.75,9.3,1
SMH24958,10.69,19.38,1
SMH24959,34.71,34.71,1
SMH24963,15.7,15.7,1
SMH24967,16.96,18.41,1
SMH24971,15.5,15.5,1
SMH24987,15.98,19.31,1
SMH24992,20.99,17.16,1
SMH24997,18.99,18.99,1
SMH24999,21.46,11.16,0
SMH25001,38.86,20.91,0
SMH25011,40.68,40.68,1
SMH25014,47.57,47.57,1
SMH25024,23.16,23.16,1
SMH25025,24.61,20.55,1
SMH25027,25.97,25.97,1
SMH25030,19.55,19.55,1
SMH25036,17.1,18.9,1
SMH25041,15.96,20.59,1
SMH25050,28.39,28.39,1
SMH25054,23.39,23.39,1
SMH25074,20.6,20.6,1
SMH25082,35.72,35.72,1
SMH25092,19.81,19.81,1
SMH25093,35.48,28.15,1
SMH25112,18.18,19.52,1
SMH25135,31.46,29.07,1
SMH25142,11.43,27.04,1
SMH25199,38.86,37.0,1
SMH25200,27.703,2.16,0
SMH25204,20.01,32.69,1
SMH25205,24.67,24.68,1
SMH25208,27.48,27.51,1
SMH25209,24.06,24.06,1
SMH25210,26.38,27.15,1
SMH25219,19.07,11.01,0
SMH25224,18.42,23.37,1
SMH25225,21.32,23.49,1
SMH25227,52.48,42.27,0
SMH25230,20.94,20.94,1
SMH25231,20.05,20.07,1
SMH25241,15.88,4.23,0
SMH25242,25.66,25.66,1
SMH25245,16.49,3.53,0
SMH25248,16.75,17.09,1
SMH25253,20.6,23.85,1
SMH25265,16.23,17.8,1
SMH25266,6.67,11.9,1
SMH25273,17.72,21.32,1
SMH25276,16.5,4.08,0
SMH25277,23.682,2.65,0
SMH25283,37.16,35.13,1
SMH25289,25.29,25.3,1
SMH25300,21.59,23.3,1
SMH25303,22.93,25.04,1
SMH25330,7.55,34.49,1
SMH25347,33.89,33.13,1
SMH25350,26.71,27.18,1
SMH25355,21.642,24.76,1
SMH25374,26.98,27.11,1
SMH25377_2,28.29,28.3,1
SMH25383,32.89,32.9,1
SMH25384,31.48,31.69,1
SMH25388,40.9,33.05,1
SMH25391,18.47,18.53,1
SMH25397,16.0,18.25,1
SMH25400,45.2,29.15,0
SMH25402,42.46,8.89,0
SMH25403,45.15,42.44,1
SMH25406,34.49,31.27,1
SMH25407,46.05,37.55,0
SMH25408,39.04,27.14,0
SMH25410,32.81,26.95,1
SMH25411,17.05,1.91,0
SMH25412,15.27,11.95,1
SMH25417,39.57,33.82,1
SMH25420,39.16,30.65,0
SMH25426,19.44,19.44,1
SMH25433,12.1,12.52,1
SMH25434,72.42,72.43,1
SMH25436,19.17,20.22,1
SMH25444,12.87,14.06,1
SMH25449,11.662,11.89,1
SMH25452,9.98,4.62,1
SMH25453,37.83,36.32,1
SMH25459,18.32,17.26,1
SMH25460,32.99,32.99,1
SMH25462,35.0,35.32,1
SMH25469,12.57,0.49,0
SMH25470,38.74,26.02,0
SMH25494,36.38,36.38,1
SMH25495,12.177,12.18,1
SMH25497,9.4,5.74,1
SMH25501,8.3,8.3,1
SMH25507,29.18,23.99,1
SMH25509,26.91,27.35,1
SMH25512,23.6,23.6,1
SMH25514,16.8,8.21,0
SMH25516,24.84,25.1,1
SMH25517_2,13.87,9.3,1
SMH25523,22.23,35.31,1
SMH25526,34.88,34.88,1
SMH25527,14.9,14.91,1
SMH25528,15.39,15.39,1
SMH25535,11.36,14.84,1
SMH25536,36.2,36.25,1
SMH25538,13.55,15.94,1
SMH25540,15.28,1.25,0
SMH25541,35.37,35.37,1
SMH25543,32.6,32.6,1
SMH25553,11.57,8.48,1
SMH25554,15.27,8.85,1
SMH25555,13.78,16.87,1
SMH25563,37.3,31.68,1
SMH25566,14.11,14.81,1
SMH25573,17.49,19.34,1
SMH25578,27.511,20.43,1
SMH25585,25.13,18.53,1
SMH25592,20.87,20.89,1
SMH25604,16.43,18.74,1
SMH25607,26.84,26.98,1
SMH25609,38.085,28.69,0
SMH25612,17.26,18.76,1
SMH25614,18.7,18.72,1
SMH25617,27.09,27.09,1
SMH25618,13.674,5.09,0
SMH25621,15.93,6.1,0
SMH25634,9.7,1.6,0
SMH25638,43.52,8.17,0
SMH25643,19.73,2.02,0
SMH25650,34.75,4.99,0
SMH25655,10.86,10.88,1
SMH25657,9.43,10.48,1
SMH25662,35.06,6.16,0
SMH25674,14.81,14.81,1
SMH25678,14.22,24.99,1
SMH25683,10.66,3.98,1
SMH25687,20.2,2.7,0
SMH25690,14.85,10.11,1
SMH25692,13.91,5.08,0
SMH25694,12.33,6.44,1
SMH25711,12.46,12.46,1
SMH25717,9.4,8.65,1
SMH25722,8.53,8.53,1
SMH25729,16.45,16.45,1
SMH25730,13.21,13.22,1
SMH25733,13.93,13.94,1
SMH25752,25.88,21.27,1
SMH25754,15.59,4.48,0
SMH25762,17.93,18.97,1
SMH25768,14.29,16.23,1
SMH25770,12.83,13.72,1
SMH25775,19.35,19.16,1
SMH25776,12.41,16.73,1
SMH25778,6.88,7.83,1
SMH25785,14.81,16.85,1
SMH25787,16.49,17.77,1
SMH25792,18.39,18.08,1
SMH25797,19.27,15.26,1
SMH25799,11.74,11.76,1
SMH25800,11.48,11.69,1
SMH25802,16.54,15.23,1
SMH25805,14.92,14.92,1
SMH25812,9.94,9.94,1
SMH25823,19.35,20.04,1
SMH25834,12.75,15.94,1
SMH25835,15.645,16.16,1
SMH25836,15.08,15.08,1
SMH25844,14.25,14.27,1
SMH25845,23.98,23.98,1
SMH25850,13.51,13.51,1
SMH25855,15.8,15.8,1
SMH25856,11.14,13.44,1
SMH25859,15.45,15.45,1
SMH25862,13.85,14.73,1
SMH25887,17.51,21.54,1
SMH25891,10.14,14.73,1
SMH25893,11.58,11.89,1
SMH25894,16.09,16.09,1
SMH25896,12.75,12.75,1
SMH25900,11.9,13.33,1
SMH25902,26.55,21.64,1
SMH25904,14.25,14.25,1
SMH25905,13.76,13.76,1
SMH25906,13.66,11.89,1
SMH25907,14.73,11.63,1
SMH25926,26.5,26.78,1
SMH25928,24.99,25.18,1
SMH25930,13.99,16.72,1
SMH25943,16.64,17.78,1
SMH25947,28.6,25.16,1
SMH25950,17.55,17.55,1
SMH25969,13.59,11.12,1
SMH25989,13.11,33.46,1
SMH26065,20.71,33.18,1
SMH26154,14.02,21.65,1
SMH26155,15.29,32.69,1
SMH26160,13.8,17.8,1
SMH26239,14.51,12.91,1
SMH26259,13.51,13.57,1
SMH26260,15.02,16.47,1
SMH26275,21.23,25.16,1
SMH26277,29.39,29.39,1
SMH26279,28.62,28.63,1
SMH26283,34.7,34.7,1
SMH26289,18.49,20.71,1
SMH26310,34.07,34.07,1
SMH26333,9.3,8.71,1
SMH26338,27.13,28.16,1
SMH26346,23.48,23.48,1
SMH26348,18.09,19.92,1
SMH26352,34.66,32.85,1
SMH26358,23.82,25.51,1
SMH26376,18.05,18.05,1
SMH26382,15.28,18.04,1
SMH26391,16.69,16.7,1
SMH26397,14.24,60.81,1
SMH26404,18.79,18.79,1
SMH26411,14.1,20.81,1
SMH26418,13.8,22.6,1
SMH26423,34.65,28.01,1
SMH26435,12.93,15.51,1
SMH26437,71.29,71.3,1
SMH26439,15.254,15.26,1
SMH26443,31.23,31.23,1
SMH26444,29.58,29.58,1
SMH26446,10.515,9.47,1
SMH26448,26.24,26.24,1
SMH26455,21.46,21.62,1
SMH26456,25.59,26.85,1
SMH26466,42.48,42.48,1
SMH26471,28.34,28.34,1
SMH26472,9.98,13.72,1
SMH26474,15.3,15.58,1
SMH26477,14.94,15.68,1
SMH26480,26.37,26.55,1
SMH26488,31.51,29.2,1
SMH26499,20.748,20.75,1
SMH26502,10.15,13.79,1
SMH26510,17.42,17.42,1
SMH26511,13.547,13.55,1
SMH26514,12.6,12.62,1
SMH26596,37.48,34.91,1
SMH26647,19.73,21.9,1
SMH26663,34.7,36.21,1
SMH26666,19.17,22.03,1
SMH26670,18.83,22.04,1
SMH26675,20.63,12.9,1
SMH26688,18.98,18.98,1
SMH26689,15.06,7.16,1
SMH26702,20.16,1.35,0
SMH26704,18.8,6.12,0
SMH26709,16.95,17.13,1
SMH26714,24.54,37.73,1
SMH26745,23.83,23.83,1
SMH26748,33.41,33.59,1
SMH26753,42.28,41.22,1
SMH26755,27.46,27.47,1
SMH26756,19.09,19.09,1
SMH26762,23.28,23.29,1
SMH26766,13.0,14.77,1
SMH26771,17.71,1.34,0
SMH26774,23.21,2.18,0
SMH26776,14.71,19.04,1
SMH26778,19.55,21.31,1
SMH26779,17.08,20.74,1
SMH26782,17.62,0.0,0
SMH26785,15.43,15.43,1
SMH26792,16.83,16.41,1
SMH26799,17.9,17.9,1
SMH26803,22.1,15.29,1
SMH26834,17.22,17.39,1
SMH26835,31.12,26.78,1
SMH26839,11.03,11.03,1
SMH26842,12.673,1.85,0
SMH26843,11.8,1.87,0
SMH26848,17.44,0.97,0
SMH26857,11.69,12.16,1
SMH26859,39.13,25.48,0
SMH26862,27.83,27.83,1
SMH26892,15.63,2.48,0
SMH26907,27.92,31.9,1
SMH26911,29.11,30.24,1
SMH26914,27.27,26.97,1
SMH26917,17.229,17.23,1
SMH26933,12.37,12.37,1
SMH26936,26.35,26.35,1
SMH26937,31.19,31.19,1
SMH26942,14.55,8.05,1
SMH26943,10.35,0.67,0
SMH26944,19.7,7.5,0
SMH26945,45.85,45.87,1
SMH26946,12.58,0.66,0
SMH26947,11.68,0.68,0
SMH26948,12.57,0.61,0
SMH26965,12.0,12.02,1
SMH26971,16.87,17.18,1
SMH26973,14.13,2.23,0
SMH26978,19.07,8.83,0
SMH26980,21.5,21.5,1
SMH26986,18.71,20.17,1
SMH26991,18.11,21.66,1
SMH26999,12.62,15.44,1
SMH27002,9.42,0.39,0
SMH27018,20.5,16.34,1
SMH27019,39.41,39.43,1
SMH27024,18.14,1.03,0
SMH27028,20.82,26.05,1
SMH27033,40.69,38.68,1
SMH27041,12.15,8.65,1
SMH27060,11.68,1.03,0
SMH27066,18.38,19.36,1
SMH27084,8.7,9.41,1
SMH27093,13.24,13.24,1
SMH27099,25.11,25.38,1
SMH27107,7.25,8.13,1
SMH27117,18.9,24.63,1
SMH27118,16.41,16.41,1
SMH27121,10.5,7.33,1
SMH27127,31.13,4.89,0
SMH27130,13.32,2.43,0
SMH27132,34.52,9.33,0
SMH27141,15.0,17.22,1
SMH27143,12.31,12.31,1
SMH27164,17.45,22.12,1
SMH27198,37.33,37.33,1
SMH27200,13.18,14.17,1
SMH27201,17.31,17.31,1
SMH27203,13.71,13.72,1
SMH27212,11.44,11.44,1
SMH27213,9.67,9.67,1
SMH27217,13.42,13.42,1
SMH27235,17.94,22.01,1
SMH27237,16.81,21.17,1
SMH27245,43.185,44.1,1
SMH27249,22.94,22.95,1
SMH27271,20.64,20.66,1
SMH27284,16.08,16.08,1
SMH27289,17.23,24.44,1
SMH27317,16.84,16.84,1
SMH27320,26.31,23.72,1
SMH27321,67.26,67.27,1
SMH27322,33.24,26.79,1
SMH27327,68.39,68.46,1
SMH27328,11.96,11.96,1
SMH27328a,11.94,8.44,1
SMH27345,26.83,4.47,0
SMH27355,24.37,24.37,1
SMH27361,24.8,24.8,1
SMH27362,17.08,17.08,1
SMH27368,16.44,16.44,1
SMH27370,23.49,23.58,1
SMH27372,15.57,1.69,0
SMH27373,14.51,1.82,0
SMH27374,21.08,22.25,1
SMH27375,35.69,35.69,1
SMH27376,25.16,25.16,1
SMH27381,17.24,21.12,1
SMH27383,13.42,13.42,1
SMH27394,6.56,6.58,1
SMH27395,13.96,13.96,1
SMH27396,11.1,16.83,1
SMH27401,30.8,26.75,1
SMH27402,17.89,17.91,1
SMH27403,19.24,19.24,1
SMH27405,26.01,27.16,1
SMH27409,18.62,22.14,1
SMH27416,15.94,16.63,1
SMH27426,15.459,5.72,0
SMH27428,16.116,5.72,0
SMH27431/47753,26.8,26.09,1
SMH27432,29.61,29.63,1
SMH27441,16.76,15.65,1
SMH27442,14.54,14.54,1
SMH27448,23.45,2.32,0
SMH27457,27.73,4.28,0
SMH27459,15.08,6.57,0
SMH27462,27.34,20.27,1
SMH27465,18.12,18.12,1
SMH27470,48.07,48.55,1
SMH27472,16.93,17.57,1
SMH27477,16.49,17.21,1
SMH27504,13.1,2.18,0
SMH27505,14.2,4.2,0
SMH27512,22.47,24.23,1
SMH27521,17.63,17.63,1
SMH27541,29.19,26.34,1
SMH27542,15.39,15.43,1
SMH27544,17.56,15.57,1
SMH27550,13.24,13.24,1
SMH27553,14.65,17.44,1
SMH27554,40.32,8.45,0
SMH27555,20.43,7.84,0
SMH27556,42.41,42.41,1
SMH27571,17.66,17.67,1
SMH27572,33.24,33.24,1
SMH27574,19.19,19.19,1
SMH27576,19.88,19.95,1
SMH27578,10.36,10.36,1
SMH27601,27.75,27.75,1
SMH27606,23.34,23.34,1
SMH27610,32.7,25.71,1
SMH27612,15.11,15.11,1
SMH27621,15.26,15.26,1
SMH27633,14.53,14.53,1
SMH27634,16.76,16.76,1
SMH27635,16.14,16.14,1
SMH27636,15.87,15.87,1
SMH27637,10.57,10.58,1
SMH27646,15.08,15.08,1
SMH27647,21.38,12.87,0
SMH27650,24.31,15.67,0
SMH27652,18.29,13.91,1
SMH27661,15.58,8.27,1
SMH27662,14.6,14.6,1
SMH27663,15.87,15.87,1
SMH27664,16.95,8.74,0
SMH27701,18.09,18.09,1
SMH27707,12.37,12.4,1
SMH27712,9.43,4.83,1
SMH27722,9.3,15.59,1
SMH27726,10.9,27.75,1
SMH27731,21.65,21.65,1
SMH27749,18.1,18.12,1
SMH27752,9.522,9.6,1
SMH27755,11.5,11.5,1
SMH27756,10.6,16.19,1
SMH27764,15.27,13.08,1
SMH27771,18.06,18.07,1
SMH27775,20.98,27.4,1
SMH27787,19.84,18.99,1
SMH27792,14.75,14.76,1
SMH27810,21.91,21.91,1
SMH27821,20.85,25.05,1
SMH27830,22.29,25.83,1
SMH27832,22.2,24.77,1
SMH27840,34.4,33.71,1
SMH27858,14.5,19.22,1
SMH27875,31.3,31.33,1
SMH27887,8.72,10.14,1
SMH27888,20.08,20.08,1
SMH27895,7.632,21.78,1
SMH27917,23.4,23.4,1
SMH27918,27.78,27.78,1
SMH27925,23.73,21.57,1
SMH27931,10.83,11.33,1
SMH27938,12.56,11.0,1
SMH27949,15.93,8.68,1
SMH27958,13.68,13.75,1
SMH27966,12.849,1.12,0
SMH27968,17.94,19.87,1
SMH27970,10.82,9.32,1
SMH27977,15.02,15.02,1
SMH27979d,27.3,12.53,0
SMH27979u,36.53,16.32,0
SMH27981,20.34,20.35,1
SMH27982,23.67,23.67,1
SMH27984,10.15,11.65,1
SMH27992,24.05,22.47,1
SMH27993,47.08,47.08,1
SMH27995,31.77,1.3,0
SMH28006,17.06,24.3,1
SMH28007,16.15,20.79,1
SMH28013,16.49,0.37,0
SMH28016,27.3,24.46,1
SMH28017,24.0,19.13,1
SMH28023,27.28,22.91,1
SMH28029,17.8,40.88,1
SMH28030,23.03,21.33,1
SMH28031,17.98,19.08,1
SMH28046,17.39,19.23,1
SMH28050,32.91,1.99,0
SMH28053,17.31,31.47,1
SMH28054,15.42,15.42,1
SMH28068,30.71,7.61,0
SMH28094,21.61,21.08,1
SMH28096,20.18,1.67,0
SMH28135,20.29,15.38,1
SMH28141,17.63,19.11,1
SMH28145,18.79,18.79,1
SMH28164,33.49,16.58,0
SMH28180,29.17,29.17,1
SMH28181,8.216,6.16,1
SMH28182,8.66,6.63,1
SMH28183,10.79,1.26,0
SMH28202,15.04,15.04,1
SMH28205,9.85,5.53,1
SMH28214,33.08,33.1,1
SMH28222,19.94,22.04,1
SMH28225,25.92,21.06,1
SMH28235,29.82,24.71,1
SMH28236,21.28,21.28,1
SMH28249,13.2,12.93,1
SMH28250,25.44,19.16,1
SMH28251,29.73,26.98,1
SMH28256,12.34,12.34,1
SMH28264,27.57,25.01,1
SMH28268,14.79,14.5,1
SMH28282,22.45,22.58,1
SMH28296,19.58,17.86,1
SMH28305,11.65,11.65,1
SMH28314,16.69,21.46,1
SMH28316,13.88,13.88,1
SMH28334,13.06,63.63,1
SMH28338,16.63,17.62,1
SMH28346,18.78,19.37,1
SMH28347,22.06,22.06,1
SMH28348,17.65,26.25,1
SMH28352,28.52,28.52,1
SMH28365,20.67,20.67,1
SMH28366,19.84,19.84,1
SMH28376,19.08,1.69,0
SMH28378,38.658,16.74,0
SMH28385,14.2,15.78,1
SMH28388,18.74,28.76,1
SMH28390,24.26,24.26,1
SMH28393,23.82,23.82,1
SMH28395,29.78,29.78,1
SMH28403,28.46,28.46,1
SMH28404,48.0,45.23,1
SMH28410,65.8,65.81,1
SMH28412,19.0,19.0,1
SMH28413,19.25,12.14,1
SMH28419,24.19,24.19,1
SMH28423,19.94,28.35,1
SMH28428,14.12,23.42,1
SMH28444,28.54,28.54,1
SMH28449,28.35,28.35,1
SMH28452,13.95,19.19,1
SMH28461,12.0,17.44,1
SMH28464,24.93,27.82,1
SMH28467,16.46,7.48,0
SMH28478,18.61,0.47,0
SMH28480,30.8,25.95,1
SMH28487,24.71,13.07,0
SMH28489,21.22,14.63,1
SMH28490,15.28,15.31,1
SMH28491,13.29,2.03,0
SMH28496,13.0,1.12,0
SMH28500,24.78,14.22,0
SMH28507,10.63,8.65,1
SMH28509,11.64,8.23,1
SMH28511,14.81,18.75,1
SMH28515,13.98,22.18,1
SMH28518,13.89,22.35,1
SMH28519,14.81,14.81,1
SMH28542,12.64,12.64,1
SMH28545,12.37,12.38,1
SMH28549,48.92,49.0,1
SMH28566,21.82,14.98,1
SMH28590,41.05,40.94,1
SMH28592,18.51,20.22,1
SMH28597,18.15,1.28,0
SMH28599,16.95,1.41,0
SMH28603,24.0,14.43,0
SMH28605,26.95,26.95,1
SMH28606,23.64,25.37,1
SMH28607,16.36,1.74,0
SMH28608,10.37,5.33,1
SMH28609,51.4,51.4,1
SMH28612,31.23,21.45,0
SMH28613,17.53,17.53,1
SMH28614,15.54,16.32,1
SMH28615,16.82,19.43,1
SMH28623,17.14,3.7,0
SMH28628,21.2,1.37,0
SMH28633,16.37,3.43,0
SMH28659,37.42,28.28,0
SMH28665,36.08,24.06,0
SMH28667,26.41,26.81,1
SMH28683,17.13,17.16,1
SMH28685,14.31,14.32,1
SMH28700,11.24,4.83,1
SMH28704,17.23,17.23,1
SMH28706,14.76,14.76,1
SMH28720,12.68,12.77,1
SMH28721,13.71,13.71,1
SMH28722,13.54,13.54,1
SMH28725,22.21,20.23,1
SMH28728,24.43,21.43,1
SMH28731,14.14,10.82,1
SMH28736,11.58,10.84,1
SMH28739,18.38,18.38,1
SMH28740,18.69,18.69,1
SMH28745,15.71,0.65,0
SMH28749,14.32,3.63,0
SMH28750,16.7,7.38,0
SMH28760,14.29,11.52,1
SMH28764,12.09,5.8,1
SMH28775,23.31,19.79,1
SMH28782,17.25,0.33,0
SMH28787,17.11,2.82,0
SMH28797,15.65,17.67,1
SMH28807,29.02,29.02,1
SMH28808,36.93,36.93,1
SMH28815,13.77,15.06,1
SMH28819,19.53,17.77,1
SMH28821,16.86,15.96,1
SMH28844,26.05,26.05,1
SMH28849,20.73,2.11,0
SMH28854,17.05,17.05,1
SMH28857,21.55,22.38,1
SMH28859,14.29,13.17,1
SMH28868,50.81,37.59,0
SMH28873,21.88,21.88,1
SMH28875,27.13,27.15,1
SMH28885,13.16,13.16,1
SMH28886,13.52,13.3,1
SMH28887,16.95,16.95,1
SMH28895,15.98,15.98,1
SMH28923,27.81,27.81,1
SMH28950,26.7,26.74,1
SMH28954,17.94,17.95,1
SMH28956,17.78,17.85,1
SMH28984,13.4,13.4,1
SMH28985,30.2,28.14,1
SMH28988,15.66,15.66,1
SMH29010,17.14,19.08,1
SMH29016,42.24,42.29,1
SMH29043,28.42,3.09,0
SMH29045,45.09,45.09,1
SMH29053,23.21,23.21,1
SMH29426,16.28,24.59,1
SMH29435,16.08,21.66,1
SMH29436,17.94,17.94,1
SMH29438,12.48,16.98,1
SMH29439,11.79,16.1,1
SMH29447,12.92,15.9,1
SMH29465,12.01,12.01,1
SMH29468,20.9,20.9,1
SMH29480,29.15,29.51,1
SMH29489,23.8,23.82,1
SMH29503,22.72,22.72,1
SMH29504,16.263,24.68,1
SMH29506,16.15,22.4,1
SMH29659,12.61,12.62,1
SMH29663,41.3,41.3,1
SMH29745,11.4,13.86,1
SMH29747,11.9,13.13,1
SMH29962,47.38,47.39,1
SMH29977,21.84,1.75,0
SMH29987,15.87,16.75,1
SMH30003,13.47,13.49,1
SMH30036,12.52,12.56,1
SMH30050,27.5,2.18,0
SMH30075,12.32,12.33,1
SMH30114,28.66,3.39,0
SMH30117,14.57,14.57,1
SMH30118,17.12,17.12,1
SMH30130,14.89,0.03,0
SMH30132,30.38,1.05,0
SMH30136,14.14,14.36,1
SMH30140,21.6,21.91,1
SMH30145,15.95,15.95,1
SMH30149,20.25,0.61,0
SMH30167,41.23,12.7,0
SMH30210,13.65,13.88,1
SMH30212,22.9,23.57,1
SMH30241,15.69,1.01,0
SMH30254,13.69,1.42,0
SMH30260,13.6,13.6,1
SMH30261,22.41,23.45,1
SMH30264,17.18,15.32,1
SMH30271,13.67,0.81,0
SMH30289,22.34,1.47,0
SMH30292,30.81,1.61,0
SMH30294,14.37,0.91,0
SMH30323,20.17,20.17,1
SMH30324,20.14,20.14,1
SMH30329,25.39,24.97,1
SMH30331,29.3,23.37,1
SMH30333,19.11,17.88,1
SMH30356,32.82,18.21,0
SMH30358,29.6,16.62,0
SMH30360,26.48,26.48,1
SMH30369,22.88,15.27,1
SMH30370,37.33,37.33,1
SMH30372,25.04,22.34,1
SMH30373,25.32,18.32,1
SMH30386,32.94,22.62,0
SMH30389,28.16,28.16,1
SMH30392,20.74,16.69,1
SMH30399,22.33,21.8,1
SMH30413,22.91,22.91,1
SMH30426,23.97,9.6,0
SMH30434,23.51,17.43,1
SMH30435,22.55,17.99,1
SMH30441,23.94,23.94,1
SMH30452,21.997,22.0,1
SMH30470,14.6,14.6,1
SMH30478,17.59,17.62,1
SMH30502,11.81,11.82,1
SMH30542,20.25,20.25,1
SMH30576,13.99,14.19,1
SMH30587,12.28,13.61,1
SMH30589,21.91,21.61,1
SMH30608,15.74,11.77,1
SMH30609,19.73,14.67,1
SMH30618,20.85,18.7,1
SMH30634,26.69,26.7,1
SMH30672,39.74,39.94,1
SMH30680,14.95,14.96,1
SMH30684,12.54,12.56,1
SMH30688,27.65,27.66,1
SMH30689,14.41,14.42,1
SMH30690,13.32,13.32,1
SMH30691,29.92,29.95,1
SMH30726,26.83,34.78,1
SMH30768,17.74,22.07,1
SMH30778,36.64,36.64,1
SMH30785,15.68,15.68,1
SMH30787,15.46,15.47,1
SMH30790,13.88,11.97,1
SMH30797,30.43,30.43,1
SMH30798,18.27,18.34,1
SMH30801,11.35,23.74,1
SMH30803,19.81,19.81,1
SMH30804,12.38,13.67,1
SMH30810,17.0,17.1,1
SMH30818,20.27,23.24,1
SMH30820,15.9,20.38,1
SMH30824,49.47,45.46,1
SMH30834,16.52,16.52,1
SMH30840,10.17,10.17,1
SMH30842,12.24,12.24,1
SMH30843,13.05,13.22,1
SMH30844,19.68,19.19,1
SMH30845,20.35,19.69,1
SMH30851,14.1,14.6,1
SMH30860,17.76,17.77,1
SMH30862,23.3,20.76,1
SMH30870,31.8,29.78,1
SMH30871,36.44,28.7,1
SMH30875,34.56,28.19,1
SMH30879,12.93,12.4,1
SMH30880,12.26,12.38,1
SMH30884,18.86,14.72,1
SMH30888,41.79,41.79,1
SMH30906,14.64,16.59,1
SMH30918,15.69,15.69,1
SMH30924,27.29,26.87,1
SMH30941,11.27,11.27,1
SMH30964,13.61,13.61,1
SMH30975,11.53,11.53,1
SMH30982,15.92,15.93,1
SMH30990,21.23,21.23,1
SMH30999,17.3,17.3,1
SMH31010,18.85,16.98,1
SMH31013,23.4,16.78,1
SMH31024,15.22,15.22,1
SMH31027,26.4,20.51,1
SMH31028,19.52,19.52,1
SMH31030,21.95,18.2,1
SMH31067,28.46,28.51,1
SMH31083,16.74,15.09,1
SMH31085,43.83,42.16,1
SMH31086,14.89,14.89,1
SMH31088,23.24,23.24,1
SMH31090,22.9,22.9,1
SMH31130,21.53,21.53,1
SMH31141,18.0,14.17,1
SMH31148,21.71,22.53,1
SMH31149,17.82,17.82,1
SMH31169,19.93,19.29,1
SMH31189,25.24,25.24,1
SMH31203,10.49,10.5,1
SMH31204,26.18,26.18,1
SMH31205,25.33,25.43,1
SMH31206,24.76,25.38,1
SMH31207,41.82,41.85,1
SMH31215,19.06,19.06,1
SMH31216,21.55,21.55,1
SMH31217,22.85,22.85,1
SMH31218,32.97,33.7,1
SMH31223,30.27,30.27,1
SMH31224,31.41,31.29,1
SMH31225,27.56,27.56,1
SMH31231,11.95,9.03,1
SMH31232,21.03,18.83,1
SMH31235,14.32,15.76,1
SMH31248,13.51,26.35,1
SMH31250,13.29,0.32,0
SMH31259,28.45,28.45,1
SMH31267,12.43,21.83,1
SMH31286,15.15,14.79,1
SMH31288,14.95,14.95,1
SMH31298,13.76,0.64,0
SMH31338,10.82,10.82,1
SMH31339,10.73,12.74,1
SMH31351,18.39,1.55,0
SMH31354,26.02,26.02,1
SMH31360,13.34,13.34,1
SMH31370,29.87,0.0,0
SMH31373,35.37,35.37,1
SMH31375,32.78,32.78,1
SMH31414,16.21,16.21,1
SMH31431,13.36,13.36,1
SMH31472,31.19,43.52,1
SMH31475,13.31,31.76,1
SMH31490,14.01,14.01,1
SMH31493,16.19,16.22,1
SMH31494,14.58,14.58,1
SMH31497,18.72,30.65,1
SMH31509,17.14,17.14,1
SMH31526,19.07,19.07,1
SMH31548,30.03,26.97,1
SMH31552,15.03,15.04,1
SMH31559,14.54,14.54,1
SMH31576,12.85,12.86,1
SMH31607,10.39,10.39,1
SMH31636,9.34,9.34,1
SMH31667,15.26,18.21,1
SMH31687,23.19,23.19,1
SMH31700,27.1,24.68,1
SMH31704,15.25,16.8,1
SMH31707,19.63,21.85,1
SMH31713,46.19,45.34,1
SMH31715,11.99,1.77,0
SMH31722,26.84,26.84,1
SMH31723,29.57,29.57,1
SMH31728,28.54,22.6,1
SMH31732,28.82,25.52,1
SMH31740,16.66,22.27,1
SMH31741,18.95,18.95,1
SMH31742,49.77,39.13,0
SMH31752,25.48,18.5,1
SMH31755,26.07,13.21,0
SMH31756,24.48,16.02,0
SMH31759,14.81,18.01,1
SMH31799,20.96,20.96,1
SMH31806,34.11,34.11,1
SMH31816,33.97,30.8,1
SMH31833,26.08,36.87,1
SMH31861,25.67,25.67,1
SMH31868,25.51,35.35,1
SMH31869,11.75,11.75,1
SMH31932,19.46,33.14,1
SMH31933,26.99,26.99,1
SMH31934,25.92,25.93,1
SMH31935,23.62,23.62,1
SMH31940,19.218,33.59,1
SMH31949,26.17,27.41,1
SMH31955,12.26,13.66,1
SMH31957,25.04,25.05,1
SMH31980,22.94,3.71,0
SMH31981,17.61,17.61,1
SMH31988,25.49,25.49,1
SMH31991,18.36,18.47,1
SMH31992,18.53,19.1,1
SMH32002,21.33,24.17,1
SMH32007,17.39,17.39,1
SMH32014,15.23,16.19,1
SMH32019,25.05,30.88,1
SMH32020,27.49,27.51,1
SMH32022,15.0,3.68,0
SMH32026,28.22,27.82,1
SMH32027,20.014,20.01,1
SMH32028,19.906,19.91,1
SMH32039,21.19,34.29,1
SMH32040,24.22,24.22,1
SMH32043,27.57,30.79,1
SMH32049,46.5,46.55,1
SMH32062,29.78,29.78,1
SMH32127,17.77,21.08,1
SMH32135,25.89,24.37,1
SMH32138,25.59,25.59,1
SMH32154,33.29,33.29,1
SMH32155,16.54,16.54,1
SMH32156,36.15,36.15,1
SMH32178,36.3,26.86,0
SMH32185,12.385,12.39,1
SMH32187,12.5,12.5,1
SMH32190,14.4,14.4,1
SMH32191,21.95,5.82,0
SMH32195,11.84,12.26,1
SMH32197,19.949,19.96,1
SMH32199,19.55,19.63,1
SMH32204,15.1,17.58,1
SMH32208_2,11.51,11.39,1
SMH32211,14.09,14.09,1
SMH32213,12.33,12.33,1
SMH32223,28.49,30.62,1
SMH32225,29.66,29.78,1
SMH32230,11.8,0.68,0
SMH32243,30.31,30.31,1
SMH32254,20.08,4.25,0
SMH32258,24.78,24.78,1
SMH32259,30.59,6.9,0
SMH32262,27.79,27.79,1
SMH32264,26.86,27.74,1
SMH32272,21.15,23.81,1
SMH32274,22.43,25.19,1
SMH32275,23.39,31.51,1
SMH32277,44.4,44.41,1
SMH32278,24.62,32.97,1
SMH32287,16.26,16.26,1
SMH32296,15.52,15.52,1
SMH32298,20.86,20.86,1
SMH32299,25.67,26.01,1
SMH32305,21.8,24.68,1
SMH32307,25.63,25.63,1
SMH32310,22.05,16.97,1
SMH32318,14.22,18.87,1
SMH32335,20.14,20.14,1
SMH32336,28.1,28.1,1
SMH32348,10.18,4.8,1
SMH32359,21.87,21.87,1
SMH32360,26.34,27.17,1
SMH32363,13.73,18.49,1
SMH32364,15.97,17.89,1
SMH32371,16.17,6.5,0
SMH32396,13.3,4.64,0
SMH32400,23.02,1.97,0
SMH32405,8.57,10.71,1
SMH32406,9.17,10.76,1
SMH32409,11.85,12.86,1
SMH32410,33.8,5.22,0
SMH32432,15.06,5.1,0
SMH32434,21.38,14.9,1
SMH32439,18.89,18.89,1
SMH32442,14.18,14.61,1
SMH32448,27.25,25.78,1
SMH32455,14.62,7.24,1
SMH32456,11.64,7.44,1
SMH32464,18.39,17.89,1
SMH32470,8.94,6.77,1
SMH32471,15.42,9.62,1
SMH32487,16.12,16.12,1
SMH32490,10.06,7.64,1
SMH32501,42.87,43.74,1
SMH32524,16.64,4.92,0
SMH32525,18.15,18.21,1
SMH32534,27.85,24.85,1
SMH32535,14.39,14.44,1
SMH32538,14.45,14.47,1
SMH32540,14.66,16.44,1
SMH32547,13.29,13.32,1
SMH32561,17.38,17.38,1
SMH32562,15.42,15.42,1
SMH32563,21.82,16.71,1
SMH32574,20.8,17.87,1
SMH32575,17.86,17.86,1
SMH32576,13.7,13.7,1
SMH32578,28.73,25.17,1
SMH32580,18.25,4.85,0
SMH32585,14.8,14.8,1
SMH32602,17.36,17.36,1
SMH32603,17.1,17.13,1
SMH32604,14.7,21.11,1
SMH32615,15.23,15.27,1
SMH32616,11.29,11.69,1
SMH32617,13.63,28.01,1
SMH32618,14.15,15.72,1
SMH32624,18.29,19.46,1
SMH32631,9.68,10.73,1
SMH32644,8.63,10.45,1
SMH32649,13.36,14.9,1
SMH32652,15.3,19.26,1
SMH32656,17.48,17.73,1
SMH32659,9.0,17.44,1
SMH32660,10.82,15.21,1
SMH32663,28.33,28.33,1
SMH32665,18.85,18.85,1
SMH32667,17.15,17.18,1
SMH32670,46.02,47.6,1
SMH32680,16.11,16.11,1
SMH32683,25.34,25.99,1
SMH32696,31.94,32.01,1
SMH32702,24.2,25.1,1
SMH32707,28.39,28.39,1
SMH32714,36.98,27.69,0
SMH32717,15.18,15.18,1
SMH32718,16.4,16.4,1
SMH32728,12.07,12.73,1
SMH32735,20.19,20.19,1
SMH32744,19.15,19.15,1
SMH32749,16.66,16.66,1
SMH32765,13.95,10.2,1
SMH32819,15.91,40.1,1
SMH32862,42.23,42.24,1
SMH32955,13.75,18.39,1
SMH33040,23.32,7.48,0
SMH33041,14.813,2.7,0
SMH33042,14.443,2.76,0
SMH33044,13.88,14.83,1
SMH33054,27.25,27.25,1
SMH33057,29.52,29.52,1
SMH33058,23.53,7.59,0
SMH33065,26.52,24.44,1
SMH33071,20.55,20.57,1
SMH33072,15.63,16.58,1
SMH33074,16.8,17.45,1
SMH33087,11.44,17.16,1
SMH33092,29.49,7.24,0
SMH33105,18.44,21.08,1
SMH33108,26.65,26.84,1
SMH33111,28.0,28.0,1
SMH33130,8.001,12.42,1
SMH33135,23.1,23.1,1
SMH33136,22.2,21.38,1
SMH33138,15.464,15.48,1
SMH33153,10.73,12.22,1
SMH33161,14.47,15.03,1
SMH33169,21.27,21.88,1
SMH33174,13.2,23.44,1
SMH33177,16.13,16.13,1
SMH33183,14.84,8.45,1
SMH33184,46.3,47.68,1
SMH33185,16.64,1.88,0
SMH33186,14.16,2.3,0
SMH33191,13.29,7.71,1
SMH33197,47.65,47.73,1
SMH33198,13.02,13.11,1
SMH33201,13.16,28.68,1
SMH33213,28.07,28.07,1
SMH33227,14.8,39.03,1
SMH33229,13.0,17.94,1
SMH33230,15.5,43.87,1
SMH33243,11.6,12.23,1
SMH33246,34.74,34.76,1
SMH33249,29.34,29.34,1
SMH33261,12.78,16.26,1
SMH33264,22.73,22.73,1
SMH33274,14.5,42.43,1
SMH33275,38.71,28.76,0
SMH33333,14.24,15.72,1
SMH33353,24.24,2.87,0
SMH33356,20.89,23.81,1
SMH33362,12.97,14.7,1
SMH33370,15.5,15.5,1
SMH33379,19.42,20.0,1
SMH33391,28.95,28.95,1
SMH33392,20.76,5.18,0
SMH33396,17.46,19.7,1
SMH33401,22.13,23.51,1
SMH33404,19.59,19.6,1
SMH33411,10.0,1.51,0
SMH33417,17.4,2.96,0
SMH33418,19.18,18.55,1
SMH33420,21.14,21.14,1
SMH33421,26.51,26.51,1
SMH33429,25.47,25.5,1
SMH33433,16.3,5.87,0
SMH33437,18.12,19.92,1
SMH33440,17.42,3.65,0
SMH33442,18.72,3.44,0
SMH33449,33.57,36.46,1
SMH33451,16.47,17.57,1
SMH33452,27.81,29.63,1
SMH33455,25.34,32.64,1
SMH33456,26.77,26.82,1
SMH33462,32.62,32.46,1
SMH33467,29.77,29.79,1
SMH33471,16.74,16.74,1
SMH33478,12.0,2.21,0
SMH33490,15.97,15.97,1
SMH33491,19.36,0.91,0
SMH33493,14.98,13.71,1
SMH33496,15.76,15.77,1
SMH33500,14.62,20.8,1
SMH33504,24.36,24.36,1
SMH33506,23.4,23.69,1
SMH33509,19.41,21.72,1
SMH33512,22.79,23.6,1
SMH33518,16.23,16.23,1
SMH33524,22.2,13.59,0
SMH33525,18.54,15.12,1
SMH33532,14.71,19.75,1
SMH33536,19.92,19.92,1
SMH33541,35.91,35.96,1
SMH33543,35.99,35.94,1
SMH33544,15.83,17.4,1
SMH33552,16.4,3.42,0
SMH33554,48.11,48.11,1
SMH33572,20.43,1.64,0
SMH33584,17.23,1.02,0
SMH33585,19.62,22.14,1
SMH33591,28.26,28.27,1
SMH33594,42.93,18.71,0
SMH33604,27.43,27.43,1
SMH33607,31.6,26.86,1
SMH33614,27.26,28.73,1
SMH33620,38.85,38.85,1
SMH33626,25.431,25.43,1
SMH33655,14.64,15.94,1
SMH33656,28.52,28.54,1
SMH33670,20.3,20.3,1
SMH33687,17.09,21.49,1
SMH33690,27.48,27.48,1
SMH33698,45.64,45.65,1
SMH33700,13.86,1.51,0
SMH33705,13.08,4.18,0
SMH33718,12.05,12.05,1
SMH33721,25.35,16.15,0
SMH33730,17.83,17.88,1
SMH33743,20.49,20.49,1
SMH33751,12.48,1.37,0
SMH33756,16.75,27.26,1
SMH33767,18.8,20.7,1
SMH33773,38.462,38.46,1
SMH33779,14.56,0.74,0
SMH33793,23.18,10.66,0
SMH33794,24.25,25.38,1
SMH33801,28.72,28.72,1
SMH33802,19.04,26.2,1
SMH33804,27.9,29.54,1
SMH33808,41.69,39.48,1
SMH33839,25.46,24.57,1
SMH33866,19.29,20.42,1
SMH33872,23.45,24.18,1
SMH33886/33919,25.47,25.47,1
SMH33886/33919_2,25.47,25.47,1
SMH33892,13.02,2.66,0
SMH33896,51.14,21.42,0
SMH33910,10.31,3.87,1
SMH33914,5.55,1.39,1
SMH33921,12.15,16.6,1
SMH33929,14.96,16.59,1
SMH33935,20.66,7.56,0
SMH33940,21.52,21.52,1
SMH33948,14.73,17.54,1
SMH33967,10.0,10.07,1
SMH33976,13.15,0.91,0
SMH33978,33.07,14.79,0
SMH33985,12.93,2.61,0
SMH33988,13.07,15.6,1
SMH33991,15.31,15.31,1
SMH33992,18.36,18.38,1
SMH33994,15.21,15.29,1
SMH33998,31.62,15.93,0
SMH34006,8.83,9.77,1
SMH34010,17.88,23.89,1
SMH34012,18.65,21.9,1
SMH34014,14.95,21.55,1
SMH34019,17.88,21.65,1
SMH34030,18.67,18.67,1
SMH34031,12.79,11.27,1
SMH34034,13.73,13.75,1
SMH34037,22.1,22.11,1
SMH34039,11.87,13.15,1
SMH34063,9.4,9.4,1
SMH34117,22.08,22.48,1
SMH34121,36.8,36.8,1
SMH34122,25.3,7.8,0
SMH34127,27.61,20.6,1
SMH34131,24.86,21.46,1
SMH34136,16.5,3.46,0
SMH34139,27.7,8.8,0
SMH34140,20.87,4.31,0
SMH34144,6.501,5.54,1
SMH34146,3.673,3.54,1
SMH34147,20.39,3.67,0
SMH34158,15.89,15.89,1
SMH34159,23.88,23.89,1
SMH34162,31.93,31.93,1
SMH34163,29.07,27.47,1
SMH34176,40.55,31.18,0
SMH34185,26.53,26.53,1
SMH34187,19.13,20.53,1
SMH34188,11.42,9.96,1
SMH34190,8.33,8.35,1
SMH34194,20.53,24.35,1
SMH34195,39.69,39.73,1
SMH34210,46.75,46.75,1
SMH34226,13.32,14.78,1
SMH34228,13.9,12.06,1
SMH34229,12.52,12.53,1
SMH34231,14.0,14.94,1
SMH34232,20.91,20.91,1
SMH34238,11.31,1.28,0
SMH34245,25.74,25.74,1
SMH34249,23.69,23.69,1
SMH34250,20.3,4.72,0
SMH34251,15.45,15.45,1
SMH34252,16.4,16.43,1
SMH34254,15.44,12.8,1
SMH34256,13.78,14.59,1
SMH34263,24.99,24.99,1
SMH34265,22.09,22.09,1
SMH34284,25.44,9.44,0
SMH34288,38.29,31.2,1
SMH34319,23.69,23.83,1
SMH34343,29.41,29.42,1
SMH34346,37.83,31.39,1
SMH34357,37.49,29.17,0
SMH34359,37.57,29.63,1
SMH34373,21.32,21.32,1
SMH34374,19.87,14.16,1
SMH34385,15.21,15.21,1
SMH34387,12.76,12.76,1
SMH34390,28.43,28.43,1
SMH34398,13.2,13.21,1
SMH34403,17.86,13.52,1
SMH34405,16.36,13.83,1
SMH34413,22.38,18.86,1
SMH34427,7.172,0.78,1
SMH34428,24.04,17.46,1
SMH34444,14.95,9.48,1
SMH34462,25.21,25.28,1
SMH34485,20.24,20.24,1
SMH34486,20.31,20.31,1
SMH34493,23.182,23.38,1
SMH34494,18.654,16.06,1
SMH34495,18.397,17.26,1
SMH34496,6.1,6.1,1
SMH34497,23.387,26.76,1
SMH34498,24.066,26.52,1
SMH34500,24.05,19.79,1
SMH34505,20.82,22.11,1
SMH34507,28.59,31.36,1
SMH34513,28.75,32.24,1
SMH34517,14.67,16.97,1
SMH34525,19.78,22.91,1
SMH34526,26.98,26.98,1
SMH34534,16.483,16.56,1
SMH34540,12.892,12.89,1
SMH34541,9.0,17.75,1
SMH34545,9.2,32.9,1
SMH34549,8.5,7.62,1
SMH34556,29.26,27.56,1
SMH34558,11.82,12.21,1
SMH34561,50.47,41.54,0
SMH34564,34.993,35.04,1
SMH34577,16.846,16.85,1
SMH34579,26.14,27.36,1
SMH34591,32.08,32.1,1
SMH34621,23.08,25.56,1
SMH34631,29.96,28.4,1
SMH34655,21.05,25.86,1
SMH34681,29.654,29.67,1
SMH34690,34.75,34.75,1
SMH34692,8.75,8.75,1
SMH34693,20.76,20.77,1
SMH34709,21.46,21.48,1
SMH34711,10.73,10.73,1
SMH34713,23.7,23.7,1
SMH34716,30.1,30.1,1
SMH34731,12.44,12.44,1
SMH34736,10.97,11.18,1
SMH34742,9.1,9.4,1
SMH34744,10.62,11.46,1
SMH34750/41517,21.2,23.48,1
SMH34752,27.59,27.61,1
SMH34766,13.379,1.12,0
SMH34794,23.97,1.62,0
SMH34806,19.26,23.15,1
SMH34807,19.42,23.49,1
SMH34821,26.68,25.64,1
SMH34822,14.81,1.74,0
SMH34826,31.38,31.41,1
SMH34842,17.14,17.14,1
SMH34845,24.07,24.07,1
SMH34847,18.73,18.05,1
SMH34857,36.62,30.44,1
SMH34858,41.31,31.18,0
SMH34861,14.83,1.12,0
SMH34863,13.9,0.0,0
SMH34864,17.28,18.56,1
SMH34866,13.98,19.27,1
SMH34891,36.12,5.02,0
SMH34901,14.73,17.19,1
SMH34909,23.01,1.47,0
SMH34919,24.94,1.28,0
SMH34922,26.19,22.52,1
SMH34926,18.16,17.22,1
SMH34945,11.16,14.8,1
SMH34946,25.07,25.07,1
SMH34948,14.29,12.7,1
SMH34949,21.03,21.03,1
SMH34954,10.32,10.33,1
SMH34962,11.9,16.71,1
SMH34963,12.13,14.74,1
SMH34968,27.5,1.76,0
SMH34973,22.28,18.03,1
SMH34975,11.84,11.84,1
SMH35002,17.83,17.83,1
SMH35006,16.89,16.89,1
SMH35021,14.51,14.51,1
SMH35022,13.98,2.87,0
SMH35067,18.61,18.88,1
SMH35099,21.74,21.74,1
SMH35104,21.91,21.91,1
SMH35107,19.12,1.51,0
SMH35131,12.62,12.62,1
SMH35133,15.35,15.35,1
SMH35137,20.56,18.26,1
SMH35142,16.27,21.78,1
SMH35144,15.36,22.54,1
SMH35148,15.6,11.21,1
SMH35154,10.88,20.35,1
SMH35155,15.87,24.4,1
SMH35157,13.41,13.41,1
SMH35158,14.82,26.73,1
SMH35162,14.43,19.41,1
SMH35168,19.54,22.0,1
SMH35171,18.97,19.07,1
SMH35174,43.68,43.68,1
SMH35194,46.18,42.5,1
SMH35215,13.72,13.72,1
SMH35222,18.64,18.66,1
SMH35225,19.8,19.81,1
SMH35243,21.32,27.9,1
SMH35244,44.81,44.88,1
SMH35245,16.31,21.57,1
SMH35246,23.52,28.27,1
SMH35265,42.49,42.53,1
SMH35266,14.31,18.04,1
SMH35269,27.78,27.8,1
SMH35283,27.55,27.55,1
SMH35284,14.02,14.02,1
SMH35296,12.598,7.06,1
SMH35297,10.68,6.31,1
SMH35300,16.41,3.01,0
SMH35324,21.07,14.0,1
SMH35325,19.73,11.89,1
SMH35330,15.93,5.96,0
SMH35334,30.13,19.24,0
SMH35336,14.1,9.11,1
SMH35342,15.44,6.61,0
SMH35367,22.15,2.37,0
SMH35368,18.72,1.3,0
SMH35372,45.31,45.33,1
SMH35386,22.62,24.14,1
SMH35393,14.17,23.13,1
SMH35411,41.81,41.81,1
SMH35419,22.27,22.27,1
SMH35422,40.38,40.38,1
SMH35423,43.67,43.67,1
SMH35424,18.23,18.23,1
SMH35426,23.24,23.24,1
SMH35427,18.71,1.72,0
SMH35429,47.52,47.52,1
SMH35432,15.21,16.02,1
SMH35433,14.67,15.01,1
SMH35434,16.35,17.29,1
SMH35438,46.52,46.53,1
SMH35443,16.65,0.68,0
SMH35449,16.79,3.92,0
SMH35451,13.25,15.39,1
SMH35452,12.48,0.8,0
SMH35463,13.65,15.81,1
SMH35464,27.18,21.0,1
SMH35471,23.12,23.12,1
SMH35473,16.49,16.49,1
SMH35474,27.95,27.95,1
SMH35480,15.94,14.45,1
SMH35482,37.27,29.22,0
SMH35486,18.57,10.57,1
SMH35494,10.78,10.78,1
SMH35497,10.66,10.04,1
SMH35498,25.98,19.34,1
SMH35503,25.69,18.86,1
SMH35512,18.57,21.53,1
SMH35526,20.11,20.11,1
SMH35532,16.69,16.69,1
SMH35535,27.39,20.19,1
SMH35544,13.16,5.5,1
SMH35545,11.27,3.03,0
SMH35547,15.2,15.2,1
SMH35549,21.53,23.61,1
SMH35565,13.52,13.65,1
SMH35568d,25.69,23.06,1
SMH35569,57.3,57.3,1
SMH35570,22.39,16.12,1
SMH35579,17.22,17.22,1
SMH35591,12.97,12.98,1
SMH35597,12.86,12.86,1
SMH35599,10.76,10.76,1
SMH35601,32.84,24.96,1
SMH35603,13.69,9.2,1
SMH35614,15.98,0.37,0
SMH35615,20.34,8.15,0
SMH35618,13.5,0.93,0
SMH35623,15.69,4.2,0
SMH35625,41.31,41.31,1
SMH35641,29.13,29.13,1
SMH35642,28.68,28.69,1
SMH35643,28.83,28.84,1
SMH35644,29.0,29.0,1
SMH35648,29.65,29.65,1
SMH35657,18.62,18.62,1
SMH35665,15.41,13.94,1
SMH35669,18.24,18.25,1
SMH35680,11.01,11.01,1
SMH35681,11.61,11.61,1
SMH35682,14.88,14.88,1
SMH35690,21.2,21.2,1
SMH35703,15.0,16.89,1
SMH35705,13.124,13.17,1
SMH35706,14.91,14.32,1
SMH35708,14.0,14.0,1
SMH35712,25.18,25.18,1
SMH35713,23.67,23.67,1
SMH35714,10.0,12.96,1
SMH35715,13.89,9.24,1
SMH35717,15.42,11.15,1
SMH35719,39.6,28.31,0
SMH35720,36.05,26.18,0
SMH35729,27.71,27.72,1
SMH35738,41.25,41.25,1
SMH35752,13.08,13.08,1
SMH35770,32.35,17.34,0
SMH35777,14.66,22.81,1
SMH35819,39.28,39.69,1
SMH35822,19.21,19.24,1
SMH35838,12.15,12.29,1
SMH35848,16.29,16.29,1
SMH35849,14.67,14.67,1
SMH35853,18.5,18.53,1
SMH35877,41.66,41.66,1
SMH35913,17.22,17.22,1
SMH35921,11.41,0.0,0
SMH36268,13.75,20.49,1
SMH36293,30.12,29.74,1
SMH36300,8.05,13.98,1
SMH36304,10.67,14.73,1
SMH36309,12.11,12.71,1
SMH36311,12.6,13.97,1
SMH36313,13.25,13.28,1
SMH36322,23.92,23.4,1
SMH36326,14.6,19.67,1
SMH36327,18.33,18.48,1
SMH36332,14.95,14.95,1
SMH36333,30.99,29.48,1
SMH36337,21.09,21.12,1
SMH36338,23.08,23.08,1
SMH36496,33.45,33.45,1
SMH36501,16.31,16.31,1
SMH36502,18.85,15.68,1
SMH36509,16.35,15.28,1
SMH36519,22.09,0.0,0
SMH36522,24.78,2.13,0
SMH36530,12.45,0.0,0
SMH36532,22.11,0.0,0
SMH36558,36.39,11.44,0
SMH36570,21.65,1.96,0
SMH36585,13.0,14.81,1
SMH36607,31.03,2.66,0
SMH36626,36.2,16.82,0
SMH36633,40.36,33.86,1
SMH36640,14.48,14.48,1
SMH36834,18.21,1.41,0
SMH36836,27.89,2.85,0
SMH36842,15.42,16.38,1
SMH36843,20.4,20.42,1
SMH36844,16.16,16.3,1
SMH36855,13.36,0.54,0
SMH36863,17.06,1.0,0
SMH36865,18.57,18.58,1
SMH36866,16.87,16.89,1
SMH36867,16.24,16.25,1
SMH36871,46.44,2.51,0
SMH36912,29.75,3.42,0
SMH36934,18.0,1.55,0
SMH36959,33.0,2.07,0
SMH36962,30.21,2.46,0
SMH36977,13.78,13.94,1
SMH36993,10.94,0.93,0
SMH37030,20.86,20.87,1
SMH37045,9.9,0.0,0
SMH37046,42.37,8.73,0
SMH37055,12.39,14.33,1
SMH37104,22.99,24.0,1
SMH37108,15.67,14.2,1
SMH37116,19.76,1.11,0
SMH37133,13.82,0.69,0
SMH37155,29.37,1.34,0
SMH37157,26.23,3.8,0
SMH37162,38.57,22.28,0
SMH37164,21.46,21.46,1
SMH37167,21.27,21.27,1
SMH37168,31.29,25.85,1
SMH37171,30.0,26.22,1
SMH37186,23.81,4.44,0
SMH37189,28.7,20.81,1
SMH37191,31.23,5.91,0
SMH37205,32.06,13.45,0
SMH37206,34.8,18.73,0
SMH37213,21.73,11.24,0
SMH37215,20.11,6.61,0
SMH37224,23.19,23.19,1
SMH37226,24.27,24.27,1
SMH37229,11.68,11.68,1
SMH37230,12.65,12.65,1
SMH37231,10.83,10.85,1
SMH37236,19.45,19.45,1
SMH37239,19.6,19.6,1
SMH37249,19.33,14.05,1
SMH37252,20.59,20.59,1
SMH37262,19.06,19.06,1
SMH37286,40.33,37.35,1
SMH37316,23.63,24.45,1
SMH37333,14.3,40.23,1
SMH37337,15.14,17.03,1
SMH37399,13.04,13.04,1
SMH37404,12.34,14.04,1
SMH37405,16.51,16.13,1
SMH37418,18.09,18.09,1
SMH37446,17.2,14.0,1
SMH37472,34.78,36.12,1
SMH37491,15.74,15.74,1
SMH37510,21.56,21.63,1
SMH37513,14.07,15.5,1
SMH37514,14.19,14.66,1
SMH37535,12.99,19.13,1
SMH37558,16.53,16.53,1
SMH37562,13.48,13.52,1
SMH37563,33.01,33.03,1
SMH37571,30.42,30.42,1
SMH37573,46.97,46.97,1
SMH37574,17.11,17.11,1
SMH37578,19.97,20.16,1
SMH37581,21.2,21.82,1
SMH37582,16.66,16.68,1
SMH37584,18.98,18.98,1
SMH37585,15.1,15.1,1
SMH37588,24.23,24.24,1
SMH37590,17.1,18.02,1
SMH37593,23.96,24.04,1
SMH37595,19.27,21.74,1
SMH37612,20.76,18.87,1
SMH37650,26.01,27.07,1
SMH37653,38.78,37.61,1
SMH37676,12.83,13.42,1
SMH37680,24.57,36.9,1
SMH37690,27.89,27.89,1
SMH37696,13.88,13.88,1
SMH37697,17.13,14.92,1
SMH37698,24.17,24.17,1
SMH37703,42.75,41.64,1
SMH37708,28.01,28.01,1
SMH37727,18.01,18.01,1
SMH37728,13.7,13.7,1
SMH37741,15.49,15.49,1
SMH37749,13.08,13.08,1
SMH37750,31.22,25.37,1
SMH37757,13.2,13.2,1
SMH37758,16.47,16.48,1
SMH37764,16.18,16.18,1
SMH37768,18.82,15.23,1
SMH37780,21.48,15.82,1
SMH37785,14.366,14.37,1
SMH37792,22.014,31.88,1
SMH37820,28.16,28.17,1
SMH37827,14.47,18.4,1
SMH37833,25.69,19.79,1
SMH37844,34.58,34.58,1
SMH37849,18.22,16.9,1
SMH37850,17.39,16.29,1
SMH37854,22.46,22.46,1
SMH37876,12.89,15.35,1
SMH37877,12.11,15.98,1
SMH37889,19.4,13.6,1
SMH37896,21.2,22.14,1
SMH37903,22.15,22.15,1
SMH37904,68.75,68.76,1
SMH37906,21.61,21.61,1
SMH37907,36.37,36.37,1
SMH37911,21.53,13.66,1
SMH37913,21.17,21.17,1
SMH37915,11.09,11.09,1
SMH37951,25.5,20.79,1
SMH37968,17.56,20.59,1
SMH37977,11.25,12.77,1
SMH37978,16.66,18.14,1
SMH37979,18.27,18.6,1
SMH37980,21.34,21.84,1
SMH38011,16.54,16.56,1
SMH38014,12.03,7.54,1
SMH38016,40.89,42.76,1
SMH38055,11.49,12.73,1
SMH38056,20.16,5.49,0
SMH38075,37.83,37.75,1
SMH38119,35.83,35.83,1
SMH38121,21.73,22.43,1
SMH38136,11.3,15.29,1
SMH38142,17.45,17.45,1
SMH38161,23.56,33.3,1
SMH38170,38.26,34.53,1
SMH38173,19.37,19.37,1
SMH38180,22.79,34.06,1
SMH38188,17.49,18.32,1
SMH38190,14.19,16.86,1
SMH38230,25.95,36.74,1
SMH38237,19.61,19.63,1
SMH38253,18.68,5.67,0
SMH38255,13.89,13.89,1
SMH38258,21.53,21.53,1
SMH38319,24.65,21.98,1
SMH38402,34.49,34.49,1
SMH38409,21.4,21.41,1
SMH38411,14.6,14.6,1
SMH38412,13.46,13.46,1
SMH38414,14.93,23.65,1
SMH38416,20.0,22.26,1
SMH38427,13.96,13.96,1
SMH38431,19.05,19.05,1
SMH38443,20.92,14.62,1
SMH38447,18.47,18.49,1
SMH38449,19.62,22.22,1
SMH38455,34.47,18.83,0
SMH38455o,34.61,18.73,0
SMH38457,27.12,2.55,0
SMH38464,66.75,66.76,1
SMH38471,40.52,37.51,1
SMH38482,40.52,32.72,1
SMH38486,25.41,22.36,1
SMH38494,16.45,16.45,1
SMH38495,14.02,18.1,1
SMH38502,16.81,17.93,1
SMH38505,20.52,20.52,1
SMH38530,21.73,21.73,1
SMH38540,34.16,30.76,1
SMH38547,19.49,19.49,1
SMH38548,17.65,17.66,1
SMH38598,15.93,25.33,1
SMH38599,23.69,34.56,1
SMH38608,16.17,27.44,1
SMH38609,15.11,15.12,1
SMH38612,11.24,11.24,1
SMH38673,20.2,3.24,0
SMH38675,27.07,27.07,1
SMH38687,25.4,25.4,1
SMH38689,28.32,28.33,1
SMH38692,12.94,13.96,1
SMH38701,7.16,7.92,1
SMH38703,18.57,6.41,0
SMH38718,22.36,37.18,1
SMH38724,27.66,27.66,1
SMH38726_2,14.03,2.17,0
SMH38728,16.3,7.81,0
SMH38729,16.6,12.26,1
SMH38736,17.99,18.82,1
SMH38738,16.69,17.78,1
SMH38748,14.68,16.23,1
SMH38755,38.26,27.5,0
SMH38756,26.0,26.0,1
SMH38758,19.57,19.58,1
SMH38759,19.39,5.95,0
SMH38764,15.02,15.02,1
SMH38767,16.0,16.91,1
SMH38768,21.01,21.05,1
SMH38775,19.938,19.94,1
SMH38776,32.17,32.17,1
SMH38794,42.47,42.49,1
SMH38806,25.28,25.75,1
SMH38840,31.5,39.05,1
SMH38866,36.24,36.3,1
SMH38870,11.4,20.12,1
SMH38881,10.03,11.91,1
SMH38885,27.79,27.87,1
SMH38897,26.39,28.05,1
SMH38898,17.67,24.24,1
SMH38914,31.61,31.61,1
SMH38918,27.43,28.78,1
SMH38929,20.08,20.08,1
SMH38934,24.0,27.09,1
SMH38940,34.2,34.2,1
SMH38941,30.64,30.64,1
SMH38948,29.49,29.49,1
SMH38949,47.41,37.71,0
SMH38951,33.24,24.07,0
SMH38955,12.6,13.16,1
SMH38963,38.01,34.77,1
SMH38966,31.13,30.44,1
SMH38967,13.33,13.33,1
SMH38969,10.99,0.94,0
SMH38972,12.46,13.13,1
SMH38975,19.97,20.43,1
SMH38982,17.14,17.15,1
SMH38982o,34.89,34.9,1
SMH38992,16.65,16.73,1
SMH38995,30.43,30.43,1
SMH38999,14.65,15.2,1
SMH39000,28.48,28.54,1
SMH39014,52.09,44.3,1
SMH39016,19.8,16.56,1
SMH39017,18.7,17.85,1
SMH39027,21.1,0.89,0
SMH39028,11.5,9.28,1
SMH39032,22.34,22.36,1
SMH39041,29.81,29.81,1
SMH39044,26.18,26.18,1
SMH39046,20.642,2.72,0
SMH39047,32.43,29.6,1
SMH39049_2,31.41,6.75,0
SMH39064,19.3,19.3,1
SMH39070,12.91,13.54,1
SMH39071,13.07,13.07,1
SMH39073,21.72,35.51,1
SMH39077,31.34,31.36,1
SMH39089,31.32,30.56,1
SMH39094,11.74,5.33,1
SMH39100,16.72,19.3,1
SMH39101,18.43,18.79,1
SMH39115,23.31,23.31,1
SMH39117,31.55,31.55,1
SMH39118,13.56,15.85,1
SMH39122,37.89,29.78,0
SMH39126,22.53,20.47,1
SMH39130,16.09,16.99,1
SMH39134,18.29,18.78,1
SMH39137,19.35,19.39,1
SMH39141,18.04,19.2,1
SMH39142,15.31,15.52,1
SMH39145,24.54,24.54,1
SMH39147,12.32,4.92,1
SMH39148,16.05,5.93,0
SMH39159,16.94,4.6,0
SMH39164,10.447,2.24,0
SMH39184,48.46,19.13,0
SMH39185,18.83,4.45,0
SMH39192,20.37,20.37,1
SMH39195,15.96,0.82,0
SMH39203,13.32,19.37,1
SMH39204,12.77,2.85,0
SMH39206,27.67,19.35,0
SMH39211,14.35,14.42,1
SMH39216,21.66,7.04,0
SMH39217,24.61,14.86,0
SMH39218,15.27,14.87,1
SMH39219,11.4,4.13,1
SMH39225,15.02,15.02,1
SMH39229,13.46,7.58,1
SMH39235,18.58,18.58,1
SMH39251,14.93,6.3,0
SMH39254,8.55,8.55,1
SMH39272,15.93,12.26,1
SMH39273,13.75,4.82,0
SMH39275,13.16,19.27,1
SMH39279,18.28,23.54,1
SMH39297,25.65,25.65,1
SMH39298,31.21,31.21,1
SMH39299,16.47,10.47,1
SMH39301,12.38,12.43,1
SMH39303,9.1,9.1,1
SMH39312,15.59,11.35,1
SMH39313,10.28,11.48,1
SMH39315,13.56,12.58,1
SMH39317,19.01,19.06,1
SMH39323,27.867,22.46,1
SMH39340,21.04,21.04,1
SMH39349,14.65,14.66,1
SMH39360,10.0,11.17,1
SMH39362,6.28,7.33,1
SMH39376,19.89,20.18,1
SMH39379,16.53,17.84,1
SMH39382,13.66,15.97,1
SMH39388a,13.984,14.31,1
SMH39390,11.25,12.55,1
SMH39400,24.89,24.89,1
SMH39401,12.67,15.02,1
SMH39403,16.81,16.81,1
SMH39412,23.98,25.89,1
SMH39413,35.04,30.21,1
SMH39419,18.44,18.44,1
SMH39421,11.95,11.95,1
SMH39427,33.26,33.71,1
SMH39436,18.8,29.01,1
SMH39438,21.49,21.49,1
SMH39451,13.57,19.89,1
SMH39464,15.8,14.85,1
SMH39468,36.42,36.42,1
SMH39469,22.31,22.33,1
SMH39475,16.63,16.63,1
SMH39482,10.85,16.1,1
SMH39486,15.34,15.34,1
SMH39487,11.06,11.06,1
SMH39490,13.32,13.32,1
SMH39492,15.57,15.57,1
SMH39496,18.03,9.79,0
SMH39536,13.51,33.85,1
SMH39537,15.86,27.63,1
SMH39554,13.78,43.99,1
SMH39599,12.59,25.28,1
SMH39602,14.15,25.96,1
SMH39673,20.9,21.98,1
SMH39677,18.65,18.66,1
SMH39745,15.37,29.44,1
SMH39748,35.31,31.9,1
SMH39768,11.01,17.68,1
SMH39769,10.82,18.02,1
SMH39779,19.92,19.92,1
SMH39781,14.25,15.72,1
SMH39787,21.38,3.41,0
SMH39791,19.44,19.45,1
SMH39795,21.15,32.52,1
SMH39796,19.79,20.28,1
SMH39802,28.13,28.13,1
SMH39807,25.38,25.38,1
SMH39816,32.38,32.38,1
SMH39818,17.89,24.74,1
SMH39821,17.2,17.2,1
SMH39825,22.2,17.74,1
SMH39830,22.3,18.47,1
SMH39831,12.57,12.57,1
SMH39834,52.01,46.25,1
SMH39836,14.0,15.47,1
SMH39841,15.34,19.05,1
SMH39851,16.4,18.22,1
SMH39853,19.38,22.78,1
SMH39859,22.03,22.04,1
SMH39860,23.71,26.96,1
SMH39862,16.65,16.66,1
SMH39868,17.36,17.36,1
SMH39869,24.34,25.58,1
SMH39870,24.72,25.71,1
SMH39882,49.567,53.17,1
SMH39899,10.06,18.07,1
SMH39910,17.55,17.55,1
SMH39912,22.14,22.14,1
SMH39913,21.25,21.46,1
SMH39914,22.77,22.77,1
SMH39915,16.49,20.76,1
SMH39916,15.79,18.5,1
SMH39925,16.46,16.02,1
SMH39926,68.03,68.03,1
SMH39932,14.8,15.0,1
SMH39933,25.77,26.04,1
SMH39935,15.5,12.72,1
SMH39938,20.95,20.95,1
SMH39939,16.05,16.05,1
SMH39945,11.6,24.19,1
SMH39947,10.55,25.03,1
SMH39951,19.9,21.53,1
SMH39954,18.759,18.76,1
SMH39955,12.167,14.5,1
SMH39956,16.668,17.97,1
SMH39957,15.831,16.28,1
SMH39975,10.18,3.06,1
SMH39979,14.365,14.42,1
SMH39980,33.25,33.25,1
SMH39990,15.072,15.07,1
SMH40077,21.861,2.88,0
SMH40080,21.15,23.98,1
SMH40086,20.35,20.35,1
SMH40089,17.91,17.92,1
SMH40095,8.55,9.42,1
SMH40097,11.711,11.86,1
SMH40110,13.592,2.27,0
SMH40111,18.78,18.79,1
SMH40115,16.8,18.1,1
SMH40123,21.32,22.94,1
SMH40130,18.51,22.59,1
SMH40152,23.35,26.99,1
SMH40162,11.5,1.01,0
SMH40164,17.5,4.36,0
SMH40186,14.78,20.85,1
SMH40191,13.43,15.74,1
SMH40202,11.8,1.59,0
SMH40214,42.54,40.24,1
SMH40215,38.03,36.28,1
SMH40218,35.83,35.83,1
SMH40220,26.03,31.42,1
SMH40221,22.089,11.56,0
SMH40226,31.66,31.96,1
SMH40227,20.38,22.39,1
SMH40228,13.78,18.9,1
SMH40231,14.91,19.87,1
SMH40232,10.8,2.88,1
SMH40261,14.737,3.4,0
SMH40273,16.51,16.51,1
SMH40284,30.47,31.71,1
SMH40295,27.61,13.04,0
SMH40296,19.9,3.92,0
SMH40297,14.0,1.97,0
SMH40305,16.62,18.5,1
SMH40311,16.84,17.48,1
SMH40318,38.3,37.02,1
SMH40323,16.32,1.95,0
SMH40324,33.35,33.66,1
SMH40326,12.39,14.52,1
SMH40327,15.66,15.92,1
SMH40336,13.6,7.43,1
SMH40341,11.69,13.92,1
SMH40345,24.89,24.89,1
SMH40355,26.0,26.02,1
SMH40380,6.11,1.04,1
SMH40390,16.93,21.73,1
SMH40391,36.46,34.8,1
SMH40396,15.761,13.78,1
SMH40397,29.08,32.17,1
SMH40402,39.07,39.07,1
SMH40404,27.85,27.87,1
SMH40417,12.66,12.66,1
SMH40420,19.38,8.25,0
SMH40424,26.17,29.62,1
SMH40425,37.46,35.45,1
SMH40426,35.71,35.47,1
SMH40431,16.06,5.47,0
SMH40432,15.22,6.44,0
SMH40434,13.3,13.3,1
SMH40435,46.72,46.75,1
SMH40450,28.22,5.47,0
SMH40468,36.96,15.95,0
SMH40469,11.64,15.19,1
SMH40484,24.9,24.9,1
SMH40485,10.92,1.26,0
SMH40488,19.98,2.5,0
SMH40491,13.67,1.71,0
SMH40496,14.54,1.25,0
SMH40503,34.77,34.78,1
SMH40551,25.9,4.33,0
SMH40564,24.29,20.23,1
SMH40571,10.01,10.01,1
SMH40573,10.47,10.28,1
SMH40577,27.45,14.52,0
SMH40581,11.96,13.59,1
SMH40595,18.77,3.86,0
SMH40596,36.81,36.81,1
SMH40599,7.54,7.54,1
SMH40605,10.16,10.16,1
SMH40606,12.57,12.57,1
SMH40610,11.86,11.86,1
SMH40626,16.18,12.97,1
SMH40636,12.87,12.87,1
SMH40637,12.04,13.0,1
SMH40650,9.26,9.47,1
SMH40658,16.29,16.29,1
SMH40670,28.67,3.0,0
SMH40678,51.44,30.33,0
SMH40696/54077,24.81,24.81,1
SMH40696/54077_2,24.81,24.81,1
SMH40701,17.32,17.89,1
SMH40716,40.98,27.74,0
SMH40728,14.99,14.99,1
SMH40730,25.11,25.11,1
SMH40737,11.08,11.08,1
SMH40740,32.94,32.94,1
SMH40745,28.36,3.3,0
SMH40751,26.85,25.74,1
SMH40753,43.59,30.26,0
SMH40754,22.21,23.41,1
SMH40759,14.84,14.87,1
SMH40761,17.16,17.16,1
SMH40763,31.59,12.07,0
SMH40766,18.0,18.0,1
SMH40770,6.82,7.78,1
SMH40779,7.92,10.27,1
SMH40781,14.67,15.79,1
SMH40786,21.275,22.89,1
SMH40790,18.96,23.09,1
SMH40791,14.79,19.64,1
SMH40796,13.43,13.43,1
SMH40797,9.53,9.97,1
SMH40799,20.51,19.08,1
SMH40801,16.29,16.29,1
SMH40804,31.85,31.85,1
SMH40805,35.7,35.7,1
SMH40832,9.37,9.37,1
SMH40844/54226,19.364,22.44,1
SMH40848,12.37,13.39,1
SMH40863,12.34,14.79,1
SMH40874,25.76,25.76,1
SMH40875,19.47,19.47,1
SMH40880,15.52,20.53,1
SMH40888,24.28,24.28,1
SMH40893,38.0,35.89,1
SMH40906,14.73,6.02,0
SMH40910,26.61,26.61,1
SMH40913,15.3,15.3,1
SMH40917,19.349,19.35,1
SMH40920,8.65,8.65,1
SMH40921,10.625,10.63,1
SMH40924,9.61,9.61,1
SMH40941,16.19,16.19,1
SMH40942,17.18,17.18,1
SMH40943,9.18,9.18,1
SMH40946,16.44,17.33,1
SMH40948,22.1,22.1,1
SMH40959,38.05,32.74,1
SMH40966,12.625,12.82,1
SMH40974,11.94,15.75,1
SMH40975,17.38,17.38,1
SMH40976,22.1,22.61,1
SMH40977,16.11,20.15,1
SMH40979,13.66,18.95,1
SMH40988,8.5,8.5,1
SMH40989,10.48,10.48,1
SMH40993,38.22,38.22,1
SMH40995,17.64,20.75,1
SMH41005,13.03,10.17,1
SMH41013,26.26,26.27,1
SMH41046,16.2,6.18,0
SMH41049,23.43,22.1,1
SMH41071,19.87,20.7,1
SMH41072,18.27,19.56,1
SMH41075,15.61,4.69,0
SMH41078,14.65,14.65,1
SMH41079,16.83,5.57,0
SMH41086,15.52,16.01,1
SMH41096,22.914,22.92,1
SMH41109,30.26,30.26,1
SMH41112,11.01,11.01,1
SMH41116,13.68,11.78,1
SMH41126,13.13,13.13,1
SMH41142,15.29,15.29,1
SMH41150,14.55,14.55,1
SMH41152,39.15,30.59,0
SMH41168,18.85,18.95,1
SMH41170,13.67,13.67,1
SMH41180,18.51,12.78,1
SMH41187,22.71,17.99,1
SMH41189,9.05,9.14,1
SMH41198,15.51,11.8,1
SMH41216,23.8,23.8,1
SMH41222,40.12,34.14,1
SMH41223,20.89,7.31,0
SMH41224,18.5,6.51,0
SMH41241,16.02,16.02,1
SMH41254,17.15,17.15,1
SMH41255,15.85,15.86,1
SMH41257,10.36,10.41,1
SMH41262,15.74,15.74,1
SMH41279,24.85,21.52,1
SMH41287,21.04,24.63,1
SMH41292,48.84,48.87,1
SMH41300,27.1,27.1,1
SMH41306,27.147,27.15,1
SMH41318,10.3,10.3,1
SMH41322,13.472,13.47,1
SMH41325,8.4,11.09,1
SMH41327,17.1,19.6,1
SMH41330,9.85,9.31,1
SMH41335,14.39,18.96,1
SMH41337,19.278,28.51,1
SMH41338,19.336,30.42,1
SMH41340,19.254,31.43,1
SMH41354,11.71,11.72,1
SMH41356,13.66,13.67,1
SMH41358,15.73,15.74,1
SMH41380,24.42,26.19,1
SMH41381,24.98,26.63,1
SMH41399,16.36,29.79,1
SMH41406,11.04,16.11,1
SMH41409,14.0,21.65,1
SMH41410,13.24,21.89,1
SMH41415,21.81,25.41,1
SMH41416,21.37,25.34,1
SMH41417,22.26,25.39,1
SMH41419,22.47,26.01,1
SMH41420,21.87,24.2,1
SMH41424,31.331,25.93,1
SMH41433,27.42,27.42,1
SMH41434,34.21,34.22,1
SMH41444,23.08,26.1,1
SMH41445,34.75,33.79,1
SMH41467,33.359,33.38,1
SMH41469,36.12,35.67,1
SMH41483,20.15,11.99,0
SMH41484,12.84,12.84,1
SMH41485,8.31,10.23,1
SMH41488,28.3,24.8,1
SMH41491,17.87,18.73,1
SMH41493,32.18,32.48,1
SMH41494,31.81,32.55,1
SMH41508,26.0,23.24,1
SMH41518,54.95,54.97,1
SMH41522,16.44,30.49,1
SMH41526,31.43,31.43,1
SMH41536,10.68,10.68,1
SMH41543,15.9,21.3,1
SMH41546,16.55,16.72,1
SMH41563,10.41,10.42,1
SMH41573,24.0,19.16,1
SMH41588,32.68,1.31,0
SMH41601,27.87,4.68,0
SMH41602,27.53,23.83,1
SMH41605,20.14,22.03,1
SMH41610,20.67,25.92,1
SMH41630,17.88,17.88,1
SMH41634,29.53,14.81,0
SMH41637,27.69,27.69,1
SMH41647,49.52,12.04,0
SMH41650,7.44,1.55,1
SMH41652,16.16,22.46,1
SMH41656,12.84,12.85,1
SMH41658,10.59,10.63,1
SMH41659,15.91,21.99,1
SMH41662,27.29,1.4,0
SMH41680,16.33,16.33,1
SMH41695,18.44,12.25,1
SMH41696,11.57,21.9,1
SMH41707,19.22,24.96,1
SMH41729,26.67,1.6,0
SMH41731,30.2,29.55,1
SMH41732,28.43,28.43,1
SMH41736,30.27,25.19,1
SMH41745,17.9,1.85,0
SMH41747,20.19,21.86,1
SMH41749,16.28,21.01,1
SMH41757,23.24,23.95,1
SMH41767,15.85,15.27,1
SMH41772,31.12,31.15,1
SMH41775,27.75,26.7,1
SMH41783,16.68,12.76,1
SMH41792,8.43,5.8,1
SMH41793,28.97,28.16,1
SMH41796,17.16,2.6,0
SMH41800,22.26,12.24,0
SMH41801,18.4,1.03,0
SMH41825,22.18,22.19,1
SMH41832,25.87,22.84,1
SMH41836,15.12,18.05,1
SMH41837,17.21,0.39,0
SMH41838,22.71,1.4,0
SMH41846,20.54,23.84,1
SMH41849,34.31,29.2,1
SMH41853,20.73,20.73,1
SMH41862,17.0,17.0,1
SMH41892,13.505,0.0,0
SMH41899,17.59,17.63,1
SMH41926,20.13,20.13,1
SMH41931,12.34,38.92,1
SMH41937,16.97,9.42,1
SMH41957,12.72,21.07,1
SMH41959,12.73,14.61,1
SMH41966,15.07,24.52,1
SMH41967,12.98,16.43,1
SMH41971,13.43,16.25,1
SMH41974,18.27,18.74,1
SMH41975,17.32,20.04,1
SMH41976,23.33,23.33,1
SMH41983,17.17,20.2,1
SMH41987,20.29,20.29,1
SMH41990,19.4,19.42,1
SMH41999,19.11,19.18,1
SMH42002,44.92,44.93,1
SMH42003,30.82,30.72,1
SMH42007,24.05,22.24,1
SMH42030,47.04,44.9,1
SMH42042,18.98,27.67,1
SMH42048,14.74,24.0,1
SMH42057,13.65,13.65,1
SMH42061,13.04,6.84,1
SMH42063,28.54,28.54,1
SMH42067,35.72,35.58,1
SMH42073,15.49,21.51,1
SMH42074,15.51,15.66,1
SMH42075,13.11,17.2,1
SMH42083,14.97,22.88,1
SMH42086,64.85,64.88,1
SMH42092,26.72,26.72,1
SMH42099,30.87,26.85,1
SMH42100,14.3,14.3,1
SMH42104,31.05,26.25,1
SMH42109,26.1,18.55,1
SMH42117,18.18,16.95,1
SMH42127,10.72,8.39,1
SMH42134,13.03,28.89,1
SMH42139,18.02,18.02,1
SMH42165,13.14,13.16,1
SMH42171,17.66,17.66,1
SMH42173,15.87,16.9,1
SMH42182,14.44,14.45,1
SMH42195,23.93,23.93,1
SMH42196,15.3,24.21,1
SMH42200,27.54,21.64,1
SMH42218,39.64,40.69,1
SMH42223,18.88,13.81,1
SMH42230,14.08,14.08,1
SMH42245,17.9,19.25,1
SMH42250,15.56,3.55,0
SMH42252,18.99,19.02,1
SMH42253,13.1,0.71,0
SMH42254,26.63,12.45,0
SMH42258,18.477,0.0,0
SMH42262,16.82,0.0,0
SMH42269,13.95,13.95,1
SMH42279,24.0,24.0,1
SMH42280,29.82,21.75,0
SMH42286,15.01,15.02,1
SMH42295,56.3,56.33,1
SMH42302,14.5,14.56,1
SMH42312,46.68,46.79,1
SMH42313,33.83,27.88,1
SMH42315,58.77,58.8,1
SMH42317,29.49,21.34,0
SMH42318,35.62,22.79,0
SMH42327,30.98,22.49,0
SMH42331,51.66,51.66,1
SMH42337,22.23,14.58,1
SMH42342,16.15,16.16,1
SMH42348,10.1,6.33,1
SMH42349,10.76,4.25,1
SMH42370,21.38,19.92,1
SMH42371,16.94,16.23,1
SMH42375,22.61,20.85,1
SMH42379,15.9,12.52,1
SMH42397,16.87,16.87,1
SMH42411,44.17,32.55,0
SMH42415,45.01,45.01,1
SMH42429,17.88,17.88,1
SMH42439,21.81,21.81,1
SMH42440,17.17,2.03,0
SMH42441,18.56,3.62,0
SMH42445,14.32,0.65,0
SMH42449,21.48,2.6,0
SMH42453,44.33,44.33,1
SMH42457,15.87,15.87,1
SMH42461,14.39,12.77,1
SMH42465,28.88,24.98,1
SMH42473,18.84,18.84,1
SMH42474,16.36,27.29,1
SMH42489,22.08,22.08,1
SMH42490,21.85,18.5,1
SMH42495,20.4,20.4,1
SMH42496,23.566,23.3,1
SMH42499,18.4,18.26,1
SMH42501,14.23,13.24,1
SMH42506,23.15,2.46,0
SMH42513,20.97,14.58,1
SMH42517,25.2,21.36,1
SMH42528,24.35,24.35,1
SMH42533,14.62,11.12,1
SMH42534,13.4,19.78,1
SMH42547,15.55,27.96,1
SMH42548,16.98,19.44,1
SMH42554,16.14,14.51,1
SMH42563,49.93,36.45,0
SMH42566,23.5,7.45,0
SMH42601,26.56,26.56,1
SMH42603,14.09,14.12,1
SMH42608,18.71,18.71,1
SMH42625,14.27,14.29,1
SMH42650,25.36,19.12,1
SMH42653,15.61,1.13,0
SMH42672,19.87,1.62,0
SMH42701,15.03,0.0,0
SMH42718,15.35,2.25,0
SMH43121,19.53,20.08,1
SMH43133,31.52,31.52,1
SMH43134,10.75,15.06,1
SMH43154,14.63,15.95,1
SMH43160,25.29,25.29,1
SMH43178,16.86,26.36,1
SMH43182,18.52,19.42,1
SMH43381,13.21,1.33,0
SMH43387,23.5,1.55,0
SMH43414,17.45,17.45,1
SMH43441,28.63,1.38,0
SMH43625,16.36,0.83,0
SMH43634,42.76,4.94,0
SMH43641,10.33,20.13,1
SMH43642,11.08,17.58,1
SMH43651,14.23,14.25,1
SMH43656,37.97,16.77,0
SMH43657,18.25,0.91,0
SMH43679,19.01,0.83,0
SMH43690,17.07,17.73,1
SMH43703,37.83,37.83,1
SMH43709,18.93,18.93,1
SMH43713,26.35,26.36,1
SMH43726,16.39,1.01,0
SMH43729,25.08,23.89,1
SMH43755,39.64,5.2,0
SMH43762,12.62,1.39,0
SMH43765,26.88,3.86,0
SMH43767,24.42,7.03,0
SMH43858,14.92,15.06,1
SMH43909,8.61,10.15,1
SMH43960,27.22,2.13,0
SMH43962,22.24,2.59,0
SMH43976,21.37,15.51,1
SMH43981,20.07,11.89,0
SMH43982,22.57,20.06,1
SMH43986,35.01,35.01,1
SMH44000,23.08,13.72,0
SMH44006,25.92,25.92,1
SMH44008,27.38,9.84,0
SMH44011,44.28,44.28,1
SMH44014,26.56,25.75,1
SMH44017,27.01,13.95,0
SMH44018,27.48,14.18,0
SMH44019,31.9,31.9,1
SMH44032,23.25,13.19,0
SMH44040,20.0,18.83,1
SMH44041,24.24,24.24,1
SMH44043,17.72,17.72,1
SMH44050,22.94,22.94,1
SMH44067,30.55,30.56,1
SMH44070,20.36,20.36,1
SMH44072,23.44,23.44,1
SMH44078,20.3,18.05,1
SMH44080,18.63,17.66,1
SMH44084,21.0,18.66,1
SMH44094,19.16,14.84,1
SMH44104,20.14,14.51,1
SMH44107,36.6,36.52,1
SMH44108,39.94,39.94,1
SMH44109,21.24,18.88,1
SMH44112,22.82,10.67,0
SMH44124,15.35,15.35,1
SMH44127,28.71,28.71,1
SMH44128,13.08,13.08,1
SMH44138,16.08,16.51,1
SMH44165,20.57,20.57,1
SMH44166,19.08,17.35,1
SMH44194,12.86,19.53,1
SMH44223,20.12,21.18,1
SMH44238,17.4,15.92,1
SMH44257,30.0,30.0,1
SMH44282,32.47,34.89,1
SMH44283,30.91,33.62,1
SMH44287,29.47,32.03,1
SMH44292,13.49,13.49,1
SMH44295,26.53,26.55,1
SMH44298,13.9,13.9,1
SMH44333,11.71,11.76,1
SMH44335,10.99,20.47,1
SMH44342,21.49,28.38,1
SMH44373,13.84,12.4,1
SMH44374,28.94,28.94,1
SMH44379,17.9,17.9,1
SMH44380,29.33,29.33,1
SMH44380o,18.56,18.61,1
SMH44382,33.73,33.73,1
SMH44387,33.37,33.37,1
SMH44392,20.04,20.04,1
SMH44394,22.132,22.13,1
SMH44396,23.9,24.01,1
SMH44397,32.58,32.59,1
SMH44400,14.69,14.69,1
SMH44414,21.67,19.82,1
SMH44415,19.95,19.95,1
SMH44432,19.74,19.03,1
SMH44433,14.06,14.11,1
SMH44434,20.97,20.97,1
SMH44437,26.02,26.03,1
SMH44442,43.81,43.81,1
SMH44449,16.8,28.51,1
SMH44452,18.81,15.95,1
SMH44461,19.01,19.01,1
SMH44462,25.13,25.13,1
SMH44463,30.31,28.52,1
SMH44465,13.61,12.46,1
SMH44467,13.02,12.58,1
SMH44475,45.39,44.46,1
SMH44486,27.15,27.16,1
SMH44491,17.33,20.92,1
SMH44498,14.64,14.66,1
SMH44501,19.79,19.79,1
SMH44502,15.9,16.85,1
SMH44514,24.03,24.03,1
SMH44519,35.68,35.68,1
SMH44528,13.35,7.47,1
SMH44545,13.36,13.36,1
SMH44556,14.95,14.95,1
SMH44572,17.94,11.78,1
SMH44590,23.23,18.41,1
SMH44601,23.53,20.17,1
SMH44616,14.66,14.66,1
SMH44617,21.45,21.45,1
SMH44618,24.35,21.92,1
SMH44619,16.739,29.16,1
SMH44633,36.27,31.04,1
SMH44640,26.52,26.53,1
SMH44646,13.05,6.78,1
SMH44658,17.23,12.88,1
SMH44659,28.27,28.27,1
SMH44678,13.89,13.89,1
SMH44681,13.99,13.99,1
SMH44682,12.99,12.99,1
SMH44714,23.75,23.75,1
SMH44723,37.63,31.99,1
SMH44725,37.23,30.92,1
SMH44733,34.57,28.84,1
SMH44738,17.72,17.16,1
SMH44744,21.19,21.19,1
SMH44745,21.97,21.97,1
SMH44755,14.63,14.73,1
SMH44756,23.42,23.42,1
SMH44765,13.16,13.16,1
SMH44772,16.05,16.05,1
SMH44801,14.29,15.11,1
SMH44823,18.12,18.12,1
SMH44824,17.11,17.78,1
SMH44825,16.14,17.12,1
SMH44832,33.28,33.28,1
SMH44864,19.74,3.35,0
SMH44866,20.26,14.51,1
SMH44894,37.26,37.26,1
SMH44902,19.93,6.57,0
SMH44903,20.17,2.71,0
SMH44906,16.69,16.69,1
SMH44910,12.7,19.81,1
SMH44936,17.28,18.79,1
SMH44946,12.91,12.91,1
SMH44967,23.7,23.7,1
SMH45023,14.47,15.6,1
SMH45052,16.78,16.78,1
SMH45054,11.6,13.0,1
SMH45055,17.72,17.88,1
SMH45065,17.27,10.4,1
SMH45084,20.61,20.61,1
SMH45105,22.47,31.9,1
SMH45108,32.78,43.19,1
SMH45128,13.88,28.42,1
SMH45148,15.99,16.0,1
SMH45150,19.12,19.12,1
SMH45163,16.48,16.49,1
SMH45173,30.98,26.23,1
SMH45179,14.68,14.68,1
SMH45204,27.86,27.55,1
SMH45220,18.62,16.22,1
SMH45237,18.87,16.62,1
SMH45242,16.1,16.1,1
SMH45263,15.08,11.73,1
SMH45280,23.23,23.23,1
SMH45281,13.3,13.3,1
SMH45282,12.2,12.2,1
SMH45293,24.98,20.1,1
SMH45298,17.47,20.03,1
SMH45301,22.5,19.58,1
SMH45305,21.11,22.4,1
SMH45306,19.65,22.79,1
SMH45309,18.84,21.82,1
SMH45311,20.29,19.94,1
SMH45312,19.2,16.87,1
SMH45326,25.69,13.91,0
SMH45328,41.08,35.62,1
SMH45333,26.71,7.49,0
SMH45343,18.8,21.92,1
SMH45345,39.93,27.89,0
SMH45350,26.87,24.3,1
SMH45351,21.88,21.88,1
SMH45361,18.17,19.15,1
SMH45362,17.34,19.71,1
SMH45372,20.84,14.66,1
SMH45376,21.16,21.16,1
SMH45379,36.87,36.88,1
SMH45394,24.27,15.72,0
SMH45396,23.27,11.37,0
SMH45406,21.06,21.06,1
SMH45414,20.05,20.05,1
SMH45419,23.82,23.82,1
SMH45425,19.04,13.71,1
SMH45463,29.39,29.39,1
SMH45470,12.48,12.48,1
SMH45476,16.22,0.31,0
SMH45480,24.81,38.95,1
SMH45481,11.91,28.09,1
SMH45484,21.82,33.36,1
SMH45527,22.73,34.87,1
SMH45546,23.887,32.12,1
SMH45547,24.83,26.99,1
SMH45551,19.85,0.85,0
SMH45557,38.44,35.58,1
SMH45562,16.7,2.11,0
SMH45582,20.46,20.46,1
SMH45583,22.3,28.8,1
SMH45589,25.24,4.43,0
SMH45590,13.96,13.96,1
SMH45595,25.46,25.46,1
SMH45606,20.48,22.23,1
SMH45614,20.16,23.07,1
SMH45631,25.26,25.26,1
SMH45632,18.43,9.64,0
SMH45636,27.16,26.36,1
SMH45647,31.81,31.82,1
SMH45652,55.63,55.67,1
SMH45674,14.96,25.91,1
SMH45677,16.54,28.53,1
SMH45700,34.53,32.31,1
SMH45708,21.35,24.23,1
SMH45709,26.61,28.22,1
SMH45709o,26.8,28.37,1
SMH45714,23.68,26.95,1
SMH45721,24.98,24.98,1
SMH45726,30.25,30.25,1
SMH45732,36.15,32.32,1
SMH45736,36.62,36.64,1
SMH45740,31.63,31.63,1
SMH45745,28.23,20.87,1
SMH45752,22.67,25.5,1
SMH45757,39.9,29.5,0
SMH45768,20.68,15.43,1
SMH45769,27.91,27.49,1
SMH45771,19.05,13.01,1
SMH45775,11.52,12.17,1
SMH45776,13.54,13.54,1
SMH45778,12.584,12.58,1
SMH45782,13.116,13.36,1
SMH45790,15.98,15.98,1
SMH45792,56.2,46.18,0
SMH45804,16.47,16.47,1
SMH45835,54.91,46.4,0
SMH45840,11.39,11.39,1
SMH45849,17.635,15.53,1
SMH45853,30.78,30.78,1
SMH45855,10.0,4.34,1
SMH45866,28.3,26.2,1
SMH45868,24.83,25.54,1
SMH45874_2,19.256,19.6,1
SMH45885,29.8,29.81,1
SMH45887,12.58,17.01,1
SMH45888,9.35,15.85,1
SMH45901,20.54,22.63,1
SMH45906,12.5,3.71,0
SMH45925,20.05,21.57,1
SMH45926,21.73,21.73,1
SMH45946,12.23,17.72,1
SMH45951,15.18,5.32,0
SMH45959,21.38,25.28,1
SMH45964,14.13,5.27,0
SMH45969,11.553,5.56,1
SMH45980,10.07,10.3,1
SMH45981,7.1,9.64,1
SMH46003,40.88,40.89,1
SMH46004,11.0,1.43,0
SMH46012,13.74,5.1,0
SMH46013,15.53,6.8,0
SMH46031,9.89,5.49,1
SMH46038,14.25,14.25,1
SMH46048,25.78,25.78,1
SMH46053,9.33,8.9,1
SMH46054,11.66,7.76,1
SMH46060,12.71,9.84,1
SMH46061,21.58,21.58,1
SMH46073,14.11,6.29,1
SMH46074,41.87,43.64,1
SMH46076,14.13,4.73,0
SMH46080,12.92,4.77,0
SMH46082,18.56,17.99,1
SMH46083,15.95,21.84,1
SMH46091,21.4,24.55,1
SMH46094,18.87,22.57,1
SMH46104,24.08,24.09,1
SMH46105,7.75,15.98,1
SMH46107,6.52,6.81,1
SMH46110,16.38,13.41,1
SMH46113,10.61,12.19,1
SMH46122,19.07,14.34,1
SMH46129,23.9,23.9,1
SMH46134,19.72,4.62,0
SMH46138,11.3,11.3,1
SMH46140,16.59,16.61,1
SMH46162,13.66,14.79,1
SMH46169,15.03,18.28,1
SMH46177,10.5,12.0,1
SMH46186,19.41,20.91,1
SMH46192,20.7,22.29,1
SMH46199,16.44,19.95,1
SMH46214,12.95,6.58,1
SMH46215,12.5,5.29,1
SMH46218,15.44,15.44,1
SMH46221,15.34,15.34,1
SMH46227,24.39,25.66,1
SMH46238,29.62,33.09,1
SMH46244,20.3,23.59,1
SMH46245,21.56,21.56,1
SMH46247,26.76,26.76,1
SMH46254,18.55,13.66,1
SMH46256,35.1,31.23,1
SMH46265,27.02,27.02,1
SMH46272,27.21,23.05,1
SMH46273,14.1,14.11,1
SMH46277,25.0,23.94,1
SMH46281,11.6,3.66,1
SMH46302,9.1,9.1,1
SMH46470,18.07,33.58,1
SMH46475,13.13,17.44,1
SMH46578,35.3,35.3,1
SMH46591,21.42,24.07,1
SMH46600,32.96,32.96,1
SMH46609,25.391,23.33,1
SMH46622,5.549,9.92,1
SMH46627,21.0,18.72,1
SMH46631,11.5,14.27,1
SMH46632,22.93,22.93,1
SMH46634,17.95,32.25,1
SMH46637,29.5,29.5,1
SMH46643,19.78,19.8,1
SMH46644,36.99,23.29,0
SMH46647,29.02,29.03,1
SMH46648,28.0,32.88,1
SMH46653,17.83,20.06,1
SMH46660,17.346,17.35,1
SMH46661,8.89,12.99,1
SMH46669,26.99,27.41,1
SMH46672,19.97,25.33,1
SMH46675,12.676,15.37,1
SMH46676,17.71,17.71,1
SMH46682,17.016,17.02,1
SMH46688,44.7,52.72,1
SMH46693,16.7,16.7,1
SMH46710,11.2,22.73,1
SMH46712,14.7,21.88,1
SMH46714,9.78,19.98,1
SMH46717,15.53,25.28,1
SMH46721,19.3,8.89,0
SMH46727,12.35,8.1,1
SMH46729,50.47,49.81,1
SMH46736,18.075,18.01,1
SMH46745,11.0,7.69,1
SMH46746,9.7,9.7,1
SMH46749,25.5,25.51,1
SMH46756,19.941,23.47,1
SMH46769,19.119,19.85,1
SMH46770,20.595,20.6,1
SMH46771,21.459,21.46,1
SMH46772,22.071,22.08,1
SMH46773,12.8,13.49,1
SMH46774,17.424,19.6,1
SMH46779,25.22,32.31,1
SMH46780,32.76,32.78,1
SMH46781,26.6,26.6,1
SMH46784,24.5,27.17,1
SMH46786,29.56,29.57,1
SMH46793,17.0,17.77,1
SMH46800,18.228,18.94,1
SMH46801,32.311,32.66,1
SMH46806,31.94,32.03,1
SMH46870,20.47,25.43,1
SMH46901,35.53,35.54,1
SMH46902,27.24,29.19,1
SMH46908,10.12,10.5,1
SMH46909,20.45,3.95,0
SMH46910,18.24,12.55,1
SMH46911,11.7,11.7,1
SMH46917,32.92,33.92,1
SMH46921,30.03,12.06,0
SMH46925,17.2,17.2,1
SMH46939,21.42,21.42,1
SMH46943,33.88,36.38,1
SMH46944,17.8,20.22,1
SMH46952,16.7,20.68,1
SMH46965,17.73,3.17,0
SMH46968,21.51,21.51,1
SMH46986,18.57,3.85,0
SMH46987,18.5,3.85,0
SMH46988,12.565,0.93,0
SMH46990,14.085,0.32,0
SMH46995,29.23,30.28,1
SMH46996,19.93,20.92,1
SMH47004,25.44,28.0,1
SMH47009,28.52,28.52,1
SMH47019,36.47,36.47,1
SMH47043,15.79,18.89,1
SMH47045,22.73,1.15,0
SMH47048,15.37,17.0,1
SMH47061,20.74,23.16,1
SMH47066,23.29,23.29,1
SMH47068,13.65,14.82,1
SMH47077,16.79,18.36,1
SMH47078,23.85,24.49,1
SMH47085,13.46,15.3,1
SMH47095,19.281,3.27,0
SMH47109,23.27,26.13,1
SMH47110,37.0,37.0,1
SMH47115,26.14,21.59,1
SMH47116,16.9,16.9,1
SMH47118,35.28,35.31,1
SMH47121,14.01,15.99,1
SMH47135,26.15,26.81,1
SMH47138,18.2,11.61,1
SMH47152,14.628,1.78,0
SMH47157,25.06,25.32,1
SMH47158,21.9,0.92,0
SMH47161,26.34,26.34,1
SMH47169,34.56,27.63,1
SMH47170,32.57,32.57,1
SMH47188,30.14,30.15,1
SMH47193,17.28,19.69,1
SMH47199,24.85,29.58,1
SMH47201,12.49,12.49,1
SMH47204,18.72,2.84,0
SMH47207,35.97,17.18,0
SMH47215,10.45,1.42,0
SMH47221,11.17,26.51,1
SMH47229,9.7,0.83,0
SMH47230,14.56,14.47,1
SMH47239,33.8,10.53,0
SMH47250,44.13,44.14,1
SMH47256,16.65,16.65,1
SMH47261,25.99,21.17,1
SMH47265,13.7,0.91,0
SMH47272,25.08,10.66,0
SMH47273,13.89,1.49,0
SMH47278,12.92,16.17,1
SMH47286,16.97,17.0,1
SMH47290,23.06,3.99,0
SMH47296,5.09,1.31,1
SMH47309,29.12,29.83,1
SMH47313,29.85,29.88,1
SMH47317,17.49,31.35,1
SMH47328,27.65,4.58,0
SMH47344,5.7,0.65,1
SMH47349,30.13,30.13,1
SMH47355,12.36,13.91,1
SMH47365,11.16,11.16,1
SMH47366,12.33,12.33,1
SMH47367,9.94,9.94,1
SMH47372,11.34,11.34,1
SMH47373,15.53,4.67,0
SMH47391,14.09,15.22,1
SMH47392,15.43,15.43,1
SMH47394,21.03,21.03,1
SMH47403,9.68,9.68,1
SMH47404,8.22,8.79,1
SMH47406,24.443,24.22,1
SMH47407,11.47,11.51,1
SMH47423,35.75,12.3,0
SMH47438,14.37,15.3,1
SMH47440,17.83,20.23,1
SMH47449,17.55,17.55,1
SMH47463,7.41,7.41,1
SMH47467,6.87,9.41,1
SMH47473,15.17,15.17,1
SMH47476,11.68,0.0,0
SMH47477,14.67,1.12,0
SMH47480,30.08,14.84,0
SMH47488,19.58,9.44,0
SMH47489,31.28,29.2,1
SMH47502,33.88,33.88,1
SMH47503,16.06,20.4,1
SMH47509,12.02,20.88,1
SMH47515,20.89,23.32,1
SMH47527,12.22,12.72,1
SMH47533,14.94,16.54,1
SMH47534,21.75,23.83,1
SMH47562,8.77,8.78,1
SMH47570,11.44,10.93,1
SMH47579,34.19,34.19,1
SMH47582,14.57,17.07,1
SMH47588,13.93,16.24,1
SMH47604,11.7,13.64,1
SMH47608,11.75,11.76,1
SMH47614,13.83,17.32,1
SMH47632,38.75,38.75,1
SMH47636,17.908,12.57,1
SMH47637,20.0,16.33,1
SMH47653,18.358,13.34,1
SMH47656,9.03,10.09,1
SMH47660,26.1,3.3,0
SMH47662,16.28,3.47,0
SMH47666,4.041,4.17,1
SMH47667,8.71,4.02,1
SMH47670,25.69,22.72,1
SMH47679,17.41,17.41,1
SMH47681,27.17,27.17,1
SMH47685,16.794,17.54,1
SMH47690,27.33,2.35,0
SMH47691,44.03,42.03,1
SMH47692,44.07,39.14,1
SMH47696,19.27,19.27,1
SMH47697,37.59,30.48,1
SMH47698,18.87,20.18,1
SMH47699,21.37,21.38,1
SMH47701,18.69,18.69,1
SMH47711,13.38,13.49,1
SMH47714,7.65,7.65,1
SMH47722,11.59,8.16,1
SMH47725,13.11,13.11,1
SMH47727,22.962,22.14,1
SMH47729,12.75,16.41,1
SMH47730,13.75,18.84,1
SMH47735,13.63,13.63,1
SMH47738,22.64,23.3,1
SMH47739,19.71,24.72,1
SMH47743,33.31,33.32,1
SMH47744,24.97,24.97,1
SMH47749,16.28,5.38,0
SMH47752/54395,27.38,26.61,1
SMH47755,13.29,13.94,1
SMH47765,13.21,13.21,1
SMH47767,22.95,22.95,1
SMH47774,14.89,15.36,1
SMH47788,30.35,5.9,0
SMH47791,19.84,19.84,1
SMH47800,25.97,10.17,0
SMH47801,14.794,0.86,0
SMH47807,18.96,18.96,1
SMH47809,14.74,14.74,1
SMH47814,19.83,19.83,1
SMH47823,37.76,32.93,1
SMH47839,28.62,24.32,1
SMH47841,38.39,34.03,1
SMH47845,17.21,2.46,0
SMH47864,6.31,6.32,1
SMH47870,39.62,29.36,0
SMH47873,17.12,17.12,1
SMH47882,15.54,15.54,1
SMH47897,12.02,12.02,1
SMH47913,15.84,15.84,1
SMH47920,16.97,14.58,1
SMH47925,22.31,15.1,1
SMH47926,17.67,9.48,0
SMH47930,25.36,16.18,0
SMH47931,15.18,15.18,1
SMH47932,16.02,16.02,1
SMH47943,14.26,18.7,1
SMH47945,17.4,17.4,1
SMH47946,18.31,19.87,1
SMH47948,22.37,22.51,1
SMH47950,14.54,14.54,1
SMH47952,16.81,16.83,1
SMH47960,20.47,20.48,1
SMH47969,14.07,14.07,1
SMH47971,15.15,15.15,1
SMH47986,14.72,14.72,1
SMH47988,12.8,12.8,1
SMH47990,12.99,13.0,1
SMH47992,12.33,12.33,1
SMH47993,15.47,15.49,1
SMH47996,16.0,16.0,1
SMH47999,25.47,14.14,0
SMH48002,18.3,12.81,1
SMH48006,30.714,30.86,1
SMH48012,4.57,16.7,1
SMH48013,9.0,16.21,1
SMH48017,27.207,27.67,1
SMH48018,10.859,10.91,1
SMH48019,16.1,18.47,1
SMH48021,16.28,17.61,1
SMH48022,19.18,23.03,1
SMH48024,23.65,25.63,1
SMH48028,25.5,25.51,1
SMH48032,41.96,41.99,1
SMH48037,17.86,21.2,1
SMH48046,7.369,8.93,1
SMH48048,6.9,8.49,1
SMH48049,7.169,10.15,1
SMH48052,8.5,20.3,1
SMH48065,11.54,10.72,1
SMH48068,10.53,10.53,1
SMH48077,14.95,19.32,1
SMH48078,19.06,19.06,1
SMH48079,16.12,17.29,1
SMH48082,31.89,31.89,1
SMH48089,32.2,30.6,1
SMH48093,19.63,21.47,1
SMH48099,16.166,11.68,1
SMH48105,21.24,24.32,1
SMH48124,22.79,22.79,1
SMH48132,23.69,23.69,1
SMH48164,20.93,27.09,1
SMH48167,14.45,18.1,1
SMH48177,38.97,31.19,1
SMH48189,27.449,27.58,1
SMH48197,8.53,8.89,1
SMH48203,33.89,32.98,1
SMH48211,14.22,14.22,1
SMH48222,35.247,35.31,1
SMH48225,27.6,27.6,1
SMH48233,51.58,51.62,1
SMH48241,26.74,26.74,1
SMH48244,19.74,15.57,1
SMH48247,42.94,43.84,1
SMH48252,11.44,11.44,1
SMH48255,26.05,26.05,1
SMH48272,12.882,1.07,0
SMH48277,22.65,22.65,1
SMH48283,20.82,20.82,1
SMH48284,18.9,12.37,1
SMH48285,14.84,14.84,1
SMH48289,22.34,22.34,1
SMH48302,12.73,12.73,1
SMH48304,14.96,14.96,1
SMH48306,21.09,26.08,1
SMH48308,31.43,1.32,0
SMH48322,12.91,20.05,1
SMH48328,28.43,0.81,0
SMH48330,15.85,15.86,1
SMH48332,24.64,25.22,1
SMH48344,14.0,0.97,0
SMH48350,15.91,15.91,1
SMH48358,7.87,1.83,1
SMH48360,18.15,19.28,1
SMH48364,35.69,6.04,0
SMH48365,23.56,23.56,1
SMH48367,14.76,13.38,1
SMH48387,14.91,7.29,1
SMH48388,13.26,11.03,1
SMH48389,25.51,0.0,0
SMH48398,20.8,22.03,1
SMH48414,17.29,17.48,1
SMH48415,18.04,18.06,1
SMH48419,21.38,12.94,0
SMH48420,9.14,0.65,0
SMH48424,22.18,18.38,1
SMH48433,12.62,12.62,1
SMH48442,22.76,15.3,1
SMH48445,19.54,16.36,1
SMH48446,13.43,13.44,1
SMH48448,10.58,10.58,1
SMH48449,26.51,23.8,1
SMH48450,22.29,22.29,1
SMH48456,16.54,16.55,1
SMH48459,14.35,19.14,1
SMH48464,12.39,12.39,1
SMH48468,27.03,27.03,1
SMH48481,33.335,33.35,1
SMH48482,11.41,1.14,0
SMH48491,31.98,32.0,1
SMH48518,22.35,22.36,1
SMH48520,17.04,6.32,0
SMH48521,23.7,23.7,1
SMH48522,19.77,19.77,1
SMH48529,18.98,19.03,1
SMH48539,20.64,20.65,1
SMH48553,21.34,15.98,1
SMH48564,17.7,17.9,1
SMH48570,18.64,18.64,1
SMH48572,16.02,21.06,1
SMH48574,17.43,11.7,1
SMH48575,24.2,24.2,1
SMH48582,17.42,17.42,1
SMH48614,13.42,13.42,1
SMH48626,15.8,15.8,1
SMH48628,16.83,19.43,1
SMH48632,13.19,10.87,1
SMH48634,14.88,14.88,1
SMH48636,10.1,64.91,1
SMH48640,11.99,11.99,1
SMH48653,21.01,21.01,1
SMH48660,13.53,13.53,1
SMH48672,18.98,19.65,1
SMH48675,22.31,22.32,1
SMH48678,16.26,17.45,1
SMH48679,15.42,20.31,1
SMH48680,27.02,27.03,1
SMH48690,15.05,0.0,0
SMH48697,28.61,28.61,1
SMH48702,15.94,15.94,1
SMH48710,28.37,28.37,1
SMH48711,19.35,19.35,1
SMH48712,10.67,10.67,1
SMH48713,47.34,44.71,1
SMH48731,13.33,13.33,1
SMH48742,14.58,20.85,1
SMH48745,14.25,14.27,1
SMH48752,14.42,23.66,1
SMH48757,20.7,24.48,1
SMH48764,18.97,19.02,1
SMH48773,33.76,27.64,1
SMH48776,65.21,65.23,1
SMH48780,25.76,14.98,0
SMH48781,14.77,15.92,1
SMH48795,13.53,22.95,1
SMH48805,25.39,25.39,1
SMH48807,13.5,15.39,1
SMH48809,12.31,7.08,1
SMH48828,14.02,14.02,1
SMH48839,48.66,48.7,1
SMH48862,14.62,19.76,1
SMH48865,17.6,1.48,0
SMH48878,39.85,39.85,1
SMH48880,45.65,45.74,1
SMH48883,15.17,17.84,1
SMH48884,15.02,18.34,1
SMH48887,51.55,51.55,1
SMH48895,15.66,15.66,1
SMH48899,14.2,0.0,0
SMH48900,12.69,1.24,0
SMH48902,26.16,11.17,0
SMH48904,26.4,10.34,0
SMH48916,13.39,15.83,1
SMH48932,13.83,25.43,1
SMH48933,14.12,14.12,1
SMH48938,18.53,21.09,1
SMH48939,16.95,15.16,1
SMH48940,12.87,9.5,1
SMH48946,12.85,14.25,1
SMH48948,28.25,13.51,0
SMH48949,13.86,4.02,0
SMH48951,15.0,15.0,1
SMH48966,23.43,20.94,1
SMH48989,20.03,19.44,1
SMH49002,15.79,15.03,1
SMH49003,14.03,15.15,1
SMH49005,13.28,13.81,1
SMH49008,15.56,14.72,1
SMH49009,21.37,20.84,1
SMH49010,20.79,23.68,1
SMH49011,56.64,56.64,1
SMH49018,14.77,7.5,1
SMH49023,12.83,12.83,1
SMH49026,13.35,13.35,1
SMH49036,27.64,17.73,0
SMH49037,32.01,32.01,1
SMH49046,11.81,11.81,1
SMH49049,34.04,25.45,0
SMH49050,11.0,11.0,1
SMH49051,12.48,7.06,1
SMH49053,19.06,13.53,1
SMH49056,19.56,16.59,1
SMH49065,16.29,0.44,0
SMH49068,20.37,1.66,0
SMH49071,14.85,0.86,0
SMH49072,16.83,1.38,0
SMH49076,16.6,2.68,0
SMH49087,28.16,28.16,1
SMH49091,19.62,16.78,1
SMH49105,12.132,12.19,1
SMH49111,26.98,25.01,1
SMH49115,16.19,16.19,1
SMH49116,14.6,14.62,1
SMH49123,10.72,10.72,1
SMH49131,17.89,16.36,1
SMH49139,20.22,19.86,1
SMH49142,35.3,12.01,0
SMH49151,13.29,11.7,1
SMH49152,21.04,17.97,1
SMH49163,18.27,18.27,1
SMH49187,12.64,12.64,1
SMH49188,11.73,11.73,1
SMH49202,23.06,23.06,1
SMH49235,27.0,27.0,1
SMH49240,16.98,17.05,1
SMH49262,22.07,22.31,1
SMH49270,15.55,15.57,1
SMH49308,36.22,36.27,1
SMH49323,22.29,22.29,1
SMH49735,12.91,20.41,1
SMH49736,15.39,15.4,1
SMH49738,23.55,23.55,1
SMH49751,13.3,16.31,1
SMH49759,13.51,13.52,1
SMH49764,18.91,19.67,1
SMH49766,16.95,16.95,1
SMH49771,29.87,29.87,1
SMH49780,12.83,18.0,1
SMH49843,16.48,0.7,0
SMH49936,19.83,19.86,1
SMH49941,11.15,11.19,1
SMH49956,21.19,2.22,0
SMH49962,11.7,0.0,0
SMH49987,44.54,13.74,0
SMH50012,17.53,17.64,1
SMH50020,37.81,10.0,0
SMH50060,18.53,18.55,1
SMH50250,20.86,1.34,0
SMH50287,14.86,14.89,1
SMH50293,25.0,1.76,0
SMH50295,30.49,3.08,0
SMH50309,39.38,13.46,0
SMH50316,12.84,13.54,1
SMH50321,22.85,0.68,0
SMH50325,41.23,5.04,0
SMH50334,15.92,15.92,1
SMH50339,22.14,1.44,0
SMH50343,24.27,24.28,1
SMH50346,20.31,20.31,1
SMH50354,14.18,14.38,1
SMH50368,29.16,2.93,0
SMH50371,24.41,2.46,0
SMH50378,22.88,1.11,0
SMH50399,21.02,1.27,0
SMH50404,26.04,3.77,0
SMH50405,14.03,14.05,1
SMH50426,49.56,49.58,1
SMH50464,17.14,1.49,0
SMH50491,37.52,4.73,0
SMH50557,20.43,0.0,0
SMH50560,19.92,0.0,0
SMH50563,32.19,0.84,0
SMH50580,21.94,2.56,0
SMH50591,22.34,17.16,1
SMH50593,21.42,21.42,1
SMH50595,32.39,32.39,1
SMH50596,25.04,9.98,0
SMH50597,25.61,25.61,1
SMH50614,23.19,18.1,1
SMH50620,19.66,4.81,0
SMH50623,38.2,35.07,1
SMH50625,32.33,8.57,0
SMH50626,28.47,3.72,0
SMH50630,30.94,5.23,0
SMH50633,24.62,4.98,0
SMH50651,24.98,16.19,0
SMH50654,22.58,18.91,1
SMH50655,25.08,25.08,1
SMH50660,20.26,20.26,1
SMH50661,25.25,25.25,1
SMH50674,28.93,28.93,1
SMH50678,23.61,8.74,0
SMH50679,22.3,22.3,1
SMH50682,21.48,21.48,1
SMH50685,17.52,15.54,1
SMH50688,17.45,17.45,1
SMH50701,20.73,20.73,1
SMH50702,44.82,44.82,1
SMH50704,17.02,17.06,1
SMH50726,20.18,22.31,1
SMH50747,18.7,20.51,1
SMH50795,13.59,13.71,1
SMH50796,13.84,14.75,1
SMH50803,10.85,11.64,1
SMH50809,20.16,20.16,1
SMH50810,22.96,22.96,1
SMH50811,21.95,21.95,1
SMH50815,15.8,15.8,1
SMH50816,17.93,17.93,1
SMH50820,28.24,30.49,1
SMH50830,18.21,15.14,1
SMH50833,18.04,18.04,1
SMH50869,19.0,19.0,1
SMH50870,28.91,28.93,1
SMH50874,13.61,13.61,1
SMH50877,26.07,26.14,1
SMH50896,14.52,15.15,1
SMH50900,14.76,15.14,1
SMH50917,26.98,31.83,1
SMH50933,12.59,20.42,1
SMH50958,16.47,16.47,1
SMH50964,13.53,13.54,1
SMH50972,20.41,20.48,1
SMH50978,15.48,15.61,1
SMH50981,32.96,32.96,1
SMH50982,13.83,15.6,1
SMH50983,13.82,16.77,1
SMH50991,9.2,25.54,1
SMH50992,21.9,21.9,1
SMH51000,50.7,48.36,1
SMH51001,18.43,18.43,1
SMH51005,16.54,17.38,1
SMH51010,19.45,19.45,1
SMH51018,12.18,12.18,1
SMH51019,19.95,18.98,1
SMH51025,13.79,13.79,1
SMH51026,23.76,23.76,1
SMH51029,15.54,15.56,1
SMH51036,33.21,33.21,1
SMH51051,30.92,25.23,1
SMH51053,15.92,15.92,1
SMH51061,35.47,35.47,1
SMH51065,38.38,38.38,1
SMH51073,12.62,26.11,1
SMH51076,11.24,39.96,1
SMH51080,18.86,18.87,1
SMH51090,16.75,19.0,1
SMH51108,17.28,16.43,1
SMH51111,29.26,29.26,1
SMH51112,24.69,19.0,1
SMH51126,17.67,14.59,1
SMH51137,13.72,13.72,1
SMH51138,15.95,15.95,1
SMH51140,15.06,15.06,1
SMH51142,13.91,13.91,1
SMH51143,14.1,14.1,1
SMH51144,44.13,42.66,1
SMH51156,24.54,18.95,1
SMH51161,20.79,15.75,1
SMH51162,22.03,15.79,1
SMH51170,12.97,12.97,1
SMH51185,17.79,16.16,1
SMH51193,12.7,12.7,1
SMH51202,20.77,20.77,1
SMH51203,17.65,17.65,1
SMH51204,13.13,13.14,1
SMH51207,21.93,21.93,1
SMH51208,16.646,31.15,1
SMH51242,15.62,15.64,1
SMH51246,17.39,17.39,1
SMH51254,13.47,13.47,1
SMH51260,13.34,13.34,1
SMH51261,14.68,14.69,1
SMH51300,35.61,31.4,1
SMH51305,18.03,12.44,1
SMH51309,14.49,14.49,1
SMH51316,22.21,22.21,1
SMH51325,16.65,22.05,1
SMH51332,15.99,19.26,1
SMH51335,15.36,15.36,1
SMH51345,14.44,14.44,1
SMH51355,31.48,28.6,1
SMH51367,21.08,21.08,1
SMH51368,17.8,17.82,1
SMH51370,12.37,13.61,1
SMH51373,16.17,17.68,1
SMH51380,17.79,18.99,1
SMH51402,17.07,17.73,1
SMH51403,15.65,16.94,1
SMH51412,27.63,27.63,1
SMH51416,20.94,20.94,1
SMH51423,20.51,19.45,1
SMH51424,13.5,4.44,0
SMH51425,38.5,44.98,1
SMH51426,13.77,23.73,1
SMH51428,11.62,29.15,1
SMH51442,20.47,20.47,1
SMH51464,13.04,14.04,1
SMH51465,19.46,5.75,0
SMH51467,17.78,2.42,0
SMH51475,10.09,10.09,1
SMH51487,11.8,23.19,1
SMH51490,12.82,13.89,1
SMH51498,19.0,6.19,0
SMH51502,21.52,21.52,1
SMH51531,31.62,44.74,1
SMH51576,13.5,13.5,1
SMH51577,17.78,15.77,1
SMH51591,17.53,2.64,0
SMH51597,10.9,10.93,1
SMH51608,38.41,34.29,1
SMH51613,14.16,14.16,1
SMH51626,13.28,15.57,1
SMH51634,19.23,19.23,1
SMH51680,25.26,36.63,1
SMH51688,14.49,14.49,1
SMH51690,12.03,25.22,1
SMH51726,23.59,23.59,1
SMH51729,10.77,14.01,1
SMH51746,12.04,19.38,1
SMH51747,14.89,14.89,1
SMH51756,30.45,30.45,1
SMH51764,18.89,18.89,1
SMH51820,16.43,11.47,1
SMH51834,14.0,0.34,0
SMH51842,16.82,16.82,1
SMH51864,9.07,16.76,1
SMH51879,60.43,60.46,1
SMH51892,20.05,13.64,1
SMH51894,27.07,3.35,0
SMH51902,16.03,20.29,1
SMH51903,29.14,23.89,1
SMH51909,40.51,32.88,1
SMH51912,48.46,48.46,1
SMH51915,39.6,28.89,0
SMH51925,38.42,24.98,0
SMH51952,38.1,30.81,1
SMH51955,22.81,22.81,1
SMH51956,23.22,23.22,1
SMH51960,17.94,29.1,1
SMH51963,25.05,25.05,1
SMH51977,23.45,11.52,0
SMH51978,20.85,15.18,1
SMH51995,21.6,19.59,1
SMH52026,10.22,10.42,1
SMH52028,15.71,51.1,1
SMH52030,10.88,11.05,1
SMH52091,25.86,26.07,1
SMH52105,38.38,34.6,1
SMH52111,28.13,28.13,1
SMH52112,19.74,22.36,1
SMH52115,24.23,22.64,1
SMH52128,13.95,13.95,1
SMH52129,18.69,21.65,1
SMH52130,53.53,42.9,0
SMH52144,10.88,13.01,1
SMH52149,15.52,3.9,0
SMH52152,19.37,19.37,1
SMH52153,13.0,1.37,0
SMH52161,18.33,18.98,1
SMH52168,24.32,24.33,1
SMH52180,12.63,16.45,1
SMH52183,33.56,33.56,1
SMH52184,20.91,20.91,1
SMH52193,53.84,46.36,1
SMH52202,18.32,18.44,1
SMH52211,56.81,56.81,1
SMH52216,24.32,24.95,1
SMH52251,13.71,31.03,1
SMH52259,30.45,30.45,1
SMH52260,17.66,17.66,1
SMH52263,20.8,20.8,1
SMH52272,26.0,29.0,1
SMH52273,23.66,26.12,1
SMH52282,22.5,26.92,1
SMH52287,26.03,25.35,1
SMH52291,30.1,30.1,1
SMH52298,27.73,27.73,1
SMH52316,32.99,22.69,0
SMH52329,34.68,26.36,0
SMH52332,16.66,1.65,0
SMH52333,15.5,15.5,1
SMH52334,38.49,33.8,1
SMH52335,13.1,13.1,1
SMH52342,13.58,13.58,1
SMH52344,32.52,29.41,1
SMH52346,17.55,21.43,1
SMH52352_2,13.76,9.26,1
SMH52353,14.33,18.0,1
SMH52355,11.65,11.88,1
SMH52358,26.23,26.23,1
SMH52359,73.69,73.74,1
SMH52372,35.0,35.01,1
SMH52376,13.91,17.53,1
SMH52377,30.419,0.61,0
SMH52381,13.8,14.64,1
SMH52382,29.13,30.92,1
SMH52393,21.192,19.97,1
SMH52394,17.67,17.67,1
SMH52408,14.94,16.91,1
SMH52411,18.87,18.87,1
SMH52412,26.54,26.56,1
SMH52422,24.75,24.75,1
SMH52424,20.96,24.21,1
SMH52428,30.32,30.32,1
SMH52432,30.89,30.89,1
SMH52441,22.01,22.58,1
SMH52445,35.01,35.01,1
SMH52446,17.16,17.17,1
SMH52448,15.82,15.83,1
SMH52467,15.72,15.72,1
SMH52470,40.88,29.55,0
SMH52478,13.72,6.0,1
SMH52481,13.0,6.11,1
SMH52511,17.85,17.86,1
SMH52513,16.18,16.19,1
SMH52521,28.51,28.61,1
SMH52529,16.27,6.83,0
SMH52535,47.4,8.93,0
SMH52537,47.68,10.79,0
SMH52549,18.95,21.23,1
SMH52556,51.94,13.63,0
SMH52565,27.23,14.01,0
SMH52568,16.67,17.07,1
SMH52573,19.9,5.04,0
SMH52577,16.34,17.24,1
SMH52579,11.12,1.15,0
SMH52582,14.85,14.8,1
SMH52590,19.52,19.35,1
SMH52598,12.31,12.31,1
SMH52601,12.0,8.51,1
SMH52602,11.87,7.8,1
SMH52602o,18.49,14.26,1
SMH52604,6.92,2.7,1
SMH52614,11.79,11.74,1
SMH52620,12.76,12.76,1
SMH52626,28.24,26.76,1
SMH52627,12.59,4.47,0
SMH52629,40.17,42.5,1
SMH52632,18.01,4.57,0
SMH52635,13.15,4.88,0
SMH52642,14.2,14.31,1
SMH52643,13.78,13.78,1
SMH52647,12.12,13.92,1
SMH52648,15.05,17.26,1
SMH52650,23.75,23.61,1
SMH52656,24.48,23.69,1
SMH52662,8.11,9.96,1
SMH52666,8.45,8.22,1
SMH52667,8.84,8.84,1
SMH52676,16.73,16.73,1
SMH52686,17.11,10.3,1
SMH52690,21.03,15.99,1
SMH52693,29.32,25.6,1
SMH52703,17.37,17.44,1
SMH52706,20.8,20.83,1
SMH52712,16.2,18.53,1
SMH52713,15.99,19.05,1
SMH52715,18.04,18.04,1
SMH52719,16.68,17.08,1
SMH52720,18.24,18.36,1
SMH52723,14.56,16.78,1
SMH52732,17.22,17.22,1
SMH52735,21.38,22.43,1
SMH52736,14.31,15.43,1
SMH52737,14.83,31.12,1
SMH52755,13.19,13.21,1
SMH52761,20.7,21.77,1
SMH52762,26.891,26.89,1
SMH52767,13.57,15.05,1
SMH52780,9.46,10.04,1
SMH52784,16.64,16.64,1
SMH52797,14.34,14.92,1
SMH52799,12.76,12.76,1
SMH52800,15.85,16.08,1
SMH52803,13.53,8.72,1
SMH52821,14.78,19.47,1
SMH52825,22.29,23.78,1
SMH52830,21.3,24.9,1
SMH52843,14.49,14.49,1
SMH52848,17.39,17.39,1
SMH52854,17.04,18.43,1
SMH52859,12.19,12.19,1
SMH52863,19.53,19.53,1
SMH52872,14.4,14.4,1
SMH52873,13.15,13.15,1
SMH52995,42.22,42.23,1
SMH53079,13.2,16.74,1
SMH53081,18.2,19.98,1
SMH53085,13.95,22.08,1
SMH53158,13.01,13.02,1
SMH53159,13.12,13.61,1
SMH53160,13.19,14.97,1
SMH53161,17.29,17.59,1
SMH53162,9.06,10.2,1
SMH53169,17.11,21.66,1
SMH53172,20.09,0.92,0
SMH53176,25.521,25.54,1
SMH53189,7.469,15.39,1
SMH53193,8.67,8.75,1
SMH53196,18.47,18.54,1
SMH53200,11.96,13.33,1
SMH53209,24.0,24.11,1
SMH53218,19.7,19.7,1
SMH53224,36.07,36.07,1
SMH53232,18.843,9.44,0
SMH53245,17.42,26.55,1
SMH53252,17.02,18.68,1
SMH53256,24.73,26.73,1
SMH53261,16.54,16.54,1
SMH53267,33.66,33.66,1
SMH53273,13.0,17.75,1
SMH53276,54.55,55.17,1
SMH53278,28.229,28.24,1
SMH53279,50.08,51.26,1
SMH53281,18.05,16.08,1
SMH53286,13.02,16.5,1
SMH53293,14.63,15.13,1
SMH53295,17.24,17.24,1
SMH53299,22.77,22.77,1
SMH53303,24.13,28.74,1
SMH53306,17.24,17.24,1
SMH53308,17.31,17.31,1
SMH53323,17.76,22.9,1
SMH53326,32.06,31.55,1
SMH53334,9.42,3.17,1
SMH53335,8.43,3.36,1
SMH53343,11.4,2.24,0
SMH53361,65.25,65.25,1
SMH53364,40.73,30.55,0
SMH53366,11.11,14.9,1
SMH53370,13.5,15.94,1
SMH53371,19.0,23.56,1
SMH53374,27.86,27.88,1
SMH53375,50.63,40.96,0
SMH53380,12.4,8.65,1
SMH53384,19.266,19.71,1
SMH53388,19.91,19.91,1
SMH53395,22.69,22.71,1
SMH53399,16.554,15.34,1
SMH53404,21.95,21.92,1
SMH53408,20.99,24.89,1
SMH53424,29.51,38.84,1
SMH53494,27.39,28.58,1
SMH53507,36.05,36.05,1
SMH53510,19.035,19.04,1
SMH53511,17.87,17.87,1
SMH53512,11.4,11.43,1
SMH53519a,18.89,20.44,1
SMH53530,17.06,16.47,1
SMH53531,14.96,2.99,0
SMH53532,15.68,4.82,0
SMH53534,17.34,17.34,1
SMH53537,20.51,22.61,1
SMH53547,40.25,40.25,1
SMH53557,14.72,14.72,1
SMH53560,19.48,19.48,1
SMH53562,40.09,30.93,0
SMH53564,24.61,28.55,1
SMH53573,35.41,35.42,1
SMH53577,25.28,25.28,1
SMH53581,31.36,31.42,1
SMH53582,16.71,20.05,1
SMH53583,13.175,2.96,0
SMH53584,17.92,4.15,0
SMH53601,23.62,24.21,1
SMH53602,21.9,24.82,1
SMH53614,18.47,17.21,1
SMH53615,37.76,37.76,1
SMH53620,15.13,22.4,1
SMH53627,23.15,28.2,1
SMH53633,22.14,22.18,1
SMH53643,20.91,0.0,0
SMH53644,34.35,35.13,1
SMH53654,14.5,18.57,1
SMH53655,14.42,19.75,1
SMH53670,18.33,1.64,0
SMH53674,16.79,21.94,1
SMH53675,38.56,37.28,1
SMH53677,13.6,2.99,0
SMH53679,17.39,15.78,1
SMH53707,16.09,34.28,1
SMH53709,15.62,18.09,1
SMH53712,37.52,37.53,1
SMH53717,39.62,36.43,1
SMH53720,15.61,18.76,1
SMH53724,16.99,22.65,1
SMH53726,23.52,7.14,0
SMH53734,25.52,21.29,1
SMH53747,23.16,1.23,0
SMH53748,40.97,40.97,1
SMH53753,16.88,20.74,1
SMH53755,15.81,16.25,1
SMH53758,18.95,1.03,0
SMH53760,43.02,17.77,0
SMH53762,15.61,1.49,0
SMH53769,15.26,15.35,1
SMH53780,15.2,15.2,1
SMH53782,26.72,29.02,1
SMH53788,14.99,0.53,0
SMH53792,6.6,1.43,1
SMH53794,29.47,29.47,1
SMH53795,28.96,28.31,1
SMH53811,13.29,13.29,1
SMH53821,27.82,27.49,1
SMH53823,13.63,13.64,1
SMH53827,43.12,29.75,0
SMH53845,8.22,1.22,1
SMH53847,12.65,0.0,0
SMH53863,15.06,1.06,0
SMH53882,25.01,16.37,0
SMH53887,18.41,21.71,1
SMH53896,17.12,1.51,0
SMH53899,23.98,23.98,1
SMH53902,22.23,22.24,1
SMH53922,16.9,20.49,1
SMH53924,27.55,25.05,1
SMH53932,13.05,13.05,1
SMH53936,6.87,1.32,1
SMH53941,21.0,21.0,1
SMH53943,16.18,10.36,1
SMH53952,17.08,1.1,0
SMH53956,20.01,20.76,1
SMH53966,31.41,8.57,0
SMH53976,6.43,0.26,1
SMH53979,29.03,29.03,1
SMH53981,23.8,23.8,1
SMH53994,22.28,25.5,1
SMH53996,9.44,0.45,0
SMH53999,14.15,18.37,1
SMH54001,34.93,34.93,1
SMH54002,23.42,23.42,1
SMH54004,14.72,14.72,1
SMH54008,36.92,36.92,1
SMH54011,36.6,31.56,1
SMH54016,35.61,33.5,1
SMH54019,29.01,29.01,1
SMH54032,13.2,13.21,1
SMH54037,28.85,28.85,1
SMH54038,6.6,8.32,1
SMH54048,17.55,18.93,1
SMH54052,8.41,8.41,1
SMH54068,9.93,1.36,0
SMH54075,13.32,6.99,1
SMH54076,13.1,20.67,1
SMH54079,12.06,12.06,1
SMH54082,14.11,16.66,1
SMH54083,15.54,16.21,1
SMH54087,16.22,16.38,1
SMH54093,18.96,4.12,0
SMH54097,11.1,11.16,1
SMH54108,31.95,31.95,1
SMH54113,23.31,23.31,1
SMH54117,9.94,9.94,1
SMH54127,13.88,1.76,0
SMH54131,12.76,3.84,0
SMH54134,16.9,17.75,1
SMH54136,45.46,46.34,1
SMH54139,28.24,13.01,0
SMH54153,13.35,13.35,1
SMH54155,20.13,23.97,1
SMH54159,12.11,12.11,1
SMH54163,20.15,20.72,1
SMH54173,15.5,20.54,1
SMH54175,13.46,17.49,1
SMH54180,10.24,10.24,1
SMH54185,22.83,23.59,1
SMH54196,33.23,11.39,0
SMH54214,14.56,14.58,1
SMH54230,14.12,21.05,1
SMH54231,17.94,24.51,1
SMH54239,15.09,15.09,1
SMH54244,14.07,14.07,1
SMH54265,14.16,18.65,1
SMH54266,14.6,19.47,1
SMH54268,19.93,22.01,1
SMH54270,29.09,22.66,1
SMH54278,25.1,25.12,1
SMH54286,20.61,5.8,0
SMH54288,23.4,23.4,1
SMH54289,21.12,9.07,0
SMH54290,11.42,6.58,1
SMH54300,6.087,6.41,1
SMH54307,11.2,9.95,1
SMH54310,18.06,9.22,0
SMH54316,21.2,21.2,1
SMH54319,27.7,28.83,1
SMH54323,12.22,12.22,1
SMH54334,25.53,28.39,1
SMH54355,22.47,21.99,1
SMH54364,11.07,6.51,1
SMH54366,12.62,13.38,1
SMH54367,20.25,21.19,1
SMH54368,21.04,23.17,1
SMH54371,8.18,8.3,1
SMH54373,25.86,25.86,1
SMH54376,19.9,42.17,1
SMH54394,12.27,16.61,1
SMH54396,13.14,21.37,1
SMH54398,16.28,16.29,1
SMH54402,8.94,36.38,1
SMH54409,29.29,29.29,1
SMH54415,51.9,44.58,1
SMH54418,28.13,20.64,1
SMH54419,20.32,9.02,0
SMH54421,41.72,41.72,1
SMH54425,19.06,19.07,1
SMH54426,19.14,19.15,1
SMH54427,12.17,12.17,1
SMH54430,24.91,23.98,1
SMH54431,23.11,23.92,1
SMH54438,18.21,18.26,1
SMH54441,50.48,11.85,0
SMH54445_2,44.39,2.48,0
SMH54447,11.91,16.23,1
SMH54448,31.02,42.32,1
SMH54449,28.26,28.26,1
SMH54450,27.68,27.68,1
SMH54453,40.49,29.94,0
SMH54457,18.62,19.17,1
SMH54458,19.08,19.8,1
SMH54459,19.17,20.13,1
SMH54460,26.72,23.2,1
SMH54465,20.02,20.15,1
SMH54467,45.89,30.28,0
SMH54468,13.03,21.54,1
SMH54471,31.56,6.99,0
SMH54476,28.69,19.33,0
SMH54479,29.28,21.47,1
SMH54483,38.89,38.9,1
SMH54484,35.45,32.04,1
SMH54486,27.55,21.67,1
SMH54492,23.59,23.59,1
SMH54497,20.61,15.98,1
SMH54498,19.07,15.22,1
SMH54498_2,19.07,15.22,1
SMH54499,70.15,70.15,1
SMH54500,43.46,43.79,1
SMH54501,40.731,42.03,1
SMH54502,46.49,47.2,1
SMH54503,43.47,44.44,1
SMH54506,20.28,2.44,0
SMH54507,30.06,29.01,1
SMH54510,29.43,29.43,1
SMH54513,16.11,11.05,1
SMH54514,34.49,31.24,1
SMH54515,34.13,34.13,1
SMH54527,42.14,42.14,1
SMH54531,44.34,44.34,1
SMH54532,43.1,42.3,1
SMH54533,43.79,43.79,1
SMH54549,18.81,18.81,1
SMH54552,21.12,21.12,1
SMH54553,18.29,10.71,1
SMH54554,36.15,36.15,1
SMH54555,35.95,35.95,1
SMH54555_2,35.95,35.96,1
SMH54556,34.95,34.95,1
SMH54557,34.38,34.39,1
SMH54558,35.5,35.5,1
SMH54559,33.63,33.68,1
SMH54560,33.22,33.29,1
SMH54560_2,33.45,33.48,1
SMH54561,33.31,33.4,1
SMH54562,32.82,33.04,1
SMH54563,34.01,34.08,1
SMH54565,11.61,2.47,0
SMH54565_2,12.01,3.1,0
SMH54565_3,12.01,3.22,0
SMH54566,26.13,26.13,1
SMH54568/54569,30.09,30.09,1
SMH54571,15.68,16.82,1
SMH54584,26.75,7.93,0
SMH54586,47.46,35.49,0
SMH54588,29.34,29.35,1
SMH54626,14.34,27.37,1
SMH54647,17.34,17.34,1
SMH54657,18.17,18.99,1
SMH54658,19.19,18.5,1
SMH54697,20.41,20.41,1
SMH54707,37.62,32.07,1
SMH54707o,15.02,8.4,1
SMH54731,22.49,22.49,1
SMH54738,18.129,11.26,1
SMH54767,24.79,20.63,1
SMH54768,30.13,30.13,1
SMH54775,36.27,36.27,1
SMH54789,19.25,19.25,1
SMH54816,20.76,20.76,1
SMH54825,7.75,9.28,1
SMH54826,13.79,7.64,1
SMH54827,19.16,24.59,1
SMH54828,18.48,1.76,0
SMH54829,22.05,11.69,0
SMH54831,20.55,17.97,1
SMH54832,18.05,18.05,1
SMH54833,19.72,17.03,1
SMH54834,14.03,15.02,1
SMH54836,24.43,24.43,1
SMH54837,22.17,22.17,1
SMH54838,19.77,20.55,1
SMH54839,21.05,18.65,1
SMH54840,18.75,0.91,0
SMH54842,10.4,16.56,1
SMH54846,29.1,27.67,1
SMH54850,23.35,26.42,1
SMH54851,21.49,23.5,1
SMH54852,20.37,22.95,1
SMH54853,18.89,27.86,1
SMH54854,16.87,33.56,1
SMH54855,15.09,15.09,1
SMH54856,13.88,13.88,1
SMH54857,31.18,31.18,1
SMH54858,15.49,15.49,1
SMH54859,14.39,14.39,1
SMH54860,13.75,13.75,1
SMH54862,15.21,25.9,1
SMH54869,17.46,0.35,0
SMH54870,15.88,15.91,1
SMH54879,19.86,3.02,0
SMH54881,13.04,13.04,1
SMH54885,12.88,9.57,1
SMH54886,8.8,8.24,1
SMH54887,13.04,13.04,1
SMH54888,18.37,18.37,1
SMH54889,17.08,17.08,1
SMH54890,15.66,15.66,1
SMH54891,10.72,11.49,1
SMH54892,9.77,11.66,1
SMH54895,29.59,22.66,1
SMH54897,17.93,17.93,1
SMH54898,17.44,3.79,0
SMH54899,17.02,3.91,0
SMH54900,21.98,10.65,0
SMH54901,22.46,16.13,1
SMH54902,22.02,11.1,0
SMH54903,22.72,16.06,1
SMH54905,18.32,20.46,1
SMH54906,12.8,12.8,1
SMH54908,20.52,21.51,1
SMH54909,21.22,19.96,1
SMH54911,10.76,4.27,1
SMH54912,12.94,4.42,0
SMH54917,16.528,16.53,1
SMH54917b,16.638,16.64,1
SMH55204,37.59,37.59,1
SMH60685,54.71,54.78,1
SMH61085,27.51,27.72,1
SMH61885,31.63,27.28,1
SMH62452,40.08,40.08,1
SMH62453,31.03,44.22,1
SMH62463,20.58,20.58,1
SMH62467,29.24,29.46,1
SMH62471,30.09,30.19,1
SMH62476,26.82,26.82,1
SMH62481,40.56,40.56,1
SMH62482,35.4,35.43,1
SMH62488,24.66,24.99,1
SMH62494,40.83,40.84,1
SMH62495,42.43,42.43,1
SMH62496,42.87,42.89,1
SMH62497,30.11,30.57,1
SMH62498,26.12,26.57,1
SMH62505,30.36,30.87,1
SMH62506,28.12,28.12,1
SMH62507,21.32,21.32,1
SMH62516,31.3,31.4,1
SMH62517,38.11,38.11,1
SMH62520,30.27,30.84,1
SMH62522,33.18,28.83,1
SMH62526,31.5,31.6,1
SMH62527,42.99,34.58,0
SMH62538,30.93,31.42,1
SMH62539,28.04,28.63,1
SMH62540,30.22,29.6,1
SMH62541,34.21,34.21,1
SMH62543,43.06,30.45,0
SMH62544,37.6,37.6,1
SMH62554,30.34,27.79,1
SMH62561,38.08,38.08,1
SMH62562,42.4,42.41,1
SMH62563,28.6,28.96,1
SMH62564,32.98,33.0,1
SMH62565,28.93,29.09,1
SMH62566,29.42,29.75,1
SMH62573,34.16,34.16,1
SMH62582,41.84,41.5,1
SMH63889,23.73,23.73,1
SMH64688,12.4,12.4,1
SMH65489,7.118,7.12,1
SMH65492,8.52,5.95,1
SMH65493,20.92,20.92,1
SMH65494,5.99,4.5,1
SMH65496,5.7,4.14,1
SMH65497,22.39,22.39,1
SMH65498,22.65,22.65,1
SMH65499,23.69,23.69,1
SOT012601B,67.71,2.76,0
SOT012606,27.68,22.58,1
SOT012608,15.27,5.22,0
SOT060002,23.0,0.28,0
SOT132001,9.47,2.48,1
SOT132003,8.8,2.83,1
SOT132003X,5.9,0.0,1
SOT132003Y,4.6,4.98,1
SOT132003Z,4.6,0.0,1
SOT135001,15.42,2.66,0
SOT135002,12.65,2.34,0
SOT135003,12.85,2.04,0
SOT135004,9.3,2.03,1
SOT135005,8.33,2.2,1
SOT135006,9.57,2.26,1
SOT135007,9.83,2.33,1
SOT135014,12.32,2.01,0
SOT136001,28.2,5.39,0
SOT136003,16.66,3.96,0
SOT136004,16.11,3.65,0
SOT136005,15.96,3.33,0
SOT136006,14.59,2.99,0
SOT136007,20.66,3.95,0
SOT136008,26.36,3.54,0
SOT136009,28.97,3.39,0
SOT136012,30.5,6.85,0
SOT136013,10.92,0.0,0
SOT136014,9.1,0.0,0
SOT136015,50.0,5.64,0
SOT136018,35.05,0.0,0
SOT139001,29.38,6.1,0
SOT139002,30.78,5.98,0
SOT139003,30.16,5.84,0
SOT139004,31.84,5.71,0
SOT139005,31.12,5.58,0
SOT139006,28.27,5.42,0
SOT139007,30.6,6.23,0
SOT139008,26.3,6.91,0
SOT139009,33.76,6.94,0
SOT139010,22.6,8.07,0
SOT140003,36.86,6.85,0
SOT140004,33.35,6.52,0
SOT140006,30.22,6.25,0
SOT140007-ORF,47.68,5.39,0
SOT140008,34.0,5.5,0
SOT140009,36.5,5.81,0
SOT140010,38.66,6.25,0
SOT140012,34.5,6.23,0
SOT143001,35.0,2.67,0
StAubinDivChamber,10.09,10.09,1
TUSC-1,15.93,15.93,1
TUSC-2,15.11,15.11,1
TUSC-4,14.46,9.44,1
VER-1,21.28,20.32,1
VER-10,12.0,12.0,1
VER-11,11.8,11.8,1
VER-13,8.66,8.66,1
VER-2,19.78,19.78,1
VER-3,16.68,16.68,1
VER-4,17.78,17.78,1
VER-5,17.77,17.77,1
VER-6,18.22,18.22,1
VER-7,19.95,19.95,1
VER-8,18.47,13.42,1
VER-9,14.5,14.5,1
Violet1,31.0,12.28,0
Violet2,31.0,0.0,0
Violet3,31.0,0.0,0
Violet4,31.0,0.0,0
VioletForcemain,23.0,16.81,1
VR02_DS,25.1,25.12,1
VR10Junction,32.03,0.0,0
VR15_Dam,45.4,44.6,1
VR15_DivChamber,45.5,45.57,1
VR15DropShaft,60.0,60.0,1
WILM-1,15.92,12.88,1
WILM-2,14.6,11.93,1
WILM-3,13.74,10.83,1
WILM-4,13.74,9.87,1
WWMH07315,15.81,16.16,1
WWMH12014,38.63,35.42,1
WWMH21172,14.368,14.37,1
WWMH21237,20.19,25.29,1
WWMH24985,36.19,44.92,1
WWMH26674,40.574,40.57,1
WWMH27725,9.82,9.82,1
WWMH27774,15.46,16.68,1
WWMH33408,36.671,27.14,0
WWMH39964,30.69,30.73,1
WWMH45100,27.521,38.67,1
WWMH45541,38.37,37.33,1
WWMH47390,18.46,18.46,1
049_DRO,0.0,44.35,1
050A_RRO,0.0,14.15,1
101A,21.0,8.25,0
101A_2,22.0,8.25,0
102A,0.0,13.1,1
102A2,0.0,14.6,1
103A,0.0,12.16,1
103A2,0.0,14.69,1
104A,30.0,19.12,0
105A,10.5,11.08,1
106A,10.0,13.98,1
107A/B052,17.5,18.05,1
108A,3.0,6.37,1
109A,6.0,3.94,1
11R-9_D,0.0,0.0,1
21286_OMID_D,0.0,0.0,1
23016_OMID_D,0.0,0.0,1
23116_OMID_D,0.0,0.0,1
23211_OMID_D,0.0,0.0,1
23486_OMID_D,0.0,0.0,1
23555_OMID_D,0.0,0.0,1
24036_OMID_D,0.0,0.0,1
24120_OMID_D,0.0,0.0,1
29936,3.0,0.57,1
29-95_D,0.0,0.0,1
3300_D,0.0,0.0,1
34091,2.0,0.0,1
3423,3.0,0.78,1
3529_D,0.0,0.0,1
3553_D,0.0,0.0,1
4000_OAK_D,0.0,0.0,1
43_D,0.0,0.0,1
5879_D,0.0,0.0,1
9MD-10_D,0.0,0.0,1
9MD-12_D,0.0,0.0,1
9MD-16_D,0.0,0.0,1
9MD-2_D,0.0,0.0,1
9MD-21_D,0.0,0.0,1
9MD-22_D,0.0,0.0,1
9MD-24-2_D,0.0,0.0,1
9MD-29_D,0.0,0.0,1
9MD-30_D,0.0,0.0,1
9MD-31_D,0.0,0.0,1
9MD-32_D,0.0,0.0,1
9MD-33_D,0.0,0.0,1
9MD-34_D,0.0,0.0,1
9MD-34A_D,0.0,0.0,1
9MD-34B_D,0.0,0.0,1
9MD-35_D,0.0,0.0,1
9MD-35A_D,0.0,0.0,1
9MD-35B_D,0.0,0.0,1
9MD-36_D,0.0,0.0,1
9MD-36A_D,0.0,0.0,1
9MD-37_D,0.0,0.0,1
9MD-38A_D,0.0,0.0,1
9MD-38B_D,0.0,0.0,1
9MD-38C_D,0.0,0.0,1
9MD-39_D,0.0,0.0,1
9MD-39A_D,0.0,0.0,1
9MD-40_D,0.0,0.0,1
9MD-41_D,0.0,0.0,1
9MD-42A_D,0.0,0.0,1
9MD-43_D,0.0,0.0,1
9MD-44_D,0.0,0.0,1
9MD-45_D,0.0,0.0,1
9MD-46_D,0.0,0.0,1
9MD-47_D,0.0,0.0,1
9MD-48_D,0.0,0.0,1
9MD-49_D,0.0,0.0,1
9MD-50_D,0.0,0.0,1
9MD-51_D,0.0,0.0,1
9MD-52_D,0.0,0.0,1
9MD-53_D,0.0,0.0,1
9MD-7_D,0.0,0.0,1
9MD-9_D,0.0,0.0,1
AcaciaRTB_Outfall,7.0,2.31,1
B001,0.0,19.28,1
B003A,0.0,6.25,1
B003B,0.0,6.25,1
B004,0.0,12.97,1
B005,0.0,4.49,1
B006,0.0,3.18,1
B007,0.0,3.35,1
B009,0.0,6.43,1
B010,0.0,6.19,1
B012,4.75,4.24,1
B014,0.0,3.45,1
B015,0.0,5.15,1
B016,0.0,3.21,1
B017,0.0,7.69,1
B018,0.0,7.82,1
B019,0.0,8.65,1
B020,0.0,9.39,1
B021,0.0,11.63,1
B022,0.0,7.43,1
B023,0.0,12.4,1
B024,0.0,4.78,1
B025,0.0,7.75,1
B026,0.0,3.28,1
B027,0.0,2.21,1
B028,0.0,3.36,1
B029,0.0,4.47,1
B030,0.0,6.35,1
B031,0.0,3.53,1
B032,0.0,4.12,1
B033,0.0,4.01,1
B034,0.0,2.8,1
B035,0.0,5.07,1
B036,0.0,8.36,1
B038,0.0,5.45,1
B039,0.0,15.04,1
B040,0.0,3.12,1
B041,0.0,12.51,1
B042A,0.0,2.69,1
B042B,0.0,2.69,1
B044,0.0,4.88,1
B045,0.0,13.78,1
B046,0.0,3.72,1
B049,2.0,3.37,1
B050,0.0,10.85,1
B054,2.9,13.41,1
B056/57/58,8.913999999999987,15.11,1
B056/57/58VentIn,0.0,15.11,1
B059A,0.0,5.28,1
B059B,0.0,14.48,1
B060/61/62,0.0,22.62,1
B060/61/62VentIn,0.0,22.62,1
B063,10.0,5.83,1
B064,4.0,14.93,1
B065,0.0,16.12,1
B065VentIn,0.0,16.12,1
B067/68,9.0,16.06,1
B067/68VentIn,0.0,16.06,1
B070/69,4.5,21.5,1
B071,1.25,10.2,1
B072,12.0,19.53,1
B072VentIn,0.0,19.53,1
B077,6.75,15.57,1
B077VentIn,0.0,15.57,1
B079,1.32,2.69,1
B080,12.0,12.46,1
B080VentIn,0.0,12.46,1
B081,11.5,12.16,1
B081VentIn,0.0,12.16,1
B082,2.5,13.18,1
B085,8.17,12.21,1
B085VentIn,0.0,12.21,1
B087,8.0,13.11,1
BEA-10_D,0.0,0.0,1
BEI-18_D,0.0,0.0,1
BEI-20_D,0.0,0.0,1
BEI-22_D,0.0,0.0,1
BEI-24_D,0.0,0.0,1
BEI-25_D,0.0,0.0,1
BEI-26_D,0.0,0.0,1
BEI-27_D,0.0,0.0,1
BEI-28_D,0.0,0.0,1
BEI-29_D,0.0,0.0,1
BEI-3_D,0.0,0.0,1
BEI-4_D,0.0,0.0,1
BEI-9_D,0.0,0.0,1
BER-10_D,0.0,0.0,1
BER-13_D,0.0,0.0,1
BER-15_D,0.0,0.0,1
BER-16_D,0.0,0.0,1
BER-24_D,0.0,0.0,1
BER-30_D,0.0,0.0,1
BER-34_D,0.0,0.0,1
BER-4_11R-1_D,0.0,0.0,1
BER-46_D,0.0,0.0,1
BER-5_D,0.0,0.0,1
BER-7_D,0.0,0.0,1
BER-8_D,0.0,0.0,1
BER-9_D,0.0,0.0,1
BirminghamRTB_Outfall,7.0,2.04,1
BLAT-1_D,0.0,0.0,1
BLAT-12_D,0.0,0.0,1
BLAT-13_D,0.0,0.0,1
BLAT-4_D,0.0,0.0,1
BLAT-6_D,0.0,0.0,1
BLAT-7_D,0.0,0.0,1
BLAT-8_D,0.0,0.0,1
BLAT-9_D,0.0,0.0,1
BloomfieldRTB_Outfall,0.0,0.0,1
BRIT-4_D,0.0,0.0,1
Chapaton_Outfall,0.0,9.73,1
CUSH-3_D,0.0,0.0,1
DAV-6_D,0.0,0.0,1
DN1087_D,0.0,0.0,1
DN1216_D,0.0,0.0,1
DN1237_D,0.0,0.0,1
DN1240_D,0.0,0.0,1
DN1510_D,0.0,0.0,1
DN16275_D,0.0,0.0,1
DN2019_D,0.0,0.0,1
DN2023_D,0.0,0.0,1
DN2030_D,0.0,0.0,1
DN20323_D,0.0,0.0,1
DN20324_D,0.0,0.0,1
DN20325_D,0.0,0.0,1
DN20327_D,0.0,0.0,1
DN20328_D,0.0,0.0,1
DN20329_D,0.0,0.0,1
DN20330_D,0.0,0.0,1
DN2044_D,0.0,0.0,1
DN2049_D,0.0,0.0,1
DN20560_D,0.0,0.0,1
DN20565_D,0.0,0.0,1
DN20567_D,0.0,0.0,1
DN20610_D,0.0,0.0,1
DN20621_D,0.0,0.0,1
DN20676_D,0.0,0.0,1
DN2220_D,0.0,0.0,1
DN2240_D,0.0,0.0,1
DN2285_D,0.0,0.0,1
DN2305_D,0.0,0.0,1
DN23849_D,0.0,0.0,1
DN310_D,0.0,0.0,1
DN40600_D,0.0,0.0,1
DN40602_D,0.0,0.0,1
DN40604_D,0.0,0.0,1
DN40801_D,0.0,0.0,1
DN610_D,0.0,0.0,1
DN6104_D,0.0,0.0,1
DN705_D,0.0,0.0,1
DN710_D,0.0,0.0,1
DN810_D,0.0,0.0,1
DN850_D,0.0,0.0,1
DN906_D,0.0,0.0,1
DN920_D,0.0,0.0,1
DN923_D,0.0,0.0,1
DN925_D,0.0,0.0,1
DN9290_D,0.0,0.0,1
DN9291_D,0.0,0.0,1
DN9292_D,0.0,0.0,1
DN9293_D,0.0,0.0,1
DN9294_D,0.0,0.0,1
DN9295_D,0.0,0.0,1
DN9301_D,0.0,0.0,1
DN9350_D,0.0,0.0,1
DN9351_D,0.0,0.0,1
DN9352_D,0.0,0.0,1
DN9353_D,0.0,0.0,1
DN9354_D,0.0,0.0,1
DN9355_D,0.0,0.0,1
DN9356_D,0.0,0.0,1
DN9357_D,0.0,0.0,1
DN9358_D,0.0,0.0,1
DN93582_D,0.0,0.0,1
DN9359_D,0.0,0.0,1
DNOF005,7.5,0.58,1
DNOF101,6.5,1.39,1
DNOF102,2.5,2.01,1
DNOF103a,0.0,2.9,1
DNOF103b,0.0,2.9,1
DNOF104a,0.0,0.0,1
DNOF104b,0.0,0.0,1
DNOF106,4.0,0.19,1
DNOF108,4.0,0.27,1
DNOF113,12.0,7.52,1
DNOF114,12.5,9.53,1
DNOF116,19.35,7.23,0
DNOF117,7.5,4.2,1
DNOF1597,5.0,8.3,1
DNOF2330,1.0,0.0,1
DON-3_D,0.0,0.0,1
EPNE-14_D,0.0,0.0,1
EPNE-16_D,0.0,0.0,1
EPNE-22_D,0.0,0.0,1
FairviewP28-P31,0.0,7.01,1
FO_RVSDS_RTB_DearbornHgts_3_D,5.0,0.63,1
FO_RVSDS_RTB_Inkster_1_MH2,3.5399999999999636,0.0,1
FO_RVSDS_RTB_Middlebelt_MH2,1.5,0.94,1
FO_RVSDS_RTB_Redford_1_SB,2.560000000000059,0.0,1
FRZ-1_D,0.0,0.0,1
FRZ-10_D,0.0,0.0,1
FRZ-11_D,0.0,0.0,1
FRZ-12_D,0.0,0.0,1
FRZ-13_D,0.0,0.0,1
FRZ-14_D,0.0,0.0,1
FRZ-15_D,0.0,0.0,1
FRZ-2_D,0.0,0.0,1
FRZ-3_D,0.0,0.0,1
FRZ-4_D,0.0,0.0,1
FRZ-5_D,0.0,0.0,1
FRZ-6_D,0.0,0.0,1
FRZ-7_D,0.0,0.0,1
FRZ-8_D,0.0,0.0,1
FRZ-9_D,0.0,0.0,1
GASC-4_D,0.0,0.0,1
GPS-16_D,0.0,0.0,1
GPS-20_D,0.0,0.0,1
Greenfield_PS_SSO,0.0,0.0,1
GWK_4030_D,0.0,0.0,1
GWK_4040_D,0.0,0.0,1
GWK_4050_D,0.0,0.0,1
GWK_4060_D,0.0,0.0,1
GWK_4070_D,0.0,0.0,1
GWK_4090_D,0.0,0.0,1
GWK_4110_D,0.0,0.0,1
GWK_4120_D,0.0,0.0,1
GWK_4130_D,0.0,0.0,1
GWK_5030_D,0.0,0.0,1
GWK_5080_D,0.0,0.0,1
GWK_5160_D,0.0,0.0,1
GWK_5243_D,0.0,0.0,1
GWK_5270_D,0.0,0.0,1
GWK_5280_D,0.0,0.0,1
GWK_6010_D,0.0,0.0,1
GWK_6030_D,0.0,0.0,1
GWK_6050_D,0.0,0.0,1
GWK_6120_D,0.0,0.0,1
GWK_6200_D,0.0,0.0,1
GWK_6210_D,0.0,0.0,1
GWK_6220_D,0.0,0.0,1
GWK_6230_D,0.0,0.0,1
GWK_6240_D,0.0,0.0,1
GWK_6260_D,0.0,0.0,1
GWK_6310_D,0.0,0.0,1
GWK_6320_D,0.0,0.0,1
GWK_6340_D,0.0,0.0,1
GWK_6350_D,0.0,0.0,1
GWK_6360_D,0.0,0.0,1
GWK_6370_D,0.0,0.0,1
GWK_8208,0.0,0.0,1
HarperWoods_D,0.0,0.0,1
Input_LC001_San_DearbornHgts_D,0.0,0.0,1
Input_LC002_San_DearbornHgts_D,0.0,0.0,1
Input_LC003_San_DearbornHgts_320_D,0.0,0.0,1
Input_LC003_San_DearbornHgts_3209_D,0.0,0.0,1
Input_LC003_San_DearbornHgts_323_D,0.0,0.0,1
Input_LC003_San_DearbornHgts_3239_D,0.0,0.0,1
Input_LC003_San_DearbornHgts_325_D,0.0,0.0,1
Input_LC003_San_DearbornHgts_3259_D,0.0,0.0,1
Input_LC003_San_DearbornHgts_330_D,0.0,0.0,1
Input_LC003_San_DearbornHgts_3309_D,0.0,0.0,1
Input_LC003_San_DearbornHgts_333_D,0.0,0.0,1
Input_LC003_San_DearbornHgts_3339_D,0.0,0.0,1
Input_LC003_San_DearbornHgts_335_D,0.0,0.0,1
Input_LC005_San_DearbornHgts_D,0.0,0.0,1
Input_LC006_San_DearbornHgts_D,0.0,0.0,1
Input_LC008_San_DearbornHgts_D,0.0,0.0,1
Input_LC014_San_DearbornHgts_D,0.0,0.0,1
Input_LC015_San_DearbornHgts_105_D,0.0,0.0,1
Input_LC015_San_DearbornHgts_110_D,0.0,0.0,1
Input_LC015_San_DearbornHgts_125_D,0.0,0.0,1
Input_LC015_San_DearbornHgts_1259_D,0.0,0.0,1
Input_LC015_San_DearbornHgts_135_D,0.0,0.0,1
Input_LC015_San_DearbornHgts_1359_D,0.0,0.0,1
Input_LC015_San_DearbornHgts_137_D,0.0,0.0,1
Input_LC015_San_DearbornHgts_140_D,0.0,0.0,1
Input_LC015_San_DearbornHgts_220_D,0.0,0.0,1
Input_LC015_San_DearbornHgts_235_D,0.0,0.0,1
Input_LC015_San_DearbornHgts_238_D,0.0,0.0,1
Input_LC015_San_DearbornHgts_240_D,0.0,0.0,1
Input_LC015_San_DearbornHgts_2409_D,0.0,0.0,1
Input_LC015_San_DearbornHgts_245_D,0.0,0.0,1
Input_LC015_San_DearbornHgts_2459_D,0.0,0.0,1
Input_LC015_San_DearbornHgts_250_D,0.0,0.0,1
Input_LC015_San_DearbornHgts_255_D,0.0,0.0,1
Input_LC015_San_DearbornHgts_270_D,0.0,0.0,1
Input_LC015_San_DearbornHgts_273_D,0.0,0.0,1
Input_LC015_San_DearbornHgts_275_D,0.0,0.0,1
Input_LC015_San_DearbornHgts_280_D,0.0,0.0,1
Input_LC015_San_DearbornHgts_285_D,0.0,0.0,1
Input_LC015_San_DearbornHgts_290_D,0.0,0.0,1
Input_LC015_San_DearbornHgts_295_D,0.0,0.0,1
Input_LC015_San_DearbornHgts_405_D,0.0,0.0,1
Input_LC015_San_DearbornHgts_4059_D,0.0,0.0,1
Input_LC015_San_DearbornHgts_410_D,0.0,0.0,1
Input_LC015_San_DearbornHgts_510_D,0.0,0.0,1
Input_LC015_San_DearbornHgts_515_D,0.0,0.0,1
Input_LC015_San_DearbornHgts_520_D,0.0,0.0,1
Input_LC018_San_DearbornHgts_D,0.0,0.0,1
Input_LC019_San_DearbornHgts_D,0.0,0.0,1
Input_LC020_San_DearbornHgts_D,0.0,0.0,1
Input_LC021_San_DearbornHgts_D,0.0,0.0,1
Input_LC023_San_Inkster_D,0.0,0.0,1
Input_LC024_San_DearbornHgts_D,0.0,0.0,1
Input_LC025_San_DearbornHgts_D,0.0,0.0,1
Input_LC026_San_GardenCity_D,0.0,0.0,1
Input_LC026_San_Westland_D,0.0,0.0,1
Input_LC027_San_GardenCity_D,0.0,0.0,1
Input_LC027_San_Westland_D,0.0,0.0,1
Input_LC028_San_Inkster_D,0.0,0.0,1
Input_LC028_San_Westland_D,0.0,0.0,1
Input_LC029_San_Inkster_D,0.0,0.0,1
Input_LC030_San_Inkster_D,0.0,0.0,1
Input_LC032_San_Inkster_D,0.0,0.0,1
Input_LC033_San_Inkster_D,0.0,0.0,1
Input_LC033_San_Westland_D,0.0,0.0,1
Input_LC034_San_Inkster_D,0.0,0.0,1
Input_LC034_San_Westland_D,0.0,0.0,1
Input_LC035_San_Inkster_D,0.0,0.0,1
Input_LC036_San_Inkster_D,0.0,0.0,1
Input_LC037_San_Inkster_D,0.0,0.0,1
Input_LC038_San_Inkster_D,0.0,0.0,1
Input_LC039_San_Inkster_D,0.0,0.0,1
Input_LC040_San_Inkster_D,0.0,0.0,1
Input_LC041_San_Inkster_D,0.0,0.0,1
Input_LC042_San_Inkster_D,0.0,0.0,1
Input_LC044_San_Inkster_D,0.0,0.0,1
Input_LC046_San_Inkster_D,0.0,0.0,1
Input_LC047_San_Inkster_D,0.0,0.0,1
Input_LC049_San_Inkster_D,0.0,0.0,1
Input_LC051_San_Inkster_D,0.0,0.0,1
Input_LC052_San_Inkster_D,0.0,0.0,1
Input_LC053_San_Inkster_D,0.0,0.0,1
Input_LC054_San_Inkster_D,0.0,0.0,1
Input_LC055_San_Inkster_D,0.0,0.0,1
Input_LC056_San_Inkster_D,0.0,0.0,1
Input_LC057_San_Inkster_D,0.0,0.0,1
Input_LC058_San_Livonia_D,0.0,0.0,1
Input_LC059_San_Livonia_D,0.0,0.0,1
Input_LC060_San_Livonia_D,0.0,0.0,1
Input_LC061_San_Livonia_D,0.0,0.0,1
Input_LC062_San_Livonia_D,0.0,0.0,1
Input_LC063_San_Livonia_D,0.0,0.0,1
Input_LC064_San_Livonia_D,0.0,0.0,1
Input_LC065_San_Livonia_D,0.0,0.0,1
Input_LC066_San_Livonia_D,0.0,0.0,1
Input_LC067_San_Livonia_D,0.0,0.0,1
Input_LC068_San_Livonia_D,0.0,0.0,1
Input_LC069_San_Livonia_D,0.0,0.0,1
Input_LC070_San_Livonia_D,0.0,0.0,1
Input_LC071_San_Livonia_D,0.0,0.0,1
Input_LC072_San_Livonia_D,0.0,0.0,1
Input_LC073_San_Livonia_D,0.0,0.0,1
Input_LC074_San_Livonia_D,0.0,0.0,1
Input_LC074_San_Westland_D,0.0,0.0,1
Input_LC075_San_Livonia_D,0.0,0.0,1
Input_LC076_San_Livonia_D,0.0,0.0,1
Input_LC077_San_Livonia_D,0.0,0.0,1
Input_LC078_San_Livonia_D,0.0,0.0,1
Input_LC079_San_Livonia_D,0.0,0.0,1
Input_LC080_San_Livonia_D,0.0,0.0,1
Input_LC081_San_Livonia_D,0.0,0.0,1
Input_LC082_San_Livonia_D,0.0,0.0,1
Input_LC083_San_Livonia_D,0.0,0.0,1
Input_LC084_San_Livonia_D,0.0,0.0,1
Input_LC085_San_Livonia_D,0.0,0.0,1
Input_LC086_San_Livonia_D,0.0,0.0,1
Input_LC087_San_Livonia_D,0.0,0.0,1
Input_LC088_San_Livonia_D,0.0,0.0,1
Input_LC089_San_Northville_D,0.0,0.0,1
Input_LC090_San_Northville_D,0.0,0.0,1
Input_LC091_San_Northville_D,0.0,0.0,1
Input_LC092_San_Northville_D,0.0,0.0,1
Input_LC093_San_Northville_D,0.0,0.0,1
Input_LC093_San_NorthvilleTwp_D,0.0,0.0,1
Input_LC094_San_Northville_D,0.0,0.0,1
Input_LC094_San_NorthvilleTwp_D,0.0,0.0,1
Input_LC095_San_Northville_D,0.0,0.0,1
Input_LC096_San_Novi_01_D,0.0,0.0,1
Input_LC096_San_Novi_02_D,0.0,0.0,1
Input_LC096_San_Novi_03_D,0.0,0.0,1
Input_LC096_San_Novi_04_D,0.0,0.0,1
Input_LC096_San_Novi_05_D,0.0,0.0,1
Input_LC096_San_Novi_06_D,0.0,0.0,1
Input_LC096_San_Novi_07_D,0.0,0.0,1
Input_LC096_San_Novi_08_D,0.0,0.0,1
Input_LC096_San_Novi_09_D,0.0,0.0,1
Input_LC096_San_Novi_10_D,0.0,0.0,1
Input_LC096_San_Novi_11_D,0.0,0.0,1
Input_LC096_San_Novi_12_D,0.0,0.0,1
Input_LC096_San_Novi_13_D,0.0,0.0,1
Input_LC096_San_Novi_14_D,0.0,0.0,1
Input_LC096_San_Novi_15_D,0.0,0.0,1
Input_LC096_San_Novi_16_D,0.0,0.0,1
Input_LC096_San_Novi_17_D,0.0,0.0,1
Input_LC096_San_Novi_18_D,0.0,0.0,1
Input_LC096_San_Novi_19_D,0.0,0.0,1
Input_LC096_San_Novi_20_D,0.0,0.0,1
Input_LC096_San_Novi_21_D,0.0,0.0,1
Input_LC096_San_Novi_22_D,0.0,0.0,1
Input_LC096_San_Novi_23_D,0.0,0.0,1
Input_LC096_San_Novi_24_D,0.0,0.0,1
Input_LC096_San_Novi_25_D,0.0,0.0,1
Input_LC096_San_Novi_26_D,0.0,0.0,1
Input_LC096_San_Novi_27_D,0.0,0.0,1
Input_LC096_San_Novi_28_D,0.0,0.0,1
Input_LC096_San_Novi_29_D,0.0,0.0,1
Input_LC096_San_Novi_30_D,0.0,0.0,1
Input_LC096_San_Novi_31_D,0.0,0.0,1
Input_LC096_San_Novi_32_D,0.0,0.0,1
Input_LC096_San_Novi_33_D,0.0,0.0,1
Input_LC096_San_Novi_34_D,0.0,0.0,1
Input_LC096_San_Novi_35_D,0.0,0.0,1
Input_LC096_San_Novi_36_D,0.0,0.0,1
Input_LC096_San_Novi_37_D,0.0,0.0,1
Input_LC096_San_Novi_38_D,0.0,0.0,1
Input_LC096_San_Novi_39_D,0.0,0.0,1
Input_LC096_San_Novi_40_D,0.0,0.0,1
Input_LC096_San_Novi_41_D,0.0,0.0,1
Input_LC096_San_Novi_42_D,0.0,0.0,1
Input_LC096_San_Novi_43_D,0.0,0.0,1
Input_LC096_San_Novi_44_D,0.0,0.0,1
Input_LC096_San_Novi_45_D,0.0,0.0,1
Input_LC096_San_Novi_46_D,0.0,0.0,1
Input_LC096_San_Novi_47_D,0.0,0.0,1
Input_LC096_San_Novi_48_D,0.0,0.0,1
Input_LC096_San_Novi_49_D,0.0,0.0,1
Input_LC097_San_Plymouth_D,0.0,0.0,1
Input_LC098_San_Plymouth_D,0.0,0.0,1
Input_LC099_San_Plymouth_D,0.0,0.0,1
Input_LC100_San_Plymouth_D,0.0,0.0,1
Input_LC101_San_Plymouth_D,0.0,0.0,1
Input_LC104_San_RedfordTwp_D,0.0,0.0,1
Input_LC105_San_Livonia_D,0.0,0.0,1
Input_LC105_San_RedfordTwp_D,0.0,0.0,1
Input_LC107_San_RedfordTwp_D,0.0,0.0,1
Input_LC108_San_RedfordTwp_D,0.0,0.0,1
Input_LC109_San_RedfordTwp_D,0.0,0.0,1
Input_LC110_San_RedfordTwp_D,0.0,0.0,1
Input_LC111_San_RedfordTwp_D,0.0,0.0,1
Input_LC112_San_RedfordTwp_D,0.0,0.0,1
Input_LC116_San_RedfordTwp_D,0.0,0.0,1
Input_LC117_San_RedfordTwp_D,0.0,0.0,1
Input_LC118_San_RedfordTwp_D,0.0,0.0,1
Input_LC119_San_RedfordTwp_D,0.0,0.0,1
Input_LC120_San_RedfordTwp_D,0.0,0.0,1
Input_LC122_San_RedfordTwp_D,0.0,0.0,1
Input_LC123_San_RedfordTwp_D,0.0,0.0,1
Input_LC124_San_RedfordTwp_D,0.0,0.0,1
Input_LC125_San_RedfordTwp_D,0.0,0.0,1
Input_LC126_San_RedfordTwp_D,0.0,0.0,1
Input_LC127_San_Romulus_D,0.0,0.0,1
Input_LC128_San_Romulus_D,0.0,0.0,1
Input_LC129_San_Romulus_D,0.0,0.0,1
Input_LC130_San_Romulus_D,0.0,0.0,1
Input_LC131_San_Romulus_D,0.0,0.0,1
Input_LC132_San_Romulus_D,0.0,0.0,1
Input_LC133_San_Romulus_D,0.0,0.0,1
Input_LC134_San_Romulus_D,0.0,0.0,1
Input_LC135_San_Romulus_D,0.0,0.0,1
Input_LC136_San_VanBurenTwp_D,0.0,0.0,1
Input_LC137_San_Wayne_D,0.0,0.0,1
Input_LC138_San_Wayne_D,0.0,0.0,1
Input_LC139_San_Wayne_D,0.0,0.0,1
Input_LC140_San_Wayne_D,0.0,0.0,1
Input_LC141_San_Wayne_D,0.0,0.0,1
Input_LC142_San_Wayne_D,0.0,0.0,1
Input_LC143_San_Wayne_D,0.0,0.0,1
Input_LC144_San_Wayne_D,0.0,0.0,1
Input_LC145_San_Wayne_D,0.0,0.0,1
Input_LC146_San_Wayne_D,0.0,0.0,1
Input_LC147_San_Wayne_D,0.0,0.0,1
Input_LC148_San_Wayne_D,0.0,0.0,1
Input_LC149_San_Wayne_D,0.0,0.0,1
Input_LC150_San_Wayne_D,0.0,0.0,1
Input_LC151_San_Wayne_D,0.0,0.0,1
Input_LC152_San_Wayne_D,0.0,0.0,1
Input_LC153_San_Wayne_D,0.0,0.0,1
Input_LC154_San_Wayne_D,0.0,0.0,1
Input_LC155_San_Wayne_D,0.0,0.0,1
Input_LC156_San_Wayne_D,0.0,0.0,1
Input_LC157_San_Wayne_D,0.0,0.0,1
Input_LC158_San_Wayne_D,0.0,0.0,1
Input_LC159_San_Wayne_D,0.0,0.0,1
Input_LC160_San_Wayne_D,0.0,0.0,1
Input_LC161_San_Wayne_D,0.0,0.0,1
Input_LC162_San_Westland_D,0.0,0.0,1
Input_LC163_San_Westland_D,0.0,0.0,1
Input_LC164_San_Westland_D,0.0,0.0,1
Input_LC165_San_Westland_D,0.0,0.0,1
Input_LC166_San_Westland_D,0.0,0.0,1
Input_LC167_San_Westland_D,0.0,0.0,1
Input_LC168_San_Westland_D,0.0,0.0,1
Input_LC169_San_Westland_D,0.0,0.0,1
Input_LC170_San_Westland_D,0.0,0.0,1
Input_LC171_San_Westland_D,0.0,0.0,1
Input_LC172_San_Westland_D,0.0,0.0,1
Input_LC173_San_Westland_D,0.0,0.0,1
Input_LC174_San_Westland_D,0.0,0.0,1
Input_LC175_San_Westland_D,0.0,0.0,1
Input_LC176_San_Westland_D,0.0,0.0,1
Input_LC177_San_Westland_D,0.0,0.0,1
Input_LC178_San_Westland_D,0.0,0.0,1
Input_LC179_San_Westland_D,0.0,0.0,1
Input_LC180_San_Westland_D,0.0,0.0,1
Input_LC181_San_Westland_D,0.0,0.0,1
Input_LC182_San_Westland_D,0.0,0.0,1
Input_LC183_San_Wayne_D,0.0,0.0,1
Input_LC183_San_Westland_D,0.0,0.0,1
Input_LC184_San_Wayne_D,0.0,0.0,1
Input_LC184_San_Westland_D,0.0,0.0,1
Input_LC185_San_Wayne_D,0.0,0.0,1
Input_LC185_San_Westland_D,0.0,0.0,1
Input_LC186_San_Westland_D,0.0,0.0,1
Input_LC187_San_Westland_D,0.0,0.0,1
Input_LC188_San_Westland_D,0.0,0.0,1
Input_LC189_San_Westland_D,0.0,0.0,1
Input_LC190_San_Westland_D,0.0,0.0,1
Input_LC191_San_Westland_D,0.0,0.0,1
Input_LC192_San_Westland_D,0.0,0.0,1
Input_LC200_San_Wayne_D,0.0,0.0,1
Input_LC201_San_Wayne_D,0.0,0.0,1
Input_LC202_San_Northville_D,0.0,0.0,1
Input_LC203_San_Northville_D,0.0,0.0,1
Input_LC204_San_Westland_D,0.0,0.0,1
JCT-1392_D,0.0,0.0,1
JCT-1690_D,0.0,0.0,1
JCT-1716_D,0.0,0.0,1
JFI-1_D,0.0,0.0,1
JFI-10_D,0.0,0.0,1
JFI-11_D,0.0,0.0,1
JFI-12_D,0.0,0.0,1
JFI-13_D,0.0,0.0,1
JFI-14_D,0.0,0.0,1
JFI-15_D,0.0,0.0,1
JFI-16_D,0.0,0.0,1
JFI-17_D,0.0,0.0,1
JFI-18_D,0.0,0.0,1
JFI-19_D,0.0,0.0,1
JFI-2_D,0.0,0.0,1
JFI-20_D,0.0,0.0,1
JFI-22_D,0.0,0.0,1
JFI-23_D,0.0,0.0,1
JFI-25_D,0.0,0.0,1
JFI-26_D,0.0,0.0,1
JFI-27_D,0.0,0.0,1
JFI-3_D,0.0,0.0,1
JFI-30_D,0.0,0.0,1
JFI-31_D,0.0,0.0,1
JFI-36_D,0.0,0.0,1
JFI-37_D,0.0,0.0,1
JFI-38_D,0.0,0.0,1
JFI-39_D,0.0,0.0,1
JFI-4_D,0.0,0.0,1
JFI-5_D,0.0,0.0,1
JFI-6_D,0.0,0.0,1
JFI-7_D,0.0,0.0,1
JFI-8_D,0.0,0.0,1
JFI-9A_D,0.0,0.0,1
JFI-9B_D,0.0,0.0,1
JFR-11_D,0.0,0.0,1
JFR-18_D,0.0,0.0,1
JFR-21_D,0.0,0.0,1
JFR-25_D,0.0,0.0,1
JFR-26_D,0.0,0.0,1
JFR-28_D,0.0,0.0,1
JFR-29_D,0.0,0.0,1
JFR-3_D,0.0,0.0,1
JFR-30_D,0.0,0.0,1
JFR-31_D,0.0,0.0,1
JFR-34_D,0.0,0.0,1
JFR-36_D,0.0,0.0,1
JFR-4_D,0.0,0.0,1
JFR-40_D,0.0,0.0,1
JFR-42_D,0.0,0.0,1
JFR-43_D,0.0,0.0,1
JFR-46_D,0.0,0.0,1
JFR-47_D,0.0,0.0,1
JFR-49_D,0.0,0.0,1
JFR-5_D,0.0,0.0,1
JFR-50_D,0.0,0.0,1
JFR-51_D,0.0,0.0,1
JFR-52_D,0.0,0.0,1
JFR-54_D,0.0,0.0,1
JFR-55_D,0.0,0.0,1
JFR-56_D,0.0,0.0,1
JFR-57_D,0.0,0.0,1
JFR-58_D,0.0,0.0,1
JFR-59_D,0.0,0.0,1
JFR-60_D,0.0,0.0,1
JFR-62_D,0.0,0.0,1
JFR-64_D,0.0,0.0,1
JFR-65_D,0.0,0.0,1
JFR-68_D,0.0,0.0,1
JFR-7_D,0.0,0.0,1
JFR-70_D,0.0,0.0,1
JFR-71_D,0.0,0.0,1
JFR-72_D,0.0,0.0,1
JFR-73_D,0.0,0.0,1
JFR-74_D,0.0,0.0,1
JFR-75_D,0.0,0.0,1
JFR-77_D,0.0,0.0,1
JFR-78_D,0.0,0.0,1
JFR-79_D,0.0,0.0,1
JFR-8_D,0.0,0.0,1
JFR-83_D,0.0,0.0,1
JFR-84_D,0.0,0.0,1
JFR-85_D,0.0,0.0,1
JFR-86_D,0.0,0.0,1
JFR-88_D,0.0,0.0,1
JFR-90_D,0.0,0.0,1
JFR-91_D,0.0,0.0,1
JFR-92_D,0.0,0.0,1
JFR-93_D,0.0,0.0,1
JFR-94_D,0.0,0.0,1
JFR-95_D,0.0,0.0,1
JFR-96_D,0.0,0.0,1
KARM-1_D,0.0,0.0,1
KARM-10_D,0.0,0.0,1
KARM-2_D,0.0,0.0,1
KARM-3_D,0.0,0.0,1
KARM-4_D,0.0,0.0,1
KARM-5_D,0.0,0.0,1
KARM-6_D,0.0,0.0,1
KARM-7_D,0.0,0.0,1
KARM-8_D,0.0,0.0,1
KARM-9_D,0.0,0.0,1
LAMB-4_D,0.0,0.0,1
Local_LC046_1407,4.0,0.0,1
Local_LC046_1501,3.0,0.0,1
Local_VanBurenDiversion,0.0,0.0,1
m3000-SOT14_D,0.0,0.0,1
m3020-SOT136010_D,0.0,0.0,1
m3020-SOT136010_D2,0.0,0.0,1
m3090-SOT13_D,0.0,0.0,1
M39_Hubbard_D,0.0,0.0,1
Martin_Outfall,8.0,9.21,1
MDOT_M102-01_D,0.0,0.0,1
MDOT_M102-02_D,0.0,0.0,1
MDOT_M102-03_D,0.0,0.0,1
MDOT_M102-04_D,0.0,0.0,1
MDOT_M102-05_D,0.0,0.0,1
MDOT_M102-06_D,0.0,0.0,1
MDOT_M102-07_D,0.0,0.0,1
MDOT_M102-08_D,0.0,0.0,1
MDOT_M102-09_D,0.0,0.0,1
MIDDD_DS_Cl_D,0.0,0.0,1
MIDDD_US_Cl_D,0.0,0.0,1
Milk_River_Outfall,0.0,3.23,1
MR-1020_D,0.0,0.0,1
MR-1040_D,0.0,0.0,1
MRD-17_D,0.0,0.0,1
MRD-18_D,0.0,0.0,1
MRD-19_D,0.0,0.0,1
MRD-20_D,0.0,0.0,1
MRD-21_D,0.0,0.0,1
MRD-22_D,0.0,0.0,1
MRD-23_D,0.0,0.0,1
MRD-28_D,0.0,0.0,1
MRD-29_D,0.0,0.0,1
MRD-30_D,0.0,0.0,1
MRD-31_D,0.0,0.0,1
MRD-32_D,0.0,0.0,1
MRD-33_D,0.0,0.0,1
MRD-34_D,0.0,0.0,1
MRD-35_D,0.0,0.0,1
MRD-36_D,0.0,0.0,1
MRD-37_D,0.0,0.0,1
MRD-41_D,0.0,0.0,1
MRD-43_D,0.0,0.0,1
MRD-45_D,0.0,0.0,1
MRD-46_D,0.0,0.0,1
MRD-47_D,0.0,0.0,1
MRD-48_D,0.0,0.0,1
MRD-49_D,0.0,0.0,1
MRD-50_D,0.0,0.0,1
MRD-51_D,0.0,0.0,1
MRD-53_D,0.0,0.0,1
MRD-54_D,0.0,0.0,1
MRD-55_D,0.0,0.0,1
MRD-57_D,0.0,0.0,1
MRD-59_D,0.0,0.0,1
MRD-60_D,0.0,0.0,1
MRD-63_D,0.0,0.0,1
NER-10_D,0.0,0.0,1
NER-13_D,0.0,0.0,1
NER-18_D,0.0,0.0,1
NER-19_D,0.0,0.0,1
NER-2_D,0.0,0.0,1
NER-21_D,0.0,0.0,1
NER-24_D,0.0,0.0,1
NER-25_D,0.0,0.0,1
NER-26_D,0.0,0.0,1
NER-3_D,0.0,0.0,1
NER-32_D,0.0,0.0,1
NER-33_D,0.0,0.0,1
NER-35_D,0.0,0.0,1
NER-36_D,0.0,0.0,1
NER-37_D,0.0,0.0,1
NER-39_D,0.0,0.0,1
NER-4_D,0.0,0.0,1
NER-49_D,0.0,0.0,1
NER-5_D,0.0,0.0,1
NER-51_D,0.0,0.0,1
NER-52_D,0.0,0.0,1
NER-55_D,0.0,0.0,1
NER-58_D,0.0,0.0,1
NER-59_D,0.0,0.0,1
NER-6_D,0.0,0.0,1
NER-61_D,0.0,0.0,1
NER-73_D,0.0,0.0,1
NER-76_D,0.0,0.0,1
NER-8_D,0.0,0.0,1
NER-9_D,0.0,0.0,1
NORM-4_D,0.0,0.0,1
NWR-12_D,0.0,0.0,1
NWR-25_D,0.0,0.0,1
NWR-29_D,0.0,0.0,1
NWR-33_D,0.0,0.0,1
NWR-34_D,0.0,0.0,1
NWR-36_D,0.0,0.0,1
NWR-39_D,0.0,0.0,1
NWR-42_D,0.0,0.0,1
NWR-6_D,0.0,0.0,1
NWRC-10_D,0.0,0.0,1
NWRC-11_D,0.0,0.0,1
NWRC-12_D,0.0,0.0,1
NWRC-2_D,0.0,0.0,1
NWRC-7_D,0.0,0.0,1
OF_GPF,4.0,2.36,1
OF_WCS1,6.0,8.5,1
OUT_OCS2_OMID,2.0,0.0,1
OUT_RCS1_OMID,2.0,0.0,1
OUT_STS1_OMID,2.0,0.0,1
OUT_STS2_OMID,2.0,0.0,1
OUT_STS3_OMID,2.0,0.0,1
OUT_STS4_OMID,2.0,0.0,1
OUT_SYS1_OMID,2.0,0.0,1
OUT_SYS2_OMID,2.0,0.0,1
OUT_UTS1_OMID,2.0,0.0,1
Outfallto8MileDrain,5.0,0.0,1
PIP-3_D,0.0,0.0,1
PLEA-4_D,0.0,0.0,1
PL-EFF-2_D,0.0,0.0,1
PS_GPK_D,0.0,0.0,1
RAU-3_D,0.0,0.0,1
RC27001A_D,0.0,0.0,1
REIN-4_D,0.0,0.0,1
RVSDS_CSO_07_(M14),2.5,0.87,1
RVSDS_CSO_08_(M13),2.0,0.96,1
RVSDS_CSO_11_(L42),4.5,0.79,1
RVSDS_CSO_12_(L43),0.0,0.0,1
RVSDS_CSO_13_(L41),0.0,0.0,1
RVSDS_CSO_18_(009),7.0,0.0,1
RVSDS_CSO_18_(L-46),7.0,0.0,1
RVSDS_CSO_39_(U05),0.0,0.0,1
RVSDS_CSO_40_(U03),0.0,0.0,1
RVSDS_CSO_41_(U04),0.0,0.0,1
RVSDS_CSO_42_(U11),0.0,0.0,1
RVSDS_CSO_43_(U09),0.0,0.0,1
RVSDS_CSO_44_(U10),0.0,0.0,1
RVSDS_CSO_45_(U02),5.470000000000018,0.0,1
RVSDS_CSO_46_(U01),0.0,0.0,1
RVSDS_CSO_55_(M22),0.0,0.0,1
RVSDS_CSO_56_(M21),0.0,0.0,1
RVSDS_CSO_57_(M25),0.0,0.0,1
RVSDS_CSO_59_(M24),0.0,0.0,1
RVSDS_RTB_DearbornHgts_3,9.0,2.63,1
RVSDS_RTB_Inkster_1,4.0,0.41,1
RVSDS_RTB_Redford_1,7.0,0.0,1
SAX-4_D,0.0,0.0,1
SCHR-4_D,0.0,0.0,1
SFIT0084_D,0.0,0.0,1
SFIT0312_D,0.0,0.0,1
SHAK-3_D,0.0,0.0,1
SMH23425_D,0.0,0.0,1
SMH30810_D,0.0,0.0,1
SMH62452_D,0.0,0.0,1
SOT132001_D,0.0,0.0,1
SOT132006_D,0.0,0.0,1
SOT135001_D,0.0,0.0,1
SOT135002_D,0.0,0.0,1
SOT135003_D,0.0,0.0,1
SOT135004_D,0.0,0.0,1
SOT135005_D,0.0,0.0,1
SOT135006_D,0.0,0.0,1
SOT135014_D,0.0,0.0,1
SOT136003_D,0.0,0.0,1
SOT136004_D,0.0,0.0,1
SOT136005_D,0.0,0.0,1
SOT136006_D,0.0,0.0,1
SOT136007_D,0.0,0.0,1
SOT139005_D,0.0,0.0,1
SOT140003_D,0.0,0.0,1
SOT140004_D,0.0,0.0,1
SOT140006_D,0.0,0.0,1
SOT143001_D,0.0,0.0,1
STS3_OMID_D,0.0,0.0,1
TUSC-4_D,0.0,0.0,1
WILM-4_D,0.0,0.0,1
1795-14,10.35,0.0,0
1795-24,280.25,79.5,0
1795-25,280.25,79.5,0
1795-26,280.25,79.5,0
1795-28,280.25,79.5,0
1795-29,280.25,79.5,0
1795-30,280.25,79.5,0
1795-31,280.25,79.5,0
20001,72.0,14.17,0
20001_D,72.0,63.75,0
20005,81.0,70.45,0
200100,35.0,9.53,0
200200,35.0,17.27,0
200300,35.0,12.68,0
21286_OMID,56.68,0.28,0
23016_OMID,49.57,0.41,0
23116_OMID,36.2,0.63,0
23211_OMID,10.0,0.2,0
23486_OMID,48.12,0.16,0
23555_OMID,31.67,0.69,0
24036_OMID,21.95,0.26,0
24120_OMID,27.79,0.31,0
2701,38.5,10.38,0
2702,38.7,3.3,0
29920,7.72,5.6,1
29930,7.36,3.51,1
29932,6.76,0.78,1
3009,44.2,43.95,1
3010,43.85,43.85,1
4000_OAK,34.6,34.6,1
4010_OAK,23.57,21.16,1
5879,28.0,27.75,1
6011A_OAK,44.52,33.81,0
6011B_OAK,44.53,33.77,0
6013A_OAK,44.93,34.23,0
6013D_OAK,44.41,33.69,0
6040,39.61,14.6,0
7003,33.2,32.54,1
7031A_OAK,45.43,34.66,0
7031B_OAK,45.44,34.61,0
7033A_OAK,46.02,35.18,0
7033D_OAK,45.5,34.65,0
8DR-1,70.5,46.53,0
8DR-24,35.24,33.26,1
8DR-27,34.73,33.73,1
8DR-30,30.67,29.99,1
8DR-35,29.62,28.91,1
8DR-69,34.97,26.56,0
9MD-1,12.0,10.33,1
9MD-1B,30.0,21.46,0
9MD-24-1B,14.31,12.28,1
9MD-24-2,15.92,14.0,1
9MD-27,21.82,15.69,1
9MD-28,18.81,16.31,1
9MD-L1,12.0,10.62,1
9MD-L2,12.0,10.49,1
AcaciaRegChamber,15.27,4.99,0
AcaciaRTB,39.5,33.18,1
AerationBasin,27.0,21.48,1
AP3408,27.5,6.97,0
B1_Chamber,33.09,27.25,1
BC_DblStor,26.505,23.22,1
BC_EastBarrStor,26.505,23.15,1
BelleIsleWetWell,23.0,19.96,1
BirminghamRTB,48.0,42.47,1
BlmfldRegChamber,26.5,6.1,0
BloomfieldRTB,40.0,32.98,1
BonHeurWetWell,30.0,2.02,0
CC_EffluentPt,35.76,22.22,0
CCForebay,29.9,21.76,0
Chamber11,32.37,25.09,1
Chamber11d,79.4,75.91,1
Chamber12,25.72,21.91,1
Chamber12_2,25.72,21.76,1
Chamber25,27.69,17.23,0
Chamber8,8.9,8.87,1
ChapatonBasinDrain,19.12,6.57,0
ChapatonCanal,12.0,9.98,1
ChapatonRTB,23.0,19.92,1
CS-4_Upstream_OMID,63.8,6.15,0
CS-5_Downstream_OMID,78.8,2.74,0
CS-5_Upstream_OMID,78.8,3.16,0
CS-6_Downstream_OMID,64.0,4.36,0
CS-6_Upstream_OMID,64.0,4.64,0
CS-7_Downstream_OMID,54.3,2.36,0
CS-7_Upstream_OMID,54.3,2.66,0
CS-8_Downstream_OMID,43.6,1.56,0
CS-8_Upstream_OMID,43.6,2.15,0
CS-9_Upstream_OMID,93.2,3.07,0
D11,12.63,12.63,1
D11d,10.027,9.15,1
D12,14.44,14.44,1
D13,15.11,11.48,1
D14,10.85,10.85,1
D16,8.88,7.01,1
D20,38.42,17.85,0
D21,33.72,9.61,0
D22,34.23,10.18,0
D24,12.64,10.98,1
D25,9.02,9.02,1
D26,12.35,12.35,1
D27,14.72,11.62,1
D28,17.7,10.37,1
D29,20.67,11.0,0
D3,9.45,5.28,1
D30,24.32,14.9,0
D32,12.125,7.34,1
D34,12.15,9.7,1
D35,11.83,9.87,1
D36,19.34,17.9,1
D37,13.53,7.96,1
D38,19.86,15.5,1
D39,25.2,18.69,1
D40,19.63,10.7,0
D41,25.56,18.87,1
D42,23.31,12.8,0
D44,18.98,3.75,0
D45,29.62,13.96,0
D59,23.74,15.39,0
D6,25.0,8.6,0
D7,11.27,11.27,1
DN106,91.1,14.07,0
DN1593310,50.0,2.08,0
DN1595,24.9,9.35,0
DN1596,24.8,7.3,0
DN200113,50.0,0.69,0
DN200120,50.0,1.18,0
DN200122,50.0,0.86,0
DN200125,50.0,0.54,0
DN200140,50.0,0.04,0
DN200141,50.0,1.09,0
DN200145,50.0,0.65,0
DN200150,50.0,1.52,0
DN20060,39.88,32.26,1
DN20079,167.5,159.43,0
DN200805,50.0,0.23,0
DN200806,50.0,1.19,0
DN200843,50.0,1.19,0
DN200844,50.0,1.41,0
DN200845,50.0,2.04,0
DN200846,50.0,1.65,0
DN200853,50.0,0.99,0
DN200854,50.0,0.88,0
DN200855,50.0,0.55,0
DN200856,50.0,1.5,0
DN200906,50.0,3.51,0
DN200910,50.0,3.85,0
DN200915,50.0,3.08,0
DN200918,50.0,2.07,0
DN200920,50.0,0.99,0
DN200925,50.0,0.39,0
DN2009294,50.0,0.51,0
DN2009300,50.0,0.59,0
DN2009301,50.0,0.92,0
DN200935,50.0,0.8,0
DN2009350,50.0,0.51,0
DN2009351,50.0,0.55,0
DN2009352,50.0,1.09,0
DN2009353,50.0,0.63,0
DN2009354,50.0,0.79,0
DN2009355,50.0,0.71,0
DN2009356,50.0,0.8,0
DN2009357,50.0,0.73,0
DN2009359,50.0,1.22,0
DN201151,50.0,1.04,0
DN201152,50.0,0.95,0
DN201153,50.0,1.15,0
DN201222,50.0,0.87,0
DN201223,50.0,0.97,0
DN201251,50.0,1.09,0
DN201252,50.0,1.23,0
DN201311B,50.0,1.28,0
DN201314B,50.0,1.27,0
DN201485B,50.0,1.64,0
DN201489,50.0,0.65,0
DN201501,50.0,1.12,0
DN201502,50.0,0.96,0
DN201503,50.0,1.12,0
DN201504,50.0,0.47,0
DN201510,50.0,0.58,0
DN201515,50.0,1.87,0
DN201516,50.0,3.68,0
DN201530,50.0,0.71,0
DN201535,50.0,0.67,0
DN201536,50.0,3.83,0
DN201555,50.0,0.71,0
DN201600,50.0,3.72,0
DN201601,50.0,2.44,0
DN201602,50.0,1.62,0
DN201603,50.0,1.43,0
DN201604,50.0,1.72,0
DN201606,50.0,1.52,0
DN201700,50.0,1.19,0
DN201701,50.0,5.39,0
DN201702,50.0,5.19,0
DN201703,50.0,5.58,0
DN201704,50.0,2.41,0
DN201705,50.0,1.78,0
DN201706,50.0,8.92,0
DN201710,50.0,0.85,0
DN201716,50.0,16.94,0
DN201720,50.0,18.65,0
DN201725,50.0,12.52,0
DN201726,50.0,1.53,0
DN201732,50.0,8.24,0
DN201735,50.0,10.59,0
DN201736,50.0,5.77,0
DN201737,50.0,8.31,0
DN201738,50.0,8.32,0
DN201748,50.0,14.66,0
DN201750,50.0,18.86,0
DN201751,50.0,0.42,0
DN201756,50.0,12.18,0
DN201757,50.0,7.7,0
DN201759,50.0,9.25,0
DN201760,50.0,17.3,0
DN201761,50.0,15.09,0
DN201763,50.0,4.17,0
DN201764,50.0,10.04,0
DN201765,50.0,6.56,0
DN201766,50.0,16.36,0
DN201776,50.0,5.47,0
DN201777,50.0,8.38,0
DN201778,50.0,6.92,0
DN201787,50.0,4.67,0
DN201788,50.0,8.38,0
DN201789,50.0,17.43,0
DN201794,50.0,6.7,0
DN201796,50.0,7.99,0
DN201798,50.0,8.02,0
DN201798B,50.0,7.99,0
DN202604,50.0,0.47,0
DN202606,50.0,0.93,0
DN202700,50.0,1.0,0
DN202704,50.0,15.02,0
DN202705,50.0,0.85,0
DN202706,50.0,12.79,0
DN202710,50.0,1.15,0
DN202716,50.0,33.42,0
DN202720,50.0,31.33,0
DN202725,50.0,32.92,0
DN202726,50.0,0.96,0
DN202732,50.0,32.46,0
DN202735,50.0,30.67,0
DN202736,50.0,15.08,0
DN202737,50.0,14.96,0
DN202738,50.0,14.75,0
DN202748,50.0,11.25,0
DN202750,50.0,25.52,0
DN202751,50.0,15.91,0
DN202756,50.0,25.4,0
DN202757,50.0,15.53,0
DN202759,50.0,13.71,0
DN202760,50.0,29.38,0
DN202761,50.0,6.41,0
DN202763,50.0,14.2,0
DN202764,50.0,28.47,0
DN202765,50.0,13.42,0
DN202776,50.0,14.43,0
DN202777,50.0,11.88,0
DN202778,50.0,13.24,0
DN202786,50.0,15.48,0
DN202787,50.0,13.81,0
DN202788,50.0,11.46,0
DN202794,50.0,12.14,0
DN202796,50.0,15.71,0
DN202798,50.0,11.76,0
DN202798B,50.0,12.34,0
DN203100,50.0,2.44,0
DN203101,50.0,1.39,0
DN203110,50.0,3.46,0
DN203111,18.7,18.42,1
DN203150,50.0,0.61,0
DN203151,50.0,0.78,0
DN203160,50.0,1.06,0
DN203161,50.0,0.89,0
DN203171,50.0,0.39,0
DN203211,50.0,0.88,0
DN20322,32.8,13.93,0
DN203220,50.0,1.19,0
DN203300,50.0,2.1,0
DN204200,50.0,2.75,0
DN204300,50.0,2.07,0
DN204301,50.0,0.99,0
DN204303,50.0,1.02,0
DN204350,50.0,0.38,0
DN204351,50.0,1.07,0
DN204353,50.0,0.98,0
DN205100,50.0,2.67,0
DN205200,50.0,0.81,0
DN20533,15.74,9.8,1
DN20535,15.59,9.67,1
DN205350,50.0,3.87,0
DN20570,17.08,2.89,0
DN20618,23.22,12.0,0
DN20623,22.0,0.0,0
DN207100,50.0,2.95,0
DN207251,50.0,2.06,0
DN207261,50.0,1.28,0
DN207361,50.0,1.2,0
DN207370,50.0,1.52,0
DN207371,50.0,1.02,0
DN207380,50.0,1.28,0
DN207381,50.0,0.8,0
DN207430,50.0,0.83,0
DN207431,50.0,0.91,0
DN207451,50.0,0.97,0
DN207461,50.0,1.08,0
DN207471,50.0,1.02,0
DN207480,50.0,2.5,0
DN207500,50.0,1.05,0
DN207501,50.0,0.77,0
DN207550,50.0,0.4,0
DN207551,50.0,0.77,0
DN208401,50.0,0.89,0
DN208403,50.0,0.33,0
DN208631,50.0,1.12,0
DN208632,50.0,0.63,0
DN208633,50.0,0.78,0
DN208651,50.0,0.99,0
DN208653,50.0,0.52,0
DN209450,50.0,0.72,0
DN209451,50.0,0.78,0
DN209992,50.0,1.52,0
DN209993,50.0,1.71,0
DN209995,50.0,0.74,0
DN210997,50.0,1.24,0
DN210998,50.0,0.69,0
DN210999,50.0,0.81,0
DN213060,50.0,2.35,0
DN213070,50.0,0.95,0
DN213080,50.0,3.05,0
DN213110,50.0,1.03,0
DN213120,50.0,1.78,0
DN213130,50.0,1.14,0
DN213140,50.0,1.66,0
DN213143B,50.0,1.98,0
DN213150,50.0,3.14,0
DN213160,50.0,3.31,0
DN213250,50.0,1.91,0
DN213350,50.0,1.45,0
DN213360,50.0,2.24,0
DN213370,50.0,2.55,0
DN214100,50.0,0.96,0
DN214151,50.0,1.89,0
DN214200,50.0,2.25,0
DN214251,50.0,1.81,0
DN214301,50.0,1.77,0
DN214321,50.0,1.39,0
DN214331,50.0,0.96,0
DN214340,50.0,2.13,0
DN214341,50.0,1.55,0
DN214350,50.0,1.85,0
DN214351,50.0,0.97,0
DN214361,50.0,0.94,0
DN214371,50.0,1.38,0
DN214401,50.0,1.18,0
DN214411,50.0,1.91,0
DN214421,50.0,1.34,0
DN214451,50.0,1.34,0
DN214471,50.0,1.37,0
DN214500,50.0,1.52,0
DN214501,50.0,1.38,0
DN214511,50.0,1.11,0
DN214521,50.0,1.55,0
DN214531,50.0,1.52,0
DN214550,50.0,2.05,0
DN214551,50.0,0.97,0
DN214561,50.0,1.5,0
DN214571,50.0,1.5,0
DN214581,50.0,1.49,0
DN214600,50.0,0.32,0
DN214601,50.0,0.9,0
DN214611,50.0,1.18,0
DN214651,50.0,0.69,0
DN214701,50.0,2.22,0
DN214710,50.0,0.74,0
DN214730,50.0,0.57,0
DN214740,50.0,0.82,0
DN214751,50.0,1.81,0
DN214770,50.0,0.68,0
DN214780,50.0,2.62,0
DN214800,50.0,2.06,0
DN214850,50.0,1.77,0
DN214901,50.0,1.81,0
DN214910,50.0,2.5,0
DN216050,50.0,1.28,0
DN216051,50.0,0.44,0
DN217400,50.0,0.62,0
DN217404,50.0,0.34,0
DN217405,50.0,0.34,0
DN217406,50.0,1.2,0
DN217410,50.0,1.01,0
DN217430,50.0,0.02,0
DN217440,50.0,0.76,0
DN217441,50.0,0.57,0
DN217442,50.0,0.47,0
DN217443,50.0,0.96,0
DN217450,50.0,7.28,0
DN217750,50.0,0.85,0
DN217751,50.0,1.25,0
DN217752,50.0,6.18,0
DN217801,50.0,0.79,0
DN217802,50.0,1.09,0
DN217811,50.0,0.6,0
DN217812,50.0,1.46,0
DN217840,50.0,0.78,0
DN217930,50.0,0.43,0
DN217931,50.0,0.43,0
DN217932,50.0,0.94,0
DN217933,50.0,1.16,0
DN217934,50.0,1.62,0
DN217935,50.0,1.27,0
DN221001,50.0,1.17,0
DN221011,50.0,0.65,0
DN221021,50.0,0.94,0
DN221031,50.0,0.63,0
DN221041,50.0,1.11,0
DN221050,50.0,2.24,0
DN221051,50.0,0.59,0
DN224000,50.0,0.89,0
DN224010,50.0,0.5,0
DN224020,50.0,1.69,0
DN224050,50.0,3.9,0
DN224060,50.0,0.55,0
DN224070,50.0,1.75,0
DN224080,50.0,1.12,0
DN224090,50.0,1.42,0
DN224100,50.0,0.96,0
DN224110,50.0,3.6,0
DN225001,50.0,19.26,0
DN227400,50.0,0.85,0
DN227401,50.0,0.85,0
DN227402,50.0,0.85,0
DN227403,50.0,0.67,0
DN227410,50.0,0.68,0
DN227411,50.0,0.83,0
DN227412,50.0,0.83,0
DN227413,50.0,0.83,0
DN227430,50.0,0.87,0
DN227431,50.0,0.92,0
DN227432,50.0,0.89,0
DN227440,50.0,0.85,0
DN227441,50.0,0.85,0
DN227442,50.0,0.85,0
DN227443,50.0,0.74,0
DN227450,50.0,15.07,0
DN227451,50.0,0.85,0
DN227750,50.0,0.53,0
DN227751,50.0,0.63,0
DN227752,50.0,7.84,0
DN227800,50.0,0.64,0
DN227801,50.0,0.71,0
DN227802,50.0,0.45,0
DN227810,50.0,0.55,0
DN227811,50.0,0.64,0
DN227840,50.0,0.67,0
DN227841,50.0,0.76,0
DN227842,50.0,0.76,0
DN227843,50.0,11.45,0
DN227844,50.0,10.55,0
DN227930,50.0,0.63,0
DN227931,50.0,0.61,0
DN227932,50.0,10.81,0
DN227933,50.0,10.61,0
DN227934,50.0,7.23,0
DN227935,50.0,10.62,0
DN23130,50.0,2.61,0
DN231310,50.0,2.52,0
DN231320,50.0,3.17,0
DN231330,50.0,1.95,0
DN231340,50.0,2.93,0
DN231350,50.0,1.53,0
DN231360,50.0,3.05,0
DN231510,50.0,0.35,0
DN231511,50.0,0.89,0
DN231520,50.0,0.35,0
DN231521,50.0,0.9,0
DN231530,50.0,1.68,0
DN231531,50.0,1.08,0
DN231710,50.0,1.45,0
DN231711,50.0,1.33,0
DN231720,50.0,0.81,0
DN231730,50.0,1.04,0
DN231740,50.0,0.72,0
DN231741,50.0,1.06,0
DN233010,50.0,1.39,0
DN233020,50.0,1.17,0
DN233030,50.0,1.9,0
DN233040,50.0,1.78,0
DN233050,50.0,1.17,0
DN233060,50.0,0.92,0
DN233070,50.0,1.57,0
DN233080,50.0,1.54,0
DN240811,50.0,0.72,0
DN240821,50.0,1.09,0
DN240830,50.0,2.4,0
DN240841,50.0,0.82,0
DN240851,50.0,1.01,0
DN240861,50.0,1.0,0
DN240871,50.0,1.08,0
DN240881,50.0,0.91,0
DN242011,50.0,1.15,0
DN242021,50.0,1.35,0
DN242031,50.0,1.33,0
DN243000,50.0,3.18,0
DN243001,50.0,1.17,0
DN243002,50.0,0.87,0
DN243003,50.0,0.57,0
DN243011,50.0,0.93,0
DN243013,50.0,0.61,0
DN243021,50.0,0.98,0
DN243022,50.0,0.71,0
DN243023,50.0,0.8,0
DN243510,50.0,0.48,0
DN243511,50.0,1.11,0
DN243520,50.0,0.38,0
DN243521,50.0,1.11,0
DN243523,50.0,1.57,0
DN243530,50.0,1.16,0
DN243531,50.0,1.23,0
DN243533,50.0,0.78,0
DN243540,50.0,0.39,0
DN243541,50.0,1.21,0
DN243543,50.0,0.82,0
DN244000,50.0,0.99,0
DN244001,50.0,1.3,0
DN244010,50.0,1.1,0
DN244011,50.0,0.95,0
DN244012,50.0,0.95,0
DN244022,50.0,1.36,0
DN244023,50.0,1.27,0
DN244030,50.0,1.21,0
DN244031,50.0,1.24,0
DN244032,50.0,0.2,0
DN244033,50.0,0.65,0
DN244041,50.0,1.23,0
DN245000,50.0,0.75,0
DN245001,50.0,1.01,0
DN245011,50.0,0.96,0
DN245021,50.0,0.96,0
DN245030,50.0,1.5,0
DN245031,50.0,1.1,0
DN245500,50.0,1.6,0
DN245501,50.0,1.25,0
DN245510,50.0,1.56,0
DN245511,50.0,1.16,0
DN245520,50.0,1.01,0
DN245521,50.0,1.24,0
DN245530,50.0,0.47,0
DN245531,50.0,1.23,0
DN245540,50.0,0.39,0
DN245541,50.0,1.09,0
DN251500,50.0,2.53,0
DN251501,50.0,0.28,0
DN251510,50.0,2.85,0
DN251520,50.0,2.09,0
DN251521,50.0,0.79,0
DN261030,50.0,0.89,0
DN261031,50.0,1.07,0
DN270910,50.0,2.38,0
DN270920,50.0,2.34,0
DN271010,50.0,2.91,0
DN271011,50.0,1.16,0
DN271500,50.0,2.28,0
DN271510,50.0,1.89,0
DN271520,50.0,1.66,0
DN271540,50.0,2.38,0
DN271550,50.0,2.62,0
DN271560,50.0,2.43,0
DN271570,50.0,2.66,0
DN271610,50.0,0.89,0
DN271710,50.0,2.36,0
DN271711,50.0,0.68,0
DN271721,50.0,1.19,0
DN271730,50.0,0.94,0
DN271731,50.0,0.82,0
DN271741,50.0,1.1,0
DN273511,50.0,1.29,0
DN273521,50.0,1.11,0
DN275010,50.0,2.02,0
DN275011,50.0,0.79,0
DN275021,50.0,0.98,0
DN275030,50.0,0.57,0
DN275031,50.0,0.67,0
DN275040,50.0,0.5,0
DN275041,50.0,0.63,0
DN275051,50.0,1.0,0
DN275061,50.0,0.61,0
DN275071,50.0,0.93,0
DN275081,50.0,1.04,0
DN275250,50.0,1.46,0
DN275251,50.0,1.04,0
DN275311,50.0,1.0,0
DN275320,50.0,1.95,0
DN275321,50.0,0.88,0
DN275361,50.0,1.36,0
DN275371,50.0,1.35,0
DN275450,50.0,0.78,0
DN275451,50.0,1.11,0
DN275460,50.0,1.51,0
DN275461,50.0,0.41,0
DN275470,50.0,0.93,0
DN275471,50.0,1.21,0
DN275501,50.0,1.18,0
DN275511,50.0,1.05,0
DN276010,50.0,1.36,0
DN276021,50.0,0.75,0
DN276030,50.0,0.52,0
DN276031,50.0,0.65,0
DN281500,50.0,1.1,0
DN281501,50.0,0.89,0
DN281511,50.0,0.89,0
DN281521,50.0,0.74,0
DN281531,50.0,0.96,0
DN281550,50.0,0.59,0
DN281551,50.0,0.86,0
DN284011,50.0,1.24,0
DN284013,50.0,0.69,0
DN284021,50.0,0.97,0
DN284031,50.0,0.89,0
DN284041,50.0,0.74,0
DN284043,50.0,0.59,0
DN286311,50.0,1.17,0
DN286312,50.0,0.95,0
DN286320,50.0,0.31,0
DN286321,50.0,1.47,0
DN286511,50.0,1.27,0
DN286513,50.0,0.86,0
DN286520,50.0,1.62,0
DN286521,50.0,0.9,0
DN286523,50.0,0.46,0
DN286530,50.0,0.91,0
DN286531,50.0,0.93,0
DN286533,50.0,0.86,0
DN296810,50.0,0.62,0
DN296811,50.0,3.16,0
DN296823,50.0,1.44,0
DN296824,50.0,0.25,0
DN296826,50.0,1.02,0
DN296848,50.0,0.56,0
DN296849,50.0,2.48,0
DN296850,50.0,0.76,0
DN296851,50.0,1.27,0
DN297823,50.0,0.81,0
DN297824,50.0,1.69,0
DN297825,50.0,0.21,0
DN297826,50.0,1.55,0
DN31,136.4,123.26,0
DN331210,50.0,1.35,0
DN331420,50.0,2.25,0
DN331430,50.0,2.21,0
DN331440,50.0,2.74,0
DN332010,50.0,1.41,0
DN339330,50.0,1.76,0
DN341511,50.0,2.09,0
DN341521,50.0,2.08,0
DN34250,50.0,2.24,0
DN342510,50.0,3.3,0
DN342520,50.0,3.33,0
DN343210,50.0,1.61,0
DN343211,50.0,1.31,0
DN343221,50.0,1.17,0
DN343240,50.0,1.63,0
DN343241,50.0,1.59,0
DN343251,50.0,1.17,0
DN343260,50.0,1.65,0
DN343261,50.0,1.33,0
DN343331,50.0,1.4,0
DN346511,50.0,0.81,0
DN346521,50.0,0.98,0
DN346531,50.0,0.96,0
DN346541,50.0,1.19,0
DN347510,50.0,2.04,0
DN347511,50.0,1.78,0
DN347521,50.0,1.67,0
DN347531,50.0,1.78,0
DN347541,50.0,1.82,0
DN347710,50.0,1.19,0
DN41,153.0,9.86,0
DN928,17.61,0.45,0
DN929,17.6,0.59,0
DN953011,50.0,1.09,0
DN953020,50.0,2.0,0
DN953021,50.0,0.74,0
DN953511,50.0,1.18,0
DN953521,50.0,1.17,0
DN953531,50.0,1.18,0
DN953541,50.0,1.08,0
DN953551,50.0,1.15,0
DN954011,50.0,1.14,0
DN954021,50.0,1.15,0
DN954031,50.0,1.19,0
DN954211,50.0,1.05,0
DN954221,50.0,1.01,0
DN954231,50.0,1.35,0
DN954241,50.0,1.74,0
DN954511,50.0,1.03,0
DN954521,50.0,0.7,0
DN954531,50.0,1.26,0
DN954541,50.0,1.49,0
DN955011,50.0,1.18,0
DN955020,50.0,1.09,0
DN955021,50.0,1.48,0
DN989,28.41,17.13,0
DNC4_CaptureShafts,91.0,68.46,0
DNC7_TreatmentShaft,139.3,123.52,0
DNC8_TreatmentShaft,152.7,142.61,0
DR02_DS,22.38,21.71,1
DR02_US,22.38,22.38,1
DrainControlChamber,23.0,21.56,1
DSScreen5-16,26.5,23.17,1
EPNE-14,22.53,22.53,1
GPI-16,27.01,7.57,0
GPI-17,30.0,7.36,0
GPS-CookRoadPS,23.17,0.85,0
GPS-CSO-A,12.1,0.43,0
GPS-Regulator-DS,11.48,0.54,0
GPS-Regulator-US,10.23,0.62,0
GWK_205110,50.0,18.82,0
GWK_205195,50.0,0.95,0
GWK_205197,50.0,13.54,0
GWK_205198,50.0,12.55,0
GWK_205199,50.0,9.24,0
GWK_205250,50.0,15.66,0
GWK_205251,50.0,4.01,0
GWK_206060,50.0,5.63,0
GWK_206080,50.0,6.57,0
GWK_206120,50.0,5.2,0
GWK_206140,50.0,6.78,0
GWK_206170,50.0,5.84,0
GWK_206190,50.0,6.66,0
GWK_206241,50.0,10.8,0
GWK_206270,50.0,16.7,0
GWK_207050,50.0,6.66,0
GWK_207053,50.0,0.86,0
GWK_207070,50.0,47.26,1
GWK_4100,32.47,23.4,0
GWK_4110,31.07,23.18,1
GWK_4150,30.2,26.28,1
GWK_82055,31.14,30.12,1
GWK_8206,31.3,28.89,1
GWK_82061,50.0,38.45,0
GWK_82062,32.0,27.93,1
GWK_82063,31.7,28.24,1
GWK_82064,31.5,28.57,1
HarperWoodsDiversionChamber,22.0,4.03,0
HoffmanWetWell,21.0,21.0,1
I375_Monroe,51.61,8.03,0
I75_7Mile,40.38,40.38,1
I75_Cameron,28.22,28.22,1
I75_Canfield,38.91,38.91,1
I75_Carpenter,35.04,8.95,0
I75_Clark,33.92,8.03,0
I75_Dragoon,34.26,8.02,0
I75_Ferry,49.73,49.73,1
I75_Grand,50.36,50.36,1
I75_GrandRiver,40.72,40.72,1
I75_Holbrook,34.85,9.51,0
I75_I375,53.16,53.16,1
I75_Junction,36.24,8.02,0
I75_Nevada,33.76,33.76,1
I75_StateFair,27.38,27.38,1
I75_Waterman,31.67,31.67,1
I75_Wheelock,38.31,8.05,0
I75_Wilkins,43.23,9.01,0
I94_14th,34.98,8.53,0
I94_28th,36.06,36.06,1
I94_Cadieux,34.38,34.38,1
I94_Cadillac,38.07,38.07,1
I94_Central,36.09,8.03,0
I94_Conner,53.36,12.19,0
I94_Dickerson,28.56,9.01,0
I94_Harper,39.86,8.51,0
I94_Hecla,39.54,39.54,1
I94_Howell,34.34,8.51,0
I94_Junction,34.95,8.03,0
I94_M10,45.95,45.95,1
I94_Martin,37.65,37.65,1
I94_Outer,38.32,38.32,1
I94_Seneca,40.75,40.75,1
I94_Whittier,35.49,35.49,1
I94_Wyoming,40.32,8.52,0
InfluentShaft1,48.75,44.64,1
InfluentShaft2,51.25,46.14,1
InfluentShaft3,47.35,42.73,1
InfluentShaft4,51.33,47.91,1
InfluentShaft5,53.0,46.46,1
Input_Dummy_LC026,50.0,0.22,0
Input_Dummy_LC028,50.0,1.97,0
Input_Dummy_LC029,50.0,0.57,0
Input_Dummy_LC033,50.0,0.03,0
Input_Dummy_LC034,50.0,0.1,0
Input_Dummy_LC045,50.0,1.77,0
Input_Dummy_LC049,50.0,0.28,0
Input_Dummy_LC093,50.0,0.06,0
Input_Dummy_LC094,50.0,0.07,0
Input_Dummy_LC105,100.0,2.34,0
Input_Dummy_LC107,50.0,0.63,0
Input_Dummy_LC116,50.0,2.24,0
Input_Dummy_LC120,50.0,0.96,0
Input_Dummy_LC183,50.0,0.18,0
Input_Dummy_LC185,50.0,0.11,0
Input_LC001_San_DearbornHgts,50.0,0.03,0
Input_LC002_San_DearbornHgts,50.0,0.04,0
Input_LC003_San_DearbornHgts_320,50.0,0.03,0
Input_LC003_San_DearbornHgts_3209,50.0,0.01,0
Input_LC003_San_DearbornHgts_323,50.0,0.01,0
Input_LC003_San_DearbornHgts_3239,50.0,0.02,0
Input_LC003_San_DearbornHgts_325,50.0,0.01,0
Input_LC003_San_DearbornHgts_3259,50.0,0.04,0
Input_LC003_San_DearbornHgts_330,50.0,0.01,0
Input_LC003_San_DearbornHgts_3309,50.0,0.05,0
Input_LC003_San_DearbornHgts_333,50.0,0.02,0
Input_LC003_San_DearbornHgts_3339,50.0,0.03,0
Input_LC003_San_DearbornHgts_335,50.0,0.02,0
Input_LC004_Com_DearbornHgts,50.0,6.08,0
Input_LC005_San_DearbornHgts,50.0,0.02,0
Input_LC006_San_DearbornHgts,50.0,0.05,0
Input_LC007_Com_DearbornHgts,50.0,9.94,0
Input_LC008_San_DearbornHgts,50.0,0.06,0
Input_LC009_Com_DearbornHgts,50.0,5.73,0
Input_LC010_Com_DearbornHgts,50.0,26.47,0
Input_LC011_Com_DearbornHgts,50.0,40.18,0
Input_LC012_Com_DearbornHgts,50.0,29.58,0
Input_LC013_Com_DearbornHgts,50.0,40.19,0
Input_LC014_San_DearbornHgts,50.0,0.02,0
Input_LC015_San_DearbornHgts_105,50.0,0.01,0
Input_LC015_San_DearbornHgts_110,50.0,0.07,0
Input_LC015_San_DearbornHgts_125,50.0,0.03,0
Input_LC015_San_DearbornHgts_1259,50.0,0.03,0
Input_LC015_San_DearbornHgts_135,50.0,0.03,0
Input_LC015_San_DearbornHgts_1359,50.0,0.03,0
Input_LC015_San_DearbornHgts_137,50.0,0.03,0
Input_LC015_San_DearbornHgts_140,50.0,0.01,0
Input_LC015_San_DearbornHgts_220,50.0,0.01,0
Input_LC015_San_DearbornHgts_235,50.0,0.02,0
Input_LC015_San_DearbornHgts_238,50.0,0.02,0
Input_LC015_San_DearbornHgts_240,50.0,0.02,0
Input_LC015_San_DearbornHgts_2409,50.0,0.02,0
Input_LC015_San_DearbornHgts_245,50.0,0.02,0
Input_LC015_San_DearbornHgts_2459,50.0,0.01,0
Input_LC015_San_DearbornHgts_250,50.0,0.02,0
Input_LC015_San_DearbornHgts_255,50.0,0.02,0
Input_LC015_San_DearbornHgts_270,50.0,0.01,0
Input_LC015_San_DearbornHgts_273,50.0,0.02,0
Input_LC015_San_DearbornHgts_275,50.0,0.02,0
Input_LC015_San_DearbornHgts_280,50.0,0.0,0
Input_LC015_San_DearbornHgts_285,50.0,0.02,0
Input_LC015_San_DearbornHgts_290,50.0,0.01,0
Input_LC015_San_DearbornHgts_295,50.0,0.02,0
Input_LC015_San_DearbornHgts_405,50.0,0.01,0
Input_LC015_San_DearbornHgts_4059,50.0,0.02,0
Input_LC015_San_DearbornHgts_410,50.0,0.01,0
Input_LC015_San_DearbornHgts_510,50.0,0.02,0
Input_LC015_San_DearbornHgts_515,50.0,0.02,0
Input_LC015_San_DearbornHgts_520,50.0,0.02,0
Input_LC016_Com_DearbornHgts,50.0,1.72,0
Input_LC017_Com_DearbornHgts,50.0,1.6,0
Input_LC018_San_DearbornHgts,50.0,0.03,0
Input_LC019_San_DearbornHgts,50.0,0.02,0
Input_LC020_San_DearbornHgts,50.0,0.05,0
Input_LC021_San_DearbornHgts,50.0,0.05,0
Input_LC022_Com_DearbornHgts,50.0,1.33,0
Input_LC023_Com_DearbornHgts,50.0,1.52,0
Input_LC023_San_Inkster,50.0,0.0,0
Input_LC024_San_DearbornHgts,50.0,0.03,0
Input_LC025_San_DearbornHgts,50.0,0.01,0
Input_LC026_San_GardenCity,50.0,0.15,0
Input_LC026_San_Westland,50.0,0.01,0
Input_LC027_San_GardenCity,50.0,0.11,0
Input_LC027_San_Westland,50.0,0.0,0
Input_LC028_Com_Inkster,50.0,3.0,0
Input_LC028_San_Inkster,50.0,0.02,0
Input_LC028_San_Westland,50.0,0.02,0
Input_LC029_Com_Inkster,50.0,2.07,0
Input_LC029_San_Inkster,50.0,0.04,0
Input_LC030_San_Inkster,50.0,0.01,0
Input_LC031_Com_Inkster,50.0,1.55,0
Input_LC032_San_Inkster,50.0,0.05,0
Input_LC033_San_Inkster,50.0,0.03,0
Input_LC033_San_Westland,50.0,0.01,0
Input_LC034_San_Inkster,50.0,0.07,0
Input_LC034_San_Westland,50.0,0.05,0
Input_LC035_San_Inkster,50.0,0.02,0
Input_LC036_San_Inkster,50.0,0.01,0
Input_LC037_San_Inkster,50.0,0.02,0
Input_LC038_San_Inkster,50.0,0.02,0
Input_LC039_San_Inkster,50.0,0.02,0
Input_LC040_San_Inkster,50.0,0.01,0
Input_LC041_San_Inkster,50.0,0.01,0
Input_LC042_San_Inkster,50.0,0.01,0
Input_LC043_Com_Inkster,50.0,1.87,0
Input_LC044_San_Inkster,50.0,0.01,0
Input_LC045_Com_Inkster,50.0,2.0,0
Input_LC045_Stm_Inkster,50.0,2.54,0
Input_LC046_Com_Inkster,50.0,1.65,0
Input_LC046_San_Inkster,50.0,0.05,0
Input_LC047_San_Inkster,50.0,0.01,0
Input_LC048_Com_Inkster,50.0,1.48,0
Input_LC049_Com_Inkster,50.0,1.45,0
Input_LC049_San_Inkster,50.0,0.04,0
Input_LC050_Com_Inkster,50.0,1.43,0
Input_LC051_San_Inkster,50.0,0.02,0
Input_LC052_Com_DearbornHgts,50.0,2.24,0
Input_LC052_Com_Inkster,50.0,2.01,0
Input_LC052_San_Inkster,50.0,0.16,0
Input_LC053_San_Inkster,50.0,0.0,0
Input_LC054_San_Inkster,50.0,0.01,0
Input_LC055_San_Inkster,50.0,0.0,0
Input_LC056_San_Inkster,50.0,0.0,0
Input_LC057_San_Inkster,50.0,0.0,0
Input_LC058_San_Livonia,50.0,0.03,0
Input_LC059_San_Livonia,50.0,0.02,0
Input_LC060_San_Livonia,50.0,0.06,0
Input_LC061_San_Livonia,50.0,0.03,0
Input_LC062_San_Livonia,50.0,0.01,0
Input_LC063_San_Livonia,50.0,0.02,0
Input_LC064_San_Livonia,50.0,0.03,0
Input_LC065_San_Livonia,50.0,0.03,0
Input_LC066_San_Livonia,50.0,0.01,0
Input_LC067_San_Livonia,50.0,0.02,0
Input_LC068_San_Livonia,50.0,0.02,0
Input_LC069_San_Livonia,50.0,0.01,0
Input_LC070_San_Livonia,50.0,0.04,0
Input_LC071_San_Livonia,50.0,0.03,0
Input_LC072_San_Livonia,50.0,0.03,0
Input_LC073_San_Livonia,50.0,0.09,0
Input_LC074_San_Livonia,50.0,0.1,0
Input_LC074_San_Westland,50.0,0.01,0
Input_LC075_San_Livonia,50.0,0.09,0
Input_LC076_San_Livonia,50.0,0.11,0
Input_LC077_San_Livonia,50.0,0.2,0
Input_LC078_San_Livonia,50.0,0.03,0
Input_LC079_San_Livonia,50.0,0.11,0
Input_LC080_San_Livonia,50.0,0.15,0
Input_LC081_San_Livonia,50.0,0.15,0
Input_LC082_San_Livonia,50.0,0.01,0
Input_LC083_San_Livonia,50.0,0.06,0
Input_LC084_San_Livonia,50.0,0.01,0
Input_LC085_San_Livonia,50.0,0.01,0
Input_LC086_San_Livonia,50.0,0.02,0
Input_LC087_San_Livonia,50.0,0.01,0
Input_LC088_San_Livonia,50.0,0.01,0
Input_LC089_San_Northville,50.0,0.02,0
Input_LC090_San_Northville,50.0,0.04,0
Input_LC091_San_Northville,50.0,0.02,0
Input_LC092_San_Northville,50.0,0.03,0
Input_LC093_San_Northville,50.0,0.06,0
Input_LC093_San_NorthvilleTwp,50.0,0.01,0
Input_LC094_San_Northville,50.0,0.07,0
Input_LC094_San_NorthvilleTwp,50.0,0.0,0
Input_LC095_San_Northville,50.0,0.04,0
Input_LC096_San_Novi_01,50.0,0.05,0
Input_LC096_San_Novi_02,50.0,0.03,0
Input_LC096_San_Novi_03,50.0,0.03,0
Input_LC096_San_Novi_04,50.0,0.02,0
Input_LC096_San_Novi_05,50.0,0.02,0
Input_LC096_San_Novi_06,50.0,0.02,0
Input_LC096_San_Novi_07,50.0,0.09,0
Input_LC096_San_Novi_08,50.0,0.02,0
Input_LC096_San_Novi_09,50.0,0.01,0
Input_LC096_San_Novi_10,50.0,0.01,0
Input_LC096_San_Novi_11,50.0,0.01,0
Input_LC096_San_Novi_12,50.0,0.01,0
Input_LC096_San_Novi_13,50.0,0.02,0
Input_LC096_San_Novi_14,50.0,0.02,0
Input_LC096_San_Novi_15,50.0,0.01,0
Input_LC096_San_Novi_16,50.0,0.0,0
Input_LC096_San_Novi_17,50.0,0.02,0
Input_LC096_San_Novi_18,50.0,0.02,0
Input_LC096_San_Novi_19,50.0,0.01,0
Input_LC096_San_Novi_20,50.0,0.06,0
Input_LC096_San_Novi_21,50.0,0.01,0
Input_LC096_San_Novi_22,50.0,0.04,0
Input_LC096_San_Novi_23,50.0,0.03,0
Input_LC096_San_Novi_24,50.0,0.01,0
Input_LC096_San_Novi_25,50.0,0.01,0
Input_LC096_San_Novi_26,50.0,0.03,0
Input_LC096_San_Novi_27,50.0,0.24,0
Input_LC096_San_Novi_28,50.0,0.02,0
Input_LC096_San_Novi_29,50.0,0.01,0
Input_LC096_San_Novi_30,50.0,0.13,0
Input_LC096_San_Novi_31,50.0,0.01,0
Input_LC096_San_Novi_32,50.0,0.01,0
Input_LC096_San_Novi_33,50.0,0.11,0
Input_LC096_San_Novi_34,50.0,0.02,0
Input_LC096_San_Novi_35,50.0,0.03,0
Input_LC096_San_Novi_36,50.0,0.01,0
Input_LC096_San_Novi_37,50.0,0.08,0
Input_LC096_San_Novi_38,50.0,0.2,0
Input_LC096_San_Novi_39,50.0,0.02,0
Input_LC096_San_Novi_40,50.0,0.01,0
Input_LC096_San_Novi_41,50.0,0.03,0
Input_LC096_San_Novi_42,50.0,0.08,0
Input_LC096_San_Novi_43,50.0,0.06,0
Input_LC096_San_Novi_44,50.0,0.0,0
Input_LC096_San_Novi_45,50.0,0.03,0
Input_LC096_San_Novi_46,50.0,0.03,0
Input_LC096_San_Novi_47,50.0,0.01,0
Input_LC096_San_Novi_48,50.0,0.01,0
Input_LC096_San_Novi_49,50.0,0.06,0
Input_LC097_San_Plymouth,50.0,0.04,0
Input_LC098_San_Plymouth,50.0,0.03,0
Input_LC099_San_Plymouth,50.0,0.07,0
Input_LC100_San_Plymouth,50.0,0.01,0
Input_LC101_San_Plymouth,50.0,0.13,0
Input_LC104_San_RedfordTwp,50.0,0.05,0
Input_LC105_Com_RedfordTwp,50.0,9.61,0
Input_LC105_San_Livonia,50.0,0.07,0
Input_LC105_San_RedfordTwp,50.0,0.09,0
Input_LC106_Com_RedfordTwp,50.0,6.39,0
Input_LC107_Com_RedfordTwp,50.0,7.73,0
Input_LC107_San_RedfordTwp,50.0,0.02,0
Input_LC108_San_RedfordTwp,50.0,0.02,0
Input_LC109_San_RedfordTwp,50.0,0.03,0
Input_LC110_San_RedfordTwp,50.0,0.01,0
Input_LC111_San_RedfordTwp,50.0,0.03,0
Input_LC112_San_RedfordTwp,50.0,0.05,0
Input_LC113_Com_RedfordTwp,50.0,7.23,0
Input_LC114_Com_RedfordTwp,50.0,10.64,0
Input_LC115_Com_RedfordTwp,50.0,5.77,0
Input_LC116_Com_RedfordTwp,50.0,14.42,0
Input_LC116_San_RedfordTwp,50.0,0.05,0
Input_LC117_San_RedfordTwp,50.0,0.0,0
Input_LC118_San_RedfordTwp,50.0,0.01,0
Input_LC119_San_RedfordTwp,50.0,0.03,0
Input_LC120_Com_RedfordTwp,50.0,20.27,0
Input_LC120_San_RedfordTwp,50.0,0.03,0
Input_LC121_Com_RedfordTwp,50.0,20.12,0
Input_LC122_Com_RedfordTwp,50.0,38.12,0
Input_LC122_San_RedfordTwp,50.0,0.22,0
Input_LC123_San_RedfordTwp,50.0,0.03,0
Input_LC124_San_RedfordTwp,50.0,0.02,0
Input_LC125_San_RedfordTwp,50.0,0.06,0
Input_LC126_San_RedfordTwp,50.0,0.04,0
Input_LC127_San_Romulus,50.0,0.02,0
Input_LC128_San_Romulus,50.0,0.06,0
Input_LC129_San_Romulus,50.0,0.07,0
Input_LC130_San_Romulus,50.0,0.05,0
Input_LC131_San_Romulus,50.0,0.03,0
Input_LC132_San_Romulus,50.0,0.02,0
Input_LC133_San_Romulus,50.0,0.05,0
Input_LC134_San_Romulus,50.0,0.02,0
Input_LC135_San_Romulus,50.0,0.07,0
Input_LC136_San_VanBurenTwp,50.0,0.27,0
Input_LC137_San_Wayne,50.0,0.04,0
Input_LC138_San_Wayne,50.0,0.02,0
Input_LC139_San_Wayne,50.0,0.03,0
Input_LC140_San_Wayne,50.0,0.05,0
Input_LC141_San_Wayne,50.0,0.02,0
Input_LC142_San_Wayne,50.0,0.04,0
Input_LC143_San_Wayne,50.0,0.0,0
Input_LC144_San_Wayne,50.0,0.01,0
Input_LC145_San_Wayne,50.0,0.01,0
Input_LC146_San_Wayne,50.0,0.63,0
Input_LC147_San_Wayne,50.0,0.05,0
Input_LC148_San_Wayne,50.0,0.05,0
Input_LC149_San_Wayne,50.0,0.04,0
Input_LC150_San_Wayne,50.0,0.03,0
Input_LC151_San_Wayne,50.0,8.46,0
Input_LC152_San_Wayne,50.0,0.01,0
Input_LC153_San_Wayne,50.0,0.02,0
Input_LC154_San_Wayne,50.0,0.0,0
Input_LC155_San_Wayne,50.0,0.02,0
Input_LC156_San_Wayne,50.0,0.03,0
Input_LC157_San_Wayne,50.0,0.01,0
Input_LC158_San_Wayne,50.0,0.19,0
Input_LC159_San_Wayne,50.0,0.02,0
Input_LC160_San_Wayne,50.0,0.02,0
Input_LC161_San_Wayne,50.0,0.05,0
Input_LC162_San_Westland,50.0,0.01,0
Input_LC163_San_Westland,50.0,0.02,0
Input_LC164_San_Westland,50.0,0.03,0
Input_LC165_San_Westland,50.0,0.01,0
Input_LC166_San_Westland,50.0,0.02,0
Input_LC167_San_Westland,50.0,0.01,0
Input_LC168_San_Westland,50.0,0.01,0
Input_LC169_San_Westland,50.0,0.01,0
Input_LC170_San_Westland,50.0,0.01,0
Input_LC171_San_Westland,50.0,0.0,0
Input_LC172_San_Westland,50.0,0.0,0
Input_LC173_San_Westland,50.0,0.01,0
Input_LC174_San_Westland,50.0,0.22,0
Input_LC175_San_Westland,50.0,0.01,0
Input_LC176_San_Westland,50.0,0.03,0
Input_LC177_San_Westland,50.0,0.01,0
Input_LC178_San_Westland,50.0,0.03,0
Input_LC179_San_Westland,50.0,0.03,0
Input_LC180_San_Westland,50.0,0.01,0
Input_LC181_San_Westland,50.0,0.04,0
Input_LC182_San_Westland,50.0,0.04,0
Input_LC183_San_Wayne,50.0,0.02,0
Input_LC183_San_Westland,50.0,0.17,0
Input_LC184_San_Wayne,50.0,0.01,0
Input_LC184_San_Westland,50.0,0.03,0
Input_LC185_San_Wayne,50.0,0.0,0
Input_LC185_San_Westland,50.0,0.11,0
Input_LC186_San_Westland,50.0,0.15,0
Input_LC187_San_Westland,50.0,0.02,0
Input_LC188_San_Westland,50.0,0.02,0
Input_LC189_San_Westland,50.0,0.01,0
Input_LC190_San_Westland,50.0,0.05,0
Input_LC191_San_Westland,50.0,0.07,0
Input_LC192_San_Westland,50.0,0.02,0
Input_LC193_Com_Inkster,50.0,0.8,0
Input_LC199_Com_DearbornHgts,50.0,16.2,0
Input_LC200_San_Wayne,50.0,0.02,0
Input_LC201_San_Wayne,50.0,0.0,0
Input_LC202_San_Northville,50.0,0.02,0
Input_LC203_San_Northville,50.0,0.02,0
Input_LC204_San_Westland,50.0,0.02,0
Input_LC205_San_Livonia,50.0,0.0,0
Input_WCAA,50.0,0.0,0
Input_WTUA-LR,50.0,0.0,0
Input_WTUA-MR,50.0,0.0,0
ISD001_DS,32.804,29.31,1
ISD001_US,32.96,30.2,1
ISD002_DS,25.153,24.25,1
ISD002_US,25.33,25.33,1
ISD003_DS,28.101,26.33,1
ISD003_US,28.25,27.82,1
ISD004_DS,32.413,31.52,1
ISD004_US,32.37,32.37,1
ISD005_DS,25.44,24.6,1
ISD005_US,25.44,25.44,1
ISD006_DS,47.347,35.9,0
ISD006_US,47.643,38.64,0
ISD007_DS,55.81,46.28,0
ISD007_US,56.39,47.27,0
ISD008_DS,55.287,42.58,0
ISD008_US,55.39,42.66,0
ISD009_DS,47.718,37.34,0
ISD009_US,47.66,37.4,0
ISD010_DS,38.97,25.64,0
ISD010_US,37.45,25.58,0
ISD011_DS,44.9,35.49,0
ISD011_US,44.81,35.88,0
ISD012_DS,23.224,17.8,1
ISD012_US,23.248,18.23,1
ISD013_DS,25.401,17.39,0
ISD013_US,25.41,17.44,1
J20,30.0,0.0,0
J21,30.0,0.0,0
J22,15.528,11.58,1
J6,14.73,0.0,0
J8,10.51,0.43,0
JCT-1000-S,30.0,0.52,0
JCT-100-S,30.0,6.32,0
JCT-1012-S,30.0,0.39,0
JCT-1016-S,30.0,0.32,0
JCT-1018-S,30.0,1.25,0
JCT-1022-S,30.0,7.81,0
JCT-1040-S,30.0,8.63,0
JCT-1044-S,30.0,8.08,0
JCT-104-S,30.0,8.69,0
JCT-1052-S,30.0,6.51,0
JCT-1054-S,30.0,7.24,0
JCT-1068-S,30.0,7.92,0
JCT-1070-S,30.0,7.43,0
JCT-110-S,30.0,6.63,0
JCT-1146-S,30.0,0.56,0
JCT-1148-S,30.0,1.88,0
JCT-1152-S,30.0,0.63,0
JCT-116-S,30.0,6.83,0
JCT-1174,52.395,17.5,0
JCT-1204-S,30.0,6.59,0
JCT-1206-S,30.0,6.13,0
JCT-1228-S,30.0,6.33,0
JCT-1230-S,30.0,6.72,0
JCT-1232-S,30.0,6.93,0
JCT-1254-S,30.0,8.98,0
JCT-1270,35.39,15.28,0
JCT-1306-S,30.0,6.66,0
JCT-1324-S,30.0,6.55,0
JCT-1346-S,30.0,2.1,0
JCT-1360-S,30.0,6.15,0
JCT-1364-S,30.0,0.39,0
JCT-1368-S,30.0,0.45,0
JCT-1384-S,30.0,7.05,0
JCT-1394-S,30.0,6.52,0
JCT-1396-S,30.0,6.81,0
JCT-1400-S,30.0,6.9,0
JCT-1410-S,30.0,6.74,0
JCT-1412-S,30.0,6.98,0
JCT-1416-S,30.0,7.03,0
JCT-1418-S,30.0,6.63,0
JCT-1422-S,30.0,6.82,0
JCT-1428-S,30.0,6.57,0
JCT-1432-S,30.0,6.66,0
JCT-1436-S,30.0,6.46,0
JCT-1448-S,30.0,6.32,0
JCT-1462,19.33,10.31,0
JCT-1462-S,30.0,9.3,0
JCT-1470-S,30.0,7.84,0
JCT-1474-S,30.0,8.69,0
JCT-1480-S,30.0,8.04,0
JCT-1482-S,30.0,6.73,0
JCT-1484-S,30.0,5.5,0
JCT-1518-S,30.0,0.23,0
JCT-1520-S,30.0,0.41,0
JCT-1550-S,30.0,9.26,0
JCT-1608-S,30.0,0.53,0
JCT-160-S,30.0,6.48,0
JCT-1618-S,30.0,0.22,0
JCT-1620-S,30.0,2.4,0
JCT-1622-S,30.0,0.44,0
JCT-1624-S,30.0,2.49,0
JCT-1628-S,30.0,0.45,0
JCT-1634-S,30.0,2.15,0
JCT-1640-S,30.0,6.17,0
JCT-1660-S,30.0,6.86,0
JCT-1674-S,30.0,6.08,0
JCT-1678-S,30.0,6.04,0
JCT-168,34.38,3.25,0
JCT-174,46.12,9.35,0
JCT-1748-S,30.0,2.11,0
JCT-1766-S,30.0,0.57,0
JCT-1768-S,30.0,0.51,0
JCT-1778-S,30.0,0.58,0
JCT-1792-S,30.0,6.69,0
JCT-1796-S,30.0,6.7,0
JCT-1800-S,30.0,0.44,0
JCT-1806-S,30.0,6.49,0
JCT-1808-S,30.0,6.89,0
JCT-1810-S,30.0,6.5,0
JCT-1812-S,30.0,7.02,0
JCT-1814-S,30.0,6.56,0
JCT-1816-S,30.0,7.06,0
JCT-1818-S,30.0,0.24,0
JCT-1820-S,30.0,6.93,0
JCT-1822-S,30.0,6.2,0
JCT-1828-S,30.0,6.73,0
JCT-182-S,30.0,2.19,0
JCT-1838-S,30.0,6.62,0
JCT-1842-S,30.0,6.95,0
JCT-1844-S,30.0,6.46,0
JCT-184-S,30.0,1.94,0
JCT-1858-S,30.0,6.76,0
JCT-1906-S,30.0,0.2,0
JCT-1908-S,30.0,0.46,0
JCT-1910-S,30.0,0.32,0
JCT-1914-S,30.0,8.3,0
JCT-1916-S,30.0,7.75,0
JCT-1918-S,30.0,8.65,0
JCT-1926-S,30.0,8.31,0
JCT-1932-S,30.0,7.03,0
JCT-1942-S,30.0,6.66,0
JCT-1948-S,30.0,8.85,0
JCT-1954-S,30.0,6.09,0
JCT-1960-S,30.0,7.61,0
JCT-1964-S,30.0,7.95,0
JCT-1974-S,30.0,4.98,0
JCT-1988-S,30.0,6.36,0
JCT-2002-S,30.0,6.25,0
JCT-2004-S,30.0,4.91,0
JCT-2018-S,30.0,6.42,0
JCT-2020-S,30.0,5.26,0
JCT-2082-S,30.0,0.67,0
JCT-2086-S,30.0,0.42,0
JCT-2092-S,30.0,2.01,0
JCT-2096-S,30.0,6.03,0
JCT-2098-S,30.0,7.23,0
JCT-2104-S,30.0,1.21,0
JCT-2106-S,30.0,2.08,0
JCT-2120-S,30.0,6.0,0
JCT-2170-S,30.0,6.82,0
JCT-2182-S,30.0,7.19,0
JCT-220-S,30.0,7.58,0
JCT-222-S,30.0,0.2,0
JCT-2268-S,30.0,6.65,0
JCT-2290,41.3,13.03,0
JCT-2298-S,30.0,6.26,0
JCT-2300-S,30.0,6.35,0
JCT-2328-S,30.0,6.21,0
JCT-2336-S,30.0,8.06,0
JCT-2338-S,30.0,0.23,0
JCT-234-S,30.0,1.86,0
JCT-2352-S,30.0,7.48,0
JCT-2356-S,30.0,6.21,0
JCT-2360-S,30.0,7.98,0
JCT-2364-S,30.0,6.6,0
JCT-2366-S,30.0,6.2,0
JCT-240-S,30.0,0.47,0
JCT-2410-S,30.0,5.25,0
JCT-2412-S,30.0,0.81,0
JCT-242-S,30.0,1.88,0
JCT-2444-S,30.0,6.94,0
JCT-2446-S,30.0,6.94,0
JCT-2448-S,30.0,6.31,0
JCT-2452-S,30.0,0.37,0
JCT-2454-S,30.0,6.45,0
JCT-2456-S,30.0,7.46,0
JCT-2458-S,30.0,6.14,0
JCT-2468-S,30.0,6.31,0
JCT-246-S,30.0,1.78,0
JCT-2476-S,30.0,6.52,0
JCT-2484-S,30.0,6.59,0
JCT-2506-S,30.0,6.87,0
JCT-2540-S,30.0,0.51,0
JCT-2544,27.49,12.86,0
JCT-2544d,26.62,11.71,0
JCT-2558-S,30.0,6.77,0
JCT-2562-S,30.0,6.8,0
JCT-2566-S,30.0,7.15,0
JCT-2572-S,30.0,6.67,0
JCT-258-S,30.0,0.55,0
JCT-2594,41.315,13.04,0
JCT-2650-S,30.0,6.28,0
JCT-2654-S,30.0,0.63,0
JCT-2692-S,30.0,6.29,0
JCT-2738-S,30.0,6.84,0
JCT-2748-S,30.0,0.41,0
JCT-2750-S,30.0,6.65,0
JCT-2754-S,30.0,6.49,0
JCT-2756-S,30.0,7.15,0
JCT-2758-S,30.0,7.29,0
JCT-2762-S,30.0,6.71,0
JCT-2764-S,30.0,6.68,0
JCT-2766-S,30.0,6.66,0
JCT-2770-S,30.0,6.36,0
JCT-2772-S,30.0,6.42,0
JCT-2774-S,30.0,6.33,0
JCT-2800-S,30.0,7.81,0
JCT-2808-S,30.0,4.02,0
JCT-2816-S,30.0,6.15,0
JCT-2822-S,30.0,6.52,0
JCT-2842-S,30.0,0.48,0
JCT-2856-S,30.0,2.53,0
JCT-286-S,30.0,6.47,0
JCT-2872-S,30.0,7.24,0
JCT-2882,40.15,13.39,0
JCT-288-S,30.0,6.86,0
JCT-2898-S,30.0,6.21,0
JCT-2908-S,30.0,0.56,0
JCT-290-S,30.0,2.33,0
JCT-2910-S,30.0,6.3,0
JCT-2912-S,30.0,0.22,0
JCT-2914-S,30.0,6.52,0
JCT-2930-S,30.0,7.34,0
JCT-2932-S,30.0,5.43,0
JCT-294-S,30.0,6.19,0
JCT-2986-S,30.0,6.44,0
JCT-2990-S,30.0,6.92,0
JCT-2992-S,30.0,7.22,0
JCT-2994-S,30.0,6.59,0
JCT-2996,30.92,14.31,0
JCT-2998,29.595,12.95,0
JCT-3000,20.6,4.98,0
JCT-3012-S,30.0,6.15,0
JCT-3014-S,30.0,6.13,0
JCT-3016-S,30.0,6.13,0
JCT-3020-S,30.0,6.96,0
JCT-302-S,30.0,0.49,0
JCT-304-S,30.0,0.47,0
JCT-3050-S,30.0,6.76,0
JCT-3052-S,30.0,6.04,0
JCT-30-S,30.0,6.77,0
JCT-3102,32.024,11.19,0
JCT-316-S,30.0,6.79,0
JCT-3180-S,30.0,6.55,0
JCT-3186-S,30.0,3.54,0
JCT-3188-S,30.0,3.12,0
JCT-3194-S,30.0,3.07,0
JCT-3196-S,30.0,6.57,0
JCT-324-S,30.0,6.16,0
JCT-3254-S,30.0,6.69,0
JCT-326-S,30.0,6.77,0
JCT-330-S,30.0,6.42,0
JCT-336-S,30.0,6.66,0
JCT-3374-S,30.0,6.36,0
JCT-3424-S,30.0,6.36,0
JCT-346-S,30.0,0.38,0
JCT-3488-S,30.0,6.18,0
JCT-3494-S,30.0,5.09,0
JCT-3496-S,30.0,4.98,0
JCT-3514-S,30.0,6.92,0
JCT-3516-S,30.0,6.06,0
JCT-3544,27.838,9.46,0
JCT-3546,29.29,7.96,0
JCT-3570,28.879,9.67,0
JCT-3572,28.315,9.64,0
JCT-3598-S,30.0,6.51,0
JCT-3652,22.865,13.07,0
JCT-3664,18.755,12.72,1
JCT-3704-S,30.0,6.36,0
JCT-3736-S,30.0,6.59,0
JCT-3756-S,30.0,0.45,0
JCT-3758,22.245,6.41,0
JCT-3770,45.315,8.49,0
JCT-38-S,30.0,6.78,0
JCT-442-S,30.0,0.23,0
JCT-454-S,30.0,6.9,0
JCT-464-S,30.0,6.34,0
JCT-468-S,30.0,0.45,0
JCT-482-S,30.0,9.32,0
JCT-48-S,30.0,6.6,0
JCT-50-S,30.0,6.83,0
JCT-510-S,30.0,6.72,0
JCT-566-S,30.0,0.21,0
JCT-572-S,30.0,0.55,0
JCT-574-S,30.0,1.92,0
JCT-582-S,30.0,1.85,0
JCT-608-S,30.0,6.87,0
JCT-60-S,30.0,6.39,0
JCT-616-S,30.0,6.64,0
JCT-618-S,30.0,6.83,0
JCT-648-S,30.0,8.21,0
JCT-654-S,30.0,0.38,0
JCT-690,30.7,15.86,0
JCT-694-S,30.0,6.62,0
JCT-698-S,30.0,6.36,0
JCT-730-S,30.0,1.91,0
JCT-732-S,30.0,0.51,0
JCT-734-S,30.0,8.06,0
JCT-754-S,30.0,6.28,0
JCT-756-S,30.0,7.08,0
JCT-764-S,30.0,0.42,0
JCT-770,31.0,21.77,0
JCT-776,30.67,4.95,0
JCT-787,16.115,10.09,1
JCT-789,20.0,10.24,0
JCT-791,32.015,11.24,0
JCT-795,40.8,12.53,0
JCT-801,40.092,18.95,0
JCT-802-S,30.0,7.58,0
JCT-814-S,30.0,3.0,0
JCT-817,30.13,16.15,0
JCT-819,30.13,15.86,0
JCT-828-S,30.0,6.48,0
JCT-830-S,30.0,6.44,0
JCT-846-S,30.0,2.43,0
JCT-848-S,30.0,6.63,0
JCT-858-S,30.0,7.22,0
JCT-864-S,30.0,6.76,0
JCT-868-S,30.0,6.45,0
JCT-876-S,30.0,7.19,0
JCT-878-S,30.0,6.25,0
JCT-880-S,30.0,6.49,0
JCT-886-S,30.0,6.51,0
JCT-888-S,30.0,6.75,0
JCT-890,19.55,16.92,1
JCT-896-S,30.0,6.37,0
JCT-900-S,30.0,6.73,0
JCT-910-S,30.0,6.68,0
JCT-924-S,30.0,7.31,0
JCT-932-S,30.0,6.55,0
JCT-944,40.285,16.16,0
JCT-94-S,30.0,7.15,0
JCT-951,22.245,6.42,0
JCT-953,18.794,12.76,1
JCT-955,23.23,13.46,0
JCT-959,32.097,11.32,0
JCT-969,42.635,18.5,0
JCT-96-S,30.0,6.3,0
JCT-973,49.495,14.59,0
JCT-975,19.5,17.31,1
JCT-977,48.805,13.9,0
JCT-979,52.535,17.64,0
JCT-986-S,30.0,0.23,0
JCT-996-S,30.0,9.6,0
JeffersonGateJunction,24.0,10.52,0
JFI-1,26.6,16.63,0
JFI-4,25.79,11.44,0
JFI-70,13.0,3.99,0
JFI-9A,23.32,11.51,0
JFI-9B,22.54,10.84,0
JFR-10,24.73,10.99,0
JFR-23,22.8,10.93,0
JFR-24,22.26,10.02,0
JFR-67,16.09,7.44,0
KerbyDischarge,11.55,10.97,1
KerbyDischarge1,20.0,18.15,1
KerbyDischarge2,20.0,18.15,1
KerbyDischarge3,20.0,18.15,1
KerbyDischarge4,20.0,3.0,0
KerbyDischarge5,20.0,0.0,0
KerbyMagmeter,21.25,21.25,1
KerbyWetWell,42.0,11.5,0
LathrupEQWetwell,18.0,0.5,0
LathrupTank,19.0,0.0,0
LathrupTankInlet,17.8,2.29,0
Local_LC003_&_LC015_DHLI-MH1-03,20.62,5.92,0
Local_LC003_&_LC015_DHLI-MH1-03A,20.62,5.93,0
Local_LC020_&_LC021_DHLI-MH2-03,17.63,8.87,0
Local_LC020_&_LC021_DHLI-MH2-04,17.7,8.88,0
Local_LC113_Reg_MH01,13.58,8.98,1
M10_1,10.11,10.11,1
M10_2nd,48.24,35.16,0
M10_Bagley,34.33,34.33,1
M10_Bethune,34.34,10.5,0
M10_Calvert,34.61,34.61,1
M10_Chicago,41.14,41.14,1
M10_Edison,40.61,40.61,1
M10_Eudid,34.25,34.25,1
M10_Forest,33.55,33.55,1
M10_GrandRiver,34.51,34.51,1
M10_Holmer,33.95,7.03,0
M10_I75,38.02,38.02,1
M10_Kentucky,34.11,34.11,1
M10_Linwood,40.45,7.01,0
M10_M8,42.42,7.55,0
M10_Milwaukee,34.58,34.58,1
M10_Oakman,42.03,8.02,0
M10_Puritan,46.22,46.22,1
M10_SantaRosa,33.82,33.82,1
M10_Selden,31.47,31.47,1
M10_Woodingham,34.3,34.3,1
m3001-SOCEND,52.25,15.63,0
M39_Hubbard,33.8,33.8,1
M8_2nd,42.8,6.13,0
M8_Dequindre,55.99,18.31,0
M8_Hamilton,40.47,12.86,0
M8_JosCampau,34.98,34.98,1
M8_Oakland,38.63,7.48,0
M8_Woodward,42.67,7.29,0
MarterDiversion,35.0,16.04,0
MarterWetWell,36.0,18.93,0
MartinDrainEffluent1,12.0,8.03,1
MartinRTB,16.0,12.3,1
MayflowerWetWell,37.0,9.16,0
ME3409,25.8,0.2,0
MH_2,15.0,0.44,0
MH_3,15.0,0.03,0
MH4,23.23,23.23,1
MH68,8.49,7.48,1
MIDDD_DS_Clintondale_OMID,51.9,1.69,0
MIDDD_US_Clintondale_OMID,51.9,1.26,0
MilkRiverConnection,25.0,5.26,0
MilkRiverDewatering1,25.0,0.95,0
MilkRiverDischarge1,24.0,2.37,0
MilkRiverSanitary,25.0,1.28,0
ML_059,56.65,20.37,0
ML_062,44.86,23.23,0
ML_066D,19.7,4.86,0
ML_066W,18.0,3.16,0
ML_067W,28.0,3.16,0
ML_069,28.085,11.45,0
ML_072,32.014,11.18,0
ML_075,22.245,6.41,0
ML_077W,23.875,3.27,0
ML_079W,27.56,6.22,0
MR-1000,53.0,46.66,1
MR-1020,37.18,34.19,1
MR-1040,27.62,27.62,1
MR-12,30.0,25.21,1
MR-13,41.0,37.16,1
MR-2020,29.27,29.27,1
MR-21,19.0,14.79,1
MR-21020,50.0,38.43,0
MR-21040,50.0,41.44,0
MR-22,19.0,14.54,1
MR-22020,50.0,37.26,0
MR-23,19.0,15.02,1
MR-24,19.0,15.02,1
MR-25,19.0,5.2,0
MR-26,19.0,14.54,1
MR-27,19.0,4.53,0
MR-37,20.0,8.12,0
MR-38,20.0,8.12,0
MRD-8,18.0,15.01,1
NESPS_DC,51.15,28.15,0
NESPS_WW,122.4,18.89,0
P1_4,46.5,30.3,0
P2_4,46.5,27.02,0
P3_4,46.5,27.0,0
P4_4,46.5,27.0,0
P5_4,46.5,30.36,0
P6_4,46.5,30.31,0
P7_4,46.5,30.31,0
P8_4,46.5,27.0,0
PC1_2,16.75,11.97,1
PC13,45.0,39.51,1
PC14,45.0,39.51,1
PC15,45.0,39.51,1
PC16,45.0,39.51,1
PC17,45.0,40.82,1
PC3_4,16.75,11.96,1
PC5_6,16.75,11.95,1
PC7_8,16.75,11.97,1
PC9_10,16.75,12.0,1
PCI-10B_Sta.218+84_MH_OMID,33.7,1.31,0
PCI-11_Sta.007+61_MH_OMID,21.2,0.77,0
PCI-11_Sta.013+62_MH_OMID,24.5,0.76,0
PCI-11_Sta.018+88_MH_OMID,25.1,0.77,0
PCI-11_Sta.048+55_MH_OMID,11.4,0.47,0
PCI-11_Sta.062+34_MH_OMID,15.4,0.71,0
PCI-11A_Sta.020+74_MH_OMID,27.1,0.62,0
PCI-7_Sta.096+53_MH_OMID,66.8,2.71,0
PS_Bluehill_SAN,48.5,48.5,1
PS_Bluehill_ST,63.14,63.14,1
PS_Conner,65.5,31.0,0
PS_Fairview,43.99,28.75,0
PS_Fischer,55.4,50.53,1
PS_Freud,91.5,62.06,0
PS_GPF,39.2,39.2,1
PS_GPK,20.0,1.37,0
PS_Oakwood,64.0,60.52,1
PS_Woodmere,55.47,53.37,1
PS1_Discharge,42.0,12.92,0
PS2_AeratedEffluentChannel,41.0,13.47,0
PS2_InfluentChannel,36.0,21.96,0
R10,26.55,22.24,1
R20,37.98,18.13,0
R21,37.0,15.13,0
R3,11.46,7.4,1
R36D,19.77,17.53,1
R38,22.18,16.7,1
R5,22.25,6.84,0
R7,20.48,12.74,1
RC-S-2_OMID,100.0,0.01,0
RioVistaWetWell,21.75,10.0,0
RTB_7Mile,46.5,30.32,0
RTB_BelleIsle,20.21,17.59,1
RTB_ConnerCreek,51.75,44.11,1
RTB_HS,26.0,18.57,1
RTB_Oakwood,27.0,0.0,0
RTB_PF,52.0,34.67,0
RVSDS_CSO_02_(M33)_Div,7.56,2.51,1
RVSDS_CSO_02_(M33)_Reg,9.23,0.25,0
RVSDS_CSO_03_(M18A)_Div,12.11,4.14,1
RVSDS_CSO_03_(M18A)_Div_Old,7.31,0.44,1
RVSDS_CSO_03_(M18A)_Reg2,8.48,0.23,0
RVSDS_CSO_04_(M16)_Div,7.33,3.54,1
RVSDS_CSO_04_(M16)_Reg,9.0,0.26,0
RVSDS_CSO_05_(M15)_Div,6.27,4.7,1
RVSDS_CSO_05_(M15)_Reg,8.94,0.33,0
RVSDS_CSO_06_(M17)_Div,16.81,1.12,0
RVSDS_CSO_06_(M17)_Div_Old,15.33,0.26,0
RVSDS_CSO_06_(M17)_Reg1,16.93,0.24,0
RVSDS_CSO_06_(M17)_Reg2,17.0,0.16,0
RVSDS_CSO_06_(M17)_Weir,23.73,1.12,0
RVSDS_CSO_08_(M13)_BWG,7.26,1.36,1
RVSDS_CSO_08_(M13)_Div,8.59,2.9,1
RVSDS_CSO_08_(M13)_Reg,10.26,3.17,1
RVSDS_CSO_09_Div,14.36,0.39,0
RVSDS_CSO_10_(M19)_Div,16.0,1.51,0
RVSDS_CSO_13_(L41)_Div,22.09,4.25,0
RVSDS_CSO_18_(L46)_Div,20.5,3.43,0
RVSDS_CSO_36_(U06)_Div,16.0,11.01,1
RVSDS_CSO_36_(U06)_Reg,16.02,2.99,0
RVSDS_CSO_36_(U06)_Weir,16.3,10.08,1
RVSDS_CSO_37_(U07)_Div,8.59,8.59,1
RVSDS_CSO_37_(U07)_Reg,8.67,4.46,1
RVSDS_CSO_37_(U07)_Weir,9.67,9.67,1
RVSDS_CSO_38_(U08)_Div,19.85,11.47,0
RVSDS_CSO_38_(U08)_Reg,20.66,5.3,0
RVSDS_CSO_38_(U08)_Weir,24.65,14.87,0
RVSDS_CSO_39_(U05)_Div,7.62,2.72,1
RVSDS_CSO_39_(U05)_Reg,18.58,9.17,0
RVSDS_CSO_40_(U03)_Div,7.83,2.89,1
RVSDS_CSO_40_(U03)_Reg,10.39,0.4,0
RVSDS_CSO_41_(U04)_Div,7.68,2.83,1
RVSDS_CSO_41_(U04)_Reg,10.29,0.41,0
RVSDS_CSO_42_(U11)_Div,18.62,4.91,0
RVSDS_CSO_42_(U11)_Reg,19.48,2.64,0
RVSDS_CSO_43_(U09)_Div,12.75,3.31,0
RVSDS_CSO_43_(U09)_Reg,14.38,2.28,0
RVSDS_CSO_44_(U10)_Div,14.61,2.39,0
RVSDS_CSO_44_(U10)_Reg,16.78,0.52,0
RVSDS_CSO_46_(U01)_Div,13.58,2.92,0
RVSDS_CSO_50_(L36)_Div,20.5,0.37,0
RVSDS_CSO_52_(L35)_Div,9.4,0.14,0
RVSDS_CSO_55_(M22)_Div,15.44,0.53,0
RVSDS_CSO_55_(M22)_Reg,16.0,0.7,0
RVSDS_CSO_56_(M21)_BWG,6.94,3.1,1
RVSDS_CSO_56_(M21)_Div,9.01,0.4,0
RVSDS_CSO_56_(M21)_Reg2,9.3,0.32,0
RVSDS_CSO_57_(M25)_Div,17.47,0.43,0
RVSDS_CSO_57_(M25)_Reg,19.27,0.92,0
RVSDS_CSO_58_(M20)_Div,8.97,0.75,0
RVSDS_CSO_58_(M20)_Reg,8.93,0.55,0
RVSDS_EQ_Livonia_B1,20.0,0.0,0
RVSDS_EQ_Livonia_B2,20.0,0.0,0
RVSDS_EQ_Livonia_DC,28.3,3.6,0
RVSDS_EQ_Livonia_Influent1,25.75,0.4,0
RVSDS_EQ_Livonia_IT,11.0,1.5,0
RVSDS_EQ_Livonia_WetWell,34.5,7.95,0
RVSDS_EQ_Wayne,22.0,0.0,0
RVSDS_EQ_Wayne_Chamber,17.8,4.83,0
RVSDS_EQ_Wayne_WetWell,20.54,0.0,0
RVSDS_INT_LRIR_IX_MH9-#2,12.2,3.5,0
RVSDS_INT_LRIR_IX_MH9-#3_DS,13.72,3.75,0
RVSDS_INT_LS1A_BGC,23.8,1.35,0
RVSDS_INT_LS1A_DischargeBox_1,30.8,13.19,0
RVSDS_INT_LS1A_DischargeBox_2,14.5,0.0,0
RVSDS_INT_LS1A_DischargeBox_3,21.58,3.97,0
RVSDS_INT_LS1A_JC1_High,9.5,2.9,1
RVSDS_INT_LS1A_JC1_Low,14.0,2.22,0
RVSDS_INT_LS1A_OF-MH3,14.06,2.13,0
RVSDS_INT_LS1A_WetWell,34.0,8.65,0
RVSDS_INT_LV_MH12,9.1,6.43,1
RVSDS_INT_LV_MH15,9.5,7.44,1
RVSDS_INT_LV_MH36,16.18,4.81,0
RVSDS_INT_MasterControl,16.49,4.16,0
RVSDS_INT_MasterControl_SluiceGate,14.74,2.92,0
RVSDS_INT_MRIR_I_JC1-18A,54.6,21.08,0
RVSDS_INT_MRIR_II_JC2-08,14.39,4.98,0
RVSDS_INT_MRIR_II_JC2-08A_A,12.29,2.6,0
RVSDS_INT_MRIR_II_JC2-08A_B,12.29,2.86,0
RVSDS_INT_MRIR_II_JC2-35,23.44,2.94,0
RVSDS_INT_MRIR_II_JC2-36,12.58,2.34,0
RVSDS_INT_MRIR_II_JC2-38_DS,16.17,5.79,0
RVSDS_INT_MRIR_II_JC2-38_HighPipe,12.27,2.96,0
RVSDS_INT_MRIR_II_JC2-38_US,16.17,5.87,0
RVSDS_INT_MRIR_III_JC3-13,12.57,1.46,0
RVSDS_INT_MRIR_III_JC3-16,17.09,1.52,0
RVSDS_INT_MRIR_III_JC3-21,12.95,1.47,0
RVSDS_INT_MRIR_III_JC3-37,11.3,1.49,0
RVSDS_INT_MRIR_III_MH3-38,10.26,1.24,0
RVSDS_INT_MRIR_IV_JC4A-03A,9.01,0.15,0
RVSDS_INT_MRIR_IV_MH4A-01,9.61,0.17,0
RVSDS_INT_MRIR_IV_MH4A-02,9.35,0.15,0
RVSDS_INT_MRIR_IV_MH4A-03,11.4,2.87,0
RVSDS_INT_MRIR_IV_MH4A-04,12.4,2.87,0
RVSDS_INT_MRIR_IV_MH4A-05,9.38,0.18,0
RVSDS_INT_MRIR_IV_MH4A-07,20.65,0.15,0
RVSDS_INT_MRIR_IV_MH4A-16A,10.46,0.28,0
RVSDS_INT_MRIR_IV_MH4A-16B,12.66,1.46,0
RVSDS_INT_MRIR_IV_MH4A-16C,9.0,0.9,0
RVSDS_INT_MRIR_IV_MH4A-17A,8.13,0.22,1
RVSDS_INT_MRIR_IV_MH4A-28,14.6,5.02,0
RVSDS_INT_MRIR_IV_MH4A-29,13.6,5.02,0
RVSDS_INT_MRIR_IV_MH4A-34,9.18,1.27,1
RVSDS_INT_MRIR_VA_MH5A-01,20.7,1.28,0
RVSDS_INT_MRIR_VA_MH5A-01A,12.16,0.77,0
RVSDS_INT_MRIR_VA_MH5A-04,29.29,8.58,0
RVSDS_INT_MRIR_VA_MH5A-05,29.33,8.64,0
RVSDS_INT_MRIR_VA_MH5A-15,15.64,5.39,0
RVSDS_INT_MRIR_VA_MH5A-16,16.64,5.42,0
RVSDS_INT_MRIR_VA_MH5A-32,15.39,4.16,0
RVSDS_INT_MRIR_VA_MH5A-33,15.45,4.19,0
RVSDS_INT_MRIR_VA_MH5A-47,15.17,5.14,0
RVSDS_INT_MRIR_VA_MH5A-48,16.24,5.18,0
RVSDS_INT_MRIR_VC_JC5C-04,7.25,0.91,1
RVSDS_INT_MRIR_VC_JC5C-16,6.37,1.35,1
RVSDS_INT_MRIR_VC_MH5C-02,29.45,8.61,0
RVSDS_INT_MRIR_VC_MH5C-03,16.31,8.7,1
RVSDS_INT_MRIR_VI_MH6-02,16.15,9.67,1
RVSDS_INT_MRIR_VI_MH6-03,16.5,9.7,1
RVSDS_INT_MRIR_VI_MH6-05A,12.0,6.34,1
RVSDS_INT_MRIR_VI_MH6-05B,11.76,6.36,1
RVSDS_INT_MRIR_VI_MH6-09,14.59,6.99,1
RVSDS_INT_MRIR_VI_MH6-10,14.18,7.02,1
RVSDS_INT_MRPIE_IV_MH4-1784.5,11.0,1.37,0
RVSDS_INT_MRPIE_IV_MH4-2296.1,14.25,0.46,0
RVSDS_INT_MRPIE_VI_MH6-20637.99,23.4,13.48,0
RVSDS_INT_MRPIE_VI_MH6-SARASOTA1,15.7,13.24,1
RVSDS_INT_NAI_I_MH1-10,9.71,1.4,0
RVSDS_INT_NAI_I_MH1-26,13.75,1.1,0
RVSDS_INT_NAI_I_MH1-27,5.46,0.81,1
RVSDS_INT_NAI_I_MH1-55,8.69,1.03,1
RVSDS_INT_PWI_IA_MH1A-SiphonDS_NoID,18.5,8.62,0
RVSDS_INT_PWI_IA_MH1A-SiphonUS_NoID,18.5,8.62,0
RVSDS_INT_RVI_IV_JC4-01,20.57,17.08,1
RVSDS_INT_RVI_IV_MH4-Ford-NorthChamber,23.5,14.58,0
RVSDS_INT_RVI_IV_MH4-Ford-SouthChamber,23.5,14.56,0
RVSDS_INT_RVI_IX_MH9-SiphonA-EastChamber,14.0,4.44,0
RVSDS_INT_RVI_IX_MH9-SiphonA-WestChamber,16.05,4.44,0
RVSDS_INT_RVI_V_MH5-Michigan-NorthChamber,16.7,10.69,1
RVSDS_INT_RVI_V_MH5-Michigan-SouthChamber,25.7,12.92,0
RVSDS_INT_RVI_V_MH5-SiphonA-EastChamber,18.63,11.63,1
RVSDS_INT_RVI_V_MH5-SiphonA-WestChamber,18.63,12.2,1
RVSDS_INT_RVI_V_MH5-SiphonB-EastChamber,17.76,10.04,1
RVSDS_INT_RVI_V_MH5-SiphonB-WestChamber,17.76,10.78,1
RVSDS_INT_RVI_VI_DC6-01,12.9,4.49,0
RVSDS_INT_RVI_VII_MH7-01,15.32,3.53,0
RVSDS_INT_RVI_VII_MH7-14A,9.31,4.68,1
RVSDS_INT_RVI_VII_MH7-14B,9.32,4.28,1
RVSDS_INT_RVI_VII_MH7-22,16.96,5.36,0
RVSDS_INT_RVI_VII_MH7-Beech-NorthChamber,15.0,14.77,1
RVSDS_INT_RVI_VII_MH7-Beech-SouthChamber,16.0,14.55,1
RVSDS_INT_RVI_VIII_JC8-27,11.3,1.38,0
RVSDS_INT_RVI_XII_MH12-12,28.26,1.54,0
RVSDS_INT_RVI_XII_MH12-SiphonA-NorthChamber,34.03,16.44,0
RVSDS_INT_RVI_XII_MH12-SiphonA-SouthChamber,34.03,16.49,0
RVSDS_INT_RVI_XII_MH12-SiphonB-E.SiphonChamber,16.01,9.44,1
RVSDS_INT_RVI_XII_MH12-SiphonB-W.SiphonChamber,15.1,9.4,1
RVSDS_INT_RVI_XIII_MH13-SiphonA-EastChamber,21.35,13.41,1
RVSDS_INT_RVI_XIII_MH13-SiphonA-WestChamber,20.45,14.0,1
RVSDS_INT_RVI_XIII_MH13-SiphonB-EastChamber,16.5,7.62,0
RVSDS_INT_RVI_XIII_MH13-SiphonB-WestChamber,15.82,8.08,1
RVSDS_INT_RVI_XV_JC15-18_High,7.09,0.75,1
RVSDS_INT_RVI_XV_JC15-18_Low,11.1,3.55,1
RVSDS_INT_RVI_XV_MH15-SiphonA-EastChamber,14.38,6.98,1
RVSDS_INT_RVI_XV_MH15-SiphonA-WestChamber,13.92,7.49,1
RVSDS_INT_RVI_XVI_JC16-11_High,7.18,0.63,1
RVSDS_INT_RVI_XVI_JC16-11_Low_(R53),11.38,1.41,0
RVSDS_INT_RVI_XVI_MH16-SiphonA-EastChamber,15.62,6.27,0
RVSDS_INT_RVI_XVI_MH16-SiphonA-WestChamber,15.28,6.32,0
RVSDS_INT_WI_W_DC21,10.21,0.8,0
RVSDS_INT_WIE_MH3794,12.54,5.12,1
RVSDS_INT_WIE_MH3890,12.54,5.15,1
RVSDS_INT_WIE_MH4431,12.78,5.28,1
RVSDS_INT_WIE_MH4505,12.78,5.3,1
RVSDS_INT_WIE_MH5582,12.47,5.04,1
RVSDS_INT_WIE_MH5692,12.47,5.06,1
RVSDS_RTB_DearbornHgts_3_BC1,24.0,15.5,0
RVSDS_RTB_DearbornHgts_3_BC2,24.0,15.48,0
RVSDS_RTB_DearbornHgts_3_BC3,24.0,15.5,0
RVSDS_RTB_DearbornHgts_3_BWG,18.53,2.64,0
RVSDS_RTB_DearbornHgts_3_D,27.49,0.0,0
RVSDS_RTB_DearbornHgts_3_Dummy,27.49,15.0,0
RVSDS_RTB_DearbornHgts_3_ET,12.03,2.84,0
RVSDS_RTB_DearbornHgts_3_IT,12.0,3.52,0
RVSDS_RTB_DearbornHgts_3_JC1,41.22,10.11,0
RVSDS_RTB_DearbornHgts_3_SE,18.78,2.63,0
RVSDS_RTB_DearbornHgts_3_WW,55.17,20.15,0
RVSDS_RTB_DearbornHgts_4_JC1,23.71,7.2,0
RVSDS_RTB_DearbornHgts_4_JC2,23.83,7.16,0
RVSDS_RTB_DearbornHgts_4_MH9,12.08,1.7,0
RVSDS_RTB_DearbornHgts_II_JC3,22.55,6.4,0
RVSDS_RTB_DearbornHgts_II_JC4,22.05,6.0,0
RVSDS_RTB_DearbornHgts_II_JC5,21.65,5.64,0
RVSDS_RTB_DearbornHgts_II_JC6,20.4,5.12,0
RVSDS_RTB_DearbornHgts_II_JC7,17.78,3.03,0
RVSDS_RTB_DearbornHgts_II_MHM03A,19.9,1.47,0
RVSDS_RTB_Inkster_1_BC1,22.0,16.14,1
RVSDS_RTB_Inkster_1_BC2,22.0,16.14,1
RVSDS_RTB_Inkster_1_BWG,21.5,0.52,0
RVSDS_RTB_Inkster_1_BWG2,22.55,0.96,0
RVSDS_RTB_Inkster_1_ET,11.5,0.87,0
RVSDS_RTB_Inkster_1_FFC,22.0,14.26,1
RVSDS_RTB_Inkster_1_IT,14.67,6.15,0
RVSDS_RTB_Inkster_1_JC1,24.33,0.89,0
RVSDS_RTB_Inkster_1_JC2,30.0,2.99,0
RVSDS_RTB_Inkster_1_MH2,14.54,2.91,0
RVSDS_RTB_Inkster_1_WW,55.67,12.04,0
RVSDS_RTB_Inkster_2_JC1,28.28,4.55,0
RVSDS_RTB_Inkster_2_JC2,26.38,2.08,0
RVSDS_RTB_Inkster_2_JC3,23.88,1.18,0
RVSDS_RTB_Inkster_2_JC4,19.39,1.56,0
RVSDS_RTB_Inkster_2_JC5,20.8,1.52,0
RVSDS_RTB_Inkster_2_JohnDaly_PS,27.13,6.63,0
RVSDS_RTB_Middlebelt_BWGS,24.0,0.0,0
RVSDS_RTB_Middlebelt_EB,28.83,15.81,0
RVSDS_RTB_Middlebelt_EC,28.83,0.0,0
RVSDS_RTB_Middlebelt_EJS,10.0,0.0,0
RVSDS_RTB_Middlebelt_IC,28.83,15.81,0
RVSDS_RTB_Middlebelt_IJS,19.0,4.31,0
RVSDS_RTB_Middlebelt_WB,28.83,15.81,0
RVSDS_RTB_Middlebelt_WW,41.08,26.8,0
RVSDS_RTB_Redford_1_BWG,16.0,0.0,0
RVSDS_RTB_Redford_1_Effluent,17.0,0.0,0
RVSDS_RTB_Redford_1_Flume,12.0,0.0,0
RVSDS_RTB_Redford_1_SB,25.0,5.44,0
RVSDS_RTB_Redford_1_SC,30.0,0.0,0
RVSDS_RTB_Redford_1_WW,40.7,27.2,0
RVSDS_RTB_Redford_2_JC1,33.08,20.09,0
RVSDS_RTB_Redford_2_JC2,31.33,19.77,0
RVSDS_RTB_Redford_2_JC3,19.39,19.39,1
RVSDS_RTB_Redford_BC1,32.0,0.9,0
RVSDS_RTB_Redford_BC2,32.0,0.9,0
RVSDS_RTB_Redford_SC,38.5,0.0,0
SCH00005,22.49,6.85,0
SCH00015,11.2,7.11,1
SCH00021,14.47,3.12,0
SCH00033,16.915,16.91,1
SCH00043,32.99,9.35,0
SCH00044,13.3,9.35,1
SCH00049,14.23,11.48,1
SCH00053,12.295,8.68,1
SCH00056,30.07,24.29,1
SCH00058,17.25,12.32,1
SCH00059,8.555,6.76,1
SCH00066,11.12,10.03,1
SCH02083,10.1,10.1,1
SDF_BabyCreekInfluent,27.0,24.03,1
SDF_Leib,46.36,16.67,0
SDF_StAubin,41.09,13.45,0
SDF_USBabyCreekScreen1-4,27.31,23.59,1
SDF_USBabyCreekScreen5-16,26.71,23.64,1
SFIT0010,31.48,31.48,1
SFIT0041,25.57,25.57,1
SFIT0042,30.82,30.43,1
SFIT0043,32.78,32.69,1
SFIT0048,34.12,34.08,1
SFIT0051,40.33,34.44,1
SFIT0052,35.2,30.03,1
SFIT0054,25.54,25.54,1
SFIT0058,38.06,30.7,1
SFIT0059,19.11,10.0,0
SFIT0060,29.97,29.91,1
SFIT0188,26.09,19.9,1
SFIT0189,18.6,13.7,1
SFIT0210,35.3,20.35,0
SFIT0308,23.56,12.54,0
SFIT0437,34.92,17.52,0
SFIT0445,6.5,1.54,1
SFIT0472,32.65,17.69,0
SFIT0474,23.111,19.52,1
SFIT0499,24.195,20.07,1
SFIT0504,24.379,20.29,1
SFIT0514,24.061,20.31,1
SFIT0516,23.597,20.42,1
SFIT0523,8.15,8.15,1
SFIT0524,8.74,8.28,1
SFIT0526,23.975,21.74,1
SFIT0531,24.002,21.65,1
SFIT0533,8.48,6.79,1
SFIT0534,11.23,7.72,1
SFIT0537,35.02,16.75,0
SFIT0553,34.76,22.6,0
SFIT0554,22.523,12.23,0
SFIT0560,45.341,22.65,0
SFIT0567,25.16,2.39,0
SFIT0568,45.553,22.63,0
SFIT0594,45.725,22.76,0
SFIT0609,34.0,25.2,0
SFIT0610,22.0,14.6,1
SFIT0615,18.58,14.27,1
SFIT0628,22.945,22.95,1
SFIT0653,30.214,24.86,1
SFIT0661,32.443,25.12,1
SFIT0662,36.95,25.6,0
SFIT0667,37.24,25.85,0
SFIT0678,36.1,26.18,0
SFIT0683,29.14,26.46,1
SFIT0686,27.77,26.63,1
SFIT0695,30.57,26.75,1
SFIT0698,29.73,27.51,1
SFIT0701,30.328,27.66,1
SFIT0707,33.017,27.73,1
SFIT0708,34.62,27.89,1
SFIT0714,35.255,27.81,1
SFIT0715,37.15,28.03,0
SFIT0719,36.139,28.36,1
SFIT0791,40.594,29.15,0
SFIT0793,41.143,29.68,0
SFIT0810,45.033,30.12,0
SFIT08722,28.36,15.14,0
SFIT09792,35.78,26.98,0
SFIT1200,11.55,10.73,1
SFIT1203,22.17,21.75,1
SFIT1204,20.69,20.69,1
SFIT1214,26.77,25.31,1
SFIT1216,39.13,39.13,1
SFIT1242,17.861,15.57,1
SFIT1342,31.63,28.55,1
SFIT1364,11.378,11.38,1
SFIT1409,15.467,15.47,1
SFIT1514,26.71,24.69,1
SFIT1531,27.82,27.04,1
SFIT1659,15.77,13.87,1
SFIT2145,12.424,12.42,1
SFIT2147,23.18,23.12,1
SFIT2205,28.69,22.95,1
SFIT2206,30.18,22.88,1
SFIT2208,11.680000000000064,14.43,1
SFIT2209,18.03,14.1,1
SFIT2219,12.84,112.84,1
SFIT2220,13.13,113.13,1
SFIT2362,17.56,15.75,1
SFIT2367,16.135,13.3,1
SFIT2444,26.13,26.13,1
SFIT2493,26.29,26.29,1
SFIT2506,28.035,28.04,1
SFIT2530,18.34,18.34,1
SFIT2547,19.58,9.84,0
SFIT2594,16.319,16.32,1
SFIT2619,30.981,24.3,1
SFIT2635,16.328,10.44,1
SFIT2702,17.48,10.11,1
SFIT2769,19.965,19.96,1
SFIT2839,19.99,19.99,1
SFIT3022,21.3,19.98,1
SFIT3070,20.45,20.45,1
SFIT3092,13.74,5.11,0
SFIT3093,11.64,6.78,1
SFIT3101,12.066,3.24,0
SFIT3104,14.668,5.66,0
SFIT3118,22.829,14.99,1
SFIT3268,20.909,6.59,0
SFIT3384,21.999,20.0,1
SFIT3392,16.423,15.41,1
SFIT3424,17.048,17.05,1
SFIT3443,16.384,16.38,1
SFIT3482,17.59,11.72,1
SFIT3483,17.12,11.8,1
SFIT3543,31.47,1.95,0
SFIT3649,26.332,3.72,0
SFIT3981,42.667,39.7,1
SFIT4194,38.0,38.0,1
SFIT4231,44.15,43.63,1
SFIT4392,9.676,7.53,1
SFIT4393,28.12,26.48,1
SFIT4398,27.95,27.95,1
SFIT4399,16.057,13.82,1
SFIT45805,26.46,2.28,0
SFIT55698,36.96,46.09,1
SFIT56551,16.54,12.29,1
SFIT56645,36.96,48.13,1
SFT0042,36.96,21.5,0
SFT0043,36.96,55.55,1
SMH02113,42.34,37.13,1
SMH04106,29.34,11.78,0
SMH04106_2,29.34,10.37,0
SMH05185,11.74,4.28,1
SMH05185o,11.74,3.57,0
SMH05729,32.98,29.73,1
SMH07581,18.27,16.81,1
SMH12283_2,24.89,24.89,1
SMH12330/12331,7.7,4.69,1
SMH13207,25.94,24.59,1
SMH14104,27.36,25.54,1
SMH14638,11.29,11.29,1
SMH18279d,36.25,32.09,1
SMH18279u,29.25,24.66,1
SMH19847,26.86,26.86,1
SMH20768,5.42,4.01,1
SMH22510,37.36,29.92,1
SMH23828,24.23,13.63,0
SMH25218,21.54,12.16,0
SMH25377,28.28,25.14,1
SMH25515,25.71,23.99,1
SMH25517,13.86,11.12,1
SMH26282,25.01,14.06,0
SMH26447,24.98,21.31,1
SMH30417,46.22,40.51,1
SMH30930,37.34,29.74,1
SMH32208,11.5,11.45,1
SMH32269,20.34,14.38,1
SMH32402,37.82,26.07,0
SMH33070,25.2,9.76,0
SMH34125,12.08,9.45,1
SMH34126,15.27,13.17,1
SMH34317,33.47,25.61,1
SMH35568,25.2,24.99,1
SMH38600,37.9,34.27,1
SMH38726,14.03,7.73,1
SMH39049,31.4,28.8,1
SMH39205,34.29,26.69,1
SMH39269,6.89,1.24,1
SMH44064,30.14,13.71,0
SMH45655,27.5,22.92,1
SMH45874,19.255,17.72,1
SMH47520,27.87,22.33,1
SMH52032,25.87,22.07,1
SMH52352,13.75,13.75,1
SMH52544,46.24,12.04,0
SMH52599,14.61,9.35,1
SMH52620d,18.92,18.92,1
SMH54296,15.728,13.51,1
SMH54312,26.07,21.94,1
SMH54535,37.4,32.86,1
SMH54564,29.14,29.14,1
SMH54587,41.57,27.69,0
SMH54766,19.24,15.2,1
SMH54809,8.57,8.57,1
SMH54815,21.51,13.54,1
SMH54820d,79.01,74.02,1
SMH54820u,30.11,25.69,1
SMH54821d,82.68,75.43,1
SMH54904,19.06,18.21,1
SMH61886,9.12,7.62,1
SMH62521d,73.05,69.61,1
SMH62555,32.18,28.78,1
SMH62581,39.6,31.28,0
SOT132004,100.0,12.44,0
SOT132005,59.0,11.19,0
SOT132005B,12.1,0.0,0
SOT132006,50.35,5.72,0
SOT136017,23.59,4.52,0
SOT140002,46.6,15.3,0
SOT140007,58.39,15.81,0
ST_Chrysler,9.0,7.82,1
ST_ElmwoodCemetery,20.0,4.65,0
ST_GM,24.0,4.49,0
ST_Oakwood,8.6,8.6,1
STS3_OMID,30.0,0.46,0
SU1,27.4,0.73,0
VioletWetWell,32.0,27.56,1
VR11_DS,30.0,29.31,1
VR11_US,30.0,30.0,1
WRRF_PS1,41.5,41.5,1
WRRF_PS2,74.5,65.7,0
WWMH38320,82.66,76.05,1
