Node,Max Depth (ft)
100100,3.4328666143168363
100200,6.005189863030948
100300,4.516499862509482
11521,25.50222023663872
11523,29.269825967480585
11R-2,0.3829926985942028
11R-3,0.8756558357520481
11R-4,0.9361275194714821
11R-5,1.0007228297568056
11R-6,1.118170231435713
11R-7A,1.1510292031875071
11R-7B,18.35
11R-9,17.621980634658286
13,20.722921033921192
16475,20.80939260378398
16741-1,11.613216812331267
16741-2,3.998960753777481
16742-1,96.8740919398916
1795-11,80.5
1795-12,80.5
1795-13,80.5
19-55,0.36699867809051484
20310,33.7099
20315,23.02089664028552
20316,23.1799
20317,25.669509135568045
20318,25.651352040537624
20319,16.0001
21285_1_OMID,0.40530777728769407
21285_2_OMID,0.27037226718543217
22-55,0.5988589453123423
23015_2_OMID,0.2518837531237761
23016_1_OMID,0.3701119832376419
23091_1_OMID,0.7624661065739842
23117_OMID,0.690034265283
23118_OMID,0.3631811138506065
23213_OMID,0.17147597926573982
23214_OMID,0.26909880619662696
23901_2_OMID,0.43848869572439986
26A-55,0.9345943307354094
2909-03,0.9715182646472925
29910,6.354461471247381
29934,0.8764777448877145
29942,9.93
29944,8.06
29946,9.19
29948,10.12
29-95,0.9893759345054549
29950,9.06
29952,10.16
29954,10.87
29958,13.22
29960,13.62
3005,28.86
3205,33.7
3210,38.022611587321165
3511,1.717392332734704
3512,1.6506569712411228
3513,2.797580287945057
3514,4.308549017056565
3516,7.362515304732147
3517,6.032226250973906
3518,7.537727951637816
3521,6.538237222357179
35215,8.755741200879918
3526,12.228624569162305
35263,4.709742526540545
3527,10.231287277889068
3528,11.786622691852038
3528_A,11.940201124493587
3529,13.85063189978667
3529_A,14.051810319584165
3531,11.951771958672953
3532,10.063601894570233
3533,8.784830979234826
3534,7.5507821326461055
3536,6.251089638188814
3537,5.6435591927738535
3541,4.898836537309068
3542,12.32457073011068
3544,4.864610591003092
35441,5.710660741211907
3545,6.680191438358403
3546,6.105623604228931
3547,5.49503385004663
3548,5.1864130416251495
3549,8.178737643267944
3551,7.18118188954317
3552,6.606943544776097
3553,6.13019907875232
35-95,0.7334902387142473
3600,23.95028141461621
36009,24.94838304929629
3601,15.957545522522153
36011,15.957545522522153
36013,7.637245914652925
36015,7.637245914652925
36017,0.0
36018,0.0
36019,0.0
36020,0.33384526738333675
37801-01,1.538041322173322
37801-02,1.2981567578651596
43,17.855273803407673
5215,19.62144714917426
5215-01,89.4701234752061
5215-02,89.4701234752061
5215-03,89.4701234752061
5215-04,89.4701234752061
5215-05,89.4701234752061
5215-06,89.4701234752061
5215-07,89.4701234752061
5215-08,85.75
5216,119.06805282559738
5217,124.36784222521
5218,122.9108907748891
5219,86.75
5219-01,127.5681776339412
5219-02,120.84612734094222
5219-03,125.04115840930184
5219-04,128.5254643533701
5220-01,140.02433739875647
5220-02,103.28162894207175
5726-05,18.24653434753418
5731-1,0.0
5731-2,0.0
5731-3,0.0
5731-4,56.000099182128906
5732-1,0.0
5732-2,0.0
5732-3,0.0
5732-4,31.20923614501953
6015,40.90689016180839
6035,46.953835224404784
6035-01,7.420152997341126
810_OAK,39.40989999999999
8DR-10,29.459853484904645
8DR-12,29.58137043169194
8DR-13,35.2
8DR-15,34.65
8DR-17,34.52
8DR-18,35.52
8DR-19,30.918028249971016
8DR-20,31.178437010921257
8DR-21,32.08018323519353
8DR-22,32.38
8DR-25,33.37416995250615
8DR-31,29.93
8DR-32,31.88
8DR-38,28.12616010630385
8DR-40,27.99283350235113
8DR-41,27.87093724766231
8DR-42,27.77139563837838
8DR-44,27.84780840313239
8DR-44A,27.9
8DR-45,27.85
8DR-46,27.495
8DR-47,28.33642490744206
8DR-48,28.584465054480305
8DR-49,28.866648580699355
8DR-5,30.247472625475567
8DR-50,29.04951384092248
8DR-51,29.21230763525686
8DR-52,29.306380430696237
8DR-53,29.44119580956258
8DR-54,29.518297210550827
8DR-55,29.52281901957579
8DR-56,29.510730612192205
8DR-57,29.484103651090447
8DR-59,28.482287527221917
8DR-6,29.086412936289012
8DR-60,28.382209256510546
8DR-61,28.301069842031183
8DR-63,28.2123560652549
8DR-64,28.278479627889954
8DR-65,27.57861833350561
8DR-66,27.34142461568121
8DR-67,27.11895078845148
8DR-7,29.18943301066145
8DR-8,29.32699592916626
9MD-10,11.55
9MD-11,12.31
9MD-12,13.07
9MD-13,12.83
9MD-14,11.46986668494331
9MD-15,11.59038688342826
9MD-16,11.737523125212794
9MD-17,11.835754712124603
9MD-18,11.93791726654088
9MD-19,11.992933489641603
9MD-2,10.37
9MD-20,12.07761690012541
9MD-21,12.153361263815606
9MD-22,12.193877467588013
9MD-23,12.230354337471415
9MD-24-1A,12.19542068637543
9MD-25,14.107119779951638
9MD-26,14.724036901857751
9MD-29,16.631415143671575
9MD-3,10.29
9MD-30,16.434760614296877
9MD-31,16.22
9MD-32,17.16163223662448
9MD-33,18.343805918056972
9MD-34,19.422889508175352
9MD-34A,19.72077646644135
9MD-34B,20.0
9MD-35,20.274778799107914
9MD-35A,20.553762841186227
9MD-35B,20.749436724746435
9MD-36,20.884782008213513
9MD-36A,20.941270465946367
9MD-37,20.98667239627229
9MD-38,20.953234547598072
9MD-38A,21.296542249395934
9MD-38B,21.722127305388227
9MD-38C,22.13839019909741
9MD-39,22.46241577811829
9MD-39A,22.71831360282339
9MD-4,10.05
9MD-40,23.992331164345295
9MD-41,24.62
9MD-42,26.44
9MD-42A,25.3
9MD-43,29.0
9MD-44,30.48
9MD-45,29.32
9MD-46,33.36
9MD-47,33.5
9MD-48,32.42
9MD-49,33.54
9MD-5,10.81
9MD-50,33.78
9MD-51,33.74
9MD-52,33.86
9MD-53,34.41
9MD-6,10.57
9MD-7,10.33
9MD-8,10.09
9MD-9,10.85
AP3421,11.196908871361861
AP3422,0.9613451757677425
BBC010,18.37795431367537
BBC010_2,18.389087024404656
BBC0C8,20.395441796354156
BBC0C8_2,20.332851225548115
BBCA10,19.756845005046678
BBCA10_2,19.72141257596084
BBCA12,18.193136332997376
BBCA12_2,18.04584174117792
BBCB10,19.627246047641155
BBCB10_2,19.470651134196704
BBCC10,18.722941098285194
BBCC10_2,18.642891936955394
BC_EffFG1,21.748963678246913
BC_EffSF2,21.000075323448545
BEA-10,19.52
BEA-11,19.1
BEA-13,16.93
BEA-14,15.54
BEA-16,14.6
BEA-17,12.78
BEA-19,12.32
BEA-2,20.356634223184702
BEA-21,12.9
BEA-23,11.8
BEA-24,14.461001085007302
BEA-25,14.2
BEA-26,13.8
BEA-3,17.982623833732877
BEA-7,19.262749764073845
BEA-8,19.388673503227526
BEA-9,19.58
BEA-9MD-1,16.301346145648516
BEI-1,4.782530563328993
BEI-10,3.093048697737321
BEI-10A,2.9642931305820057
BEI-13,2.5027900026873944
BEI-14,2.380627194971357
BEI-15,2.2372901646299015
BEI-16,2.0510220739184515
BEI-17,1.4528131055687057
BEI-18,1.3203145009146815
BEI-19,1.1786271941962547
BEI-2,4.574792978656407
BEI-20,1.0676098032559285
BEI-21,0.6511596530205852
BEI-22,0.6162716791036661
BEI-23,0.619150672890286
BEI-24,0.6203121045658276
BEI-25,0.613639616885971
BEI-26,0.2561365731304328
BEI-27,0.1893107189401583
BEI-28,0.1248469420934509
BEI-29,0.08471212584377122
BEI-3,4.379102954129986
BEI-3A,4.335317829888604
BEI-4,4.064480802091068
BEI-4A,4.088961133610752
BEI-5,3.818883444956808
BEI-5B,3.7479990924367534
BEI-5C,3.963778948023136
BEI-5E,3.9143278721628034
BEI-6,3.5829548467975183
BEI-6A,3.797431992080675
BEI-7,3.69970230761847
BEI-8,3.362416042038859
BEI-9,3.199775464205022
BEI-BER-2,2.7904364647839035
BER-1,0.7693882662357165
BER-10,0.4075760137294753
BER-11,0.4021812156015977
BER-12,0.406624027381554
BER-13,0.23096164489911153
BER-14,0.13600062864527715
BER-15,0.1386414571018783
BER-16,0.2362368109000646
BER-16A,0.0
BER-16B,0.0
BER-18,0.48367018652965205
BER-2,0.7786429273048423
BER-20,0.4134032207202303
BER-21,0.20326213913895383
BER-22,0.48539097380921314
BER-23,0.4345480626353875
BER-24,0.43552069331989296
BER-25,2.7709353165936035
BER-26,2.421584176256683
BER-27,2.1705651153024474
BER-28,1.9490795753653285
BER-29,1.7295294003495805
BER-3,0.7776317005912285
BER-30,1.522971367439387
BER-32,1.3501757907900553
BER-34,1.2717249273019324
BER-35,1.1719393612099545
BER-36,1.16529060641933
BER-37,1.1675280117149027
BER-38,1.1583457880972898
BER-39,1.1505791222814858
BER-4_11R-1,0.857539669448314
BER-40,1.1692528090371916
BER-41,1.1629906415886362
BER-42,0.9192286746014109
BER-43,1.0264366870599102
BER-44,1.0286199158439795
BER-45,1.0636322587414744
BER-46,0.9896573719864392
BER-47,1.012517217368405
BER-5,0.6415742433582741
BER-6,0.4409711418539891
BER-7,0.4135081116654868
BER-8,0.41297037907797707
BER-9,0.41011332421777147
BLAT-1,15.250242567886167
BLAT-10,19.19
BLAT-11,17.8
BLAT-12,17.829962148726572
BLAT-13,13.59639763347202
BLAT-2,23.92
BLAT-3,18.26679228599305
BLAT-4,18.790112936357218
BLAT-5,15.987841017355542
BLAT-6,15.52032776185177
BLAT-7,16.509438004710812
BLAT-8,16.65082896384816
BLAT-9,16.269089160975774
BLAT-RED-CON,15.505866358553146
BLT137019B,2.631443700346625
BluehillDSChamber,21.06271605582915
BluehillPS_Div,47.28284685159912
BonHeurDischarge1,0.5902073422884381
BonHeurDischarge2,0.0
BonHeurDischarge3,0.0
BonHeurDischarge4,0.0
BonHeurOutlet1,1.023444801978361
BonHeurOutlet2,1.213701441617066
BonHeurOutlet3,1.2937749188226673
BOU-11,23.5257494477278
BOU-2,28.0
BOU-4,30.5
BOU-5,26.392457647852265
BOU-6,29.1
BOU-7,28.52
BOU-8,26.29
BOU-9,25.65
BRIT-1,12.196086282322158
BRIT-2,15.385860276072993
BRIT-4,10.16594515970757
BypassGateDS,12.889927976809316
CCDWMH11,2.843977428060675
CCRegulator_DS,22.047334683797715
Chamber1,29.725808201327574
Chamber13,6.916797688494753
Chamber14,4.623998863144237
Chamber15,36.750942096355665
Chamber16,37.02273113055247
Chamber17,22.7701
Chamber2,29.824776012661825
Chamber23,30.972152966984964
Chamber3,27.729743744056016
Chamber33,43.96372165211518
Chamber4,27.644858303771976
Chamber44,20.34214452178736
Chamber45,18.910492836324103
Chamber46,15.361964436061795
Chamber53,20.55783571945366
ChapatonIntermediate1,23.437319570928125
ChapatonSanitaryDischarge1,89.0
ChapatonSanitaryDischarge2,74.93363837287231
ChapatonSanitaryDischarge2A,40.17328542110303
ChapatonSanitaryDischarge3,35.769378632596386
ChapatonSanitaryDischarge4,8.470103266196933
ChapatonStormDischarge1,0.0
ChapatonStormDischarge2,36.5
ChapatonStormDischarge3,36.5
CM1,2.8296367647376957
CM2,3.0053436207539894
CM3,15.4577380546872
CM4,13.56500416945613
CM5,26.055615881573285
CON_Discharge10u,115.27472640576491
CON_Discharge11u,163.02388105560465
CON_Discharge12u,102.60954039460137
CON_Discharge1u,21.44504122210942
CON_Discharge2u,60.03147523459472
CON_Discharge3u,21.44504122210942
CON_Discharge4u,21.44504122210897
CON_Discharge5u,21.44504155071505
CON_Discharge6u,0.0
CON_Discharge7u,0.0
CON_Discharge8u,0.0
CON_Discharge9u,158.08431332765295
CON_DischargeD,20.193864427404016
CON_DischargeD2,21.848901396068648
CON_SanDisChamber,43.9999
CUSH-1,16.489021878896473
CUSH-3,8.749766255964214
DAV-1,24.489261523419085
DAV-3,20.610810522680573
DAV-4,18.53
DAV-6,10.394974273821239
DN1000,1.1325577223036745
DN100113,0.23877395765487064
DN100120,0.46348021432131115
DN100122,0.306521178496496
DN100125,0.18142896929607355
DN100140,0.0036004441492698594
DN100141,0.4118918682101547
DN100145,0.2292437975513208
DN100150,0.48845001541840516
DN1006,0.06495301690228261
DN1007,0.06602138280140024
DN1008,0.06709080427180036
DN100805,0.05263103380717521
DN100806,0.4838262162415973
DN100843,0.8166009369614688
DN100844,0.6268232978212571
DN100844B,0.5603505015254544
DN100845,0.6681794803096053
DN100846,0.7021067835556719
DN100853,0.7034803392860296
DN100854,0.36167933047132284
DN100854B,0.32076211102672536
DN100855,0.18659952168856753
DN100856,0.6385737743836857
DN1009,0.11685004294537593
DN100906,1.2658151464963505
DN100910,1.3805151219684881
DN100915,1.0346997516827894
DN100918,0.6745818148064142
DN100920,0.3903552042165175
DN100925,0.12189562586477037
DN1009294,0.16815013187155448
DN1009300,0.20321263884776447
DN1009301,0.3363092677368166
DN100935,0.2897006482557367
DN1009350,0.16801325956787633
DN1009351,0.18638086395558734
DN1009352,0.4187049260843342
DN1009353,0.21960167112832246
DN1009354,0.2900402910928431
DN1009355,0.24882071347150453
DN1009356,0.2897204805171284
DN1009357,0.2601420450061056
DN1009359,0.45034613359297915
DN101,26.51471632804281
DN1010,0.13681241425718316
DN101151,0.3998624877811403
DN101152,0.35768451243845817
DN101153,0.4562134327986067
DN101222,0.3237971864171285
DN101223,0.3668070392902335
DN101251,0.417839230300716
DN101252,0.49388345883846485
DN101311B,0.41920876947458074
DN101314B,0.3895948249288907
DN1014,0.017580707245827182
DN101485B,0.6249915454341707
DN101489,0.23387549431802945
DN1015,0.07332666217929454
DN101501,0.4227915991986176
DN101502,0.35802009369002513
DN101503,0.4227915991986176
DN101504,0.15302775414993963
DN101510,0.20122534980355133
DN101515,0.5770757644004685
DN101516,0.9312538455256676
DN101530,0.2573859437440036
DN101535,0.23835972450123877
DN101536,0.9817900571272629
DN101555,0.2577791013677875
DN101600,1.7566380262662422
DN101601,1.0908531799109515
DN101602,0.6881692962854469
DN101603,0.582649803489079
DN101604,0.7491530855027946
DN101606,0.6317996996801039
DN101700,0.4651923039444073
DN101701,2.1134553193876493
DN101702,1.7649571750440662
DN101703,2.2223556630441137
DN101704,0.5373110832704271
DN101705,0.7505769071664862
DN101706,2.120305194267911
DN101710,0.3152858194138223
DN101716,1.8883843662706947
DN101720,2.0250713879527282
DN101725,2.0675908419635407
DN101726,0.6333869070909355
DN101732,1.0712537006625409
DN101735,1.5478123319464858
DN101736,1.0410251570988445
DN101737,1.9358636671693454
DN101738,1.9303656735122852
DN101748,2.907151784172769
DN101750,3.3841219672876006
DN101751,0.1326382452990016
DN101756,1.7472176660442942
DN101757,1.3674139057499826
DN101759,1.65532672383664
DN101760,2.5661785554922747
DN101761,1.7957842463275013
DN101763,0.47500339754907983
DN101764,1.3450322752106532
DN101765,0.9268598568719226
DN101766,3.551364676103524
DN101776,1.007333863793219
DN101777,1.6023722399357838
DN101778,1.5138133641984903
DN101787,0.7862511634802245
DN101788,1.6824281922730404
DN101789,2.066686261707453
DN101794,1.3275231009511472
DN101796,1.7205734192867013
DN101798,1.4261390227756194
DN101798B,1.7115756374865283
DN1019,0.016232608184680405
DN102,22.296699472444914
DN1020,0.06461473674249463
DN1024,0.017208090276142854
DN1025,0.0540815486215936
DN10252,0.0
DN1026,0.048724105293411674
DN102604,0.1550056459982176
DN102606,0.36162347823455937
DN102700,0.3951140682197879
DN102704,1.7380571494078987
DN102705,0.32515626469172604
DN102706,1.2831897646555768
DN102710,0.4681247101624094
DN102716,2.9221734184949493
DN102720,2.393918976504116
DN102725,2.8513846475407676
DN102726,0.3782087765401527
DN102732,2.809901110406801
DN102735,2.2555670636595515
DN102736,1.7140281357665303
DN102737,1.7118588314439644
DN102738,1.6578412759861245
DN102748,0.9752887716516869
DN102750,1.802575174897751
DN102751,1.8708494373747973
DN102756,1.596375485098646
DN102757,1.794957897663759
DN102759,1.8687154112531532
DN102760,2.856611425165688
DN102761,0.6561959714745066
DN102763,2.0213722499136932
DN102764,2.7271147889117997
DN102765,1.782741181356199
DN102776,1.901288051035686
DN102777,1.4146674893237674
DN102778,1.4325247532407175
DN102786,2.370493675547446
DN102787,1.8487014058094395
DN102788,1.4930378769956416
DN102794,1.6062545819962535
DN102796,1.8793041730469335
DN102798,0.9695718854023851
DN102798B,1.1254251596849707
DN103100,0.6660817068582474
DN103101,0.4969760215900178
DN103110,1.1332244715374886
DN103130,0.7638433808098295
DN103150,0.21042113126904194
DN103151,0.2710660698284658
DN103160,0.3473297826327779
DN103161,0.3264226276382042
DN103171,0.12149033190219827
DN103211,0.3224021069250853
DN103220,0.37554128829678957
DN103300,0.7266927404713848
DN104200,0.9075081133705005
DN104300,0.5536241932540045
DN104301,0.36154262358718536
DN104303,0.9133269837785787
DN104303B,0.3284501764138989
DN104350,0.11382912162628873
DN104351,0.3976057921486327
DN104353,0.6704139959184341
DN104353B,0.3630646642218087
DN105,2.874645319034146
DN105100,0.762886859667445
DN105200,0.28474877872724014
DN105350,0.9259077120663493
DN1067,0.015062550303528325
DN1068,0.057461633539185944
DN1069,3.4101350721943975
DN1070,12.283805162849502
DN107100,0.9578205202522856
DN107251,0.5773414122238796
DN107261,0.5033967791099423
DN107361,0.468174815775369
DN107370,0.5350706239174545
DN107371,0.40320740832318813
DN107380,0.41718449926349116
DN107381,0.2948717569138771
DN107430,0.2953366683161859
DN107431,0.3441615847629105
DN107451,0.3718717250044653
DN107461,0.4175178507548253
DN107471,0.38883304973094784
DN107480,0.6991471710387092
DN107500,0.3467572795254654
DN107501,0.27809750299169145
DN107550,0.12240371181083387
DN107551,0.27809750299167885
DN1084,17.727917099097525
DN108401,0.32189141776880964
DN108403,0.34206595183387445
DN108403B,0.10613126124445914
DN10841,18.23399972282057
DN10842,10.670220513071202
DN1085,9.100217088250488
DN1086,9.14014780574952
DN10861,9.7601
DN108631,0.372005175030652
DN108632,0.36479347881652924
DN108633,0.6498576962058159
DN108633B,0.2616622083209526
DN108651,0.3736797097370168
DN108653,0.4732864744879963
DN108653B,0.1764521125757158
DN1087,9.8501
DN109450,0.2532251733401151
DN109451,0.27826570281959795
DN109992,0.625849204581439
DN109993,0.7260792243725063
DN109995,0.29495281032518683
DN1100,0.037426147610157195
DN1105,0.034681025890885994
DN11051,0.0
DN1106,0.022273773327160067
DN1107,0.03357402981111715
DN1108,0.01810477302513002
DN1109,0.01586237922307386
DN110997,0.5144910517397556
DN110998,0.25248005528444106
DN110999,0.3029415256910021
DN1110,0.042427454141448336
DN1111,0.038047188244434565
DN1112,0.033071205697582366
DN1113,0.02675068429044899
DN1114,0.01574139855762991
DN1120,0.06689789183897821
DN1121,0.049084518253554664
DN1122,0.04050267272776978
DN1123,0.034092837038146
DN1124,0.026751910056020733
DN1125,0.0
DN113,1.3434897547019249
DN113060,1.0752122712914085
DN113070,0.3680062459141725
DN113080,1.132556547111562
DN113110,0.36014664061289337
DN113120,0.5867927251706837
DN113130,0.3764712322891065
DN113140,0.5305612017595078
DN113143B,0.7078559631860697
DN113150,1.2215362925061837
DN113160,1.297434576447932
DN113250,0.6644287403609809
DN113350,0.45255019054253887
DN113360,0.7507940391933542
DN113370,0.9242617676713488
DN114100,0.3750850756860576
DN114151,0.7175290304405089
DN114200,1.0088294902946622
DN114251,0.6795054457514413
DN114301,0.6643061168644077
DN114321,0.550751519760244
DN114331,0.35591267344685074
DN114340,0.7958977428349732
DN114341,0.6527809486224939
DN114350,0.7214617078140365
DN114351,0.36218902139151093
DN114361,0.34070354572388073
DN114371,0.5610115764753834
DN114401,0.4638410664343905
DN114411,0.8248818870740119
DN114421,0.5359904533419646
DN114451,0.533198638031007
DN114471,0.5453315752099117
DN114500,0.49270791730719365
DN114501,0.5515255256215323
DN114511,0.39579513865446314
DN114521,0.6178442768836323
DN114531,0.6150830632061841
DN114550,0.7342269105580763
DN114551,0.3452643234297239
DN114561,0.6097116425896167
DN114571,0.6053956885976064
DN114581,0.6011961324369439
DN114600,0.08691993225317557
DN114601,0.3423055170653248
DN114611,0.47942730286929697
DN114651,0.24385012347353358
DN114701,0.9076187078312254
DN114710,0.27522076505015813
DN114730,0.1985026312016619
DN114740,0.3108124539005256
DN114751,0.6667557416652632
DN114770,0.2465637855139094
DN114780,0.7824836907890552
DN114800,0.763278026257494
DN114850,0.7253403889235823
DN114901,0.7692921748378378
DN114910,0.7492731267737542
DN115,1.3957101080351237
DN1151,1.0104888978896511
DN1152,0.8696907951958011
DN1153,0.7671696441115976
DN1156,0.10293901778089876
DN1157,0.04797483395333654
DN1158,0.05939489975336229
DN1159,0.052643355584963525
DN1160,0.04851975005653077
DN116050,0.5294525059984473
DN116051,0.14184489541919526
DN1161,0.044600480867704975
DN1162,0.04219482466324996
DN1163,0.03588443361860714
DN1164,0.030505167910804758
DN1165,0.021774256602107453
DN1166,0.01286019226023582
DN1172,0.014453828334526271
DN1173,0.0
DN1174,0.032393330111460866
DN117400,0.2182762002383563
DN117404,0.09743103758405289
DN117405,0.09743103758407576
DN117406,0.4741081242672007
DN117410,0.38780084758813504
DN117430,0.0010980415355151022
DN117440,0.2752347283401277
DN117441,0.19570222544358923
DN117442,0.15239521195986278
DN117443,0.3596780087596593
DN117450,1.580442893451205
DN1175,0.08378839559674453
DN1176,0.09251833001526051
DN1177,0.0874126344417072
DN117750,0.31494083654984484
DN117751,0.5015913192854019
DN117752,1.2064875504993853
DN1178,0.08451481958677484
DN117801,0.29140417568216626
DN117802,0.4263815033727978
DN117811,0.21101297166558897
DN117812,0.5975851430651385
DN117840,0.29007179364278024
DN1179,0.0806166990440989
DN117930,0.137922365181758
DN117931,0.13792236007135486
DN117932,0.3547655172594073
DN117933,0.3546446674569591
DN117934,0.4280957885134903
DN117935,0.37440869758867945
DN1180,0.07722825556732933
DN1181,0.07423312308282196
DN1182,0.0719485659677186
DN1183,0.03859221332089684
DN1184,0.02926908251475948
DN1185,0.018082581801025996
DN1186,0.012880417632857894
DN1187,0.04407239100174852
DN1190,0.0
DN120,1.062468624352432
DN1205,0.04648278528274226
DN1210,0.05019158622551548
DN121001,0.36587096730392643
DN121011,0.22167743482036117
DN121021,0.30558335701738015
DN121031,0.21556072917999308
DN121041,0.34820103126589197
DN121050,0.5970122435842853
DN121051,0.20118530532268902
DN1215,0.04743623426827799
DN1216,0.0480955133841105
DN1217,0.0
DN1218,0.0
DN1219,0.0
DN122,1.0158207291386314
DN1221,0.6067464131248962
DN1222,0.6109032697604132
DN1223,0.4570534609408155
DN1231,0.09133955928203308
DN1233,0.1015644796893007
DN1235,0.09920438009093438
DN1237,0.0760694492873449
DN1238,0.08105827251340571
DN1239,0.07237995997585303
DN1240,0.0689343070804513
DN124000,0.24098302405122762
DN124010,0.16359616841733754
DN124020,0.34394330133325723
DN124050,0.5861178087908334
DN124060,0.18366903352428787
DN124070,0.3535364287270196
DN124080,0.37630341662060873
DN124090,0.3219854324868541
DN124100,0.25775937673211646
DN124110,0.5471340245303657
DN125,0.8278017684588056
DN125001,4.12835636821184
DN1251,0.8204203527070009
DN1252,1.011032593812538
DN127400,0.32278101910268586
DN127401,0.3227822039367357
DN127402,0.32278387898275396
DN127403,0.2393679125839741
DN127410,0.24212272154951542
DN127411,0.31559911736061524
DN127412,0.315598984496687
DN127413,0.31559896067501025
DN127430,0.335176472969132
DN127431,0.3572422577760893
DN127432,0.34234003279623626
DN127440,0.32442333446607796
DN127441,0.3220131938473748
DN127442,0.3220127724853389
DN127443,0.27271167560855203
DN127450,2.101782656594264
DN127451,0.3229136287343595
DN127750,0.1826258315027654
DN127751,0.2258165799915544
DN127752,0.8111341326727342
DN127800,0.22867046804911254
DN127801,0.25886285913659646
DN127802,0.1439361871998815
DN127810,0.18913857975690834
DN127811,0.2278815889236525
DN127840,0.239510195389792
DN127841,0.2824107951905911
DN127842,0.2824107811457647
DN127843,1.402637711886455
DN127844,1.2670484577734187
DN127930,0.2248997014878959
DN127931,0.2139859638760721
DN127932,1.0735305869048593
DN127933,1.154739281718404
DN127934,0.7282371390867648
DN127935,1.0715540374658232
DN1305,7.312342442011731
DN1306,6.1145994188823956
DN1307,5.182833313262883
DN1308,4.100163426814954
DN1310,3.2801575181688127
DN1311,2.669574012247782
DN1312,2.5206843862129302
DN13121,2.3607539687630066
DN1313,2.6115016533179274
DN131310,0.7040580776250569
DN131320,0.9705343442635446
DN131330,0.5318800995705819
DN131340,0.8582877229871747
DN131350,0.4499934850927092
DN131360,0.9801252962491604
DN1314,2.5604744276848415
DN13141,2.629027584954306
DN13142,2.652835648882299
DN13143,2.456231250731494
DN13144,1.5933163434396014
DN1315,2.379086455482331
DN131510,0.10516798643163702
DN131511,0.32212054750381214
DN131520,0.10516798643163702
DN131521,0.3149641877593709
DN131530,0.4809278871476281
DN131531,0.40110433553654856
DN1316,2.211287240727862
DN1317,2.3489334473570604
DN131710,0.43698480020194885
DN131711,0.537599937561513
DN131720,0.2893115868209336
DN131730,0.3971051803821809
DN131740,0.25432606092205134
DN131741,0.40249524786951524
DN1320,1.7497945483162836
DN13201,0.9935063747121469
DN1325,0.8336755240319936
DN1330,0.3903305997396175
DN13301,0.37384091849018114
DN133010,0.4184477720755101
DN133020,0.3665621701418027
DN133030,0.6214911270043295
DN133040,0.5590810046953696
DN133050,0.3665621701418027
DN133060,0.31506185850180246
DN133070,0.4722470728200695
DN133080,0.4651969331935136
DN1335,1.819617837014691
DN1336,2.0122870207082917
DN1337,1.767261084636456
DN1385,21.632340825540314
DN1392,4.384948316306138
DN1393,4.748526522601995
DN1394,6.403141697272496
DN140,2.0072740357215446
DN1405,10.199101692347174
DN140811,0.2531233158950683
DN140821,0.4214698255530712
DN140830,0.6843810077555792
DN140841,0.29499847400398227
DN140851,0.38483598863592244
DN140861,0.3779564936104571
DN140871,0.41534375737122065
DN140881,0.3397324792680412
DN1410,7.244524988672576
DN1412,6.0655938473513356
DN1414,5.663410118641181
DN1415,4.964741397513558
DN14151,1.755070583742685
DN14152,1.1403267966692474
DN142,0.7782839889717519
DN142011,0.44334052169235105
DN142021,0.542179335182795
DN142031,0.5330407380129853
DN1423,5.048306570140377
DN1424,4.928114590247084
DN1425,4.790606144152624
DN1427,3.7675555037674684
DN1428,3.722478485598062
DN143,0.28025738698507474
DN1430,3.6571041431266007
DN143000,0.9513537037760111
DN143001,0.44746572487552855
DN143002,0.516666550968262
DN143003,0.39306151107728193
DN143003B,0.1983157259991008
DN143011,0.32216971676045547
DN143013,0.5396685127198833
DN143013B,0.2100465008056503
DN143021,0.3547331677987514
DN143022,0.5386600891018718
DN143023,0.6810022212436937
DN143023B,0.2740286102975231
DN1432,3.129466160774278
DN14321,3.473291450366622
DN14322,3.4596425390940304
DN14323,3.4529960495620804
DN14324,3.421510419425216
DN14325,3.360952833953835
DN14326,3.3392931934519727
DN1433,3.3602143343767397
DN1434,3.189789122930316
DN1435,3.0752784436032945
DN143510,0.15609230651099265
DN143511,0.41898036396232696
DN143520,0.11394024646280371
DN143521,0.4189803639623222
DN143523,1.6652781104854777
DN143523B,0.28381293694014104
DN143530,0.34801080557841874
DN143531,0.4491483326376827
DN143533,0.6410955741406243
DN143533B,0.2608297924466654
DN143540,0.12061747150079574
DN143541,0.4451322761483912
DN143543,0.6674734090982131
DN143543B,0.27290945845577474
DN14361,2.774677072914039
DN1437,2.8723380299238404
DN1440,2.866784890865429
DN144000,0.319345848803091
DN144001,0.49364559958315174
DN144010,0.3427514953108779
DN144011,0.31247647723633476
DN144012,0.6317092990802916
DN144022,1.256030733659456
DN144023,1.2269686554190276
DN144023B,0.3151920726825779
DN144030,0.3663815934707275
DN144031,0.4614038292471575
DN144032,0.07623394307637471
DN144033,0.5595801389919728
DN144033B,0.2222546303644118
DN144041,0.4491483326376827
DN1441,2.8668326918904707
DN1442,2.751928281169201
DN1445,2.6654305766824384
DN1447,2.6008267628884822
DN145,0.6274905753131856
DN1450,2.5438186046093723
DN145000,0.2583412588326368
DN145001,0.3758636761339863
DN145011,0.3483991084614072
DN145021,0.34839910846142397
DN145030,0.5795767384588106
DN145031,0.3907083567824655
DN1451,2.3277832293284852
DN1452,2.3918526287515682
DN1453,2.251348571011336
DN1455,2.0966308014141806
DN145500,0.48037068715343867
DN145501,0.4651684498017894
DN145510,0.4577617052572334
DN145511,0.4183054281742389
DN145520,0.3341563520755131
DN145521,0.4731759248625782
DN145530,0.15336623503808772
DN145531,0.4607178991029709
DN145540,0.1216099808253169
DN145541,0.3964208471182594
DN14561,2.0327482746456127
DN1457,2.061998673171379
DN1458,1.7891571024938255
DN1460,1.5250558271345096
DN1461,0.7250188374743503
DN1463,1.0333957546848818
DN1465,1.0361865492971316
DN14651,1.1101353226165656
DN14652,0.9719408541426353
DN14653,0.9413040159877168
DN14654,0.8065057403671214
DN1467,2.446850672240857
DN1468,2.2872305892314175
DN1470,2.27137216393337
DN1471,3.011606851890935
DN1472,2.5929037588768473
DN1473,2.5430472054541475
DN1474,2.1409111534214436
DN1475,2.0776145966357937
DN14751,1.9029064870551187
DN14752,1.6381090570812162
DN14753,1.4419915997079116
DN14754,1.0076710351614113
DN1477,2.1705271510285646
DN14771,2.0110920243654795
DN14772,1.0471092664652009
DN1478,1.8459283339575756
DN1479,1.6711241428873338
DN1480,1.6570652559849313
DN1485,2.062590099928871
DN1486,1.3238319463257668
DN1487,1.336878174576575
DN1488,0.7930154121166675
DN1489,1.3797627295572545
DN1490,0.5270453378556901
DN1491,0.37080077484313145
DN1492,0.40839995832455517
DN14920,0.460151214153522
DN1493,20.268086986321006
DN1493310,0.7674127944586319
DN1495,9.512617390937613
DN1496,7.5309238277825035
DN1497,7.539545699994029
DN1498,7.574563569808003
DN1499,7.489970656248156
DN150,0.9944322316890433
DN1501,1.0031860665563146
DN1502,0.8137165948984741
DN1503,0.6798610377086457
DN1504,0.33422277586446836
DN1505,6.891600424876333
DN1510,6.445121717133206
DN1513,4.361130104496786
DN1515,3.8196251029731956
DN151500,0.7280577221405519
DN151501,0.07485444744976273
DN151510,0.9050266438951058
DN151520,0.5973913202527217
DN151521,0.288485326972181
DN152,0.493322406596041
DN1520,2.9722632018033064
DN1525,2.5092960951982963
DN1527,1.0433150267915123
DN1530,1.4049329745458445
DN1535,1.4088023209440048
DN1540,3.894336046921116
DN1545,2.6950083060706618
DN1550,2.1367874197705814
DN1555,1.2868747046618032
DN156,2.0050579099900547
DN157,0.24324472777758188
DN158,4.90540492982481
DN1586,33.4301
DN1587,20.841409294222778
DN1594,7.796422016173041
DN161030,0.3001525483676568
DN161031,0.4176607226858605
DN16275,7.269857439268229
DN170910,0.6799778805331542
DN170920,0.6730695444113732
DN171010,0.9237190461814957
DN171011,0.4114082461526029
DN171500,0.6451008428806544
DN171510,0.5399890177556111
DN171520,0.4913459079052569
DN171540,0.6502788850645038
DN171550,0.75953415041023
DN171560,0.7009592740371546
DN171570,0.8160281849674287
DN171610,0.33587900701522877
DN171710,0.6601407256068728
DN171711,0.23710015593963454
DN171721,0.4611357369518574
DN171730,0.3375156589226064
DN171731,0.2916447116511154
DN171741,0.42211865598544634
DN173511,0.5187370630838415
DN173521,0.42409748956082916
DN175010,0.5802833897266919
DN175011,0.2875488052937246
DN175021,0.3766680045273222
DN175030,0.19525283508456995
DN175031,0.2324427606363692
DN175040,0.1677274044892608
DN175041,0.21681797376178333
DN175051,0.38760982331419425
DN175061,0.2118911428852359
DN175071,0.354860397142001
DN175081,0.40767489517319233
DN175250,0.46918912298913434
DN175251,0.40577491428930273
DN175311,0.3856481190337304
DN175320,0.587482761600364
DN175321,0.32894806134555493
DN175361,0.5239795264528206
DN175371,0.5156487663958963
DN175450,0.279860900635908
DN175451,0.37763541379193527
DN175460,0.60054616599792
DN175461,0.1271422725258849
DN175470,0.31636028315115317
DN175471,0.42024227242067874
DN175501,0.41225425003178684
DN175511,0.4146679747351501
DN176010,0.42429998768315486
DN176021,0.27230328185767605
DN176030,0.17424777105774172
DN176031,0.22597417626950195
DN181500,0.37103345269403354
DN181501,0.3251578388225652
DN181511,0.3202110248621389
DN181521,0.2580499764888608
DN181531,0.3626968126232849
DN181550,0.20448273078204363
DN181551,0.31206656565099583
DN184011,0.48869115027741494
DN184013,0.4573051861240851
DN184013B,0.2436852255027197
DN184021,0.36474296507133575
DN184031,0.3251578388225683
DN184041,0.2580499764888611
DN184043,0.5272230269236349
DN184043B,0.20171816574882928
DN186311,0.4033976250388979
DN186312,0.5419232054428003
DN186320,0.08828294895151717
DN186321,0.5552097171733246
DN186511,0.5012288142123256
DN186513,0.7191621448714192
DN186513B,0.28874354114741363
DN186520,0.4486042956378713
DN186521,0.31760088910411155
DN186523,0.4297520197774781
DN186523B,0.15363524437965248
DN186530,0.30325677367148124
DN186531,0.3261009647277239
DN186533,0.5686651526874424
DN186533B,0.3138736044985524
DN196810,0.22094432793952118
DN196811,1.2120909044262762
DN196823,1.5227410976933697
DN196824,0.29040410803826455
DN196824B,0.07836702602329434
DN196826,0.3931984892567352
DN196848,0.4055295043180023
DN196849,2.6188596488116618
DN196849B,0.27593544077314225
DN196850,0.2742467489544542
DN196851,0.45747191765686435
DN197823,0.6460263617674118
DN197824,1.9265784473019494
DN197824B,0.28079361459157925
DN197825,0.045045415386940166
DN197826,0.6423544199435962
DN2000,1.233392992958522
DN2001,1.1686252462224334
DN20015,7.910034420111229
DN2002,1.4932925477094037
DN2003,2.2200780647273106
DN20030,4.308524090839613
DN20035,9.761099412122839
DN2004,4.085935772967685
DN20040,9.230712465578097
DN2005,5.347731243440605
DN20050,13.14487433606044
DN2005B,5.346908073256505
DN2006,10.5899
DN20060a,14.868869547252464
DN20065,15.449717601534173
DN2007,11.2699
DN20070,10.331179279430355
DN20070a,13.167738398519418
DN2008,14.010619426522897
DN20080,10.431976875094982
DN20080a,16.336352397397533
DN2009,10.786983774901813
DN20090,6.406930704993091
DN20090a,17.157529245682166
DN20091,13.566575373670382
DN20092,21.533850606916836
DN20094,17.451523292317585
DN20095,18.787266842236953
DN2009B,10.256502963485357
DN2010,10.916498468136059
DN2011,11.637411455778196
DN2012,10.1901
DN20120,18.93815802811466
DN20124,17.598049255738303
DN20125,17.991099799522612
DN2013,11.060023005187324
DN20130,17.971210388457763
DN2014,8.359910941493773
DN20140,18.353071719375258
DN20145,18.068428993198722
DN20148,16.80447838682855
DN2015,9.153927895562152
DN20150,16.69042054738165
DN2015B,8.811378814161987
DN2016,10.704646910300593
DN20165,18.210140806635785
DN20167,18.8199
DN2017,12.31865547680113
DN20170,17.516236877045827
DN2017B,14.013131090021593
DN2018,19.80032925387981
DN20180,21.22233479039492
DN20185,19.20247497548347
DN2019,18.467378114934757
DN20190,16.598124319553015
DN20195,20.522962361563565
DN2020,15.529925821845017
DN20200,18.994749076880204
DN2021,14.106892532140606
DN20210,19.007035951547238
DN20215,19.25884458930243
DN20217,14.575755832316966
DN2021A,19.285968594051393
DN2021B,14.130833349360577
DN2022,37.200100000000006
DN20220,20.289406449991986
DN20221,19.205380278896723
DN20222,21.739280811058933
DN20223,18.043622918056403
DN20225,22.4299
DN2023,15.591632849035689
DN2024,27.037619491655864
DN20240,21.362523165410686
DN20245,22.799061035154764
DN2025,35.6901
DN20250,25.4601
DN20255,22.59520679220911
DN2026,35.070100000000004
DN20260,16.554707792724802
DN2027,33.3301
DN20275,19.0101
DN20276,18.8611933170146
DN20277,17.111513055627054
DN2028,29.152970158865458
DN20283,14.666394982555635
DN20285,16.389347363964664
DN2029,31.9401
DN2030,29.890136442434596
DN20305,15.818429194160778
DN2031,29.1401
DN20310,17.742692317250864
DN203102,21.50736390444122
DN203103,13.966213620005322
DN203104,14.4076378485886
DN20312,14.437257972435006
DN20313,15.14346606740985
DN203130,16.215133390016447
DN203131,15.645763569321291
DN203132,18.761180365909837
DN203133,15.619472942670445
DN203134,15.771257519446605
DN203135,17.021336123142678
DN203136,17.22064238663888
DN203137,17.837105797219404
DN203138,19.316769642100198
DN2032,30.5901
DN20320,2.228333416205362
DN203201,5.098239828281451
DN20321,1.769289495679015
DN20323,23.6999
DN20324,16.812329353302047
DN20325,17.884061601761488
DN20326,23.5301
DN20327,24.330099999999998
DN20328,19.383743187933923
DN20329,22.40294757496547
DN2033,30.5201
DN20330,20.04551342619302
DN203301,4.481398177651078
DN20331,14.358041926394147
DN20332,22.2699
DN20333,27.080165553463754
DN20334,30.740376384871333
DN2034,27.245799426182874
DN20340,27.17067319038103
DN2035,32.2501
DN20356,14.915576955998944
DN20357,18.20516835923403
DN20358,18.4001
DN20359,17.601060207734342
DN2036,38.8799
DN20360,16.38823460465114
DN20365,16.508220249135185
DN2037,39.630100000000006
DN2038,38.880100000000006
DN2039,31.433794064413995
DN20390,14.224602314274685
DN20395,14.172256963594554
DN2040,34.9701
DN20400,13.510336056779634
DN20405,12.921920584657325
DN2041,36.34010000000001
DN2042,34.710100000000004
DN20420,13.878610445185233
DN20425,12.943001467013962
DN2043,31.9801
DN20430,12.166788065715092
DN2044,32.240100000000005
DN20440,14.33052492780234
DN20445,12.522864568419692
DN2045,31.6401
DN20450,11.646057837300198
DN2046,32.6601
DN20460,13.37545070534335
DN2047,34.4301
DN20470,17.087568067518298
DN20475,19.041592986932436
DN2048,36.030100000000004
DN20480,17.833817878837817
DN20485,17.171657821468422
DN2049,31.884030187807213
DN205,3.0473678680253524
DN2050,31.949131560713354
DN20500,12.838242595913567
DN20501,15.4499
DN20502,15.766230685114207
DN20505,14.035751350438542
DN20506,16.3399
DN20508,16.302004787063215
DN2051,36.802881047972846
DN20510,19.901345124884763
DN20511,19.641760867210337
DN20514,21.59289903216388
DN20515,21.35150778878679
DN20517,20.98260681484254
DN20518,12.162705665884577
DN2052,40.971524308074414
DN20520,10.56928500543123
DN2053,45.5401
DN20531,10.24185477656188
DN2054,40.32143077350013
DN20540,8.974163951543364
DN20543,8.286447415327826
DN20545,8.093159530512981
DN2055,41.6801
DN20550,7.3967500663063435
DN20555,5.640095219533913
DN20556,1.5476872291104713
DN20559,4.974289275331598
DN2056,40.240100000000005
DN20560,2.3954295360232356
DN20565,1.128195961435559
DN20567,0.7916653499266825
DN2057,40.9101
DN20575,0.0
DN20576,3.0889713232647917
DN20580,4.344038355991098
DN20583,5.016302731021572
DN20585,10.362151209338524
DN20588,9.532869429948645
DN20590,8.599936704534723
DN20593,10.92315852929524
DN20595,11.558318674027973
DN20596,15.733268274415192
DN20597,14.905517001335198
DN20598,14.61955686197423
DN20599,14.635386588011256
DN20600,15.266402724088767
DN206001,13.518464109416223
DN206002,9.14760952559439
DN20601,3.7493658437433783
DN20602,13.555558782313138
DN20603,2.8032561012174524
DN20604,1.1918242438242568
DN20605,8.795272333691297
DN20610,7.449565959238456
DN20612,3.9381766234888333
DN20614,13.749353498542574
DN20615,3.928223514256795
DN20619,11.970151397341596
DN20620,3.5392661747006056
DN20621,3.0403782605176586
DN20622,0.0
DN20625,11.775645897835552
DN20626,2.5712527123645295
DN20630,11.683267703346068
DN20631,7.315627249030099
DN20670,12.709672827808694
DN20675,12.319199249654577
DN20676,12.890083136307751
DN20679,12.986330484353381
DN20680,12.605836981117301
DN20683,11.242638241389704
DN20684,11.184427528777674
DN20685,10.670258118680973
DN20687,9.213364455115618
DN20690,10.4122581412314
DN20691,10.4699
DN20692,10.37016872739136
DN20694,14.87637553937683
DN20695,14.31148128174657
DN20698,13.893455250601969
DN20699,12.521675707000488
DN207,0.8967766407428563
DN20700,12.448803313751997
DN20703,11.116442830717755
DN20705,10.039683848889235
DN20710,11.144082815277937
DN20715,8.714433909874469
DN20800,7.958255184633506
DN20805,7.471679116821406
DN210,0.5523107605612065
DN2101,0.4747143429047518
DN21016,12.657620122219402
DN21017,42.254659100119
DN21018,44.79282480403444
DN21019,27.2201988472399
DN2102,0.41095672787934145
DN2103,1.0917684066965516
DN2104,1.0112577585135782
DN2105,1.068400864880067
DN2205,0.05339297695201939
DN2210,0.07844724615469931
DN2215,0.07773769358440816
DN2220,0.07817208112040042
DN2225,11.68929335274388
DN2230,7.4194242464239695
DN2235,9.325923407059161
DN2240,9.222649161746101
DN2267,0.03838065746812251
DN2269,0.051922821251823015
DN2270,0.056455120252502086
DN2275,0.054875240805020126
DN2280,0.04427002707769795
DN2285,0.058272664041066874
DN2289,0.07867843660614399
DN2305,0.05567671805511877
DN2310,0.42969502780619495
DN231210,0.4269612790810151
DN231420,0.8254188893926765
DN231430,0.8329349173325536
DN231440,1.0410625428026679
DN2315,0.4393469475731474
DN2320,0.0
DN232010,0.4294174650908256
DN2325,0.0
DN23737,0.5688122727037463
DN23745,0.6830312973634387
DN23803,7.515493046213191
DN23816,6.63497784688372
DN23849,9.82530803078596
DN239330,0.5895544281247698
DN24065,19.070139259343918
DN241511,0.8157659579943329
DN241521,0.8124257541643545
DN24250,0.8040815308381717
DN242510,1.0004423460158351
DN242520,1.0207012851434225
DN243210,0.47997760045851967
DN243211,0.4947564548222043
DN243221,0.4367301394905334
DN243240,0.4788780051081324
DN243241,0.6397306419522846
DN243251,0.4366400454696705
DN243260,0.4848762058521535
DN243261,0.5073717946124914
DN243331,0.5515470699701994
DN246511,0.3033821011831608
DN246521,0.38051170012531654
DN246531,0.3737827007618518
DN246541,0.4896684828107176
DN247510,0.5457827271991473
DN247511,0.6513395129157595
DN247521,0.6045199132629562
DN247531,0.6523565156815325
DN247541,0.6690442309288731
DN247710,0.47670065693821906
DN253,3.033983149803937
DN254,0.9873069681241595
DN256,0.6669787303080428
DN258,4.569222650578678
DN260,0.45637361380422486
DN263,0.4729084626425931
DN27895,16.632819556138816
DN305,6.6015589655807165
DN310,5.423957838429989
DN311,4.847760965642117
DN313,3.093311809472616
DN3131,1.7427739605588113
DN3132,2.0243180265019394
DN3133,1.6130033543104125
DN3134,1.5171758582870376
DN3135,1.1943980662508684
DN3136,1.0973336432639647
DN315,2.1751156018721716
DN3151,1.0630726610038088
DN3152,0.8918252583246965
DN3153,0.9073656125934084
DN316,1.9456142625022081
DN317,1.614328343913451
DN3171,0.9806593356200783
DN3172,0.9334140983525145
DN3173,0.9044948890631503
DN3174,0.7585464162472169
DN321,2.202161526984841
DN322,1.4064073428624324
DN330,1.6976630052539305
DN3301,1.4860617026363299
DN3302,1.3267360361458915
DN3303,1.3806462486533844
DN3304,1.168079283739352
DN3305,1.023903362833887
DN3306,0.8538272373960791
DN3307,0.8478979214964009
DN3308,0.6107666017269947
DN353,6.485553152216816
DN354,4.416741058366313
DN356,3.721194508517831
DN360,2.631145001016834
DN365,0.5801409798247021
DN405,4.3828709181373195
DN40600,0.10777817335064015
DN40601,0.10855593418534815
DN40602,0.14251036505841674
DN40603,0.142801604012616
DN40604,0.15023658411630472
DN40605,0.15527643070890962
DN40606,0.1563321483454035
DN408,3.1587596554941113
DN40800,0.06332823036403143
DN40801,0.06121042360027776
DN4081,0.5773910128394575
DN4082,0.45214064773265006
DN4083,1.0630904370971619
DN4084,0.9844372706910465
DN4085,0.8827974379180339
DN4086,0.8140265717673261
DN4087,1.1135143142198953
DN4088,0.5866619913796702
DN410,2.071694212601548
DN4101,1.1489657243548015
DN415,2.266572977832644
DN417,2.127495155620779
DN420,2.1559667482285176
DN4201,2.550635140176163
DN4202,1.8526223140942952
DN4203,1.6884015726880532
DN423,2.163566099911039
DN424,2.1315514308710406
DN425,3.875507603836202
DN430,3.025433844503823
DN4300,2.6206719428424075
DN4301,2.1782990147145265
DN4302,1.758710962883124
DN435,1.8759465358006064
DN4351,1.8347328303372294
DN4352,1.7577565961529067
DN4353,1.6432729423388934
DN4354,1.3569443240043015
DN440,1.4622025403912966
DN4401,0.9774616669224176
DN4402,1.1038425303119936
DN4403,0.9058782080063497
DN4404,0.5671403274774114
DN450,1.590196501024077
DN4501,1.7006642473338554
DN4502,1.643919844451554
DN4503,1.6028986738591051
DN455,1.376789352565634
DN4551,1.202908154971496
DN4552,1.0903484297680723
DN4553,0.8721696320085353
DN4554,0.600576580136829
DN463,4.387379838178664
DN465,1.7962313532600063
DN466,1.509560279028623
DN480,0.6290804278371325
DN485,1.0536840945849189
DN510,4.582338685804805
DN511,3.2936991643159512
DN515,2.8962257758751813
DN5151,1.7280522143384145
DN5152,1.1152137432709197
DN520,0.32754962560999856
DN563,4.586913365224831
DN564,1.3260554437770546
DN570,5.4532310725671165
DN580,0.40668360769053735
DN605,2.762855021788953
DN610,0.5753756891464032
DN6101,0.5671382147023549
DN6102,0.6320105029611209
DN6103,0.6036270505575031
DN6104,0.1418802564063905
DN667,0.8654609785384701
DN669,0.975485220702642
DN685,0.3535863049351443
DN705,8.53774860149546
DN709,8.424383571077442
DN7091,1.7760858162562783
DN7092,0.8335606305704062
DN710,8.231365260147843
DN715,8.009282338666644
DN7150,1.950807014513901
DN7151,1.7498576371743453
DN7152,1.649606513273533
DN7153,1.4475776907491928
DN7154,2.003797863295862
DN7155,1.7862017678185271
DN71555,0.46299245794830945
DN7156,4.7734547819273265
DN7157,3.348585516219547
DN716,7.820531752393228
DN7161,0.32821325641674204
DN717,7.681655046623736
DN7171,1.0239017015786587
DN7172,0.8234740934559374
DN7173,0.7577532653520396
DN7174,0.6690270323638101
DN720,7.633451267517139
DN723,5.190592656449542
DN725,5.004557300125791
DN735,3.832823703066568
DN7351,0.8063032864248834
DN7352,0.5636922025024993
DN7353,0.0
DN736,3.6123742252677884
DN737,3.176012835929898
DN738,3.221498720781593
DN743,1.4832852543797839
DN745,1.1541610702933147
DN746,1.1313020915802592
DN747,1.132678458867436
DN748,1.1808135533146458
DN749,0.6601459649608687
DN7491,0.13746312134434652
DN7492,0.1435668472315742
DN7493,0.3273292344416139
DN750,3.863376982973149
DN7502,0.8511031508536525
DN7503,0.5993603263664489
DN7504,0.38150166956063525
DN7505,0.7471821389352999
DN7506,0.6636522773784326
DN7508,0.6162173794863841
DN7511,0.9467000887265631
DN7525,3.1229179268590936
DN7530,3.261706633120216
DN75301,0.5975990100380368
DN75302,0.7592082030813003
DN7531,3.1259644455084583
DN7532,3.0365077553065714
DN7535,2.956322330636773
DN75351,1.271326788892464
DN75352,1.0456720732104832
DN75353,0.9652549097504619
DN75354,0.7571641937726753
DN75355,0.641055112424767
DN7536,2.4559757022681232
DN7537,2.4045980662470674
DN7540,2.2416673139286347
DN75401,0.8899721077942387
DN75402,0.7778583716175351
DN75403,0.6460279654387389
DN7542,2.048657301938208
DN75421,1.4204420077734845
DN75422,1.3514499193673792
DN75423,1.2390920620690609
DN75424,1.1715165684198192
DN7543,1.6588436531108606
DN7545,1.7614569664593
DN75451,1.797506777957114
DN75452,1.4506705116979095
DN75453,0.9307943842136202
DN75454,0.820435718702042
DN7547,1.200505666338211
DN755,1.9394469424981224
DN7550,1.1253185107388197
DN75510,0.45366664739492546
DN759,4.242430418422355
DN760,1.2035233810082242
DN7601,0.8933662279789574
DN7602,0.5775620812714233
DN7603,0.4991056341291422
DN779,3.7887096781282383
DN790,19.9999
DN795,9.014333379757723
DN805,7.812200799257761
DN810,6.422328081883997
DN815,4.892037808809633
DN8150,4.641747374848068
DN8151,4.147331954697872
DN8152,3.6707639173691127
DN8153,3.2291525965616286
DN8155,5.2345777172358705
DN820,2.9929732140767324
DN823,2.10111432285298
DN825,2.665166824676209
DN840,2.3604873420080965
DN8401,2.4158166713759464
DN8402,2.440941420791159
DN8403,2.453676953031514
DN8404,2.4765258604046885
DN845,2.361182624228758
DN846,1.9433049736990218
DN847,1.8832533486000167
DN848,1.875559072539561
DN849,1.8344051540267121
DN850,1.5709007673942867
DN852,1.2124191655155352
DN853011,0.43022210393976423
DN853020,0.6568060894265517
DN853021,0.2663671470437674
DN853511,0.44977018938315905
DN853521,0.445238363213161
DN853531,0.44977018938317503
DN853541,0.405798766236823
DN853551,0.4372764469240446
DN854011,0.41055084894489835
DN854021,0.4241562193102504
DN854031,0.4456743086209498
DN854211,0.3609713020259832
DN854221,0.34703392429593627
DN854231,0.515624766422272
DN854241,0.7125888654631525
DN854511,0.35180182753758993
DN854521,0.2434688751151822
DN854531,0.45321496021327157
DN854541,0.5733340645515359
DN855,1.2762186728115115
DN855011,0.4055656050189337
DN855020,0.3599031714118653
DN855021,0.556912685792942
DN863,1.2814283867712304
DN8631,1.9077817774172643
DN8632,1.7394116873760264
DN865,1.6673172632249655
DN8651,1.791226547009618
DN8652,1.704756885361211
DN8653,1.6329189886736382
DN870,1.5623369943444332
DN887,14.147192720074557
DN888,4.209786419611373
DN893,7.1792341404825555
DN895,1.8355057972358533
DN905,5.14534933401074
DN906,4.420408601406722
DN910,3.951751811634005
DN911,2.8175254686941904
DN912,2.2512331973047788
DN915,1.8945180155724621
DN918,1.4752843458541474
DN920,0.9451993856430589
DN923,0.48436211114015604
DN925,0.5453114093299887
DN927,0.4748887640652891
DN9290,0.06888970185212437
DN9291,0.06532633417012154
DN9292,0.05397037589450709
DN9293,0.26886839133015256
DN9294,0.2539151642450922
DN9295,0.051154624955366726
DN930,0.4464864353181044
DN9300,0.5914281358676212
DN9301,0.6275008988420139
DN9302,0.41659924623959554
DN933,1.3742312203870282
DN9331,1.407067497373474
DN935,1.2736922468006613
DN9350,0.4814497376867455
DN9351,0.8099408660872687
DN9352,0.5886668295298927
DN9353,1.3454051412882135
DN9354,1.0560713732119362
DN93541,0.02854424879179979
DN93542,0.0
DN93543,0.0
DN9355,0.9992105960561346
DN9356,1.0523570016338428
DN9357,0.7365006430456837
DN9358,0.581745547776261
DN93580,0.015998697740195324
DN93581,0.041488591890904467
DN93582,0.03192241943968148
DN9359,0.6023579276465623
DN940,0.1899165032738348
DN945,0.5285999249940114
DN97,15.917585576210406
DN98,25.4001
DN988,4.426557485338463
DN990,25.5601
DN994,18.2201
DN995,7.534428157160561
DN997,0.8579131494458565
DN998,0.9561296544320622
DN999,1.0465250246562179
DNNE_04,13.337997617367717
DNNE_05,15.423291256032345
DNNE_07,8.275857286319974
DNNE_08,23.970819827363737
DNNE_08a,16.19139587927674
DNNE_09,15.405391560677327
DNNE_09a,15.02319702409197
DNNE_1,22.908954450293027
DNNE_10,20.184827657799133
DNNE_11,17.239680844312574
DNNE_12,21.767059244576807
DNNE_12a,23.003712884134664
DNNE_1a,23.410406930374123
DNNE_6,17.66044688106468
DNNE_6a,15.95857156131807
DNNE2,17.69473458165956
DNNE2a,19.686820792689623
DON-1,17.8
DON-3,9.477117439107907
DS_BackwaterGates,23.0220795768452
DS_Woodmere,0.003786133166447275
DSScreen1-4,22.801886799646596
Dummy1,0.0
Dummy2,0.0
DUMMY3030N,2.842165810408848
EPNE-10,23.62
EPNE-11,22.916344655783046
EPNE-12,22.74939069902412
EPNE-16,13.264408686917278
EPNE-17,12.709587039070648
EPNE-18,12.87
EPNE-19,11.93
EPNE-2,24.10348497687454
EPNE-20,11.87
EPNE-21,11.77
EPNE-22,11.3
EPNE-3,23.85
EPNE-4,23.73
EPNE-5,24.84
EPNE-6,24.33
EPNE-7,23.93
EPNE-8,24.53
EPNE-9,24.38
EPNE-ST-1,19.61
EPNE-ST-2,19.07
EPNE-ST-3,18.83
EPNE-ST-4,18.59
EPNE-ST-5,18.3
EPNE-ST-6,18.01
EPNE-ST-7,17.71
EPNE-ST-8,17.42
EPNE-ST-9,18.07
epSFIT44709,9.132935008731055
epSFIT46447,10.09246862531559
epSFIT52599,16.239526904697932
epSFIT61228,12.72553416176346
epSFIT62375,12.826073623526508
epSMH00157,14.890718605182402
epSMH00663,26.167400671275004
epSMH00907,14.268627444913818
epSMH01185,1.8279834193547844
epSMH01470,15.877511799833293
epSMH01638,11.000898500321284
epSMH01960,12.091267010455434
epSMH02011,8.904739904365385
epSMH02199,19.06132114416183
epSMH02664,13.22382806566499
epSMH02677,13.966339944886492
epSMH03488,13.124782495679163
epSMH03538,4.092577276586477
epSMH03755,19.405670925678216
epSMH03757,11.828502759937805
epSMH03869,1.0254347611308003
epSMH04069,14.195523129051306
epSMH04371,18.730982617634552
epSMH04392,17.745978176339204
epSMH04493,22.106987737281337
epSMH04728,9.980422006445329
epSMH04777,14.013963351617878
epSMH04861,13.959309518109837
epSMH05128,17.997795138031293
epSMH05871,26.27543972921083
epSMH06092,7.713520960266978
epSMH06098,7.466173397373447
epSMH06547,16.902524405403703
epSMH06649,32.90153778370214
epSMH06885,20.433312366461784
epSMH07162,1.6837375442959241
epSMH07205,1.7595180823387615
epSMH07255,3.5686597639185456
epSMH07322,10.51086820209705
epSMH07354,12.600153748067363
epSMH07357,1.392228522053779
epSMH07368,14.17023515219418
epSMH07440,13.577056892880035
epSMH07775,9.779777025979442
epSMH07818,1.5046276155313834
epSMH07839,3.0633943368327166
epSMH08166,1.756306517594834
epSMH08197,9.270339650855616
epSMH08218,17.474000682518856
epSMH08358,21.953522306401588
epSMH08488,14.549900000000001
epSMH08954,12.136697642836115
epSMH09205,13.838851238551431
epSMH09206,16.34657740286236
epSMH09230,12.030439378653451
epSMH09257,1.602552421155755
epSMH09711,16.319104432173276
epSMH09714,18.328566465952697
epSMH09720,14.903335129148779
epSMH09753,25.282009703499597
epSMH10061,1.8048373173288648
epSMH10325,12.553544216199054
epSMH10521,0.4929558481186422
epSMH10694,16.499694671346738
epSMH11012,18.333387514201224
epSMH11091,16.790622591332486
epSMH11163,16.239271906915512
epSMH12034,10.4101
epSMH12057,21.422043473955526
epSMH12059,27.379463563622913
epSMH12311,25.968079741421604
epSMH12468,11.200792410482777
epSMH12639,15.953711263607117
epSMH12733,13.494969248473652
epSMH13872,8.500132986893366
epSMH13945,11.20568980996191
epSMH13951,7.140368202649315
epSMH14058,7.334315015589343
epSMH14233,11.296009530306605
epSMH14290,13.575757206483154
epSMH14298,13.05689895063168
epSMH14374,13.3099
epSMH14392,1.3734522921436256
epSMH14490,0.6678193189577601
epSMH14790,8.716466312811349
epSMH15747,14.742110170192298
epSMH15901,1.0365900697877994
epSMH16595,11.710329075823758
epSMH16860,12.052194120152373
epSMH17128,1.422744118826608
epSMH17309,16.38427525017252
epSMH17414,10.653492700949322
epSMH17533,28.065907658115936
epSMH17613,23.290945529605054
epSMH17753,17.70312181616913
epSMH18118,16.776674198145436
epSMH18185,13.167087888316033
epSMH18288,6.915673360813246
epSMH18290,5.672913662458144
epSMH19077,11.005823000893436
epSMH19288,12.494966726205153
epSMH19302,10.087673821337834
epSMH19354,16.134833868522534
epSMH19636,22.357627026582673
epSMH19645,25.906413781159657
epSMH19692,9.953969434025455
epSMH20230,14.854406469668167
epSMH20319,1.766046247721044
epSMH20480,16.197990364581788
epSMH20574,13.59580862416096
epSMH20693,12.196620984581285
epSMH20720,11.377474006342979
epSMH21015,11.69098305350888
epSMH21339,18.900170202300842
epSMH21347,5.154897425404551
epSMH21519,0.533861064728709
epSMH21549,16.26017075646677
epSMH21620,13.851160289791961
epSMH22420,11.953636397567761
epSMH22497,0.5509308099289643
epSMH23174,0.9375076607134615
epSMH23464,0.41704346851747054
epSMH23476,0.9197679858971637
epSMH23748,17.87692902676187
epSMH24038,20.175254659001446
epSMH24053,20.415330915880197
epSMH24097,10.869344815457938
epSMH24177,13.109225722974916
epSMH24501,11.583885090353974
epSMH24562,11.94041977023104
epSMH24746,20.1201
epSMH24801,14.284945617598634
epSMH24814,14.934024391948526
epSMH24961,13.5801
epSMH25510,27.20723042963659
epSMH25542,10.080079468638845
epSMH25796,13.1499
epSMH26370,17.5699
epSMH26450,21.472042680353717
epSMH26478,21.83304857537081
epSMH26958,16.76559941661962
epSMH26959,17.142310213082645
epSMH26983,1.2557444688426807
epSMH27103,8.939091139747223
epSMH27188,1.9180285481192683
epSMH27197,13.952944385272339
epSMH27257,11.98773788410542
epSMH27293,18.484586032959747
epSMH27494,2.5554413296551766
epSMH27588,0.6639711969397588
epSMH27590,1.4034794269437727
epSMH27598,1.0482880808058797
epSMH27618,11.65215372587416
epSMH27619,7.960147820343289
epSMH27620,13.66815768012809
epSMH27671,0.9910118822335965
epSMH27673,0.9504773684812005
epSMH27676,7.478171210337374
epSMH27683,1.7482689932766395
epSMH27768,25.934362640899813
epSMH27940,12.094451083405328
epSMH27991,8.9901039918071
epSMH28036,17.810270097588987
epSMH28244,15.826160625217913
epSMH28384,17.0299
epSMH28495,1.7250041425896987
epSMH28527,15.37052016386739
epSMH28709,12.930430001813225
epSMH28710,11.960792627929504
epSMH28765,4.046976507543783
epSMH28955,14.57771425075006
epSMH29491,26.476565959698057
epSMH29701,12.743288970046393
epSMH29750,11.628447504306347
epSMH29751,13.868813615883742
epSMH29755,0.6847356584362941
epSMH29992,10.113368306544285
epSMH30035,11.632366500960664
epSMH30267,11.566889366974877
epSMH30281,2.1780398356303587
epSMH30508,18.85861536552912
epSMH30606,18.87797022376835
epSMH30675,13.035565567163934
epSMH31004,11.471378960036706
epSMH31040,18.922219003323047
epSMH31164,26.7001
epSMH31287,12.467031372897415
epSMH31527,12.211156644553157
epSMH31566,12.366151740387842
epSMH31959,29.31251700750834
epSMH32265,29.081266248519384
epSMH32387,1.6817589296944542
epSMH32980,28.05023674351579
epSMH33720,15.990970985699743
epSMH33750,2.090866312518802
epSMH33864,20.566263791529096
epSMH33934,3.303159936370223
epSMH33952,6.0726364717552395
epSMH34000,10.743439928440123
epSMH34087,16.5001
epSMH34208,11.030217778579363
epSMH34316,11.785536496692792
epSMH34336,12.24034380243754
epSMH34362,13.1599
epSMH34369,7.460655244914917
epSMH34388,2.916804097024098
epSMH34459,1.7356808214369093
epSMH34471,11.911344897478141
epSMH34553,27.18420455282311
epSMH34607,14.23965212121638
epSMH34931,16.239904001427057
epSMH35317,0.6205563292933602
epSMH35408,10.436429425625493
epSMH35766,10.000108038083715
epSMH35873,0.9119532202073167
epSMH35898,1.260190293161354
epSMH36498,11.109173908819852
epSMH36505,11.005560447170264
epSMH36602,11.425550622247137
epSMH36618,4.389504982914307
epSMH37056,14.206143694573353
epSMH37314,15.62361625914527
epSMH37442,16.8297570697548
epSMH37443,15.876587561061772
epSMH37520,15.268185127732924
epSMH37705,0.7472730612616444
epSMH37902,13.238253084759984
epSMH37953,10.0001
epSMH38203,11.1901
epSMH38280,11.441082751066213
epSMH38301,11.011359234770925
epSMH38801,25.323878840768334
epSMH38849,27.37356327923695
epSMH39176,3.8309516162606365
epSMH39355,10.161284242350783
epSMH39591,28.41396396469053
epSMH39829,29.452860745805367
epSMH40276,13.103178832855695
epSMH40406,16.665819133111206
epSMH40575,10.8099
epSMH40579,8.074598696694533
epSMH40608,14.115594871251218
epSMH40639,11.327894218750505
epSMH40729,12.385906801893853
epSMH40732,7.394436269871814
epSMH40736,11.1099
epSMH40775,11.80014504459172
epSMH40835,13.950099999999999
epSMH40858,14.204768757210346
epSMH40872,17.482148006835125
epSMH40881,17.663570186957315
epSMH41126,19.772574108944468
epSMH41136,12.730100430874204
epSMH42363,13.35430849669773
epSMH42365,12.250186619397379
epSMH42469,18.72280378240678
epSMH42635,16.01242250112142
epSMH43389,0.894923472054223
epSMH43735,0.90547852565197
epSMH44145,16.37084788034329
epSMH44243,6.068225346775312
epSMH44280,14.29558624203348
epSMH44329,19.78476992872578
epSMH44446,19.81671284575598
epSMH44593,9.303155879473533
epSMH44625,17.392575530184764
epSMH45188,15.260769564010324
epSMH45219,23.011889869851274
epSMH45978,12.699330295642987
epSMH46043,12.8001
epSMH46170,11.274557784351126
epSMH46744,36.74389938768317
epSMH47090,11.77758121100216
epSMH47144,13.880445653851055
epSMH47400,10.960112331777601
epSMH47413,11.360226143150397
epSMH47441,12.020265499491488
epSMH47558,9.921021003669036
epSMH47778,10.547799625864586
epSMH47880,0.044862452368786235
epSMH47890,12.780214752004206
epSMH47987,7.6006924871770165
epSMH47989,11.057089038149762
epSMH48243,8.810667567812054
epSMH48261,15.449339726758314
epSMH48280,9.825118714720938
epSMH48377,21.798171979486852
epSMH48825,5.773761356900175
epSMH49106,22.926774703607165
epSMH49198,13.442224309579895
epSMH49749,17.625994824422254
epSMH50005,0.8194007340701082
epSMH50014,13.923557430522797
epSMH50260,2.069409584090872
epSMH50288,10.12929636395318
epSMH50338,13.180963420325746
epSMH50427,1.7079507640357217
epSMH50953,28.0092872401475
epSMH50959,11.35072139792833
epSMH50979,9.621114657943522
epSMH51044,9.743754126195537
epSMH51110,7.956598238434973
epSMH51615,18.710105098291358
epSMH51769,22.259900000000002
epSMH52139,24.376592442763638
epSMH52433,20.182984993651356
epSMH52435,17.434543879995104
epSMH52668,10.244564726341224
epSMH52747,13.614219544091496
epSMH53083,17.62999318147451
epSMH53213,18.82517538306947
epSMH53352,24.711686014549503
epSMH53779,12.880314352269034
epSMH53883,21.1747154638179
epSMH54181,7.411809953555173
epSMH54221,14.841456497707288
epSMH54254,23.692381297857754
epSMH54653,5.078837127345577
FCEMH01,18.17888636569827
FCEMH02,22.158676983677296
FCEMH03,19.64959767101471
FCEMH04,23.345269374631705
FCEMH05,20.953044302809317
FCEMH06,20.11195414394012
FCEMH07,19.919177687027066
FCEMH08,18.92286025576233
FCEMH09,18.280645910565237
FCEMH10,17.537659632595222
FCEMH11,17.230160852176958
FCEMH12,18.019569406195757
FCEMH13,17.475417997825616
FCEMH14,18.038193006575444
FCEMH15,18.940781139371495
FCEMH16,17.64441290647204
FCEMH17,17.810036716917846
FJ1,0.23288232231531458
FRZ-1,3.1008315327538813
FRZ-10,3.678492045163847
FRZ-11,3.5577201763597737
FRZ-12,3.15437459679918
FRZ-13,2.9753634439806915
FRZ-14,2.549039224114683
FRZ-15,1.8806291000186455
FRZ-2,3.2468764145329407
FRZ-3,3.136142906733051
FRZ-4,3.195585710179392
FRZ-5,3.009786108701128
FRZ-6,3.529308868109495
FRZ-7,3.252722131313604
FRZ-8,3.125982079666289
FRZ-9,3.5841728649250664
GASC-1,12.472611191415476
GASC-2,16.4
GASC-4,10.42465287017626
GPI-02,6.9627818352763065
GPI-03,6.964379491740273
GPI-04,6.954461564541339
GPI-05,6.95276462347149
GPI-06,6.990332504254551
GPI-07,7.040805792491061
GPI-08,7.082715003622159
GPI-09,7.133101493373834
GPI-10,7.182324734883566
GPI-11,7.204528745344472
GPI-12,7.302262662769492
GPI-13,7.361626562521133
GPI-14,7.3820651392565
GPI-15,7.499910496921545
GPS-1,0.5772888365575363
GPS-10,0.5793147823207032
GPS-11,0.7140962521382359
GPS-12,0.6760660921988444
GPS-13,0.598434327016609
GPS-14,0.5221774834199017
GPS-15,0.515276855875672
GPS-16,0.5161394141509237
GPS-17,0.5339692118263775
GPS-18,0.38577233507270026
GPS-19,0.31701785192533705
GPS-2,0.5757444553106099
GPS-20,0.31667580764988323
GPS-3,0.5779224657452205
GPS-4,0.5773317536225634
GPS-5,0.5779799043794831
GPS-6,0.5780480758946611
GPS-7,0.5784222757840025
GPS-8,0.5786742390933626
GPS-9,0.5790063134992829
GPS-MeterChamber,13.060179866411621
GWK_105110,9.723435181009851
GWK_105195,0.370824094219638
GWK_105197,6.2826309003410845
GWK_105198,6.740615366535186
GWK_105199,3.5079715104984914
GWK_105250,7.5454462797088695
GWK_105251,1.1407157383314783
GWK_106060,1.575932348627806
GWK_106080,1.8743833524458289
GWK_106120,0.971380692684231
GWK_106140,1.6128388227034614
GWK_106170,1.3709865822171814
GWK_106190,1.7383829449091732
GWK_106241,2.558429651551633
GWK_106270,2.6569713390216396
GWK_107050,1.8871013406734778
GWK_107051,1.53232275033064
GWK_107053,0.32949907609041973
GWK_107070,7.695671276712407
GWK_207051,39.823106484876284
GWK_4010,40.60681114474693
GWK_4020,38.42315221771211
GWK_4030,36.550696667272206
GWK_4040,34.8003384631603
GWK_4050,33.65144697178489
GWK_4060,32.946309094719936
GWK_4070,32.79356226786355
GWK_4080,32.73006707693949
GWK_4085,28.072275935331348
GWK_4090,22.3
GWK_4120,5.258725693441118
GWK_4130,3.7694366324610717
GWK_4140,29.49084976114382
GWK_5010,38.38
GWK_5020,36.6
GWK_5030,41.32
GWK_5040,39.17
GWK_5060,37.76
GWK_5070,35.2
GWK_5080,33.7
GWK_5090,26.92
GWK_5110,34.74377567757695
GWK_5120,34.0
GWK_5130,34.56
GWK_5140,31.79
GWK_5150,32.67
GWK_5160,37.4
GWK_5165,37.23
GWK_5190,29.775246897195586
GWK_5193,28.199502324754384
GWK_5195,32.58869428528451
GWK_5220,33.1
GWK_5240,32.0
GWK_5243,18.671222341806885
GWK_5250,28.097312923141892
GWK_5270,34.3
GWK_5275,31.45
GWK_5280,27.68
GWK_5300,25.778244585368952
GWK_5310,23.483593683161523
GWK_5340,22.340423474734727
GWK_5350,22.58277592468101
GWK_6010,0.6465007554801077
GWK_6020,17.671859769595702
GWK_6030,14.33024741530742
GWK_6040,17.128428746615604
GWK_6050,15.901387339292148
GWK_6060,19.032005717180333
GWK_6070,20.0953631199184
GWK_6080,16.095513478161752
GWK_6090,13.764326707636373
GWK_6100,13.766686122220158
GWK_6110,12.610147918803225
GWK_6120,19.94907478400956
GWK_6140,17.665650454762087
GWK_6150,16.947065245063413
GWK_6160,14.996649476764322
GWK_6170,11.999348283115609
GWK_6180,9.814221195339808
GWK_6190,18.04903378297268
GWK_6200,18.997142945827612
GWK_6210,20.769457776681527
GWK_6220,13.693440655036433
GWK_6230,17.64791008691119
GWK_6240,17.089738500745987
GWK_6250,17.805037279467157
GWK_6260,17.410579113707932
GWK_6270,29.34017303950135
GWK_6280,16.878897957239747
GWK_6287,28.16032946215479
GWK_6290,0.4887668750451539
GWK_6300,0.6148841320373716
GWK_6310,0.17214472861369084
GWK_6320,0.1677655093252568
GWK_6330,0.4377060136822907
GWK_6340,0.19949936610118701
GWK_6350,0.26812540907082905
GWK_6360,33.17811057046124
GWK_6370,22.25
GWK_6380,17.47
GWK_7050,29.23716943785978
GWK_7055,27.50887578343186
GWK_7060,30.9292977334326
GWK_7063,32.48402308403513
GWK_7067,29.49832877784729
GWK_7070,25.184894020077607
GWK_7080,28.90058084790205
GWK_7090,31.556390344780723
GWK_7100,22.646515123702066
H1000,22.174495241333496
H1010,14.820320813655979
H1020,16.341737392281047
H1050,13.589054815231972
H1060,12.440389710333953
H1070,12.917126644781842
H1080,15.49144007141188
H1100,17.351297592200652
H1105,17.53248993302214
H1110,16.115884986569036
H1115,17.07810199026288
H1120,17.36331430089919
H1130,17.512562366634413
H130,28.437590812199176
H131,28.556567389109944
H140,28.760361117149834
H150,29.180438584326144
H1530,12.046598883717142
H200,30.337095511514185
H300,29.115706761579865
H3210,29.421737221643518
H3211,6.963296952822494
H3212,8.387743254988225
H3215,9.816919263897377
H3220,12.210251043856099
H3300,13.74103222432434
H3400,22.53115587386711
H3500,22.776708481867402
H3600,24.419936849257795
H3610,25.655216782672017
H3620,28.102707891909667
H3700,29.11180438365146
H3800,34.832188371101836
H3900,34.36456813662026
H400,27.822089615064385
H410,24.69646944714703
H420,19.099851994743666
H430,16.357424683948764
H4390,14.373259469456546
H44000,28.110087984678824
H4420,14.343438516659694
H4430,14.273369814039704
H4450,14.193214196855745
H4460,14.12733196198297
H4470,14.051317065577386
H4500,13.990554689533484
H4505,11.769898248378807
H4510,11.94102806104349
H4520,12.24677152363028
H4600,13.888046707594848
H4700,17.8804666643226
H4800,18.596988188232544
H4801,20.335023596647844
H4802,19.91091815476532
H4850,19.030205591982885
H4900,19.30132521805799
H500,28.203160272377552
H5000,19.374501338346356
H5010,19.464560806928525
H6000,19.666687212026584
H6010,19.2754091947455
H6020,19.13772472191794
H6030,18.93517174751089
H6040,18.561422115738218
H6050,18.387781104075373
H6055,18.218834566967026
H6060,18.147549351039693
H6070,18.03021608583694
H6100,24.949329398910827
H6110,24.104084805481413
H6300,20.11548826970052
H6400,21.617405601319987
H6405,20.621078387077283
H6410,20.18302591457956
H6415,20.6879054374297
H6416,21.72822904167915
H6417,23.31711921249972
H6420,26.376770827828132
H6440,22.744098211580955
H6450,23.18779705118407
H6460,22.436346771555712
H6500,21.629508278210004
H700,27.330012167357477
H7000,25.22703800676581
H7004,22.51529485812601
H7005,21.863721638827524
H7010,22.622565643654358
H7020,14.081024312361603
H7023,14.694236745155969
H7025,14.540582257902225
H7026,14.511484278182632
H7030,14.54962455373234
H7050,13.364232057671494
H710,27.951479418800155
H7100,13.475305081245098
H7150,14.771208607803509
H716,11.367029258546719
H720,29.772629108837414
H7200,16.39049605438992
H725,14.244255821100948
H730,10.87457232325591
H7300,14.274532885056516
H7350,12.160377737723318
H800,33.97980862387389
H8000,24.81012271541364
H8005,24.903202012099264
H8006,25.30381560696849
H801,28.88256426342739
H8010,23.926753438396638
H8050,25.496148422370666
H810,20.652246992105326
H8100,24.434210072619983
H8150,17.42356196934971
H820,15.970746575368775
H8200,19.117437659285212
H8210,19.2482990050292
H825,9.847557391306484
H826,7.822810215716318
H830,10.942030364118231
H8300,15.553886216413751
H8310,11.172412148876857
H8315,10.169449089349474
H8400,14.351908764811878
H8410,10.900259622951953
H8415,9.414778805999566
H8500,23.50437014672557
H8600,26.0001
H8700,25.651830148471483
H8800,27.35016393144936
H8801,13.204158656541523
H8810,26.01010737664305
H8815,25.568333663123532
H900,24.60084237927711
H9200,21.903100330372766
H9300,22.72713759650256
H950,15.775234692816174
H955,15.921044031985716
HAR-11,18.881204236460405
HAR-12,18.758716142907293
HAR-13,18.299770019017974
HAR-14,19.546543655830313
HAR-15,16.774900302012675
HAR-16,16.34
HAR-18,15.05
HAR-19,15.285212272803022
HAR-2,16.629834872824908
HAR-20,10.17
HAR-21,6.24
HAR-3,16.42588823419581
HAR-4,15.820808451101655
HAR-5,14.908262250867555
HAR-6,13.915282990077298
HAR-7,12.98985221064508
HAR-8,12.462474720310441
HAR-9,11.2
HEL-10,6.81
HEL-2,16.757863977661643
HEL-3,16.649999456648814
HEL-4,17.566323855637123
HEL-5,17.5
HEL-6,16.39
HEL-7,14.54
HEL-8,14.1
HEL-9,10.23
Hoffman1,2.89892315864563
Hoffman2,0.0
Hoffman3,0.0
HRSDS_INT_NSTS_I_MH1-01,1.0898067873981496
HRSDS_INT_NSTS_I_MH1-02,1.0053088268508512
HRSDS_INT_NSTS_I_MH1-03,1.04380718956573
HRSDS_INT_NSTS_I_MH1-04,0.9296592052208956
HRSDS_INT_NSTS_I_MH1-05,0.9362015318338971
HRSDS_INT_NSTS_I_MH1-06,0.9409942901295536
HRSDS_INT_NSTS_I_MH1-07,0.9633305546329434
HRSDS_INT_NSTS_I_MH1-08,0.6852941742089684
HRSDS_INT_NSTS_I_MH1-09,0.8643661028952515
HRSDS_INT_NSTS_I_MH1-10,0.804276441047624
HRSDS_INT_NSTS_I_MH1-11,0.6606360776806878
HRSDS_INT_NSTS_I_MH1-12,0.7097839200953624
HRSDS_INT_NSTS_I_MH1-13,1.0013198701358665
HRSDS_INT_NSTS_I_MH1-14,0.9923806020319792
HRSDS_INT_NSTS_I_MH1-15,0.9947157685513323
HRSDS_INT_NSTS_I_MH1-16,1.1708110193693402
HRSDS_INT_NSTS_I_MH1-17,0.8161837376792289
HRSDS_INT_NSTS_I_MH1-18,0.4870082633808649
HRSDS_INT_NSTS_I_MH1-19,1.109722826203387
HRSDS_INT_NSTS_I_MH1-20,1.0718265096695707
HRSDS_INT_NSTS_I_MH1-21,0.9263040025217764
HRSDS_INT_NSTS_I_MH1-22,0.9166763930218129
HRSDS_INT_NSTS_I_MH1-23,0.9424415742590297
HRSDS_INT_NSTS_I_MH1-24,0.4467152121415079
HRSDS_INT_NSTS_I_MH1-25,1.0218323278404964
HRSDS_INT_NSTS_I_MH1-26,0.9500410892791515
HRSDS_INT_NSTS_I_MH1-27,0.9250046717336197
HRSDS_INT_NSTS_I_MH1-28,0.919431988834303
HRSDS_INT_NSTS_I_MH1-BT,0.7463351862292329
HRSDS_INT_NSTS_II_MH2-29,1.1759173248815116
HRSDS_INT_NSTS_II_MH2-30,0.9160651546738903
HRSDS_INT_NSTS_II_MH2-31,0.9137711178849595
HRSDS_INT_NSTS_II_MH2-32,0.9188278641978809
HRSDS_INT_NSTS_II_MH2-33,0.9082481530470474
HRSDS_INT_NSTS_II_MH2-34,0.8966025431486898
HRSDS_INT_NSTS_II_MH2-35,0.8995132575679636
HRSDS_INT_NSTS_II_MH2-36,0.893102695614659
HRSDS_INT_NSTS_II_MH2-37,0.8921421645125818
HRSDS_INT_NSTS_II_MH2-38,0.8967057729741026
HRSDS_INT_NSTS_II_MH2-39,0.8890015606402906
HRSDS_INT_NSTS_II_MH2-40,0.8929171736490096
HRSDS_INT_NSTS_II_MH2-41,0.8951447062110677
HRSDS_INT_NSTS_II_MH2-42,0.8893263154892748
HRSDS_INT_NSTS_II_MH2-43,0.8967354214745051
HRSDS_INT_NSTS_II_MH2-44,0.8418420071626794
HRSDS_INT_NSTS_II_MH2-45,0.8255802666675036
HRSDS_INT_NSTS_II_MH2-46,0.8214907805909247
HRSDS_INT_NSTS_II_MH2-47,0.8239481766141543
HRSDS_INT_NSTS_II_MH2-48,0.7874291224599973
HRSDS_INT_NSTS_II_MH2-49,0.789721982649161
HRSDS_INT_NSTS_II_MH2-50,0.7855495224647789
HRSDS_INT_NSTS_II_MH2-51,0.785697572877647
HRSDS_INT_NSTS_II_MH2-52,0.7852856445118594
HRSDS_INT_NSTS_II_MH2-53,0.7849906530056785
HRSDS_INT_NSTS_II_MH2-54,0.7853168380310586
HRSDS_INT_NSTS_II_MH2-55,0.7833340752929252
HRSDS_INT_NSTS_II_MH2-56,0.7826540602380666
HRSDS_INT_NSTS_II_MH2-57,0.44023581327697253
HRSDS_INT_NSTS_II_MH2-58,0.39596921452266864
HRSDS_INT_NSTS_II_MH2-59,0.3913465870040791
HRSDS_INT_NSTS_II_MH2-60,0.4258892108638333
HRSDS_INT_NSTS_II_MH2-61,0.43997968205460547
HRSDS_INT_NSTS_II_MH2-62,0.39721570333956624
HRSDS_INT_NSTS_II_MH2-63,0.39776313126445173
HRSDS_INT_NSTS_II_MH2-64,0.412214308791239
HRSDS_INT_NSTS_II_MH2-65,0.37623083270679825
HRSDS_INT_NSTS_II_MH2-66,0.37580844992499873
HRSDS_INT_NSTS_II_MH2-67,0.3989265630143746
HRSDS_INT_NSTS_II_MH2-68,0.36945197420161213
HRSDS_INT_NSTS_II_MH2-69,0.35421142949346074
HRSDS_INT_NSTS_II_MH2-70,0.32602290575858395
HRSDS_INT_NSTS_II_MH2-71,0.3253314381508041
HRSDS_INT_NSTS_II_MH2-72,0.3264297262145833
HRSDS_INT_NSTS_II_MH2-73,0.3522261850137728
HRSDS_INT_NSTS_II_MH2-74,0.3209817779997254
HRSDS_INT_NSTS_II_MH2-75,0.3216361341463765
HRSDS_INT_NSTS_II_MH2-76,0.3213677598602004
HRSDS_INT_NSTS_II_MH2-77,0.32050150543053835
HRSDS_INT_NSTS_II_MH2-78,0.32059302087459035
HRSDS_INT_NSTS_II_MH2-79,0.3192333707665984
HRSDS_INT_NSTS_II_MH2-80,0.5310485321266233
HRSDS_INT_NSTS_II_MH2-81,0.6805969610222335
HRSDS_INT_NSTS_II_MH2-82,0.550069168064413
HRSDS_INT_NSTS_II_MH2-82_BT,0.5881088547102058
HRSDS_INT_NSTS_II_MH2-83,0.5376966923676367
HRSDS_INT_NSTS_II_MH2-84,0.5333332754928979
HRSDS_INT_NSTS_II_MH2-85,0.5322689657538939
HRSDS_INT_NSTS_II_MH2-86,0.5313585214458217
HRSDS_INT_NSTS_II_MH2-87,0.4438185110982821
HRSDS_INT_NSTS_II_MH2-88,0.44277553871625663
HRSDS_INT_NSTS_II_MH2-89,0.43589777495979454
HRSDS_INT_NSTS_II_MH2-90,0.4352083063034563
HRSDS_INT_NSTS_II_MH2-91,0.43541945777554447
HRSDS_INT_NSTS_II_MH2-92,0.4354121419264184
HRSDS_INT_NSTS_II_MH2-93,0.4348665399573274
HRSDS_INT_NSTS_II_MH2-93A,0.43582922401478263
HRSDS_INT_NSTS_II_MH2-93B,0.5223581592635624
HRSDS_INT_NSTS_II_MH2-94,0.4350402814291659
HRSDS_INT_NSTS_II_MH2-95,0.35369253520044097
HRSDS_INT_NSTS_II_MH2-96,0.36336041106354283
HRSDS_NTE1_I_MH1-01,0.5700512039581289
HRSDS_NTE1_I_MH1-02,0.5674481791477002
HRSDS_NTE1_I_MH1-03,0.5302167060263772
HRSDS_NTE1_I_MH1-04,0.7408282076023776
HRSDS_NTE1_I_MH1-05,0.6977180150525129
HRSDS_NTE1_I_MH1-06,0.729401569045431
HRSDS_NTE1_I_MH1-07,0.5927602286596867
HRSDS_NTE1_I_MH1-08,0.593566458676869
HRSDS_NTE1_I_MH1-08_BT,0.5920302992248182
HRSDS_NTE1_I_MH1-09,0.5912691296779982
HRSDS_NTE1_I_MH1-10,0.5927171231673454
HRSDS_NTE1_I_MH1-11,0.5907247167207423
HRSDS_NTE1_I_MH1-12,0.5895091997175335
HRSDS_NTE1_I_MH1-13,0.5890766130673226
HRSDS_NTE1_I_MH1-14,0.5996775563170935
HRSDS_NTE1_I_MH1-15,0.5490719295315825
HRSDS_NTE1_I_MH1-16,0.5566308131847486
HRSDS_NTE1_I_MH1-17,0.5539191464815116
HRSDS_NTE1_I_MH1-18,0.5545197773829613
HRSDS_NTE1_I_MH1-19,0.546678888466565
HRSDS_NTE1_I_MH1-20,0.5512085980595738
HRSDS_NTE1_I_MH1-21,0.4860595965202783
HRSDS_NTE1_I_MH1-22,0.5229107719066697
HRSDS_NTE1_I_MH1-23,0.4444928788419298
HRSDS_NTE1_I_MH1-24,0.43851256406760664
HRSDS_NTE1_I_MH1-25,0.44012687887774304
HRSDS_NTE1_I_MH1-26,0.4417682956445295
HRSDS_NTE1_I_MH1-27,0.43788805949517595
HRSDS_NTE1_I_MH1-27_NewMH1,0.43834903946853354
HRSDS_NTE1_I_MH1-27_NewMH2,0.4368283832549763
HRSDS_NTE1_II_MH2-28,0.4299381080621061
HRSDS_NTE1_II_MH2-29,0.42592104613676834
HRSDS_NTE1_II_MH2-30,0.6699744534400343
HRSDS_NTE1_II_MH2-31,0.6152861694564105
HRSDS_NTE1_II_MH2-32,0.5984095638453517
HRSDS_NTE1_II_MH2-33,0.588369267627822
HRSDS_NTE1_II_MH2-34,0.4183495982975043
HRSDS_NTE1_II_MH2-35,0.4774470230249337
HRSDS_NTE1_II_MH2-36,0.4623832811206806
HRSDS_NTE1_II_MH2-37,0.4379489672312298
HRSDS_NTE1_II_MH2-38,0.30684111718959584
HRSDS_NTE1_II_MH2-38_NewMH,0.6262212691869127
HRSDS_NTE1_II_MH2-39,0.3860067094385695
HRSDS_NTE1_II_MH2-40,0.335874117236168
HRSDS_NTE1_II_MH2-41,0.3151608842691667
HRSDS_NTE1_II_MH2-42,0.3724182810525154
HRSDS_NTE1_II_MH2-43,0.3338779641995523
HRSDS_NTE1_II_MH2-44,0.3503962200092351
HRSDS_NTE1_II_MH2-45,0.27386716366365793
HW-2,10.908257649874779
HW-3,1.2763616780894815
HW-4,1.348749182620701
HW-5,2.8423231971797556
HW-6,3.504920428733807
Input_RN_LC004_Com_DearbornHgts,1.4721869276155688
Input_RN_LC007_Com_DearbornHgts,2.1765566299414454
Input_RN_LC009_Com_DearbornHgts,1.3661439234560993
Input_RN_LC010_Com_DearbornHgts,1.7770027068662002
Input_RN_LC011_Com_DearbornHgts,0.861767041012573
Input_RN_LC012_Com_DearbornHgts,1.5158736717355052
Input_RN_LC013_Com_DearbornHgts,1.0593766505433568
Input_RN_LC016_Com_DearbornHgts,0.7578415028383243
Input_RN_LC017_Com_DearbornHgts,0.6979802748252626
Input_RN_LC022_Com_DearbornHgts,0.5587448848988934
Input_RN_LC023_Com_DearbornHgts,0.6455964886144161
Input_RN_LC028_Com_Inkster,1.437056673821751
Input_RN_LC029_Com_Inkster,0.9393135244338606
Input_RN_LC031_Com_Inkster,0.6610754658793709
Input_RN_LC043_Com_Inkster,0.8320502251953147
Input_RN_LC045_Com_Inkster,0.8980824504908163
Input_RN_LC045_Stm_Inkster,1.1697330016393581
Input_RN_LC046_Com_Inkster,0.7137379163269977
Input_RN_LC048_Com_Inkster,0.4525719405093587
Input_RN_LC049_Com_Inkster,0.6065665579122834
Input_RN_LC050_Com_Inkster,0.6022515693468788
Input_RN_LC052_Com_DearbornHgts,1.0017579585646579
Input_RN_LC052_Com_Inkster,0.8877625285722867
Input_RN_LC105_Com_RedfordTwp,1.6223652998887146
Input_RN_LC106_Com_RedfordTwp,0.9311551481878853
Input_RN_LC107_Com_RedfordTwp,0.8291398619845192
Input_RN_LC113_Com_RedfordTwp,1.2973973985813814
Input_RN_LC114_Com_RedfordTwp,0.912943367017934
Input_RN_LC115_Com_RedfordTwp,1.080844252962665
Input_RN_LC116_Com_RedfordTwp,1.1968096317239683
Input_RN_LC120_Com_RedfordTwp,0.922841691966426
Input_RN_LC121_Com_RedfordTwp,0.7885292847085497
Input_RN_LC122_Com_RedfordTwp,2.0484834045295766
Input_RN_LC193_Com_Inkster,0.2958413320825293
Input_RN_LC199_Com_DearbornHgts,0.4757426934862126
J1,23.405617103392505
J10,1.9350590265008734
J11,21.22585667985409
J12,0.0
J13,17.817918534003883
J14,17.78173601506611
J15,0.0
J16,31.696
J165531,32.59286232032201
J165532,30.005740511784552
J17,25.874
J18,12.683415041002336
J19,13.098961034935591
J2,23.328287214577163
J23,22.551763982614155
J24,25.084871765576217
J25,31.847
J26,25.997134334461457
J27,55.159825449030116
J28,25.41712725170656
J29,23.56964914590572
J3,5.258723109120359
J30,16.151
J31,25.567
J32,15.215231858235052
J33,15.215231858235052
J34,76.5
J35,25.972
J36,22.748
J37,22.974
J38,23.322918631893668
J39,26.23
J4,0.831293524611971
J40,25.64
J41,0.0
J42,0.0
J5,0.0
J7,2.4581376785536855
J9,0.19244798059707408
JCT-10,1.7314866413989636
JCT-100,9.653749402961479
JCT-1000,14.245162420887658
JCT-1002,20.693855088063273
JCT-1004,21.46063542749782
JCT-1008,8.026957261198728
JCT-1010,16.090156028349483
JCT-1012,17.332299584757653
JCT-1014,15.583036051550627
JCT-1016,17.58614246751553
JCT-1018,18.479532124933975
JCT-102,7.891669329583524
JCT-1022,12.838046398157207
JCT-1024,2.529049934161163
JCT-1030,2.560807135668335
JCT-1036,5.6285112092224825
JCT-1038,6.683792073856436
JCT-104,5.9732767727897
JCT-1040,3.1625157857961956
JCT-1044,9.898972934853987
JCT-1048,5.917504611261972
JCT-1050,42.79
JCT-1052,20.610408815313853
JCT-1054,24.15377445666085
JCT-1056,15.198510764000977
JCT-106,13.624673674671001
JCT-1060,1.4153965969000053
JCT-1062,1.4938960307534213
JCT-1064,17.875844012606052
JCT-1066,12.26907785202707
JCT-1068,11.470355128380382
JCT-1070,11.636998778090478
JCT-1072,2.2955529515810476
JCT-1074,0.0
JCT-1076,1.6057813681828765
JCT-1078,1.3525503679684183
JCT-108,13.08310052223546
JCT-1080,0.0
JCT-1082,0.0
JCT-1084,2.465463097847091
JCT-1086,2.150533411849229
JCT-1088,0.5519870206898798
JCT-1090,1.3297156852106853
JCT-1092,1.3291791332207872
JCT-1096,8.005726633991804
JCT-1098,8.347922602189088
JCT-110,24.791059823324687
JCT-1100,8.616515822421082
JCT-1102,3.6420903863465575
JCT-1104,1.7523552923256882
JCT-1106,1.7660952234047156
JCT-1110,3.493507883145526
JCT-1112,3.934304792461894
JCT-1114,4.326999760028038
JCT-1116,4.158539243686436
JCT-1118,2.5038696711130464
JCT-112,26.667157457139062
JCT-1120,2.94920616704139
JCT-1122,2.999035402376737
JCT-1124,3.6792629818468394
JCT-1128,4.8553937462550465
JCT-1130,2.809447503588549
JCT-1132,2.8796373569492895
JCT-1136,19.272970161662187
JCT-1138,11.831347565318865
JCT-114,1.1085030828344604
JCT-1142,17.081608652816833
JCT-1146,14.464410758109056
JCT-1148,18.89209917517026
JCT-1150,18.507971153661682
JCT-1152,18.380571471777696
JCT-1154,0.56878147688541
JCT-1156,0.0
JCT-1158,0.0
JCT-116,1.5981590485749475
JCT-1164,6.080525069162194
JCT-1166,2.5185029342158067
JCT-1168,2.1951035030612083
JCT-1170,17.823280471658848
JCT-1180,8.030489063107968
JCT-1186,1.2058625502348583
JCT-1188,2.350805413247458
JCT-1190,15.492319468626393
JCT-1192,22.71432100630769
JCT-1194,7.706195009969686
JCT-1196,7.37416792918447
JCT-1198,1.0052347028366868
JCT-1202,0.8716385922647649
JCT-1204,1.0005862445043898
JCT-1206,1.1164461469761873
JCT-1208,5.960340644347329
JCT-1210,6.510162667253354
JCT-1212,1.859799026178644
JCT-1214,2.4017046723880004
JCT-1218,0.0
JCT-1228,17.396176474613203
JCT-1230,17.006286340498615
JCT-1232,17.916374388640477
JCT-1234,18.89000443413683
JCT-124,1.2131968103696693
JCT-1240,22.884935744371482
JCT-1242,21.856571741420943
JCT-1244,12.20380858612113
JCT-1248,15.802939066434279
JCT-1250,3.0591153743510873
JCT-1252,19.782895262737057
JCT-1254,21.05378255094837
JCT-1256,22.290102058929513
JCT-1258,23.170109150051545
JCT-126,1.18473340241837
JCT-1260,1.4183716342134365
JCT-1264,14.722625033948397
JCT-1266,17.86848197294129
JCT-1272,24.861530203596875
JCT-1274,22.511319074273608
JCT-1276,11.464385878180199
JCT-128,1.586026672871684
JCT-1280,1.0248131049594424
JCT-1282,14.131775949210219
JCT-1284,14.047607439970069
JCT-1286,13.88700860335717
JCT-1292,12.852667424368601
JCT-1294,15.361186378534137
JCT-1298,2.041699131062167
JCT-130,2.1839220301483437
JCT-1300,3.872438111660016
JCT-1304,27.1101
JCT-1306,20.670247836174564
JCT-1312,2.5749569413327453
JCT-1314,2.2954457605585104
JCT-1316,11.686169035971192
JCT-1318,5.601958363335848
JCT-1320,5.052760192504677
JCT-1322,4.358881065343663
JCT-1324,4.731826522923113
JCT-1326,4.924592253091573
JCT-1336,18.45419800599297
JCT-1340,12.443126837962959
JCT-1344,9.608957735001336
JCT-1346,11.422842853454359
JCT-1348,11.258126899345186
JCT-1350,20.922071905965545
JCT-1352,20.74876860773493
JCT-1358,0.8899528459067294
JCT-1360,0.9847709544349192
JCT-1362,13.542451944093731
JCT-1364,26.897002294230038
JCT-1366,26.76708744770258
JCT-1368,28.220632644246308
JCT-1370,18.820512250878526
JCT-1372,30.6199
JCT-1374,30.20126394608198
JCT-1380,19.382523848302213
JCT-1382,19.912835501812864
JCT-1384,31.7499
JCT-1386,12.066411075224755
JCT-1388,11.695030040030389
JCT-1390,44.12005432239897
JCT-1392,44.500524989911646
JCT-1394,27.2799
JCT-1396,21.98677226503033
JCT-1398,1.3193774410586054
JCT-140,1.4347772206662865
JCT-1400,1.68681570017372
JCT-1402,1.568492532710549
JCT-1404,24.82031179305436
JCT-1406,23.381364671619572
JCT-1410,2.267046364957636
JCT-1412,1.8468757121262271
JCT-1416,2.8814397599657164
JCT-1418,18.27240488338232
JCT-142,2.118363605500379
JCT-1420,20.806321121278728
JCT-1422,2.7175026349572535
JCT-1424,2.4411136136067553
JCT-1426,1.3046805427597723
JCT-1428,1.7385169002612137
JCT-1430,1.2526361231997667
JCT-1432,1.277734617384084
JCT-1434,1.1084322125097394
JCT-1436,1.400654156959884
JCT-1438,1.3403936181195004
JCT-1440,18.25659543105165
JCT-1442,23.749758481719745
JCT-1446,1.399447841447488
JCT-1448,1.5427508686948574
JCT-1450,2.2486433846899203
JCT-1452,24.36063022653395
JCT-1454,24.33500374467826
JCT-1458,1.531235671047971
JCT-1460,1.3704742561766363
JCT-1468,14.823102652801182
JCT-1470,13.5240020508186
JCT-1472,25.6799
JCT-1474,10.654757202590517
JCT-1478,5.115318845502454
JCT-1480,2.9476046626991756
JCT-1482,19.857462696544648
JCT-1484,3.712809120657041
JCT-1486,13.825216030805425
JCT-1488,13.635992878093887
JCT-1490,21.3299
JCT-1492,19.060069635273138
JCT-1496,19.481616491344926
JCT-150,12.9350486627097
JCT-1508,22.2072126151587
JCT-1510,18.250861334871043
JCT-1514,12.394169452060778
JCT-1516,16.771641105495295
JCT-1518,18.11586538108065
JCT-152,2.1007412362650557
JCT-1520,16.47478258680563
JCT-1528,11.976676316974435
JCT-1534,13.68807030193411
JCT-1536,13.706054111345951
JCT-154,2.0932366563373064
JCT-1542,4.04214731870756
JCT-1544,5.379639900753188
JCT-1546,2.4162290501056427
JCT-1548,2.2390151819857076
JCT-1550,3.841539314362506
JCT-1552,3.023220871635898
JCT-1554,8.972706001914096
JCT-1558,1.7154965425899025
JCT-156,12.427061558791314
JCT-1560,0.0
JCT-1564,1.9952643390674465
JCT-1568,5.477739732394417
JCT-1570,4.787356381977408
JCT-1572,3.297737990825482
JCT-1574,2.9636125320797024
JCT-1576,2.9413080318496223
JCT-1578,6.46657377135041
JCT-158,12.522316912193745
JCT-1580,3.2605585046027468
JCT-1582,8.141241026216397
JCT-1584,4.079959835760599
JCT-1586,4.1251464283993045
JCT-1588,4.106473492394732
JCT-1590,2.9220564605743835
JCT-1592,3.1062481706710505
JCT-1594,9.67735232361043
JCT-1596,6.1309915853561465
JCT-1598,11.294145539666452
JCT-16,5.3789772099814215
JCT-160,2.210992689130683
JCT-1602,10.794019659711127
JCT-1608,18.43307888318524
JCT-1610,17.062755564553825
JCT-1611,15.618258783097165
JCT-1612,16.83413869316283
JCT-1614,18.110393941325068
JCT-1616,18.166919791341442
JCT-1618,17.81645382697434
JCT-162,2.1693134034815595
JCT-1620,17.993605278692243
JCT-1622,17.723863906092053
JCT-1624,18.133924606944078
JCT-1626,43.63920116231198
JCT-1628,18.075611813674705
JCT-1630,11.129805229223889
JCT-1632,11.526040490261405
JCT-1634,18.199595263425323
JCT-1636,9.481722225186644
JCT-1638,12.660805911461509
JCT-1640,16.26558034104323
JCT-1644,1.2240188452623733
JCT-1646,14.78873535802769
JCT-1656,2.4885166721516327
JCT-1658,2.5953210701506366
JCT-1660,12.189043761249867
JCT-1662,36.560100000000006
JCT-1666,13.522453187830045
JCT-1668,13.334419591622945
JCT-1674,2.167489825954174
JCT-1676,9.378232587602744
JCT-1678,2.5522612152900823
JCT-1690,17.980651170736845
JCT-1698,17.562926296980834
JCT-170,4.012271919522631
JCT-1700,3.6281063376280276
JCT-1704,17.49655102714733
JCT-1704a,17.037844686017078
JCT-1706,6.219675588307468
JCT-1708,0.0
JCT-1710,0.0
JCT-1716,18.600031232586765
JCT-1718,13.230859921699903
JCT-172,8.971241336549312
JCT-1722,24.6099
JCT-1724,12.43579950872402
JCT-1726,12.636829386331332
JCT-1728,4.858472268976933
JCT-1734,17.8199
JCT-1736,2.1938189341804257
JCT-1742,3.461523254994825
JCT-1744,6.135337270212583
JCT-1748,10.687271439601902
JCT-1750,13.26508861926077
JCT-1752,1.4843362620399054
JCT-1754,12.043472881705814
JCT-1756,19.32010555172694
JCT-1758,19.91141885776525
JCT-1760,25.101607822067272
JCT-1762,10.90905353832471
JCT-1764,9.741469388680722
JCT-1768,14.409390028481178
JCT-1770,3.053727808081239
JCT-1778,12.449143479464515
JCT-178,16.268657586205
JCT-1780,11.924905831894355
JCT-1782,2.392630770845878
JCT-1784,2.3920292052615055
JCT-1788,47.390100000000004
JCT-1790,22.690663508133763
JCT-1792,26.42291778979268
JCT-1796,19.572282567030037
JCT-18,12.985561653353813
JCT-180,16.211333116171545
JCT-1800,14.954054459708374
JCT-1802,15.301444335421856
JCT-1804,24.297193798212668
JCT-1806,25.14907289485033
JCT-1808,23.544629250581607
JCT-1810,23.570764215687745
JCT-1812,12.053461703808676
JCT-1814,29.169900000000002
JCT-1816,27.41104011940575
JCT-1818,19.69180281810013
JCT-182,21.892861750306526
JCT-1820,1.2725427281832888
JCT-1822,1.6106600441521746
JCT-1826,16.882498215335612
JCT-1828,2.1514993744990853
JCT-1830,1.9824913018537282
JCT-1832,1.6317462888317418
JCT-1834,29.583180892115205
JCT-1836,26.86515901735975
JCT-1838,4.326473635083566
JCT-184,21.738327878951043
JCT-1840,2.0874746141528284
JCT-1842,2.5512299346778957
JCT-1844,2.3885103043242335
JCT-1846,7.755412910011904
JCT-1848,7.373118793898624
JCT-1850,1.7253943678395607
JCT-1852,19.07727038264199
JCT-1856,10.26742236136624
JCT-1858,1.912704017260232
JCT-186,30.4001
JCT-1860,15.246120774944321
JCT-1862,15.565120405885697
JCT-1864,23.963121504013564
JCT-1868,12.672049344472601
JCT-1872,15.06162973186859
JCT-1874,14.221093647695714
JCT-1878,0.9496268125528566
JCT-188,19.89728143191229
JCT-1880,0.9489082583782193
JCT-1882,3.0266071422981966
JCT-1894,11.546215358387716
JCT-1896,5.351813669854689
JCT-1898,15.37740612693269
JCT-190,42.584279984138696
JCT-1902,33.50127683547767
JCT-1906,13.771564874033766
JCT-1908,19.115142562449552
JCT-1910,17.15571922597828
JCT-1912,17.166073045217388
JCT-1914,12.710017217845552
JCT-1916,13.528211395372523
JCT-1918,16.35798701118976
JCT-192,43.33050817446818
JCT-1920,0.0
JCT-1924,0.0
JCT-1926,1.8288397718453435
JCT-1928,11.559852962922493
JCT-1930,3.250156756743851
JCT-1932,1.128196296992035
JCT-1936,2.5374675436764296
JCT-1938,2.973060365910147
JCT-1940,2.8978053415637186
JCT-1942,3.035080160620237
JCT-1946,5.243866912701698
JCT-1948,2.475919766148679
JCT-1950,1.9877105989963608
JCT-1952,1.9973016941545092
JCT-1954,8.736782663504236
JCT-1956,11.012473972539416
JCT-196,22.625899030004884
JCT-1960,18.72227908436519
JCT-1962,17.536228968152038
JCT-1964,20.067190868902948
JCT-1966,19.177616810104546
JCT-1968,21.141463939361167
JCT-1970,20.499524924006145
JCT-1972,21.300106770961506
JCT-1974,8.861246421300168
JCT-1976,8.665015716031979
JCT-198,4.31650393791044
JCT-1984,15.126085997854082
JCT-1986,22.076985396903563
JCT-1988,18.733422331230443
JCT-1992,10.360493301712896
JCT-1998,9.047619713415537
JCT-20,12.766398341000844
JCT-200,4.547375099404752
JCT-2000,10.073651022812145
JCT-2002,1.3973468234049635
JCT-2004,2.9002082895330474
JCT-2010,13.772427713201191
JCT-2012,7.70587901732274
JCT-2014,3.3549734102093582
JCT-2018,2.7900454930108163
JCT-202,9.539545919696025
JCT-2020,3.12972225388041
JCT-2024,8.603323024466157
JCT-2026,2.484934922400653
JCT-2028,1.7104356011340465
JCT-2032,6.489343057369871
JCT-2034,6.5035822653891655
JCT-2038,1.613873694830256
JCT-204,0.887358460386696
JCT-2040,1.4968580024179672
JCT-2042,1.3855188586110274
JCT-2044,1.3704702097904957
JCT-2046,1.7810941230000945
JCT-2050,3.009462438825296
JCT-2052,2.1296698948856925
JCT-2056,2.0569888592262426
JCT-2058,2.5889136401833044
JCT-206,0.8407330334231127
JCT-2062,4.665700365016759
JCT-2066,2.1682952252647896
JCT-2068,2.1525927135060603
JCT-2074,2.4839029641683386
JCT-2076,2.645087666802621
JCT-2078,2.0208345986148872
JCT-208,1.1727459849971253
JCT-2080,2.0493194151944127
JCT-2082,19.732738373528075
JCT-2086,16.210736016975535
JCT-2088,15.440317923726283
JCT-2090,14.988668981931832
JCT-2096,18.92449971490601
JCT-2098,3.40456090735457
JCT-210,1.3914873133733048
JCT-2100,44.17740001437338
JCT-2102,18.135516938168937
JCT-2104,18.196801500815425
JCT-2106,18.085092476663107
JCT-2108,0.724886009241761
JCT-2110,0.9962423340820374
JCT-2112,10.590128070464177
JCT-2114,11.482580045557704
JCT-2118,1.7627299845042699
JCT-212,6.762929715873234
JCT-2120,2.2867163978800873
JCT-2124,1.880476029511044
JCT-2126,27.988727687678505
JCT-2128,23.14052109225546
JCT-2130,10.44031250036344
JCT-2132,1.933242885490765
JCT-2138,24.900182693254727
JCT-214,7.064039150773299
JCT-2140,6.541611332070868
JCT-2148,18.06835007991458
JCT-2152,18.50324270973662
JCT-2154,22.751778001737502
JCT-216,3.1135699561037926
JCT-2168,7.939442512670208
JCT-2169,6.575110386608102
JCT-2170,15.684496474192253
JCT-2172,13.840976576980092
JCT-2176,2.7702850250166238
JCT-2178,0.30244530199284814
JCT-218,3.4733226663085377
JCT-2180,23.410623771116054
JCT-2182,20.733382621861946
JCT-2184,16.758622291977986
JCT-2186,23.454294203207013
JCT-2190,33.579899999999995
JCT-2194,6.245720034323876
JCT-220,12.574210231526543
JCT-2200,4.48487300323887
JCT-2202,11.566597242727768
JCT-2210,41.85380842975326
JCT-2212,43.550232321080955
JCT-2214,45.630100000000006
JCT-2216,2.7440309193083356
JCT-2218,2.838266286404682
JCT-222,20.97958982548835
JCT-2220,42.97071751602462
JCT-2222,43.57573753140137
JCT-2224,10.831502532392028
JCT-2232,1.6762068270881163
JCT-2234,11.667911078790782
JCT-2236,11.831790592196088
JCT-224,21.1301
JCT-2242,1.3615745804560495
JCT-2244,1.3821074469040617
JCT-2248,28.6299
JCT-2252,14.187808537921452
JCT-2254,47.4101
JCT-2256,46.850100000000005
JCT-226,22.490591972096325
JCT-2260,28.847845673350115
JCT-2262,25.128593178021443
JCT-2264,7.075080665712431
JCT-2268,21.224109349002475
JCT-2270,9.632051073616037
JCT-2272,21.999380768910125
JCT-2274,24.108412360888522
JCT-2278,15.885116824287671
JCT-228,10.688744533103117
JCT-2280,4.6516651565736
JCT-2282,5.101319727213755
JCT-2286,6.542369978277852
JCT-2288,13.057964176733517
JCT-2294,13.670670687154585
JCT-2298,20.448050024083532
JCT-230,10.559583755658856
JCT-2300,15.175146989627212
JCT-2302,4.341726635346689
JCT-2304,10.771632442819461
JCT-2306,3.6384088522907154
JCT-2308,1.295421136778078
JCT-2310,0.919344314562234
JCT-2312,4.396498020717477
JCT-2314,5.172158504186768
JCT-2316,2.642427349936889
JCT-2318,1.180791846266776
JCT-2324,14.40937453660358
JCT-2328,2.618886454689364
JCT-2332,4.888698645566232
JCT-2334,3.6358941397910223
JCT-2336,4.024368185011694
JCT-2338,15.75688121231937
JCT-234,19.016619406641766
JCT-2340,13.701942275433002
JCT-2346,2.723824267114517
JCT-2352,4.302099457501573
JCT-2354,2.6285291342833608
JCT-2356,14.653090627832785
JCT-2358,24.61148108059894
JCT-2360,15.073534608830874
JCT-2364,1.4920840047210242
JCT-2366,19.70743746848218
JCT-2368,16.181587281569197
JCT-2370,20.158478153324392
JCT-2372,1.338687679770803
JCT-2382,2.8442775559907902
JCT-2384,7.9310771418767025
JCT-2386,0.0
JCT-2390,2.134574075348434
JCT-2396,3.9103147484820195
JCT-2398,2.4921460588526645
JCT-240,1.2997049380015193
JCT-2400,2.1484074139829508
JCT-2404,14.545314145261237
JCT-2406,11.052801905069215
JCT-2408,18.410158575833062
JCT-2410,10.799186624998924
JCT-2412,19.046311605264215
JCT-2416,19.476194747405785
JCT-242,1.3314626769557694
JCT-2420,19.421526398479074
JCT-2424,16.230071895310186
JCT-2426,4.266561397613145
JCT-2428,18.630787162413846
JCT-2432,27.151178759865367
JCT-2436,0.4162180671880643
JCT-2438,10.577785240424333
JCT-244,16.78338222234659
JCT-2442,2.1769293279103703
JCT-2444,2.692842284073995
JCT-2446,2.260390580769518
JCT-2448,2.2609371080804843
JCT-2452,29.775195304994924
JCT-2454,5.423342056827954
JCT-2456,3.9040371937416403
JCT-2458,0.8852462212943828
JCT-246,11.920224074872387
JCT-2460,41.1201
JCT-2462,13.992081571873326
JCT-2466,18.246704548890335
JCT-2468,1.862970619493801
JCT-246A,14.659988974312007
JCT-2470,0.48319687306579545
JCT-2476,11.94927549553083
JCT-2478,12.882393163267885
JCT-248,2.6849856885444408
JCT-2480,12.590215977799609
JCT-2482,1.6859876470214634
JCT-2484,16.481260868303156
JCT-2488,18.59825722150097
JCT-2494,15.479214505122313
JCT-2498,17.806447852842215
JCT-250,2.3951342231553805
JCT-2500,17.82511477360084
JCT-2502,22.97343702389146
JCT-2506,2.0953220710407794
JCT-2508,1.6434556306681645
JCT-2510,1.7042367785598702
JCT-2516,2.8237325484262916
JCT-2518,7.395029368064417
JCT-252,2.945680486173677
JCT-2520,2.571495658565432
JCT-2522,8.06668183868619
JCT-2524,4.067796891237929
JCT-2530,22.824054655922588
JCT-2532,1.322543237202443
JCT-2534,11.494311550019452
JCT-2538,13.632160053501748
JCT-254,2.1795326637786276
JCT-2540,16.730025780682524
JCT-2542,12.170623601382598
JCT-2546,20.8604526068091
JCT-2548,22.825444482361046
JCT-2554,9.462067867211818
JCT-2556,1.3107440922223672
JCT-2558,4.061778322568696
JCT-2560,4.071317021819114
JCT-2562,1.9975507648771358
JCT-2564,19.892421474650362
JCT-2566,1.6778141677154257
JCT-2570,19.226659928743764
JCT-2572,0.9844023676687006
JCT-2574,0.7238900160528293
JCT-2576,12.128472771635048
JCT-2578,2.1279716042087555
JCT-258,20.570800897791386
JCT-2580,2.1209751493623044
JCT-2582,1.8084370784762185
JCT-2584,16.37612154513057
JCT-2588,1.8056709988968258
JCT-2590,24.760736532305312
JCT-2596,4.570781721381769
JCT-2598,4.128210262569143
JCT-26,0.41980364766951683
JCT-260,12.563770282678826
JCT-2610,4.253494776882339
JCT-2612,23.22295002374104
JCT-2616,4.9320790273094826
JCT-2620,37.97863237124183
JCT-2622,5.9385634569937436
JCT-2624,14.235762914553167
JCT-2626,0.0
JCT-2628,20.715503413384923
JCT-2630,11.984747292104437
JCT-2632,5.420116770574639
JCT-2634,4.791456315014931
JCT-2638,14.488452853062558
JCT-2640,6.711184863613697
JCT-2642,1.9398641888300414
JCT-2646,3.895585618552107
JCT-2650,13.288705173794124
JCT-2654,18.35998526495186
JCT-2656,15.400566219125402
JCT-2658,13.34766118810884
JCT-266,14.118329549961885
JCT-2664,18.345661256125787
JCT-2666,20.23391416999842
JCT-2676,14.423770309958876
JCT-2680,6.6060652025312825
JCT-2684,0.7958066477733001
JCT-2686,2.04055812942818
JCT-2690,25.66322451303273
JCT-2692,2.711424773303498
JCT-2694,1.5238318615438327
JCT-2696,1.5029509843550564
JCT-2698,17.825463829504695
JCT-270,1.2924924802793611
JCT-2702,25.562197768022198
JCT-2710,23.225474592815782
JCT-2712,13.641674282726868
JCT-272,1.2905489287775112
JCT-2720,0.0
JCT-2724,22.963513412403707
JCT-2726,14.675849143548106
JCT-2728,8.216090144933979
JCT-2730,8.45929576019402
JCT-2732,22.427477297360134
JCT-2736,19.035877969822813
JCT-2737,16.20866920310946
JCT-2738,23.985781141522896
JCT-2739,15.463264903092915
JCT-274,18.61842431517709
JCT-2740,3.4907413302978547
JCT-2742,11.506268980779238
JCT-2744,16.6186266320248
JCT-2748,14.587642265523316
JCT-2750,2.12798601248595
JCT-2752,2.2054761838014505
JCT-2754,2.1908024315477226
JCT-2756,1.5216485250032497
JCT-2758,2.3020045088497865
JCT-276,18.765903878320014
JCT-2760,2.2939805599983787
JCT-2762,2.355124661700547
JCT-2764,1.3971835777800494
JCT-2766,1.1953801311145802
JCT-2768,2.116265676667482
JCT-2770,1.9824235704972084
JCT-2772,2.167599286582961
JCT-2774,2.1538198526656993
JCT-2776,2.7620671569019546
JCT-278,2.389290730988496
JCT-2792,11.800207543866724
JCT-2798,18.3901
JCT-28,1.9401233997371945
JCT-280,3.892059146386176
JCT-2800,18.68784550635796
JCT-2802,3.2643345038004257
JCT-2808,1.8190640878001165
JCT-2816,1.975223350039328
JCT-2818,2.2220344598609265
JCT-282,39.3199
JCT-2822,25.191378904220215
JCT-2824,23.871491490347
JCT-2828,1.8406473052046461
JCT-2830,1.271996772339806
JCT-2832,1.9085768798075384
JCT-2834,2.2177075940531825
JCT-2836,2.970115482358317
JCT-2838,3.0690042657301326
JCT-284,36.7499
JCT-2840,12.963816441298928
JCT-2852,30.732221655520192
JCT-2854,2.099758934323755
JCT-2856,18.09662157299316
JCT-2858,2.393919358258799
JCT-286,27.74166717678002
JCT-2860,30.20976275020555
JCT-2872,16.65603379830018
JCT-288,7.686348385097428
JCT-2880,22.913305012193053
JCT-2890,21.892541991822327
JCT-2892,11.73022239758664
JCT-2894,2.7807927800810415
JCT-2896,2.3109134823098163
JCT-2898,32.16691001896626
JCT-290,16.863870751846278
JCT-2902,5.631825748782221
JCT-2904,6.092819665913261
JCT-2908,13.451050500171664
JCT-2910,1.6917554311425116
JCT-2912,32.75783488390112
JCT-2914,21.646006515965652
JCT-2918,1.1909917950379274
JCT-2920,1.9591567759455546
JCT-2922,11.795143568915908
JCT-2924,17.197311956200878
JCT-2926,21.73417248566802
JCT-2926A,16.810894029294715
JCT-2928,11.338387364491549
JCT-2930,10.784279081153073
JCT-2932,1.424357490308572
JCT-2936,22.446316704069872
JCT-2938,10.699922443093017
JCT-294,1.3397045778915917
JCT-2940,0.7443567940209616
JCT-2942,11.043095013946779
JCT-2944,11.225752459969172
JCT-2948,19.4501
JCT-2950,4.70377620724155
JCT-2952,2.41545076505984
JCT-2954,8.683132993085255
JCT-2956,1.7705339797485782
JCT-2958,1.7717505422699888
JCT-296,1.1744723332188667
JCT-2962,4.240451126089026
JCT-2964,14.872439854324481
JCT-2966,13.396400270868428
JCT-2972,11.23850591141838
JCT-2976,1.7728084292448616
JCT-2978,3.7565409231441227
JCT-2980,12.930115126726337
JCT-2984,15.488436406791687
JCT-2986,15.449526882484738
JCT-2988,25.231186310746438
JCT-2990,13.973011562253282
JCT-2992,6.751750732201643
JCT-2994,1.8298642047400526
JCT-30,27.280608499113125
JCT-300,1.000067004099362
JCT-3008,2.1929885021493796
JCT-3012,0.9570545719985513
JCT-3014,1.191272178053358
JCT-3016,1.182884053405565
JCT-302,26.180146620891165
JCT-3020,1.235028587568352
JCT-3022,0.6324719331031196
JCT-3024,0.5471017598834802
JCT-3026,3.4624325819080264
JCT-3028,3.40538563681522
JCT-3030,4.227802746875612
JCT-3032,3.7159499556488385
JCT-3034,1.2903640579552076
JCT-3036,1.5693685538403965
JCT-3038,3.138702410089854
JCT-304,21.711774612110617
JCT-3040,2.8607941853733703
JCT-3042,7.258426669464688
JCT-3046,2.211165635595542
JCT-3048,2.2298097802030235
JCT-3050,1.380023761540317
JCT-3052,1.1585134942783895
JCT-3056,1.7836123664239727
JCT-3058,3.2258728015340656
JCT-306,13.395396340274544
JCT-3060,4.319091617440197
JCT-3062,5.198876472236561
JCT-3064,5.239860263578241
JCT-3066,5.4051882045747375
JCT-3068,2.106375231035334
JCT-3070,2.4803373845295122
JCT-3072,12.975438720006444
JCT-3074,12.183914964133612
JCT-3076,13.703676265963486
JCT-3078,8.735576599822723
JCT-308,13.344733417396949
JCT-3080,7.90450043657719
JCT-3082,5.019727136367264
JCT-3084,4.419695054479863
JCT-3086,3.0230370841356455
JCT-3088,3.234335803270328
JCT-3090,8.11380545065018
JCT-3092,11.060661821840219
JCT-3096,10.363911899904021
JCT-3104,11.056776127050473
JCT-3106,11.157641641922162
JCT-3110,11.470483773639296
JCT-312,32.14940282035128
JCT-3120,9.337873679951377
JCT-3122,8.788123483842963
JCT-3124,23.28324268091771
JCT-3126,25.026419252402583
JCT-3128,3.438036724981667
JCT-3130,3.5348904274391266
JCT-3132,6.352185980101314
JCT-3134,10.176425352632048
JCT-3136,10.777762855190963
JCT-3138,10.5059427579147
JCT-314,20.665731968046387
JCT-3140,11.430684556867421
JCT-3142,11.415879301392561
JCT-3144,11.912519024503059
JCT-3146,11.839794518009796
JCT-3148,16.584623378517442
JCT-3150,18.698842394617486
JCT-3152,1.379015112391813
JCT-3154,1.6534611108447388
JCT-3156,1.764745701205884
JCT-3158,1.8213796126213764
JCT-316,23.132481765618767
JCT-3160,1.717661749883074
JCT-3162,2.467510228437082
JCT-3164,2.385721872673999
JCT-3168,26.806207542218708
JCT-3170,25.837879220297296
JCT-3172,24.763225525152453
JCT-3174,26.200202349224224
JCT-3176,5.3455897401689345
JCT-3178,3.8934386643974928
JCT-3180,5.392516634532817
JCT-3182,1.1381868103944806
JCT-3184,0.6357462921455836
JCT-3186,0.540380174678942
JCT-3188,1.1630465044404046
JCT-3190,0.6066824652424556
JCT-3192,0.5802747702128308
JCT-3194,3.049671866423564
JCT-3196,4.2868935386838345
JCT-3198,2.3261620171455437
JCT-320,29.4601
JCT-3200,1.7996987273491585
JCT-3202,1.8308842021485754
JCT-3206,2.445087232658282
JCT-3208,0.7182793637105389
JCT-3210,1.620586435903784
JCT-3212,2.3908819632068243
JCT-3214,6.5276835668769735
JCT-3216,6.118593278299706
JCT-3218,4.7302506300887845
JCT-322,24.808248897956684
JCT-3220,4.850037012550391
JCT-3222,4.571349949962073
JCT-3224,5.509746919663362
JCT-3226,5.701047507355917
JCT-3228,11.588711212141543
JCT-3230,12.073284304518696
JCT-3234,9.711724834531037
JCT-3236,8.947949310981071
JCT-324,31.35240023576641
JCT-3240,10.08861856681077
JCT-3242,12.122307247735202
JCT-3246,10.328268785962134
JCT-3252,2.3289739976990846
JCT-3254,3.2997609311156166
JCT-3256,1.503885163359565
JCT-326,38.459079120154264
JCT-3262,5.268773327381073
JCT-3264,3.0171388915876074
JCT-3268,3.3222617000144483
JCT-3270,3.377263920710749
JCT-3272,3.311121029835559
JCT-3274,3.4465128110644976
JCT-3276,0.5676809953588948
JCT-3278,0.524221056448524
JCT-328,18.233474568431813
JCT-3284,2.713874725432561
JCT-3286,5.931109881866222
JCT-3288,6.249877278413432
JCT-3290,5.881534948007776
JCT-3292,5.804314444723516
JCT-3294,12.416911957919481
JCT-3296,19.542109651934958
JCT-3298,3.062929947298503
JCT-330,18.576718251356816
JCT-3300,3.0945422287055386
JCT-3302,1.447822916675979
JCT-3304,1.590736272114325
JCT-3306,1.404597645516505
JCT-3308,6.446614948488615
JCT-3310,5.760823814939334
JCT-3312,1.3212129966505322
JCT-3314,4.384052138361849
JCT-3318,3.1339676305161963
JCT-3320,3.1617490910906687
JCT-3322,3.3301357896345785
JCT-3326,22.128304529672576
JCT-3328,1.8047195756595091
JCT-3330,1.6637609137734533
JCT-3344,2.9932686705864624
JCT-3346,5.765277619029471
JCT-3348,12.01044268949483
JCT-3350,12.488735547295853
JCT-3352,18.634488522445
JCT-3354,16.003949162298586
JCT-3356,19.924096766818366
JCT-3358,0.7081697815489814
JCT-336,8.661226362960361
JCT-3360,0.6025787132021314
JCT-3362,2.458066058513154
JCT-3364,2.3217768052323473
JCT-3366,4.575536804268836
JCT-3368,3.7407065568835574
JCT-3370,5.074658784680822
JCT-3372,6.742846592630313
JCT-3374,2.6162608489672183
JCT-3378,1.4054586009752392
JCT-338,6.241003630019894
JCT-3380,10.75462733703779
JCT-3382,10.906992479320122
JCT-3386,2.3803586310210845
JCT-3388,12.137279493881808
JCT-3390,2.4988389544188374
JCT-3396,5.370650590511186
JCT-3398,7.186010250460136
JCT-34,23.41867676784679
JCT-3404,24.525399066983898
JCT-3410,11.773628639413044
JCT-3412,11.742477584299454
JCT-3414,1.235820632842323
JCT-3416,1.2507897597088067
JCT-3418,0.7502821423712984
JCT-3420,0.7358891667059164
JCT-3424,1.7600268358845208
JCT-3428,15.917761100182991
JCT-3430,19.42525515895662
JCT-3432,0.2907643161870761
JCT-3434,0.7200994916650043
JCT-3436,0.6812291371744843
JCT-3438,0.6572940182330335
JCT-344,5.5255755163485
JCT-3442,1.749189264309884
JCT-3448,3.2933939620361823
JCT-3450,4.40877796618139
JCT-3452,2.9828042558329058
JCT-3454,3.2921391315040665
JCT-3456,3.7067312412652926
JCT-346,9.56703734576267
JCT-3460,19.5199
JCT-3462,17.650654114094724
JCT-3464,20.686454112087564
JCT-3466,5.705355766232339
JCT-3468,10.582832051345427
JCT-3470,2.033811014433156
JCT-3476,2.3608315628698335
JCT-3476_2,11.73404732746085
JCT-348,13.78020267755273
JCT-3484,10.640434220365805
JCT-3488,1.03175875902921
JCT-3492,6.88073135168011
JCT-3494,1.3495235621271857
JCT-3496,1.5676267650598077
JCT-350,22.610139664595472
JCT-3502,11.86274148984263
JCT-3504,11.772504204121734
JCT-3506,1.2053754230753375
JCT-3508,11.654933230361454
JCT-3510,3.1894360860234485
JCT-3512,15.601008226914827
JCT-3516,2.383226712952607
JCT-3518,2.24700871412658
JCT-352,22.37205566929304
JCT-3520,2.3391191677085756
JCT-3524,1.7412566686193676
JCT-3526,3.7019078466290605
JCT-3528,4.404543144834326
JCT-3530,3.9382210605308368
JCT-3532,3.7970179823338794
JCT-3534,12.47265817503312
JCT-3536,15.799914340510545
JCT-3538,4.534545444658316
JCT-354,22.810595614097572
JCT-3540,3.685079658311519
JCT-3542,3.4554408746114227
JCT-3548,12.569922305792005
JCT-3550,2.6948831541844394
JCT-3556,0.0
JCT-356,23.420361566907374
JCT-3560,0.6073160472030932
JCT-3562,0.652105791588538
JCT-3564,11.81935736580087
JCT-3566,6.475223475191333
JCT-3568,5.089598046741605
JCT-3574,6.035361820428555
JCT-3578,2.4307207367467676
JCT-3580,1.253620214621356
JCT-3582,5.746041225918233
JCT-3586,0.8294518984965895
JCT-3588,1.1573954039942502
JCT-3590,3.27127743960957
JCT-3596,1.6358749991486072
JCT-3598,1.5828398852093035
JCT-36,24.024146930960335
JCT-360,13.13030420156095
JCT-3600,4.398363798897181
JCT-3604,11.521168065286897
JCT-3606,10.592931580676533
JCT-3610,16.480541246868494
JCT-3616,8.946197533632844
JCT-3618,5.313848703907184
JCT-362,12.402412159007676
JCT-3624,11.793157899652606
JCT-3628,11.387409119135341
JCT-3632,3.382950475312409
JCT-3634,3.080426244516423
JCT-3638,5.835622255376316
JCT-364,11.39687267834941
JCT-3642,4.9502167799218
JCT-3644,2.5999305725649267
JCT-3646,11.612135566135095
JCT-3648,3.2944613674446597
JCT-3650,11.756426157099076
JCT-3658,11.977802152083536
JCT-366,14.74010918573102
JCT-3660,2.462826830373791
JCT-3662,4.00498139929725
JCT-3666,3.118443895959535
JCT-3668,1.953158864940845
JCT-3674,9.664432298629958
JCT-3676,5.263390447747078
JCT-368,14.529077844403709
JCT-3686,6.109589940534927
JCT-3692,15.468724863255206
JCT-3696,2.5860465796166423
JCT-3698,1.8727266753328724
JCT-3704,9.682352608803182
JCT-3714,0.7518419664466198
JCT-372,14.911798906568919
JCT-3720,11.452726257379112
JCT-3722,2.81138841373883
JCT-3726,11.821245502674529
JCT-3732,24.28933563321025
JCT-3734,24.87375208165642
JCT-3736,24.60560371287638
JCT-374,14.785242076857559
JCT-3752,13.817490280980724
JCT-3754,11.613450687651655
JCT-3756,16.53574667221339
JCT-376,14.058631808807437
JCT-3760,15.358853872211995
JCT-3776,22.24216440305302
JCT-378,15.648634419592188
JCT-38,23.231595110775412
JCT-380,12.991820622303129
JCT-382,11.95290073492528
JCT-384,4.012918087825501
JCT-388,12.69014462729549
JCT-390,12.427323278917694
JCT-394,25.91845490109867
JCT-396,24.73069367563479
JCT-398,31.12057954202114
JCT-40,24.079195925476228
JCT-400,31.6399
JCT-406,2.135136064438817
JCT-408,1.5335758275958984
JCT-410,0.9329222948276812
JCT-412,0.8379351238377866
JCT-414,0.6885286807866231
JCT-42,27.62850381835635
JCT-428,38.1101
JCT-438,10.16288032455484
JCT-44,30.767585674888384
JCT-440,9.170047632007337
JCT-442,15.920163045826797
JCT-446,17.415899110576024
JCT-450,4.8502424777888695
JCT-452,11.563763552768016
JCT-454,10.79103256819273
JCT-456,11.164867078300627
JCT-458,10.402747595124438
JCT-46,10.293308889468708
JCT-462,12.933468437999084
JCT-464,3.276870455531711
JCT-466,4.1331539837995965
JCT-468,15.35819726727243
JCT-470,4.360702393322478
JCT-472,3.9202671782570153
JCT-478,1.8028729151755771
JCT-48,5.1424085368310894
JCT-480,1.5423456755646008
JCT-482,16.52378097687651
JCT-484,18.3101
JCT-486,2.441082341165214
JCT-488,1.8717094960313885
JCT-492,2.045073352835745
JCT-496,2.1459755947623114
JCT-50,16.033175698625534
JCT-500,1.1951575096161522
JCT-502,1.1949785642109765
JCT-504,1.5230331041415672
JCT-506,3.0483895668764123
JCT-508,3.030154694498939
JCT-510,13.19647051031692
JCT-514,2.016737274258558
JCT-518,2.3018531844967534
JCT-52,16.457931250203696
JCT-520,2.363407178447404
JCT-522,2.3165976798882495
JCT-524,2.2688704536106887
JCT-528,1.6842819558882338
JCT-530,1.6708806712286912
JCT-532,1.7389875410517415
JCT-534,0.0
JCT-536,1.8782354154635694
JCT-54,0.0
JCT-540,3.120449557864114
JCT-542,2.8642659372019708
JCT-544,2.4371476042729263
JCT-548,1.8863007809795391
JCT-550,3.1726276565625193
JCT-554,1.9528380482426573
JCT-556,8.251341901143263
JCT-558,3.2395827223841294
JCT-56,0.0
JCT-560,3.884296106801477
JCT-562,4.124600253453904
JCT-566,20.527279803169957
JCT-572,16.929592315497075
JCT-574,5.264934312492086
JCT-578,17.08980651234204
JCT-58,24.197510975730896
JCT-580,18.27531451431413
JCT-582,7.446217754862126
JCT-586,13.20239804404591
JCT-588,0.0
JCT-590,0.0
JCT-592,2.109687961047159
JCT-594,5.594722887807794
JCT-60,18.165569246689007
JCT-604,7.853911194168335
JCT-606,23.29921137526768
JCT-608,2.427216712668899
JCT-612,1.004061967477483
JCT-614,0.9815909947140872
JCT-616,1.9867579403091264
JCT-618,1.8151399839810636
JCT-62,2.2825342745057826
JCT-620,15.942634118720564
JCT-622,15.381166814339473
JCT-630,2.069804073281669
JCT-632,2.078399268814583
JCT-634,35.81728346428957
JCT-636,33.43246378491606
JCT-638,13.96503644889878
JCT-64,1.402606330474483
JCT-644,20.443678521327676
JCT-646,18.444427853063864
JCT-648,10.726649206772587
JCT-650,8.417028895758309
JCT-654,17.953130159147733
JCT-656,17.46687289638906
JCT-658,2.5373215228276087
JCT-66,0.9607232466491707
JCT-660,1.9977985981846733
JCT-662,25.111077558845807
JCT-668,1.246814566318283
JCT-670,1.2560507574970483
JCT-674,18.41418568560787
JCT-686,0.9990367049914854
JCT-694,21.132923802042516
JCT-696,14.070470125034289
JCT-698,16.682604024887855
JCT-702,0.932217339464519
JCT-706,11.456535393669249
JCT-710,3.4082198140364657
JCT-712,3.6441477515560314
JCT-714,12.819082598864536
JCT-718,12.718253957407615
JCT-72,0.6613912436269629
JCT-722,23.6087895204379
JCT-724,21.095912590483458
JCT-730,21.709142260456286
JCT-732,19.927293359952316
JCT-734,20.64731449340869
JCT-736,12.489596689426044
JCT-738,20.99916884087833
JCT-744,12.278296408482047
JCT-746,21.6099
JCT-748,22.5799
JCT-750,11.05478537068988
JCT-752,13.829168127045145
JCT-754,10.040253557435612
JCT-756,24.240895390311334
JCT-758,24.05397009532607
JCT-76,15.579176842564657
JCT-760,3.3071228948438223
JCT-764,27.97947419379323
JCT-780,14.766128364432996
JCT-782,14.362722151066954
JCT-784,3.1081339022566974
JCT-786,3.201285201779152
JCT-788,12.891134475019838
JCT-790,23.6401
JCT-794,3.4224720520330747
JCT-796,2.9299666246039386
JCT-798,12.607156928525276
JCT-800,11.490410093852498
JCT-802,10.135418844783516
JCT-806,6.1977093622922705
JCT-807,5.978456645628615
JCT-808,3.13497096940745
JCT-810,12.563163561706334
JCT-812,1.240442139137405
JCT-813,17.354852275054288
JCT-814,1.408015661264681
JCT-815,17.045475230878075
JCT-816,13.374562318645484
JCT-818,13.114317422209574
JCT-82,12.344167815043422
JCT-820,7.446333116345722
JCT-821,18.516506007449564
JCT-822,6.607880756223311
JCT-823,18.469411454941447
JCT-824,3.979386560088062
JCT-825,18.40375786328292
JCT-826,5.158973517166302
JCT-827,18.5831003300816
JCT-828,0.4519125154874871
JCT-829,24.6099
JCT-830,0.6149984029337736
JCT-833,22.652472219226603
JCT-834,13.494863517417611
JCT-835,25.664329455594768
JCT-836,13.386473867012722
JCT-84,11.954181120004543
JCT-840,36.9336870564932
JCT-842,39.40766538777095
JCT-844,21.845585475623658
JCT-846,17.859079200851482
JCT-848,23.349757685360753
JCT-854,19.543684528085674
JCT-858,21.02968094992465
JCT-86,14.509520126235813
JCT-860,20.993484586958417
JCT-862,22.477176076393036
JCT-864,20.040475708859205
JCT-866,29.0001
JCT-868,22.62464111145895
JCT-870,23.442139913630434
JCT-872,26.789004391075675
JCT-874,10.25355569874524
JCT-876,27.1199
JCT-878,21.15196450139951
JCT-880,21.382679514058417
JCT-882,43.221734869001864
JCT-884,43.020539240874484
JCT-886,1.4478191172896135
JCT-888,0.67466179205995
JCT-892,32.1201
JCT-894,12.043820262152485
JCT-896,15.50958727100197
JCT-898,2.1176886403714796
JCT-90,0.0
JCT-900,2.2003624403259066
JCT-906,7.054986129616729
JCT-908,6.815545584669823
JCT-909,2.820658128451492
JCT-910,1.1619193584666405
JCT-911,12.808738167925826
JCT-912,0.05943952920093535
JCT-913,13.82398571559051
JCT-915,15.44402219315259
JCT-916,21.17459001316942
JCT-918,13.79283369019102
JCT-92,0.0
JCT-920,13.806540588996727
JCT-924,2.4218537230032138
JCT-926,1.7767849550894192
JCT-928,1.9381175885914153
JCT-930,1.263194723869347
JCT-932,2.093513747000081
JCT-933,21.682888268616317
JCT-936,12.573817934053922
JCT-937,6.577275195117922
JCT-938,1.2225104217399636
JCT-939,4.0586663250341495
JCT-94,8.900716180977252
JCT-940,1.2450596235008229
JCT-942,1.243858781864102
JCT-948,2.0120093796920884
JCT-950,2.8212978208463664
JCT-952,1.265177634068554
JCT-956,4.155135984304453
JCT-958,4.050084845707808
JCT-96,9.527478939873953
JCT-960,1.1132800290817326
JCT-962,1.3172891627229868
JCT-964,27.069131573843897
JCT-965,13.477107512547777
JCT-966,28.805111803087698
JCT-968,3.7526535428295498
JCT-970,4.127995242407943
JCT-976,4.718321694172992
JCT-982,38.250305267169026
JCT-983,16.065353953907515
JCT-985,19.676277810306235
JCT-986,16.665911984892308
JCT-988,13.61853559163235
JCT-990,13.646664353646381
JCT-992,13.587085524840226
JCT-994,13.612059070839646
JCT-996,7.89255698596978
JCT-998,8.78967386284316
JeffersonDiversion,40.0
JFI-10,23.2
JFI-100,10.92
JFI-101,10.77
JFI-102,9.14
JFI-103,9.51
JFI-104,9.27
JFI-105,7.84
JFI-106,8.6
JFI-11,22.9
JFI-12,22.75
JFI-13,22.24
JFI-14,22.19
JFI-15,22.91
JFI-16,21.67
JFI-17,22.24
JFI-18,21.69
JFI-19,20.73
JFI-2,25.30505320322056
JFI-20,21.71
JFI-21,21.51
JFI-22,21.02
JFI-23,21.57
JFI-24,21.12
JFI-25,21.34
JFI-26,21.71
JFI-27,21.48
JFI-3,26.1
JFI-30,20.06
JFI-31,20.35
JFI-32,20.24
JFI-34,20.09
JFI-36,19.53
JFI-37,18.48
JFI-38,18.44
JFI-39,17.63
JFI-40,17.58
JFI-41,17.38
JFI-43,17.29
JFI-44,16.93
JFI-46,16.89
JFI-47,16.79
JFI-48,15.47
JFI-49,15.41
JFI-5,25.49
JFI-50,17.3
JFI-51,17.22
JFI-52,15.52
JFI-53,15.42
JFI-54,16.23
JFI-55,16.05
JFI-56,15.18
JFI-57,15.08
JFI-58,14.96
JFI-6,26.18
JFI-60,13.48
JFI-62,13.29
JFI-63,13.63
JFI-64,13.41
JFI-66,12.478282830631338
JFI-67,10.0201398811521
JFI-68,10.759343689627748
JFI-7,24.86
JFI-74,19.14
JFI-75,17.56
JFI-76,17.09
JFI-77,17.12
JFI-78,17.27
JFI-79,16.9
JFI-8,24.54
JFI-80,16.78
JFI-81,15.37
JFI-82,16.04
JFI-84,16.06
JFI-85,14.45
JFI-86,14.76
JFI-87,14.92
JFI-88,13.21
JFI-89,13.67
JFI-90,13.91
JFI-91,14.61
JFI-93,13.53
JFI-94,12.25
JFI-95,10.97
JFI-96,11.32
JFI-97,11.58
JFI-98,11.28
JFI-99,11.9
JFR-11,23.16
JFR-12,23.62
JFR-14,24.71
JFR-15,24.1
JFR-16,25.24
JFR-17,24.46
JFR-18,24.87
JFR-19,23.2
JFR-20,22.95
JFR-21,22.67
JFR-22,21.94
JFR-25,21.88
JFR-26,22.23
JFR-27,22.38
JFR-28,22.36
JFR-29,22.24
JFR-3,20.31
JFR-30,21.51
JFR-31,22.58
JFR-32,21.79
JFR-33,21.92
JFR-34,21.33
JFR-35,20.26
JFR-36,20.63
JFR-37,21.12
JFR-39,20.28
JFR-4,26.82
JFR-40,20.36
JFR-41,18.78
JFR-42,19.1
JFR-43,19.83
JFR-44,18.85
JFR-45,19.12
JFR-46,19.4
JFR-47,18.72
JFR-48,19.34
JFR-49,17.47
JFR-5,26.12
JFR-50,18.05
JFR-51,19.22
JFR-52,19.14
JFR-53,17.58
JFR-54,18.18
JFR-55,18.6
JFR-56,17.32
JFR-57,17.92
JFR-58,16.85
JFR-59,16.44
JFR-6,25.42
JFR-60,16.94
JFR-61,16.79
JFR-62,17.2
JFR-64,13.759742477269526
JFR-65,12.177673885035999
JFR-68,7.37655051088136
JFR-69,19.750075539268135
JFR-7,25.58
JFR-70,21.67
JFR-71,20.42
JFR-72,20.32
JFR-73,21.14
JFR-74,21.15
JFR-75,20.01
JFR-77,19.94
JFR-78,20.65
JFR-79,20.21
JFR-8,24.6
JFR-80,19.08
JFR-81,20.01
JFR-83,19.77
JFR-84,18.44
JFR-85,18.91
JFR-86,19.49
JFR-87,20.25
JFR-88,19.97
JFR-89,18.33
JFR-9,25.56
JFR-90,16.49
JFR-91,16.99
JFR-92,17.89
JFR-93,16.62
JFR-94,15.01
JFR-95,15.49
JFR-96,15.01
JFR-97,14.27
JFR-98,14.55
KARM-1,12.828717514482486
KARM-10,12.998745543939542
KARM-11,12.867426852265327
KARM-2,13.844748385569892
KARM-3,13.340146071701758
KARM-3A,13.403196126634997
KARM-4,13.530947693850942
KARM-5,13.524326846859706
KARM-6,13.419430651646778
KARM-7,13.261224127444216
KARM-8,13.144292538172785
KARM-9,13.0825673008662
KEL-1,19.33
KEL-2,18.52
KEL-3,17.74
KEL-4,17.08
KEL-5,15.63
KEL-6,16.39
KEL-7,16.09
KEL-8,15.477069211627445
KEL-9,15.4412264296044
LAMB-1,18.43
LAMB-2,17.41
LAMB-4,9.665208765678884
LathrupTankDischarge,0.0
Local_CSO_53_(L34)_MH1,0.27802735248643284
Local_CSO_53_(L34)_MH2,0.2280182463208862
Local_CSO_53_(L34)_MH3,0.23415100198103195
Local_CSO_53_(L34)_MH4,0.22672542412993973
Local_CSO_53_(L34)_MH5,0.21257560271263154
Local_CSO_53_(L34)_MH6,0.21195662308037794
Local_CSO_53_(L34)_MH7,0.2119416594974864
Local_CSO_53_(L34)_MH8,0.21298172197293558
Local_CSO_53_(L34)_MH9,0.21196519876925732
Local_LC001_MH01,0.274823273258774
Local_LC001_MH02,0.13557125382855223
Local_LC001_MH03,0.13664268340066663
Local_LC002_BT,0.9961899012725379
Local_LC002_MH01,0.076195905417927
Local_LC002_MH02,0.16359893920042373
Local_LC002_MH03,0.14733835097061665
Local_LC003_&_LC015_DHLI-MH1-01,1.4452251312508713
Local_LC003_&_LC015_DHLI-MH1-01A,1.6109572378397683
Local_LC003_&_LC015_DHLI-MH1-02,1.1329976718080719
Local_LC003_&_LC015_DHLI-MH1-03B,0.561923679477887
Local_LC003_&_LC015_DHLI-MH1-04,0.4794934520620846
Local_LC003_&_LC015_DHLI-MH1-05,0.4533584916095016
Local_LC003_315,0.3249285654180184
Local_LC003_320,0.21241973015913992
Local_LC003_323,0.16871050229819862
Local_LC003_325,0.3032705745088071
Local_LC003_330,0.2368761176694038
Local_LC003_333,0.404020694256887
Local_LC003_335,0.10537300650987454
Local_LC003_MH01,0.24679638595253373
Local_LC003_MH02,0.22070299977018903
Local_LC003_MH03,0.2042682023859555
Local_LC003_MH04,0.22584082110476766
Local_LC003_MH05,0.2189897806525753
Local_LC003_MH06,0.22058818297382926
Local_LC003_MH07,0.21935289366215538
Local_LC003_MH08,0.22074884903802713
Local_LC003_MH09,0.19122131259713912
Local_LC003_MH10,0.29633945072931167
Local_LC004_Reg_MH01,0.7902543785721509
Local_LC005_MH01,0.046905186607908586
Local_LC005_MH02,0.07296418864179574
Local_LC006_MH01,0.12491487635506901
Local_LC006_MH02,0.12358225856048405
Local_LC007_&_LC199_MH01,4.356345903386666
Local_LC007_&_LC199_Reg_MH01,0.7370941876192812
Local_LC008_MH01,0.19001571446966162
Local_LC008_MH02,0.18723205077575872
Local_LC009_MH01,2.3651184989278597
Local_LC009_Reg_TP01,0.43298411975182816
Local_LC010_MH01,3.69867435742991
Local_LC010_MH02,3.068992808887132
Local_LC011_MH01,4.065616886266151
Local_LC012_MH01,1.6159731898060896
Local_LC012_Reg_MH01,0.5865015242804372
Local_LC012_Reg_TP01,0.4964586962394747
Local_LC013_MH1,0.9183596181426196
Local_LC013_TP1,2.5597703702866346
Local_LC014_MH01,0.12542814004750424
Local_LC014_MH02,0.1112980550225235
Local_LC014_MH03,0.0989307234917963
Local_LC015_120,0.2968506134505907
Local_LC015_125,0.5970963159569536
Local_LC015_130,0.4616076791685598
Local_LC015_135,0.4055436021027209
Local_LC015_137,0.3469880875936663
Local_LC015_140,0.30260942626660087
Local_LC015_220,0.540361975966763
Local_LC015_223,0.2623865847860436
Local_LC015_225,0.20289657843242015
Local_LC015_230,0.13482683213047802
Local_LC015_235,0.1199476285596483
Local_LC015_238,0.45832981873150347
Local_LC015_240,0.3548997748138102
Local_LC015_245,0.33088139621989865
Local_LC015_250,0.2221591777187017
Local_LC015_255,0.26238154770868205
Local_LC015_260,0.24503622835513186
Local_LC015_270,0.21728711404171433
Local_LC015_272,0.16369584625090605
Local_LC015_273,0.1192987140394578
Local_LC015_275,0.1293781399471921
Local_LC015_280,0.10096303582448676
Local_LC015_285,0.17276976763994706
Local_LC015_290,0.1387941193706409
Local_LC015_295,0.143175712945515
Local_LC015_405,0.2188524009253336
Local_LC015_410,0.08320752594864234
Local_LC015_505,0.1018196664278715
Local_LC015_510,0.1485905767883685
Local_LC015_515,0.15599976070436206
Local_LC015_520,0.17884721663450304
Local_LC015_DHLI-MH1-06,0.5203092302976408
Local_LC015_DHLI-MH1-09,0.44833921620347505
Local_LC015_DHLI-MH1-11,0.5595916888575128
Local_LC015_DHLI-MH1-13,0.44885060113637965
Local_LC015_DHLI-MH1-15,0.3293771341869949
Local_LC015_DHLI-MH1-17,0.2605929726490879
Local_LC015_DHLI-MH1-19,0.24341674627312926
Local_LC015_DHLI-MH1-21,0.23941206946436572
Local_LC015_DHLI-MH1-23,0.2246591989953507
Local_LC015_DHLI-MH1-25,0.2198306623687452
Local_LC015_DHLI-MH1-27,0.21134238981774217
Local_LC015_MH0578.8,0.6771334524240886
Local_LC015_MH0961.3,0.6288672437316534
Local_LC015_MH1366.3,0.6119419520943374
Local_LC015_MH1826.3,0.6058254518983484
Local_LC015_MH2240.5,0.6173168401883422
Local_LC015_MH2636.5,0.6092447362490321
Local_LC015_MH2940.8,0.6128901485398025
Local_LC015_MH3194.3,0.533973839822402
Local_LC015_MH3408.3,0.5404050780008645
Local_LC015_MH3431.6,0.5105753125062213
Local_LC015_Reg_MH0169.0,0.7692428627204797
Local_LC016_MH01,3.6795065330341123
Local_LC016_MH02,4.6352731808762595
Local_LC016_MH03,0.7001587342283011
Local_LC016_MH04,1.9334761338715203
Local_LC016_TP01,4.862026209591968
Local_LC017_Reg_MH01,10.98520384893723
Local_LC017_Reg_MH02,6.2
Local_LC018_MH01,0.059607039949910734
Local_LC018_MH02,0.05949992645596328
Local_LC019_BT,2.629520132017398
Local_LC019_MH01,9.996217704610899e-05
Local_LC019_MH02,0.08177815742679576
Local_LC019_MH03,0.21573583011980288
Local_LC019_MH04,0.06573354120495936
Local_LC020_&_LC021_BT,2.7815547492405086
Local_LC020_&_LC021_DHLI-MH2-01,4.885270407113605
Local_LC020_&_LC021_DHLI-MH2-02,1.5786471300589304
Local_LC020_&_LC021_DHLI-MH2-04A,0.16169699279041383
Local_LC020_&_LC021_DHLI-MH2-05,0.23284416256947346
Local_LC020_&_LC021_DHLI-MH2-06,0.19112467514619735
Local_LC020_&_LC021_DHLI-MH2-07,0.2503301445491962
Local_LC020_&_LC021_DHLI-MH2-08,0.18539788045064148
Local_LC020_&_LC021_DHLI-MH2-09,0.2139005599244317
Local_LC020_&_LC021_DHLI-MH2-09A,0.11863243673648749
Local_LC020_&_LC021_MH01,1.0182025815893492
Local_LC020_&_LC021_MH02,0.48178027434533727
Local_LC020_&_LC021_MH03,0.1506595812130857
Local_LC020_&_LC021_MH04,0.09321013334698004
Local_LC020_&_LC021_MH05,5.148280835833379
Local_LC020_&_LC021_MH06,5.148640819344854
Local_LC020_&_LC021_MH07,0.11047436289615849
Local_LC020_&_LC021_MH08,0.09036735790937736
Local_LC020_&_LC021_MH09,0.08984501130043779
Local_LC020_&_LC021_MH10,0.09071363383596423
Local_LC020_&_LC021_MH11,0.09029627895498779
Local_LC020_&_LC021_MH12,0.17035387558693624
Local_LC021_DHLI-MH2-11,0.11916937834663836
Local_LC021_DHLI-MH2-12,0.149611036885699
Local_LC021_DHLI-MH2-13,0.1393547823167285
Local_LC021_DHLI-MH2-14,0.13216248358571264
Local_LC021_DHLI-MH2-15,0.1315541823599375
Local_LC021_DHLI-MH2-16,0.15213353380243633
Local_LC021_DHLI-MH2-17,0.16313615873131387
Local_LC021_DHLI-MH2-17A,0.1156779578994296
Local_LC021_DHLI-MH2-18,0.1578254313444471
Local_LC021_DHLI-MH2-19,0.14224814183260592
Local_LC021_MH01,0.11129802674420461
Local_LC021_MH02,0.12200532329747603
Local_LC021_MH03,0.11733979528184613
Local_LC021_MH04,0.11787735212922676
Local_LC021_MH05,0.11858786715225186
Local_LC021_MH06,0.11871320091499976
Local_LC021_MH07,0.11723790598987749
Local_LC021_MH08,0.11928610343049063
Local_LC022_Reg_BT,2.6420736339041255
Local_LC022_Reg_MH01,0.47470356264061997
Local_LC022_Reg_MH02,1.1367050348080585
Local_LC026_&_LC192_MerrimanTS_MH01,0.8034473810081928
Local_LC026_&_LC192_MerrimanTS_MH02,0.6574238375383139
Local_LC026_&_LC192_MerrimanTS_MH03,0.6314009732171924
Local_LC026_MerrimanTS_MH01,0.6982083879582768
Local_LC026_MerrimanTS_MH02,0.6480157932267796
Local_LC026_MerrimanTS_MH03,0.6688387279230124
Local_LC027_MH02,0.03929426642655942
Local_LC027_MH03,0.3114684729119951
Local_LC027_MH04,0.8311182195818706
Local_LC027_MiddlebeltTS_MH01,0.9040464043029585
Local_LC027_Reg_MH01,0.8118449250586666
Local_LC028_MH01,3.5743236908009277
Local_LC028_Reg_MH01,0.7968963513964937
Local_LC028_Reg_MH02,0.9439872471504772
Local_LC046_1405,0.8312104485687046
Local_LC046_1406,0.8419397789173689
Local_LC046_1408,1.4536863530093562
Local_LC046_1410,1.4548773699798914
Local_LC046_1415,1.2584519706826462
Local_LC046_14-C-0045,0.7994879378556763
Local_LC046_14-C-0195,1.3096773772011203
Local_LC046_14-C-0220,1.4890982824954064
Local_LC046_1502,0.33615695886423946
Local_LC046_1503,1.2871445065770601
Local_LC046_1505,0.5697126782433817
Local_LC046_1510,0.7035824110403756
Local_LC046_1515,0.7346128202369122
Local_LC046_1517,0.40396318213519755
Local_LC046_1599,1.6449047516571809
Local_LC046_1610,1.457160938876256
Local_LC073_MH01,0.5476319512096941
Local_LC074_&_LC191_MH01,0.5633964164305465
Local_LC074_&_LC191_MH02,0.4847385821296354
Local_LC074_&_LC191_MH03,0.48549623630755395
Local_LC074_&_LC191_MH04,0.4808480626502256
Local_LC074_&_LC191_MH05,0.48290289134430864
Local_LC074_MH01,0.45204247289646926
Local_LC074_MH02,0.4539856026890785
Local_LC074_MH03,0.4552640915733275
Local_LC074_MH04,0.4493701624266069
Local_LC075_MH01,0.3244045496948526
Local_LC075_MH02,0.5153446218231766
Local_LC079_&_LC080_L5MR_MH00326.8,0.4280513457687569
Local_LC079_&_LC080_L5MR_MH00624.1,0.42757424254187226
Local_LC079_&_LC080_L5MR_MH01060.6,0.4283330524350979
Local_LC080_&_LC081_LV11,0.26502481875646866
Local_LC080_L5MR_MH01504.8,0.5574219438010324
Local_LC080_L5MR_MH02128.8,0.5161710771852497
Local_LC080_L5MR_MH02570.8,0.5166440074323013
Local_LC080_L5MR_MH02754.8,0.5583240675842631
Local_LC080_L5MR_MH02995.8,0.5972885666055199
Local_LC080_L5MR_MH03455.7,0.5800604356873118
Local_LC080_L5MR_MH03920.9,0.5786605466926766
Local_LC080_L5MR_MH04081.0,0.5799614924685996
Local_LC080_L5MR_MH04173.4,0.5822208387993261
Local_LC080_L5MR_MH04306.6,0.5832125436567068
Local_LC080_L5MR_MH04635.1,0.5794811308644123
Local_LC080_L5MR_MH04966.0,0.4885665565473626
Local_LC080_L5MR_MH05292.0,0.4894468331747488
Local_LC080_L5MR_MH05455.3,0.4921604672609595
Local_LC080_L5MR_MH05740.8,0.47175498757373513
Local_LC080_L5MR_MH05935.0,0.4894927584378004
Local_LC080_L5MR_MH06160.2,0.568964997128864
Local_LC080_L5MR_MH06413.7,0.5509259205758223
Local_LC080_L5MR_MH06862.9,0.5496136425035469
Local_LC080_L5MR_MH07252.5,0.5528400045426796
Local_LC080_L5MR_MH07762.8,0.5963895946588462
Local_LC080_L5MR_MH08267.7,0.5809229389693218
Local_LC080_L5MR_MH08766.1,0.5816960900713839
Local_LC080_L5MR_MH09214.2,0.5812923736343432
Local_LC080_L5MR_MH09543.7,0.5846271647846448
Local_LC080_L5MR_MH09891.3,0.580914772535748
Local_LC080_L5MR_MH10184.5,0.5830711758852815
Local_LC080_L5MR_MH10519.7,0.5827125910343398
Local_LC080_L5MR_MH10815.4,0.5798344319088946
Local_LC080_L5MR_MH10940.9,0.5820148035897665
Local_LC080_L5MR_MH11004.9,0.5590767456416426
Local_LC080_L5MR_MH11150.9,0.3328734528672771
Local_LC080_L5MR_MH11478.2,0.6286310384368081
Local_LC080_L5MR_MH11808.9,0.5807729890902082
Local_LC080_L5MR_MH12139.1,0.4854272404131582
Local_LC080_L5MR_MH12676.5,0.6204853721422718
Local_LC080_L5MR_MH13163.9,0.5831281582446164
Local_LC080_L5MR_MH13603.6,0.5844137148845361
Local_LC080_L5MR_MH13712.5,0.5575674880330193
Local_LC080_L5MR_MH14039.1,0.5552285131477911
Local_LC080_L5MR_MH14410.7,0.5589283040980602
Local_LC080_L5MR_MH14741.4,0.5594102208005327
Local_LC080_L5MR_MH15069.4,0.5581391436933381
Local_LC080_L5MR_MH15401.3,0.557451787526958
Local_LC080_L5MR_MH15727.9,0.6817659136517007
Local_LC080_L5MR_MH16059.2,0.6506654542915122
Local_LC080_L5MR_MH16329.6,0.6479614291036128
Local_LC080_L5MR_MH16705.6,0.7376010173709884
Local_LC080_L5MR_MH17047.3,0.7154543529079831
Local_LC080_L5MR_MH17364.7,0.6180276957373743
Local_LC080_L5MR_MH17444.6,0.6139231272250378
Local_LC080_L5MR_MH17813.6,0.62014098093708
Local_LC080_L5MR_MH18220.5,0.6171290612890326
Local_LC080_L5MR_MH18675.5,0.5666941849223983
Local_LC080_L5MR_MH19087.2,0.6382621603699614
Local_LC080_L5MR_MH19111.2,0.6327708381363621
Local_LC080_L5MR_MH19414.2,0.6149889618208199
Local_LC080_L5MR_MH19727.2,0.6212468020908691
Local_LC080_L5MR_MH19755.4,0.6248290004570408
Local_LC080_L5MR_MH20128.2,0.6530171096914776
Local_LC093_&_LC095_MH0688,0.18794465925348375
Local_LC095_&_LC202_MH5537,0.25081545759973967
Local_LC095_&_LC202_MH5576,0.10863326920826885
Local_LC095_MH0090,9.986067016143352e-05
Local_LC095_MH0439,0.21950312408854816
Local_LC095_MH0479,0.05176132078246358
Local_LC095_MH0691,0.002044461201876402
Local_LC095_MH1061,0.11464983528396322
Local_LC095_MH1062,0.0020493410993367434
Local_LC095_MH1171,0.12396831081928553
Local_LC095_MH5394,0.1267149750724455
Local_LC096_07_MH1,0.24834261554499515
Local_LC096_07_MH2,0.20685120813334013
Local_LC096_30_MH1,0.19510814069136562
Local_LC096_30_MH2,0.19496830038315888
Local_LC096_33_MH1,0.22413429461952383
Local_LC096_33_MH2,0.3729973981035093
Local_LC116_Reg_MH01,2.0940244889521424
Local_LC127_MH01,0.06273116339294718
Local_LC128_MH01,0.17987873456484121
Local_LC129_MH01,0.568322699573582
Local_LC129_MH01A,0.27405929481537694
Local_LC129_MH02,0.2748317407814257
Local_LC129_MH03,0.27523973797018086
Local_LC129_MH04,0.27410779515427997
Local_LC129_MH05,0.2752267251015442
Local_LC130_MH01,0.8744261156298188
Local_LC130_MH02,0.39456000298037064
Local_LC130_MH03,0.23085247744782583
Local_LC130_MH04,0.22671536342992277
Local_LC132_MH01,0.07899890529094875
Local_LC132_MH02,0.07635951716078784
Local_LC134_MH01,0.1102222043237801
Local_LC135_MH01,0.17987422186391272
Local_LC135_MH02,0.3299057442158426
Local_LC135_MH03,0.32760360971535807
Local_LC135_MH04,0.33207889232008325
Local_LC135_MH05,0.3298426788084057
Local_LC135_MH06,0.33208109440461947
Local_LC135_MH07,0.32984547841799117
Local_LC169_MH01,0.03236289129933405
Local_LC170_MH01,0.022234068671615433
Local_LC171_MH01,0.029635302692545863
Local_LC174_MH01,1.0011384589078065
Local_LC174_MH02,0.5541090695429344
Local_LC174_MH03,0.4909138948952374
Local_LC174_MH04,0.7432109215409042
Local_LC174_MH05,0.694941451193456
Local_LC174_MH06,0.8148880805450913
Local_LC174_MH07,0.793538259199766
Local_LC174_MH08,0.7816182104453682
Local_LC174_MH09,0.7852340996920317
Local_LC174_MH10,0.780185543472119
Local_LC174_MH11,0.7828517964560862
Local_LC174_MH12,0.7832225545401363
Local_LC177_MH01,0.027942603190108606
Local_LC178_MH01,0.14059794339782677
Local_LC178_MH02,0.12394724596554191
Local_LC179_MH01,0.09431370148375529
Local_LC179_MH02,0.13328782737034595
Local_LC180_MH01,0.028278442497724925
Local_LC180_MH02,0.0636067064820871
Local_LC181_MH01,0.165279240982246
Local_LC181_MH02,0.14102958440749808
Local_LC182_MH01,0.10949823713031547
Local_LC182_MH02,0.10873346003499262
Local_LC183_MH01,0.5813177573221617
Local_LC183_MH02,0.671544641495228
Local_LC183_MH03,0.5364824452588499
Local_LC183_MH04,0.5378522449175074
Local_LC183_MH05,0.6356801007132753
Local_LC186_&_LC187_MH01,0.14473498984031397
Local_LC186_&_LC187_MH02,0.24861806252036833
Local_LC186_MH01,0.21156935005761712
Local_LC186_MH02,0.1431941677406257
Local_LC186_MH03,0.14420642145927381
Local_LC186_MH04,0.2349931412149838
Local_LC186_MH04_ToRVI,0.29498388897415884
Local_LC186_MH05,0.639487429827529
Local_LC188_BT,2.7821292501478494
Local_LC188_GVC_MH01,0.682190063994879
Local_LC188_GVC_MH02,0.11044887708902683
Local_LC188_GVC_MH03,0.07705114054112557
Local_LC188_GVC_MH04,0.07409938991577908
Local_LC188_GVC_MH05,0.11273119130576792
Local_LC188_GVC_MH06,0.09563583746288051
Local_LC188_GVC_MH07,0.09843019477388654
Local_LC188_GVC_MH08,0.08990334096283883
Local_LC188_GVC_MH09,0.08279627473792081
Local_LC191_MH01,0.16252634092376395
Local_LC191_MH02,0.20736986303695804
Local_LC191_MH03,0.10952590095981632
Local_LC199_MH1,2.2435720240674897
Local_LC199_MH2,6.405497029725883
Local_LC204_MH1,0.19353645614985077
LV_4,0.5134107071029874
LV_5,0.5133747289574302
M10_2,21.36319473460002
m3000-SOT140005,6.332032840472149
m3010-SOT140011,6.4162376193976645
m3020-SOT136010,7.408282517417094
m3030-DUMMY3030B,2.883276823582455
m3090-SOT132002,2.552047967948902
m3130-SOT055907,0.9099378354292877
m3270-SOT012607,7.223016735843203
m3370-BLT137019,1.1372549307077082
M8_1,12.46389671978281
M8_2,12.021787583428894
M8_3,5.697194422592814
M8_4,6.042705870476459
M8_5,7.009109971795636
M8_6,6.610751901525758
M8_7,7.053546627818333
M8_8,6.673910837780651
MAK-11,20.254025522940417
MAK-12,25.26
MAK-13,23.0
MAK-14,22.43
MAK-15,22.32
MAK-18,21.629936319688724
MAK-19,19.17
MAK-2,19.976648426540997
MAK-20,17.06
MAK-3,19.579820846676135
MAK-4,21.94263112027842
MAK-5,21.11
MAK-6,18.93
MAK-7,18.31
MAK-8,17.85
MAK-9,17.81
MarterDischargeChannel,1.1768372727672227
MarterPump1Outlet,0.026677722181367002
MarterPump2Outlet,3.703284563298943
MartinBasinDewatering,11.328637051668776
MartinBasinInfluentGates,8.186935135647818
MartinDrainEffluent2,5.7414358491882105
MartinDrainInfluentBox,5.9289865211191
MartinRegulatorChamber,18.66513460375466
MDOT_I75_01,1.5090625282232892
MDOT_M102-01,21.533543847963507
MDOT_M102-02,17.743026067547113
MDOT_M102-03,11.087927300440597
MDOT_M102-04,17.296019132606567
MDOT_M102-05,15.213868988702862
MDOT_M102-06,11.245348276674594
MDOT_M102-07,24.9001
MDOT_M102-08,21.9394048341519
MDOT_M102-09,21.0799
MH07303,17.53395172286406
MH10,3.013680191767702
MH103,40.46733553324993
MH11,9.16528130284167
MH12,11.684393339593491
MH124,23.685261298567944
MH132,23.571989089083687
MH136,27.798819068292474
MH137,7.2049695907049705
MH15,22.466654184969663
MH16,1.6005352236317396
MH17,13.684688426299385
MH18,30.23401924493984
MH2,19.177177022854416
MH22,22.022986224961567
MH3,21.4099
MH39,20.0899
MH40,8.893526642305083
MH41,9.23068477975474
MH42,9.964399525793036
MH43,12.397178469224134
MH44,13.248564793293209
MH45,14.925888662095888
MH46,27.5201
MH48,8.920854489891404
MH49,41.20267382501228
MH5,29.078744570862256
MH50,30.303215772484172
MH53,7.8922647548884575
MH64,17.288665695240432
MH67,43.68161368851357
MH69,41.4999
MH7,14.838011990253353
MH72,12.656207943375232
MH77,23.46047490602802
MH78,18.71172875887582
MH79,38.56798505708261
MH80,34.20695208869387
ML_063,4.792389295459285
ML_074D,10.452926860117238
ML_079D,6.031760227384595
MR-1002,33.79279712733822
MR-1003,33.88694805096421
MR-1004,33.97580028616153
MR-1005,34.07336600517271
MR-1010,34.2196038792405
MR-1012,33.58560884483667
MR-1015,33.97058648277465
MR-1022,29.83899275384899
MR-1024,29.38575868593535
MR-1026,28.953767738191033
MR-1030,28.52443636752082
MR-1050,27.063756684345265
MR-1060,26.24
MR-1070,23.99
MR-1080,18.29
MR-11020,7.586456902502178
MR-11040,7.435920140668863
MR-12020,8.49431260435059
MR-2004,30.153841571318623
MR-2005,30.02238770951147
MR-2006,29.930724962082675
MR-2007,29.76380509387075
MR-2008,29.619020136631455
MR-2009,29.737929671184265
MR-2010,29.542353745097838
MR-2012,28.655343148000696
MR-2014,28.867451564330512
MR-2016,29.065682394993907
MR-2018,29.183524861267728
MR-2019,29.235405826278367
MR-2030,26.930868878192978
MR-2032,27.35
MR-2034,27.66
MR-2036,27.96
MR-2038,28.26
MR-2039,28.57
MR-2040,28.87
MR-2042,18.0
MR-2044,17.58
MR-2045,17.15
MR-2046,16.72
MR-2047,16.3
MR-2048,15.87
MR-3000,15.44
MR-4000,21.91
MR-4002,21.97
MR-4004,22.29
MR-4006,22.62
MR-4008,22.94
MR-4010,23.26
MR-4012,23.58
MR-4014,23.9
MR-4016,24.22
MR-4018,24.54
MRD-1,13.0
MRD-10,7.2423597173187755
MRD-10A,6.623320313347059
MRD-11,7.0979011089016595
MRD-12,6.944461867687387
MRD-13,6.794095712404966
MRD-14,6.658589324075491
MRD-16,5.907806545314395
MRD-17,5.711458484111782
MRD-18,5.453278453728109
MRD-19,5.228698552512661
MRD-2,13.0
MRD-20,5.1413298380437755
MRD-21,5.112016452729261
MRD-22,5.115294782921261
MRD-23,5.080526116574061
MRD-24,5.203636857888416
MRD-25,5.527824586509839
MRD-26,5.817695742734015
MRD-27,5.965815829312064
MRD-28,5.657939659105702
MRD-29,5.395538043449518
MRD-30,5.202226838699394
MRD-31,5.035742522175571
MRD-32,5.690731127494008
MRD-33,2.256949503595618
MRD-34,3.5382379401355433
MRD-35,2.8994693873101998
MRD-36,2.7639458240215538
MRD-37,2.72482166389854
MRD-38,2.6857132997629494
MRD-39,2.374346121277194
MRD-40,2.852085434705579
MRD-41,3.0204023922229633
MRD-43,3.00085963021859
MRD-44,3.0075138912856927
MRD-45,3.082719398695388
MRD-46,3.127635212668249
MRD-47,3.156520540981071
MRD-48,3.1786599553234014
MRD-49,3.218683190492511
MRD-50,2.9386386568711953
MRD-51,3.406596682806488
MRD-52,3.9857760142015297
MRD-53,5.498626062370827
MRD-54,6.938567416801131
MRD-55,7.792901781120879
MRD-56,7.71169810388545
MRD-57,3.3804540965095105
MRD-58,2.8573908141384816
MRD-59,2.354087043845216
MRD-60,1.2953050767518262
MRD-61,0.8836369178995542
MRD-62,0.3562621960506974
MRD-63,0.3574899298611892
MRD-7,13.0
MRD-8A,10.345759311732504
MRD-9,6.79842491582111
NeffPSSanChannel,12.500096321105957
NeffPSStormChannel,12.500094413757324
NeffPSStormChannel7,0.0
NER-10,0.26087820544023355
NER-11,0.2396312244567234
NER-12,0.22029643837796792
NER-13,0.20132478256492325
NER-14,0.07125237733621433
NER-15,0.2651861697673905
NER-16,0.15350150448977085
NER-17,0.10087058341889846
NER-18,10.0
NER-19,15.5
NER-2,0.640930608756318
NER-21,16.42
NER-22,17.09
NER-23,2.273634515951575
NER-24,27.39
NER-25,26.6
NER-26,26.99
NER-27,26.66
NER-29,23.24
NER-3,0.5610522872882964
NER-30,23.79
NER-31,24.63
NER-32,23.88
NER-33,21.82
NER-34,20.01
NER-35,18.96
NER-36,19.42
NER-37,18.35
NER-38,18.67
NER-39,17.78
NER-4,0.47549895990337765
NER-40,17.91
NER-41,19.23
NER-42,17.82
NER-43,18.01
NER-45,17.24
NER-46,16.26
NER-48,14.8
NER-49,13.61
NER-5,0.44126943839986965
NER-51,12.85
NER-52,11.49
NER-54,10.9
NER-55,10.84
NER-56,10.78
NER-58,10.85
NER-59,9.28
NER-6,0.4188581676617329
NER-60,9.28
NER-61,9.0
NER-62,20.79
NER-63,20.29
NER-64,19.82
NER-66,19.79
NER-67,20.94
NER-68,20.79
NER-69,18.92
NER-7,0.2932733275366135
NER-70,19.45
NER-71,18.32
NER-73,15.6
NER-76,12.6
NER-8,0.3940589584310423
NER-9,0.27991670255820367
NESPS_Discharge1_OMID,0.0
NESPS_Discharge2_OMID,0.0
NESPS_Discharge4_OMID,6.345643059760635
NESPS_Discharge5_OMID,0.0
NESPS_Discharge6_OMID,0.0
NESPS_Pump1_HighPoint_OMID,0.0
NESPS_Pump2_HighPoint_OMID,0.0
NESPS_Pump4_HighPoint_OMID,0.0
NESPS_Pump5_HighPoint_OMID,0.0
NESPS_Pump6_HighPoint_OMID,0.0
NEWTP,24.362972884379257
NORM-1,12.051482644841688
NORM-2,15.28
NORM-4,9.959514544774725
NWR-1,0.7567554567324465
NWR-10,1.2036334265134419
NWR-12,1.0743824121133927
NWR-13,0.8434850138332098
NWR-14,1.1147488069198301
NWR-15,1.1260037032797312
NWR-18,0.995598552550057
NWR-19,1.0901216814124064
NWR-2,1.252379716660354
NWR-20,1.1280504100675741
NWR-21,1.1437384614437196
NWR-22,1.1775751361772122
NWR-23,1.3088268258087337
NWR-24,29.3
NWR-25,57.480000000000004
NWR-26,60.03
NWR-27,58.0
NWR-28,57.1
NWR-29,57.12
NWR-3,1.2858404735484952
NWR-30,58.06
NWR-33,0.6877470840705098
NWR-34,0.6720220362039816
NWR-35,0.7689724982749341
NWR-36,0.7533602646718185
NWR-37,0.4853839801925174
NWR-38,0.731500639621568
NWR-39,0.6675858934066736
NWR-4,1.276723003172591
NWR-40,0.6136208870010154
NWR-41,0.6160122921583446
NWR-42,0.6120792413749876
NWR-5,1.2360827741124054
NWR-6,1.282327375267848
NWR-7,1.13685501788653
NWR-8,1.1944451863388719
NWR-9,1.2093399981935455
NWRC-1,1.1710978297907055
NWRC-10,1.4913027863254034
NWRC-11,1.6040690401330617
NWRC-12,1.3983594197299167
NWRC-13,0.9150817978034296
NWRC-16,0.8796907395593625
NWRC-17,0.6147600572218197
NWRC-2,0.9297589141288976
NWRC-4,1.0610903605823068
NWRC-7,0.904420983616764
NWRC-8,1.430260719537454
NWRC-9,1.468797672523257
P1,44.832247554590026
P10,46.77588350449476
P11,33.067012786865234
P12,33.54853439331055
P13,33.6265754699707
P14,0.0
P15,0.0
P16,0.0
P2,10.212319374084473
P3,11.253830909729004
P4,14.393987655639648
P5,54.52463464801215
P6,55.97028103405784
P7,58.460238127441485
P8,0.0
P9,46.77588350449476
PCI-10A_Sta.009+19_MH_OMID,1.284307970584256
PCI-10A_Sta.027+84_MH_OMID,1.382132799265119
PCI-10A_Sta.043+22_MH_OMID,1.356902353942637
PCI-10A_Sta.058+23_MH_OMID,1.3257338981995912
PCI-10A_Sta.071+34_MH_OMID,1.356810019503952
PCI-10A_Sta.089+05_MH_OMID,1.3469830932303024
PCI-10A_Sta.106+13_MH_OMID,1.345402381015313
PCI-10A_Sta.121+67_MH_OMID,1.3455284555201947
PCI-10A_Sta.135+27_MH_OMID,1.3459285446814668
PCI-10A_Sta.151+87_MH_OMID,1.3457929333606775
PCI-10B_Sta.164+77_MH_OMID,1.345381471009775
PCI-10B_Sta.178+60_BT_OMID,1.346056542478283
PCI-10B_Sta.187+54_MH_OMID,1.311746941382014
PCI-10B_Sta.203+78_MH_OMID,1.3125408644874041
PCI-10B_Sta.209+50_BT_OMID,1.3119560233767904
PCI-11_Sta.012+61_MH_OMID,0.7877879883720633
PCI-11_Sta.022+60_MH_OMID,0.6357805377656924
PCI-11_Sta.023+96_MH_OMID,0.9113217855101334
PCI-11_Sta.024+06_MH_OMID,0.9764215620191646
PCI-11_Sta.027+29_MH_OMID,0.8066143163548969
PCI-11_Sta.027+48_MH_OMID,1.46884377334631
PCI-11_Sta.030+12_MH_OMID,1.401373907828516
PCI-11_Sta.030+49_MH_OMID,0.2845231668622148
PCI-11_Sta.036+66_MH_OMID,0.4778122005963742
PCI-11_Sta.042+57_MH_OMID,0.47162749401330195
PCI-11_Sta.067+69_MH_OMID,0.7051355179033432
PCI-11_Sta.073+68_MH_OMID,0.7143406090267779
PCI-11_Sta.079+37_MH_OMID,0.7079411643506703
PCI-11_Sta.085+15_MH_OMID,0.714562261853052
PCI-11_Sta.091+51_MH_OMID,0.5252604319825498
PCI-11_Sta.097+78_MH_OMID,0.5435159376699488
PCI-11_Sta.100+95_MH_OMID,0.5380734709451076
PCI-11_Sta.104+20_MH_OMID,0.5232621992133066
PCI-11_Sta.107+32_MH_OMID,0.5183027144547273
PCI-11_Sta.109+41_MH_OMID,0.5199585522682314
PCI-11_Sta.111+53_MH_OMID,0.5220710592929105
PCI-11_Sta.113+71_MH_OMID,0.5254872136405824
PCI-11A_Sta.000+31_MH_OMID,0.5931886410871172
PCI-11A_Sta.004+28_MH_OMID,0.7529573789182447
PCI-11A_Sta.007+83_MH_OMID,0.7026886739938727
PCI-11A_Sta.009+33_MH_OMID,0.7135123574852393
PCI-11A_Sta.010+71_MH_OMID,0.6231037145888652
PCI-11A_Sta.014+30_MH_OMID,0.6905630220825119
PCI-11A_Sta.017+30_MH_OMID,0.6763787085573035
PCI-11A_Sta.017+42_MH_OMID,1.1833461867861503
PCI-12A_Sta.018+49_MH_OMID,5.642334215798944
PCI-38_Sta.110+23_MH_OMID,3.26161262583261
PCI-38_Sta.121+77_MH_OMID,5.305336004376718
PCI-5_Sta.003+50_MH_OMID,3.980281010458355
PCI-5_Sta.021+25_MH_OMID,3.4852946992799154
PCI-5_Sta.042+40_MH_OMID,3.3912194076268793
PCI-5_Sta.050+00_SC_OMID,3.847867218623633
PCI-5_Sta.055+00_SC_OMID,3.845751775214903
PCI-5_Sta.060+00_SC_OMID,3.7918165638934536
PCI-5_Sta.060+90_MH_OMID,3.814161685542982
PCI-5_Sta.065+00_SC_OMID,3.9056201303964797
PCI-5_Sta.070+00_SC_OMID,3.9740484067010176
PCI-5_Sta.080+00_SC_OMID,4.302050917388653
PCI-5_Sta.082+60_MH_OMID,3.894115112577992
PCI-5_Sta.084+10_MH_OMID,3.6618009091069332
PCI-5_Sta.085+00_SC_OMID,3.5308018206278566
PCI-5_Sta.095+00_SC_OMID,3.1691590801284613
PCI-5_Sta.100+00_SC_OMID,3.291156564688242
PCI-5_Sta.105+00_SC_OMID,3.6850371263728228
PCI-5_Sta.106+25_MH_OMID,3.7212145743968286
PCI-5_Sta.110+00_SC_OMID,3.827275432920991
PCI-5_Sta.115+00_SC_OMID,3.830073445635417
PCI-5_Sta.119+25_MH_OMID,3.8132798279240294
PCI-5_Sta.120+00_SC_OMID,3.8174061754496975
PCI-5_Sta.125+00_SC_OMID,3.9765985711001077
PCI-5_Sta.131+19_MH_OMID,3.8775919649869746
PCI-5_Sta.135+00_SC_OMID,3.2680703508353757
PCI-5_Sta.140+00_SC_OMID,2.3516278076147565
PCI-6_Sta.000+48_MH_OMID,3.0335594736586406
PCI-6_Sta.013+97_MH_OMID,2.7924775508908226
PCI-6_Sta.021+17_EOL_OMID,2.7560452957210364
PCI-6_Sta.028+80_MH_OMID,3.2703544814169643
PCI-6_Sta.043+75_MH_OMID,3.390448292886207
PCI-6_Sta.053+17_EOL_OMID,3.3855146831428895
PCI-6_Sta.063+90_MH_OMID,3.000320292981352
PCI-6_Sta.082+10_MH_OMID,2.734314854684004
PCI-6_Sta.101+61_MH_OMID,2.7454569107072664
PCI-6_Sta.118+00_MH_OMID,2.720291889835818
PCI-7_Sta.000+00_MH_OMID,2.7404043977393537
PCI-7_Sta.018+25_MH_OMID,2.7720410867390015
PCI-7_Sta.035+00_MH_OMID,2.735199726878114
PCI-7_Sta.051+66_MH_OMID,2.731371600072273
PCI-7_Sta.069+40_MH_OMID,2.739830652876509
PCI-7_Sta.083+76_MH_OMID,2.733326872184601
PCI-7_Sta.085+22_BT_OMID,2.7328480495677976
PCI-7_Sta.096+03_MH_OMID,2.7194841628646924
PCI-7_Sta.101+97_EOL_OMID,2.711583273729076
PCI-7_Sta.136+02_BT_OMID,6.0120603560722845
PCI-7_Sta.136+27_MH_OMID,5.992196025346616
PCI-8_Sta.002+75_MH_OMID,4.327564317620213
PCI-8_Sta.014+02_MH_OMID,3.1237291805081027
PCI-8_Sta.027+53_BT_OMID,2.3887662828569813
PCI-8_Sta.031+06_MH_OMID,2.364820172605766
PCI-8_Sta.050+63_MH_OMID,1.9270004512473724
PCI-8_Sta.069+02_MH_OMID,1.8372387429886277
PCI-8_Sta.084+31_MH_OMID,1.8366228497744566
PCI-8_Sta.100+45_MH_OMID,1.8365050655356496
PCI-8_Sta.117+15_MH_OMID,1.838274897210919
PCI-8_Sta.118+00_SC_OMID,1.8228435288882394
PCI-8_Sta.128+20_BT_OMID,1.484204298021531
PCI-8_Sta.133+59_MH_OMID,1.6878410539043922
PCI-8_Sta.149+35_MH_OMID,1.6694010465762341
PCI-8_Sta.166+11_MH_OMID,1.6720539031606634
PCI-8_Sta.175+64_MH_OMID,1.6692764976806083
PCI-8_Sta.176+39_DC_OMID,1.6329468795320277
PCI-9_Sta.002+12_MH_OMID,1.9522055874084274
PCI-9_Sta.021+47_MH_OMID,1.5115506115150348
PCI-9_Sta.045+98_MH_OMID,1.5175894817025664
PCI-9_Sta.062+50_MH_OMID,1.5160970924662247
PCI-9_Sta.083+90_MH_OMID,1.5160814540365766
PCI-9_Sta.104+35_MH_OMID,1.51473359427575
PCI-9_Sta.122+80_MH_OMID,1.5163594337620574
PCI-9_Sta.131+20_BT_OMID,1.5168689020116075
PCI-9_Sta.145+76_BT_OMID,1.4951576507804905
PCI-9_Sta.147+50_MH_OMID,1.4325664894718155
PCI-9_Sta.162+50_MH_OMID,1.4158147594733643
PCI-9_Sta.179+22_MH_OMID,1.4152018999880416
PCI-9_Sta.179+60_DC_OMID,1.8344235312511326
PIP-1,14.464565363616941
PIP-3,8.464799213509647
PLEA-1,16.0
PLEA-4,6.996632889787249
PL-EFF-2,11.0
PS1_Discharge2,43.32845152788268
PS1_Discharge2B,43.204973095030375
PS1_Discharge3,16.270415150446023
PS1_Discharge4,14.19803258757221
PS1_Discharge5,16.20611707008348
PS1_Discharge6,14.18377964308933
PS1_Discharge7,17.574092508568874
RAU-1,18.56
RAU-3,9.42827722170284
RC1126,0.0
RC1127,0.0
RC1127A,0.0
RC1131,0.0
RC1132,0.0
RC1132A,0.0
RC1156,2.3146544163911873
RC1157,2.6267452200243664
RC1157A,6.071505835900162
RC1171,1.232026157397557
RC1172,2.5677184984919195
RC1172A,3.074927473397717
RC17001,7.695744438594067
RC17003,4.85951865371857
RC17004,4.424771513444297
RC27001,23.909179605040613
RC27001A,32.994849771219435
RC27003,7.656739826904735
RC27003A,30.208795782795
RC27004,7.181822714632629
RC27004A,27.274152917876535
Regulator11,23.344197714158852
Regulator17,12.021423318408779
Regulator3,35.71857892282102
Regulator7,16.76102640496193
REIN-1,16.46
REIN-4,8.266490703463479
RVSDS_CSO_03_(M18A)_Reg1,0.5931211993675147
RVSDS_CSO_07_(M14)_Div,1.9980125925011776
RVSDS_CSO_10_(M19)_Div_Old,3.2984757379626073
RVSDS_CSO_10_(M19)_Reg2,0.30159364742736905
RVSDS_CSO_11_(L42)_Div,1.2506056774268064
RVSDS_CSO_11_(L42)_Reg,0.9618103033348167
RVSDS_CSO_11_(L42)_Weir,1.0011762401632907
RVSDS_CSO_12_(L43)_Div,1.359759757778746
RVSDS_CSO_19_(L47)_Div,1.5015350537700938
RVSDS_CSO_19_(L47)_Reg,2.453057124861914
RVSDS_CSO_20_(L48)_Div,3.4839432152604797
RVSDS_CSO_20_(L48)_Reg,2.7601390636966827
RVSDS_CSO_21_(L39)_Div,4.236762128874391
RVSDS_CSO_21_(L39)_Reg,0.670875493941943
RVSDS_CSO_22_(L38)_Div,1.5866306864652975
RVSDS_CSO_22_(L38)_Reg,0.7497548617373078
RVSDS_CSO_45_(U02)_Div,3.9520411061748586
RVSDS_CSO_51_(L37)_Div,0.04576088947504487
RVSDS_CSO_51_(L37)_Reg,0.12546174112340397
RVSDS_CSO_53_(L34)_Div,0.1275664020080044
RVSDS_CSO_53_(L34)_Reg,0.15550484765033196
RVSDS_CSO_59_(M24)_Div,0.6269514001075558
RVSDS_CSO_59_(M24)_Reg,0.6980465414410164
RVSDS_CSO_63_(L45)_Div,0.3757656975070051
RVSDS_CSO_I03_(L40)_Div,0.04766953142783277
RVSDS_CSO_I08_(L44)_Div,0.9849078674468805
RVSDS_EQ_Livonia_Effluent1,9.497374412603676e-05
RVSDS_EQ_Livonia_Effluent2,1.0697466017385557
RVSDS_EQ_Livonia_Influent2,0.7161648472484794
RVSDS_EQ_Livonia_MeterMH,1.0559840236835933
RVSDS_INT_HLDE_1,1.0827949679750803
RVSDS_INT_HLDE_2,1.0926979049897612
RVSDS_INT_HLDE_3,1.0895606334858772
RVSDS_INT_LRIR_IX_MH9-#1,1.4205916401182666
RVSDS_INT_LRIR_IX_MH9-#3_US,0.5602737881502806
RVSDS_INT_LRIR_IX_MH9-#4,1.3301824039336965
RVSDS_INT_LRIR_IX_MH9-#5,0.7998333029183856
RVSDS_INT_LRIR_IX_MH9-01,1.2500159542294371
RVSDS_INT_LRIR_IX_MH9-02,1.6917130054521512
RVSDS_INT_LRIR_IX_MH9-03,1.2466845518294654
RVSDS_INT_LRIR_IX_MH9-04,0.7064247203336809
RVSDS_INT_LRIR_IX_MH9-05,0.8729194549200794
RVSDS_INT_LRIR_IX_MH9-06,0.6866818960198974
RVSDS_INT_LRIR_IX_MH9-07,1.0224229070072601
RVSDS_INT_LRIR_IX_MH9-08,0.8857447083088947
RVSDS_INT_LRIR_IX_MH9-09,0.8215752073580276
RVSDS_INT_LRIR_IX_MH9-10,0.7655684401907663
RVSDS_INT_LRIR_IX_MH9-11,0.8508323197194905
RVSDS_INT_LRIR_IX_MH9-12,0.7529271888725211
RVSDS_INT_LRIR_IX_MH9-13,1.0175572383042004
RVSDS_INT_LS1A_Discharge,1.8051862586069076
RVSDS_INT_LS1A_DL-MH1,4.813486065652102
RVSDS_INT_LS1A_DL-MH2,2.944098304915342
RVSDS_INT_LS1A_High,6.2921341609122905
RVSDS_INT_LS1A_OF-MH1,1.8375496320659237
RVSDS_INT_LS1A_OF-MH2,2.0015109529903174
RVSDS_INT_LS1A_Pump1_Discharge,4.372028964130592
RVSDS_INT_LS1A_Pump2_Discharge,9.890207729768008e-05
RVSDS_INT_LS1A_Pump3_Discharge,0.0
RVSDS_INT_LS1A_Pump4_Discharge,0.0
RVSDS_INT_LS1A_Pump5_Discharge,2.88261625395092
RVSDS_INT_LS1A_Pump6_Discharge,0.0
RVSDS_INT_LV_MH07,2.7151324548471356
RVSDS_INT_LV_MH08,3.156265425878079
RVSDS_INT_LV_MH09,6.0085147240461385
RVSDS_INT_LV_MH10,2.3380851381952734
RVSDS_INT_LV_MH11,2.3846982181448992
RVSDS_INT_LV_MH16,3.88
RVSDS_INT_LV_MH17,5.68
RVSDS_INT_LV_MH18,11.87
RVSDS_INT_LV_MH19,7.523866837974534
RVSDS_INT_LV_MH20,4.7890352846140765
RVSDS_INT_LV_MH21,4.356572623996483
RVSDS_INT_LV_MH22,4.377719831014371
RVSDS_INT_LV_MH23,4.360084080027464
RVSDS_INT_LV_MH24,5.067893715199187
RVSDS_INT_LV_MH25,4.792528802740887
RVSDS_INT_LV_MH26,6.09
RVSDS_INT_LV_MH27,4.5
RVSDS_INT_LV_MH28,3.72
RVSDS_INT_LV_MH29,3.88
RVSDS_INT_LV_MH30,5.23
RVSDS_INT_LV_MH31,7.165868731264471
RVSDS_INT_LV_MH32,5.634865308112222
RVSDS_INT_LV_MH33,4.93
RVSDS_INT_LV_MH34,5.269826559197535
RVSDS_INT_LV_MH35,6.98
RVSDS_INT_LV_MH37,11.89
RVSDS_INT_LV_MH38,8.52
RVSDS_INT_LV_MH39,8.15
RVSDS_INT_LV_MH40,4.211474266724532
RVSDS_INT_LV_MH41,4.204869513497372
RVSDS_INT_MRIR_I_MH1-23,14.260324715131912
RVSDS_INT_MRIR_II_MH2-01,19.447274262063655
RVSDS_INT_MRIR_II_MH2-02,19.389704256659083
RVSDS_INT_MRIR_II_MH2-03,11.853360129096664
RVSDS_INT_MRIR_II_MH2-04,5.450622655846188
RVSDS_INT_MRIR_II_MH2-05,5.467356484545655
RVSDS_INT_MRIR_II_MH2-06,7.389720922350184
RVSDS_INT_MRIR_II_MH2-07,8.269023432125092
RVSDS_INT_MRIR_II_MH2-11,4.028421665856605
RVSDS_INT_MRIR_II_MH2-12,3.2707616074069508
RVSDS_INT_MRIR_II_MH2-13,3.1981996547115386
RVSDS_INT_MRIR_II_MH2-14,3.282821485666817
RVSDS_INT_MRIR_II_MH2-15,3.3617397497888764
RVSDS_INT_MRIR_II_MH2-16,3.0174902167217654
RVSDS_INT_MRIR_II_MH2-17,2.5070725497215136
RVSDS_INT_MRIR_II_MH2-18,2.562370823289986
RVSDS_INT_MRIR_II_MH2-19,2.6296950868742517
RVSDS_INT_MRIR_II_MH2-20,2.34690823716734
RVSDS_INT_MRIR_II_MH2-21,2.4248115333368148
RVSDS_INT_MRIR_II_MH2-22,2.325631514634223
RVSDS_INT_MRIR_II_MH2-23,2.2380963297074423
RVSDS_INT_MRIR_II_MH2-24,2.155783210193027
RVSDS_INT_MRIR_II_MH2-25,2.16764988477459
RVSDS_INT_MRIR_II_MH2-26,2.0901977663116864
RVSDS_INT_MRIR_II_MH2-27,2.2876278018487355
RVSDS_INT_MRIR_II_MH2-28,2.1674146412042488
RVSDS_INT_MRIR_II_MH2-29,2.2430986938930806
RVSDS_INT_MRIR_II_MH2-30,2.181400493807568
RVSDS_INT_MRIR_II_MH2-31,2.3176383566621253
RVSDS_INT_MRIR_II_MH2-32,1.342330982700925
RVSDS_INT_MRIR_II_MH2-33,2.750555204818725
RVSDS_INT_MRIR_II_MH2-34,2.9295023646088767
RVSDS_INT_MRIR_II_MH2-37,2.8706756611128754
RVSDS_INT_MRIR_III_JC3-37_HighPipe,0.5537219596036076
RVSDS_INT_MRIR_III_MH3-01,1.7492269415760031
RVSDS_INT_MRIR_III_MH3-02,1.4126637749138578
RVSDS_INT_MRIR_III_MH3-03,1.3069569264528234
RVSDS_INT_MRIR_III_MH3-04,1.4741700611590562
RVSDS_INT_MRIR_III_MH3-05,1.3322352854092414
RVSDS_INT_MRIR_III_MH3-06,1.4554560162321422
RVSDS_INT_MRIR_III_MH3-07,1.3832817886623174
RVSDS_INT_MRIR_III_MH3-08,1.4738641377783797
RVSDS_INT_MRIR_III_MH3-09,1.4174816139690845
RVSDS_INT_MRIR_III_MH3-10,1.3872774912713557
RVSDS_INT_MRIR_III_MH3-11,1.3365078793516991
RVSDS_INT_MRIR_III_MH3-12,1.5021058014924096
RVSDS_INT_MRIR_III_MH3-15,1.5046498335634928
RVSDS_INT_MRIR_III_MH3-18,1.488500966153568
RVSDS_INT_MRIR_III_MH3-19,1.3631975538480239
RVSDS_INT_MRIR_III_MH3-20,1.4258247081162452
RVSDS_INT_MRIR_III_MH3-22,0.6793599878519976
RVSDS_INT_MRIR_III_MH3-23,0.6571430231788726
RVSDS_INT_MRIR_III_MH3-24,0.6964722248373718
RVSDS_INT_MRIR_III_MH3-25,0.6523487514436679
RVSDS_INT_MRIR_III_MH3-26,0.5918535157760187
RVSDS_INT_MRIR_III_MH3-27,0.6652229157683914
RVSDS_INT_MRIR_III_MH3-28,0.6612600856479256
RVSDS_INT_MRIR_III_MH3-29,0.783603053372547
RVSDS_INT_MRIR_III_MH3-30,0.5559231764495777
RVSDS_INT_MRIR_III_MH3-31,0.626195833017745
RVSDS_INT_MRIR_III_MH3-32,0.6372677445425724
RVSDS_INT_MRIR_III_MH3-33,0.822092400770682
RVSDS_INT_MRIR_III_MH3-34,0.7076698748708143
RVSDS_INT_MRIR_III_MH3-35,0.6960343169867802
RVSDS_INT_MRIR_III_MH3-36,0.5276504279743162
RVSDS_INT_MRIR_IV_MH4A-06,0.14821522371645435
RVSDS_INT_MRIR_IV_MH4A-08,0.14921406613145555
RVSDS_INT_MRIR_IV_MH4A-09,0.14878929623696635
RVSDS_INT_MRIR_IV_MH4A-10,0.14647931550778032
RVSDS_INT_MRIR_IV_MH4A-11,0.14714691110627212
RVSDS_INT_MRIR_IV_MH4A-12,0.147617022796603
RVSDS_INT_MRIR_IV_MH4A-13,0.145553725833863
RVSDS_INT_MRIR_IV_MH4A-13A,0.15437264683201596
RVSDS_INT_MRIR_IV_MH4A-14,0.14979891129242062
RVSDS_INT_MRIR_IV_MH4A-15,0.14842581034343866
RVSDS_INT_MRIR_IV_MH4A-16,0.14486003885545884
RVSDS_INT_MRIR_IV_MH4A-17,0.21522887667379015
RVSDS_INT_MRIR_IV_MH4A-18,0.19968841828194694
RVSDS_INT_MRIR_IV_MH4A-19,0.20142073552993922
RVSDS_INT_MRIR_IV_MH4A-20,0.15604463094833013
RVSDS_INT_MRIR_IV_MH4A-21,0.15624207174474963
RVSDS_INT_MRIR_IV_MH4A-22,0.15689593751636483
RVSDS_INT_MRIR_IV_MH4A-23,0.15415776062277298
RVSDS_INT_MRIR_IV_MH4A-24,9.995142318075523e-05
RVSDS_INT_MRIR_IV_MH4A-25,0.0004732965026050806
RVSDS_INT_MRIR_IV_MH4A-26,0.00020309406681917608
RVSDS_INT_MRIR_IV_MH4A-27,0.0003540607576724142
RVSDS_INT_MRIR_IV_MH4A-30,0.0006444893078878522
RVSDS_INT_MRIR_IV_MH4A-31,9.948018123395741e-05
RVSDS_INT_MRIR_IV_MH4A-32,0.0002537069085519761
RVSDS_INT_MRIR_IV_MH4A-33,0.00023978363606147468
RVSDS_INT_MRIR_VA_MH5A-02,1.1375488236616516
RVSDS_INT_MRIR_VA_MH5A-03,1.3999914291375777
RVSDS_INT_MRIR_VA_MH5A-06,1.1680270191584137
RVSDS_INT_MRIR_VA_MH5A-07,1.2713426104162737
RVSDS_INT_MRIR_VA_MH5A-08,1.378433383661544
RVSDS_INT_MRIR_VA_MH5A-09,1.3138955332851436
RVSDS_INT_MRIR_VA_MH5A-10,1.2513845685643599
RVSDS_INT_MRIR_VA_MH5A-11,1.3149626502724776
RVSDS_INT_MRIR_VA_MH5A-12,1.165552088668579
RVSDS_INT_MRIR_VA_MH5A-13,1.21715245614712
RVSDS_INT_MRIR_VA_MH5A-14,1.1583845272770859
RVSDS_INT_MRIR_VA_MH5A-17,1.4405855950535758
RVSDS_INT_MRIR_VA_MH5A-18,1.3438552644888533
RVSDS_INT_MRIR_VA_MH5A-19,1.30406911239474
RVSDS_INT_MRIR_VA_MH5A-20,1.4260517022756258
RVSDS_INT_MRIR_VA_MH5A-21,1.1887310665119828
RVSDS_INT_MRIR_VA_MH5A-22,1.2362267351205287
RVSDS_INT_MRIR_VA_MH5A-23,1.478597491400932
RVSDS_INT_MRIR_VA_MH5A-24,1.377004892332079
RVSDS_INT_MRIR_VA_MH5A-25,1.2013079154339943
RVSDS_INT_MRIR_VA_MH5A-26,1.2011081963866337
RVSDS_INT_MRIR_VA_MH5A-27,1.1328184224121611
RVSDS_INT_MRIR_VA_MH5A-28,1.2950927401641192
RVSDS_INT_MRIR_VA_MH5A-29,1.3561515749230355
RVSDS_INT_MRIR_VA_MH5A-30,1.1974382928858174
RVSDS_INT_MRIR_VA_MH5A-31,1.1977485464382527
RVSDS_INT_MRIR_VA_MH5A-34,1.4600898587269988
RVSDS_INT_MRIR_VA_MH5A-35,1.5227837835153548
RVSDS_INT_MRIR_VA_MH5A-36,1.410505991618356
RVSDS_INT_MRIR_VA_MH5A-37,1.4963076201456698
RVSDS_INT_MRIR_VA_MH5A-38,1.2215532466387158
RVSDS_INT_MRIR_VA_MH5A-39,1.217574553081967
RVSDS_INT_MRIR_VA_MH5A-40,1.2164916013345595
RVSDS_INT_MRIR_VA_MH5A-41,1.14441439825242
RVSDS_INT_MRIR_VA_MH5A-42,1.1277484300900253
RVSDS_INT_MRIR_VA_MH5A-43,1.1905305088672167
RVSDS_INT_MRIR_VA_MH5A-44,1.4989575111218514
RVSDS_INT_MRIR_VA_MH5A-45,1.191261425025941
RVSDS_INT_MRIR_VA_MH5A-46,1.439189255744798
RVSDS_INT_MRIR_VA_MH5A-49,1.0378449540966832
RVSDS_INT_MRIR_VA_MH5A-50,0.9988157179367698
RVSDS_INT_MRIR_VB_MH5B-01,0.6519385918887396
RVSDS_INT_MRIR_VB_MH5B-02,1.1709007580945
RVSDS_INT_MRIR_VB_MH5B-03,1.035514681124122
RVSDS_INT_MRIR_VB_MH5B-04,1.0851900159916357
RVSDS_INT_MRIR_VB_MH5B-05,1.0640389369748644
RVSDS_INT_MRIR_VB_MH5B-06,1.6796849433274734
RVSDS_INT_MRIR_VB_MH5B-07,0.8177283193509786
RVSDS_INT_MRIR_VB_MH5B-08,1.2344754643986862
RVSDS_INT_MRIR_VB_MH5B-09,1.0296859316513478
RVSDS_INT_MRIR_VB_MH5B-10,1.0302228630549992
RVSDS_INT_MRIR_VB_MH5B-11,1.200386908533345
RVSDS_INT_MRIR_VB_MH5B-12,1.1609330358089245
RVSDS_INT_MRIR_VB_MH5B-13,1.1946092365684051
RVSDS_INT_MRIR_VB_MH5B-14,1.0894945558837081
RVSDS_INT_MRIR_VB_MH5B-15,1.073938606291346
RVSDS_INT_MRIR_VB_MH5B-16,1.1300088989133426
RVSDS_INT_MRIR_VB_MH5B-17,1.0815193888059804
RVSDS_INT_MRIR_VB_MH5B-18,0.16351689747747217
RVSDS_INT_MRIR_VC_JC5C-04_Weir,0.3831642540087553
RVSDS_INT_MRIR_VC_MH5C-01,0.7416484226311469
RVSDS_INT_MRIR_VC_MH5C-05,1.6109418785494776
RVSDS_INT_MRIR_VC_MH5C-06,0.9070390861280369
RVSDS_INT_MRIR_VC_MH5C-07,0.9842560928912466
RVSDS_INT_MRIR_VC_MH5C-08,1.2582409573210744
RVSDS_INT_MRIR_VC_MH5C-09,1.2029434016459026
RVSDS_INT_MRIR_VC_MH5C-10,1.1226535625970386
RVSDS_INT_MRIR_VC_MH5C-11,0.9464341525402876
RVSDS_INT_MRIR_VC_MH5C-12,1.1027433978276877
RVSDS_INT_MRIR_VC_MH5C-13,1.2385092270751565
RVSDS_INT_MRIR_VC_MH5C-14,1.0821389502586358
RVSDS_INT_MRIR_VC_MH5C-15,1.1264504982164922
RVSDS_INT_MRIR_VC_MH5C-17,1.504708864364933
RVSDS_INT_MRIR_VI_MH6-01,1.4346608190205183
RVSDS_INT_MRIR_VI_MH6-04,1.319821037539318
RVSDS_INT_MRIR_VI_MH6-06,1.485836081258177
RVSDS_INT_MRIR_VI_MH6-07,1.5071089641627236
RVSDS_INT_MRIR_VI_MH6-08,1.724300799232882
RVSDS_INT_MRIR_VI_MH6-11,0.9526673234904648
RVSDS_INT_MRIR_VI_MH6-12,1.2779062792711686
RVSDS_INT_MRIR_VI_MH6-13,1.0843087369791626
RVSDS_INT_MRIR_VI_MH6-14,1.5596372485822427
RVSDS_INT_MRIR_VI_MH6-15,1.4286267473607879
RVSDS_INT_MRIR_VI_MH6-16,1.1226550559480355
RVSDS_INT_MRIR_VI_MH6-17,1.0272800974398462
RVSDS_INT_MRIR_VI_MH6-18,1.211519422691358
RVSDS_INT_MRIR_VI_MH6-19,1.5303197855848125
RVSDS_INT_MRIR_VI_MH6-20,1.0637019695308036
RVSDS_INT_MRIR_VI_MH6-21,1.390133386957813
RVSDS_INT_MRIR_VI_MH6-22,1.106176157441439
RVSDS_INT_MRIR_VI_MH6-23,1.0567956831951877
RVSDS_INT_MRIR_VI_MH6-24,0.7199287767368714
RVSDS_INT_MRIR_VI_MH6-25,0.8787195534397407
RVSDS_INT_MRIR_VI_MH6-26,0.780739035344463
RVSDS_INT_MRIR_VI_MH6-27,0.6260725324696038
RVSDS_INT_MRIR_VI_MH6-28,0.3099090829161888
RVSDS_INT_MRPIE_I_JC1-18,2.4027988212534
RVSDS_INT_MRPIE_I_MH1-02,9.48731990914617
RVSDS_INT_MRPIE_I_MH1-03,8.017263484666854
RVSDS_INT_MRPIE_I_MH1-04,8.186671451980775
RVSDS_INT_MRPIE_I_MH1-05,5.631023107764262
RVSDS_INT_MRPIE_I_MH1-06,2.6003705437167124
RVSDS_INT_MRPIE_I_MH1-07,2.407405841804663
RVSDS_INT_MRPIE_I_MH1-07A,2.2281404547470958
RVSDS_INT_MRPIE_I_MH1-07B,2.2679986600359667
RVSDS_INT_MRPIE_I_MH1-08,2.1354800172630384
RVSDS_INT_MRPIE_I_MH1-09,1.6871048953990755
RVSDS_INT_MRPIE_I_MH1-10,1.5059148924608345
RVSDS_INT_MRPIE_I_MH1-11,1.4432444389040362
RVSDS_INT_MRPIE_I_MH1-12,1.7780908518614473
RVSDS_INT_MRPIE_I_MH1-13,1.7904866141842466
RVSDS_INT_MRPIE_I_MH1-14,1.799407370495764
RVSDS_INT_MRPIE_I_MH1-15,1.786293008800469
RVSDS_INT_MRPIE_I_MH1-16,1.7895818375392025
RVSDS_INT_MRPIE_I_MH1-17,1.7538207611300836
RVSDS_INT_MRPIE_I_MH1-18,2.239317674011545
RVSDS_INT_MRPIE_IA_MH1A-5873.1,10.774444151600274
RVSDS_INT_MRPIE_II_MH2-01,1.2831532430582997
RVSDS_INT_MRPIE_II_MH2-02,1.1545169830026352
RVSDS_INT_MRPIE_II_MH2-03,1.101205667168609
RVSDS_INT_MRPIE_II_MH2-04,1.0767731033231462
RVSDS_INT_MRPIE_II_MH2-05,1.0222928764067438
RVSDS_INT_MRPIE_II_MH2-06,1.0199584144887446
RVSDS_INT_MRPIE_II_MH2-07,1.012921501775594
RVSDS_INT_MRPIE_II_MH2-08,1.0046926954206232
RVSDS_INT_MRPIE_II_MH2-09,1.0103212666543093
RVSDS_INT_MRPIE_II_MH2-10,0.8484369860310903
RVSDS_INT_MRPIE_II_MH2-10A,0.24860803379526286
RVSDS_INT_MRPIE_II_MH2-10B,0.08648539363430945
RVSDS_INT_MRPIE_II_MH2-10C,0.13333878782506936
RVSDS_INT_MRPIE_II_MH2-10D,0.09700600488204725
RVSDS_INT_MRPIE_II_MH2-11,0.8926684805524862
RVSDS_INT_MRPIE_II_MH2-12,0.9256907221999058
RVSDS_INT_MRPIE_II_MH2-13,0.8573646515071136
RVSDS_INT_MRPIE_II_MH2-14,0.8918623602540972
RVSDS_INT_MRPIE_II_MH2-15,0.8755243360901515
RVSDS_INT_MRPIE_II_MH2-15A,0.9130460616543346
RVSDS_INT_MRPIE_II_MH2-16,0.7567396361135705
RVSDS_INT_MRPIE_II_MH2-17,0.9039011879684999
RVSDS_INT_MRPIE_II_MH2-18,0.852617269005143
RVSDS_INT_MRPIE_II_MH2-19,0.8540895176444379
RVSDS_INT_MRPIE_II_MH2-20,0.7987799256814707
RVSDS_INT_MRPIE_II_MH2-21,0.794494078959402
RVSDS_INT_MRPIE_II_TP2-12A,0.9519862380597779
RVSDS_INT_MRPIE_II_TP2-12B,0.8693156510020668
RVSDS_INT_MRPIE_II_TP2-15A,0.9356719574039369
RVSDS_INT_MRPIE_II_TP2-15B,0.8780570832705449
RVSDS_INT_MRPIE_III_MH3-01,0.802146904518801
RVSDS_INT_MRPIE_III_MH3-02,0.7968125558885786
RVSDS_INT_MRPIE_III_MH3-03,0.8640402549659306
RVSDS_INT_MRPIE_III_MH3-04,0.8445040206067986
RVSDS_INT_MRPIE_III_MH3-05,0.8461960814640375
RVSDS_INT_MRPIE_III_MH3-06,0.827649995624016
RVSDS_INT_MRPIE_III_MH3-10,0.9203904820222999
RVSDS_INT_MRPIE_III_MH3-10A,0.8558293038005423
RVSDS_INT_MRPIE_III_MH3-11,0.8584230357305265
RVSDS_INT_MRPIE_III_MH3-12,0.8484340130925292
RVSDS_INT_MRPIE_III_MH3-13,1.0254107204804672
RVSDS_INT_MRPIE_III_MH3-14,0.7480704127504942
RVSDS_INT_MRPIE_III_MH3-15,0.646326985913261
RVSDS_INT_MRPIE_III_MH3-16,0.6013911941834873
RVSDS_INT_MRPIE_III_MH3-17,0.8599875714967731
RVSDS_INT_MRPIE_III_MH3-18,0.7608849921986187
RVSDS_INT_MRPIE_III_MH3-19,0.7612428255801371
RVSDS_INT_MRPIE_III_MH3-20,0.7649037056604553
RVSDS_INT_MRPIE_III_MH3-22,0.8014105016709784
RVSDS_INT_MRPIE_III_MH3-23,0.5938987488359652
RVSDS_INT_MRPIE_III_MH3-24,1.1144465740426284
RVSDS_INT_MRPIE_III_TP3-21,0.5821067271243161
RVSDS_INT_MRPIE_III_TP3-25,1.235052651477032
RVSDS_INT_MRPIE_III_TP3-26,1.124536849055941
RVSDS_INT_MRPIE_IV_DC4-6384,4.50268887771759
RVSDS_INT_MRPIE_IV_MH4-0048.2,2.763305131795401
RVSDS_INT_MRPIE_IV_MH4-0362,0.32626616621229565
RVSDS_INT_MRPIE_IV_MH4-0370,1.2483312184300224
RVSDS_INT_MRPIE_IV_MH4-0885.9,3.5045869197452193
RVSDS_INT_MRPIE_IV_MH4-1020.1,1.1124936822846725
RVSDS_INT_MRPIE_IV_MH4-1030.1,0.3391125233375635
RVSDS_INT_MRPIE_IV_MH4-1360.9,1.1091246990231138
RVSDS_INT_MRPIE_IV_MH4-1367.1,0.33679587205978734
RVSDS_INT_MRPIE_IV_MH4-1404.1,0.8090940432616949
RVSDS_INT_MRPIE_IV_MH4-1525.3,3.7269661163905536
RVSDS_INT_MRPIE_IV_MH4-1668.1,0.5921654248902377
RVSDS_INT_MRPIE_IV_MH4-1968.1,0.5521357497504495
RVSDS_INT_MRPIE_IV_MH4-2234.4,3.8953426259226305
RVSDS_INT_MRPIE_IV_MH4-2975.7,4.033393155372689
RVSDS_INT_MRPIE_IV_MH4-3693.4,4.154668203267152
RVSDS_INT_MRPIE_IV_MH4-4476.8,4.242748509248323
RVSDS_INT_MRPIE_IV_MH4-5114.3,4.316851629639938
RVSDS_INT_MRPIE_IV_MH4-5767.9,4.3990788721434
RVSDS_INT_MRPIE_IV_MH4-7113.6,4.486042063042689
RVSDS_INT_MRPIE_IV_MH4-7667.2,4.3530331875774735
RVSDS_INT_MRPIE_IV_MH4-8556.7,4.260328138979666
RVSDS_INT_MRPIE_LivoniaDrainCrossing_DS,0.8035528720970506
RVSDS_INT_MRPIE_LivoniaDrainCrossing_US,0.7843913563144125
RVSDS_INT_MRPIE_V_MH5-09290.7,4.113610089846897
RVSDS_INT_MRPIE_V_MH5-10024.9,4.002564411220678
RVSDS_INT_MRPIE_V_MH5-10737.9,3.9302614573543306
RVSDS_INT_MRPIE_V_MH5-11401.6,3.8116861134843756
RVSDS_INT_MRPIE_V_MH5-12100.1,3.735005843289608
RVSDS_INT_MRPIE_V_MH5-12838.6,3.6617163556705252
RVSDS_INT_MRPIE_V_MH5-13698.1,3.6088708359432955
RVSDS_INT_MRPIE_V_MH5-14536.1,3.5610525679637623
RVSDS_INT_MRPIE_V_MH5-15282.6,3.5370066017902895
RVSDS_INT_MRPIE_V_MH5-16035.1,3.524703066162107
RVSDS_INT_MRPIE_V_MH5-16420.1,3.4899928387299557
RVSDS_INT_MRPIE_V_MH5-17342.1,3.512120975137112
RVSDS_INT_MRPIE_VI_MH6-18428,3.591678567957065
RVSDS_INT_MRPIE_VI_MH6-18818.4,4.121417519060376
RVSDS_INT_MRPIE_VI_MH6-19264.15,4.301176663467402
RVSDS_INT_MRPIE_VI_MH6-19608.25,4.528069345965593
RVSDS_INT_MRPIE_VI_MH6-20110.55,4.644563110566728
RVSDS_INT_MRPIE_VI_MH6-20949.74,4.702511673670425
RVSDS_INT_MRPIE_VI_MH6-21248.34,4.252836595502554
RVSDS_INT_MRPIE_VI_MH6-21520.49,4.024220715312343
RVSDS_INT_MRPIE_VI_MH6-21992.17,3.648051304821779
RVSDS_INT_MRPIE_VI_MH6-22347.87,3.358095628879555
RVSDS_INT_MRPIE_VI_MH6-22638.77,3.11680839802833
RVSDS_INT_MRPIE_VI_MH6-23230.12,2.6327145036516506
RVSDS_INT_MRPIE_VI_MH6-23592.32,2.384625081483785
RVSDS_INT_MRPIE_VI_MH6-23669.62,2.3453587586786266
RVSDS_INT_MRPIE_VI_MH6-23768.12,1.9652660923705452
RVSDS_INT_MRPIE_VI_MH6-SARASOTA2,2.7592083944186045
RVSDS_INT_MRPIE_VI_MH6-SARASOTA3,2.9346793086568406
RVSDS_INT_MRPIE_VI_TP6-18497.4,3.877486640552923
RVSDS_INT_MRPIE_VI_TP6-18523.4,4.100781022503785
RVSDS_INT_MRPIE_VII_MH7-00358.30,0.9046769333984344
RVSDS_INT_MRPIE_VII_MH7-00619.25,0.8712374519954122
RVSDS_INT_MRPIE_VII_MH7-00791.45,0.8703808299044797
RVSDS_INT_MRPIE_VII_MH7-01076.45,0.8655569005837668
RVSDS_INT_MRPIE_VII_MH7-01401.05,0.8901866754886987
RVSDS_INT_MRPIE_VII_MH7-01806.55,0.8818929248689686
RVSDS_INT_MRPIE_VII_MH7-02034.55,0.7419109946018188
RVSDS_INT_MRPIE_VII_MH7-24203.07,1.9295618869902313
RVSDS_INT_MRPIE_VII_MH7-24801.67,1.552034871132395
RVSDS_INT_MRPIE_VII_MH7-25204.27,1.335747768023157
RVSDS_INT_MRPIE_VII_MH7-25698.77,1.1557147863519246
RVSDS_INT_MRPIE_VII_MH7-26198.72,1.1232762210885712
RVSDS_INT_MRPIE_VII_MH7-26351.12,1.1231803240045046
RVSDS_INT_MRPIE_VII_MH7-26662.17,1.1066647630581614
RVSDS_INT_MRPIE_VII_MH7-27037.37,1.0991843071490077
RVSDS_INT_MRPIE_VII_MH7-27624.32,1.1059483584394942
RVSDS_INT_MRPIE_VII_MH7-27711.22,1.197607011565832
RVSDS_INT_MRPIE_VII_MH7-27796.52,1.3260341006787537
RVSDS_INT_MRPIE_VII_MH7-27868.57,1.0923704849229372
RVSDS_INT_MRPIE_VII_MH7-28116.67,0.977673939998972
RVSDS_INT_MRPIE_VII_MH7-28676.67,0.8246091485606097
RVSDS_INT_MRPIE_VII_MH7-29075.87,0.8348166021279104
RVSDS_INT_MRPIE_VII_MH7-29342.47,0.832794480491186
RVSDS_INT_MRPIE_VII_MH7-29466.47,0.7390281818261397
RVSDS_INT_MRPIE_VII_MH7-29776.47,0.6077706569258596
RVSDS_INT_MRPIE_VII_MH7-29980.32,0.6049539608778658
RVSDS_INT_MRPIE_VII_MH7-30233.42,0.6007554362841363
RVSDS_INT_MRPIE_VII_TP7-24354,1.8450774101756635
RVSDS_INT_MRPIE_VII_TP7-24404,1.8210457103206492
RVSDS_INT_MRPIE_VII_TP7-25809,1.134002080075522
RVSDS_INT_MRPIE_VII_TP7-25855,1.1679318440551474
RVSDS_INT_MRPIE_VII_TP7-27763.22,1.318665485925403
RVSDS_INT_NAI_I_MH1-01,1.281583334126723
RVSDS_INT_NAI_I_MH1-02,1.4790601282117217
RVSDS_INT_NAI_I_MH1-03,0.5063570353796856
RVSDS_INT_NAI_I_MH1-04,0.905974377588392
RVSDS_INT_NAI_I_MH1-05,0.7096742834210896
RVSDS_INT_NAI_I_MH1-06,0.969504618225268
RVSDS_INT_NAI_I_MH1-07,0.9141528692964264
RVSDS_INT_NAI_I_MH1-08,1.317489152101309
RVSDS_INT_NAI_I_MH1-09,1.341680765760414
RVSDS_INT_NAI_I_MH1-11,0.8049453932068924
RVSDS_INT_NAI_I_MH1-12,1.0462580336868474
RVSDS_INT_NAI_I_MH1-13,1.014880709465396
RVSDS_INT_NAI_I_MH1-14,0.7829863418865224
RVSDS_INT_NAI_I_MH1-15,0.8000454984625953
RVSDS_INT_NAI_I_MH1-16,0.950896180984417
RVSDS_INT_NAI_I_MH1-16A,0.5280039330938018
RVSDS_INT_NAI_I_MH1-17,0.9978247741894244
RVSDS_INT_NAI_I_MH1-18,0.8345688459858385
RVSDS_INT_NAI_I_MH1-19,0.9514908659966888
RVSDS_INT_NAI_I_MH1-1A,1.4682496887798062
RVSDS_INT_NAI_I_MH1-20,0.813907626466664
RVSDS_INT_NAI_I_MH1-21,0.8200711614160583
RVSDS_INT_NAI_I_MH1-22,0.8076515822346417
RVSDS_INT_NAI_I_MH1-23,0.9236002310185917
RVSDS_INT_NAI_I_MH1-23A,0.9528817110061202
RVSDS_INT_NAI_I_MH1-23B,0.9428161648838986
RVSDS_INT_NAI_I_MH1-23C,0.7323685089141221
RVSDS_INT_NAI_I_MH1-24,1.2371402517397807
RVSDS_INT_NAI_I_MH1-24A,1.1699329318069878
RVSDS_INT_NAI_I_MH1-25,1.1417588393619549
RVSDS_INT_NAI_I_MH1-28,1.086909835676175
RVSDS_INT_NAI_I_MH1-29,1.0548392127527455
RVSDS_INT_NAI_I_MH1-30,1.033035154657476
RVSDS_INT_NAI_I_MH1-31,0.8555670986439092
RVSDS_INT_NAI_I_MH1-32,1.0808918076987848
RVSDS_INT_NAI_I_MH1-33,0.7048279795171787
RVSDS_INT_NAI_I_MH1-34,1.0750194417541838
RVSDS_INT_NAI_I_MH1-35,1.025939639664172
RVSDS_INT_NAI_I_MH1-36,1.3022329561383672
RVSDS_INT_NAI_I_MH1-37,1.295419006041914
RVSDS_INT_NAI_I_MH1-38,1.3687677823129916
RVSDS_INT_NAI_I_MH1-38A,1.4396278028825908
RVSDS_INT_NAI_I_MH1-38B,1.453688283651498
RVSDS_INT_NAI_I_MH1-39,0.604442659740468
RVSDS_INT_NAI_I_MH1-3A,1.0071288334198414
RVSDS_INT_NAI_I_MH1-3B,0.9596290034826985
RVSDS_INT_NAI_I_MH1-40,0.7397482712208261
RVSDS_INT_NAI_I_MH1-41,0.87192281125931
RVSDS_INT_NAI_I_MH1-42,0.8504831218815815
RVSDS_INT_NAI_I_MH1-43,0.6225432610601112
RVSDS_INT_NAI_I_MH1-44,1.4797237909625616
RVSDS_INT_NAI_I_MH1-45,1.44428946825853
RVSDS_INT_NAI_I_MH1-46,1.4090419640810583
RVSDS_INT_NAI_I_MH1-47,1.400086801164528
RVSDS_INT_NAI_I_MH1-48,1.4034070484617596
RVSDS_INT_NAI_I_MH1-49,1.4216277288250803
RVSDS_INT_NAI_I_MH1-50,1.4419910313033348
RVSDS_INT_NAI_I_MH1-51,0.5656164513550914
RVSDS_INT_NAI_I_MH1-52,1.0674596372402143
RVSDS_INT_NAI_I_MH1-53,0.9825271316322296
RVSDS_INT_NAI_I_MH1-54,1.0117985577793065
RVSDS_INT_PWI_I_MH1-01,0.5824252508301833
RVSDS_INT_PWI_I_MH1-02,0.4883167020342941
RVSDS_INT_PWI_I_MH1-03,0.4835256927918916
RVSDS_INT_PWI_I_MH1-04,0.481778239326262
RVSDS_INT_PWI_I_MH1-05,0.4808353524452127
RVSDS_INT_PWI_I_MH1-06,0.47017289785771893
RVSDS_INT_PWI_I_MH1-07,0.45642988236651205
RVSDS_INT_PWI_I_MH1-08,0.45551337191879804
RVSDS_INT_PWI_I_MH1-09,0.44786578695883594
RVSDS_INT_PWI_I_MH1-10,0.4262274114952411
RVSDS_INT_PWI_I_MH1-11,0.4278386747870279
RVSDS_INT_PWI_I_MH1-12,0.3790897531080337
RVSDS_INT_PWI_I_MH1-13,0.37166374808995417
RVSDS_INT_PWI_I_MH1-14,0.3739699683149662
RVSDS_INT_PWI_I_MH1-15,0.31914948713602864
RVSDS_INT_PWI_I_MH1-16,0.32113421864585984
RVSDS_INT_PWI_IA_MH1A-01,1.4746267869163274
RVSDS_INT_PWI_IA_MH1A-01A,0.6571405843335116
RVSDS_INT_PWI_IA_MH1A-02,1.466292442876667
RVSDS_INT_PWI_IA_MH1A-03,1.0183602350422136
RVSDS_INT_PWI_IA_MH1A-04,1.1723514974911038
RVSDS_INT_PWI_IA_MH1A-05,1.0773080436445412
RVSDS_INT_PWI_IA_MH1A-06,1.0886460750877434
RVSDS_INT_PWI_IA_MH1A-07,1.087203367939686
RVSDS_INT_PWI_IA_MH1A-08,1.0798126742225582
RVSDS_INT_PWI_IA_MH1A-09,1.0869069023544262
RVSDS_INT_PWI_IA_MH1A-10,1.0914912197296007
RVSDS_INT_PWI_IA_MH1A-11,1.0093986917699884
RVSDS_INT_PWI_II_MH2A-01,0.3053866888436884
RVSDS_INT_PWI_II_MH2A-02,0.2332143900895735
RVSDS_INT_PWI_II_MH2A-03,0.07197972980529915
RVSDS_INT_PWI_II_MH2A-04,0.016611265308620143
RVSDS_INT_PWI_II_MH2A-05,0.03138413862212466
RVSDS_INT_PWI_II_MH2A-06,0.02187642860615243
RVSDS_INT_PWI_II_MH2A-07,0.006924089990650624
RVSDS_INT_PWI_III_MH3-0380.38,0.04312752233203902
RVSDS_INT_PWI_III_MH3-0565.27,0.30502859905004315
RVSDS_INT_PWI_III_MH3-0858.44,0.43210992763749917
RVSDS_INT_PWI_III_MH3-1220,0.39246447432378845
RVSDS_INT_PWI_III_MH3-1293.43,0.40310131501762103
RVSDS_INT_PWI_III_MH3-1448.07,0.39162927169918904
RVSDS_INT_PWI_III_MH3-1636.65,0.39766991440120647
RVSDS_INT_PWI_III_MH3-2029.08,0.394552383660969
RVSDS_INT_PWI_III_MH3-2448.16,0.39292967964397385
RVSDS_INT_PWI_III_MH3-2590,0.3983101296705214
RVSDS_INT_PWI_III_MH3-3010.5,0.39397830452264093
RVSDS_INT_PWI_IV_MH4-160,1.3935086852994956
RVSDS_INT_PWI_IV_MH4-161,0.31091422617732667
RVSDS_INT_PWI_IV_TP4-161A,0.3136852895277257
RVSDS_INT_PWI_IV_TP4-161B,0.2782523760078579
RVSDS_INT_PWI_V_MH5-0361.45,0.13446183814802826
RVSDS_INT_PWI_V_MH5-0665.62,0.16065123727753808
RVSDS_INT_PWI_V_MH5-0954.5,0.15337905463357615
RVSDS_INT_PWI_V_MH5-1395.2,0.1538638686885827
RVSDS_INT_PWI_V_MH5-1622.22,0.14661764529001847
RVSDS_INT_PWI_V_MH5-1900,0.14727177617224615
RVSDS_INT_PWI_V_MH5-2104,0.120892672052797
RVSDS_INT_PWI_V_MH5-2527.1,0.1201757558265617
RVSDS_INT_PWI_V_MH5-2584,0.12684427091984402
RVSDS_INT_PWI_V_MH5-2837.18,0.11092674662734037
RVSDS_INT_PWI_V_MH5-3357,0.11146360130208294
RVSDS_INT_PWI_V_MH5-3848,0.11106779134731065
RVSDS_INT_PWI_V_MH5-4300,0.06420425235264335
RVSDS_INT_PWI_V_TP5-1462,0.14451809685397707
RVSDS_INT_RVI_II_MH2-02,29.05
RVSDS_INT_RVI_II_MH2-03,30.74
RVSDS_INT_RVI_II_MH2-04,31.44
RVSDS_INT_RVI_II_MH2-05,32.14
RVSDS_INT_RVI_II_MH2-06,32.84
RVSDS_INT_RVI_II_MH2-07,32.54
RVSDS_INT_RVI_II_MH2-08,32.24
RVSDS_INT_RVI_II_MH2-09,32.94
RVSDS_INT_RVI_II_MH2-10,32.64
RVSDS_INT_RVI_II_MH2-11,33.34
RVSDS_INT_RVI_II_MH2-12,26.03
RVSDS_INT_RVI_II_MH2-13,35.74
RVSDS_INT_RVI_III_MH3-01,35.44
RVSDS_INT_RVI_III_MH3-02,35.14
RVSDS_INT_RVI_III_MH3-03,34.82
RVSDS_INT_RVI_III_MH3-04,34.52
RVSDS_INT_RVI_III_MH3-05,34.23
RVSDS_INT_RVI_III_MH3-06,34.91
RVSDS_INT_RVI_III_MH3-07,36.63
RVSDS_INT_RVI_III_MH3-08,36.3
RVSDS_INT_RVI_III_MH3-09,42.99
RVSDS_INT_RVI_III_MH3-10,42.67
RVSDS_INT_RVI_III_MH3-11,42.38
RVSDS_INT_RVI_III_MH3-12,42.08
RVSDS_INT_RVI_III_MH3-13,42.79
RVSDS_INT_RVI_III_MH3-14,42.42
RVSDS_INT_RVI_III_MH3-15,24.700758229324098
RVSDS_INT_RVI_III_MH3-15B,16.801357432398117
RVSDS_INT_RVI_III_TP3-15A,16.858696611594443
RVSDS_INT_RVI_IV_MH4-01,10.772186437430042
RVSDS_INT_RVI_IV_MH4-02,10.47449017885696
RVSDS_INT_RVI_IV_MH4-03,9.090591990164649
RVSDS_INT_RVI_IV_MH4-06,8.603632609413314
RVSDS_INT_RVI_IV_MH4-07,8.257158345056526
RVSDS_INT_RVI_IV_MH4-08,7.891759373075411
RVSDS_INT_RVI_IV_MH4-09,7.566146674614674
RVSDS_INT_RVI_IV_MH4-10,7.242902894076448
RVSDS_INT_RVI_IV_MH4-11,6.899163888257157
RVSDS_INT_RVI_IV_MH4-12,6.603378775833375
RVSDS_INT_RVI_IV_MH4-13,6.273903555738342
RVSDS_INT_RVI_IV_MH4-14,5.993034480967022
RVSDS_INT_RVI_IV_MH4-15,5.763300227752573
RVSDS_INT_RVI_IV_MH4-16,5.598930437656327
RVSDS_INT_RVI_IV_MH4-17,9.214188830859966
RVSDS_INT_RVI_IV_MH4-18,14.3
RVSDS_INT_RVI_IV_MH4-19,13.89
RVSDS_INT_RVI_IV_MH4-20,6.732296179027778
RVSDS_INT_RVI_IV_MH4-21,6.566149351085814
RVSDS_INT_RVI_IV_MH4-22,5.59380774403803
RVSDS_INT_RVI_IV_MH4-23,4.97377137383152
RVSDS_INT_RVI_IV_MH4-23B,4.9860917045593025
RVSDS_INT_RVI_IV_MH4-24,4.820547424720264
RVSDS_INT_RVI_IV_MH4-25,4.614665003138045
RVSDS_INT_RVI_IV_MH4-26,4.513234968934162
RVSDS_INT_RVI_IV_MH4-28,4.057610576049662
RVSDS_INT_RVI_IV_MH4-29,3.780864638005287
RVSDS_INT_RVI_IV_MH4-30,3.5605609799567697
RVSDS_INT_RVI_IV_MH4-VentMH,5.199788259104372
RVSDS_INT_RVI_IV_TP4-23,5.023030360876359
RVSDS_INT_RVI_IX_IT_9-01,0.45103198806630884
RVSDS_INT_RVI_IX_IT_9-02,0.4304759515873752
RVSDS_INT_RVI_IX_IT_9-03,0.4458622572110802
RVSDS_INT_RVI_IX_IT_9-04,0.43731344230272523
RVSDS_INT_RVI_IX_IT_9-05,0.4389772449387458
RVSDS_INT_RVI_IX_IT_9-06,0.5380553401848931
RVSDS_INT_RVI_IX_IT_9-07,0.4003025446767966
RVSDS_INT_RVI_IX_MH9-01,0.647789359823854
RVSDS_INT_RVI_IX_MH9-02,0.8039267885038377
RVSDS_INT_RVI_IX_MH9-03,0.7750206969962672
RVSDS_INT_RVI_IX_MH9-04,0.7661004547882491
RVSDS_INT_RVI_IX_MH9-05,0.7672296765817217
RVSDS_INT_RVI_IX_MH9-06,0.7671733360092627
RVSDS_INT_RVI_IX_MH9-07,0.767590190177217
RVSDS_INT_RVI_IX_MH9-08,0.8891361764191328
RVSDS_INT_RVI_IX_MH9-09,0.9070184506644072
RVSDS_INT_RVI_IX_MH9-10,0.919333627482276
RVSDS_INT_RVI_IX_MH9-10A,0.8923799960941572
RVSDS_INT_RVI_IX_MH9-11,0.8963757401905696
RVSDS_INT_RVI_IX_MH9-12,0.9164587980955927
RVSDS_INT_RVI_IX_MH9-13,0.9574969208531713
RVSDS_INT_RVI_IX_MH9-14,0.536852311157334
RVSDS_INT_RVI_IX_MH9-15,0.85260457195944
RVSDS_INT_RVI_IX_MH9-16,0.7691971888007261
RVSDS_INT_RVI_IX_MH9-17,0.7729687765230326
RVSDS_INT_RVI_IX_MH9-18,0.7720303403356195
RVSDS_INT_RVI_IX_MH9-19,0.48899832668813564
RVSDS_INT_RVI_IX_MH9-20,0.4351096850234436
RVSDS_INT_RVI_IX_MH9-21,0.4317625154974303
RVSDS_INT_RVI_IX_TP9-11,0.8865716125498115
RVSDS_INT_RVI_IX_TPDS9-13,0.9268192890423527
RVSDS_INT_RVI_IX_TPUS9-13,0.9577018233690864
RVSDS_INT_RVI_LivoniaDrainCrossing,1.6426742782247898
RVSDS_INT_RVI_V_MH5-01,3.4036931778948545
RVSDS_INT_RVI_V_MH5-02,3.240331118916845
RVSDS_INT_RVI_V_MH5-03,3.149530149031456
RVSDS_INT_RVI_V_MH5-04,3.100594130248987
RVSDS_INT_RVI_V_MH5-05,3.0918197816051545
RVSDS_INT_RVI_V_MH5-06,3.0854525571865112
RVSDS_INT_RVI_V_MH5-07,3.0856529798167647
RVSDS_INT_RVI_V_MH5-08,3.0760497493147794
RVSDS_INT_RVI_V_MH5-09,2.7721645589637154
RVSDS_INT_RVI_V_MH5-10,2.69215106470881
RVSDS_INT_RVI_V_MH5-11,2.7228443126942476
RVSDS_INT_RVI_V_MH5-12,2.742881627385672
RVSDS_INT_RVI_V_MH5-13,2.8452838393265467
RVSDS_INT_RVI_V_MH5-14,2.8868006833785147
RVSDS_INT_RVI_V_MH5-15,2.226493657315122
RVSDS_INT_RVI_V_MH5-16,1.2296532833277536
RVSDS_INT_RVI_VI_BT6-09,3.3186529796230504
RVSDS_INT_RVI_VI_JC6-27,2.262305882232865
RVSDS_INT_RVI_VI_MH6-01,4.420976350290907
RVSDS_INT_RVI_VI_MH6-02,4.25922666178134
RVSDS_INT_RVI_VI_MH6-03,3.9852110167130474
RVSDS_INT_RVI_VI_MH6-04,3.8092484748267874
RVSDS_INT_RVI_VI_MH6-05,3.787676650917967
RVSDS_INT_RVI_VI_MH6-06,3.8104856988576703
RVSDS_INT_RVI_VI_MH6-07,3.6837354784518688
RVSDS_INT_RVI_VI_MH6-08,3.529661705114142
RVSDS_INT_RVI_VI_MH6-09,3.354945761049076
RVSDS_INT_RVI_VI_MH6-10,3.185692027666886
RVSDS_INT_RVI_VI_MH6-11,3.0438546314737334
RVSDS_INT_RVI_VI_MH6-12,2.9811374062396574
RVSDS_INT_RVI_VI_MH6-13,2.9536279423274148
RVSDS_INT_RVI_VI_MH6-14,2.933496649707647
RVSDS_INT_RVI_VI_MH6-15,2.8993682310006497
RVSDS_INT_RVI_VI_MH6-16,2.8407650936188924
RVSDS_INT_RVI_VI_MH6-17,2.8244068841959535
RVSDS_INT_RVI_VI_MH6-18,2.833431263441227
RVSDS_INT_RVI_VI_MH6-19,2.8598531740051927
RVSDS_INT_RVI_VI_MH6-20,2.858964367838561
RVSDS_INT_RVI_VI_MH6-21,2.879911766576451
RVSDS_INT_RVI_VI_MH6-22,2.887858021582238
RVSDS_INT_RVI_VI_MH6-23,2.8839363690426842
RVSDS_INT_RVI_VI_MH6-24,2.8850079169222944
RVSDS_INT_RVI_VI_MH6-25,3.0081603459192965
RVSDS_INT_RVI_VI_MH6-26,2.896528141783533
RVSDS_INT_RVI_VI_MH6-27,2.827931086548281
RVSDS_INT_RVI_VI_MH6-28,2.7235113047724386
RVSDS_INT_RVI_VI_MH6-29,2.615034584771035
RVSDS_INT_RVI_VI_MH6-30,1.3480277043205984
RVSDS_INT_RVI_VI_MH6-31,1.403385640232075
RVSDS_INT_RVI_VI_MH6-32,1.378168525288365
RVSDS_INT_RVI_VI_MH6-33,1.3997596739333578
RVSDS_INT_RVI_VI_MH6-34,1.3738941011915435
RVSDS_INT_RVI_VI_MH6-35,1.3836796466561276
RVSDS_INT_RVI_VI_MH6-36,1.3920700089545863
RVSDS_INT_RVI_VI_MH6-37,1.385988980500307
RVSDS_INT_RVI_VI_MH6-38,1.402625100424523
RVSDS_INT_RVI_VI_MH6-39,1.362026362047875
RVSDS_INT_RVI_VI_MH6-40,1.3650271156478486
RVSDS_INT_RVI_VI_MH6-41,1.3924904895085266
RVSDS_INT_RVI_VI_MH6-42,1.5669442539115856
RVSDS_INT_RVI_VI_MH6-43,1.8431923044727583
RVSDS_INT_RVI_VI_MH6-44,1.8020243829176774
RVSDS_INT_RVI_VI_MH6-45,1.9691450200282172
RVSDS_INT_RVI_VI_MH6-46,2.011285495533822
RVSDS_INT_RVI_VI_MH6-47,1.842501913632026
RVSDS_INT_RVI_VI_MH6-48,1.819402626988964
RVSDS_INT_RVI_VI_MH6-49,1.9200560799944784
RVSDS_INT_RVI_VI_MH6-50,1.8594263710768058
RVSDS_INT_RVI_VI_MH6-51,1.8218548387681923
RVSDS_INT_RVI_VI_MH6-52,1.7700301610647515
RVSDS_INT_RVI_VI_MH6-53,1.6935982877991902
RVSDS_INT_RVI_VI_MH6-54,1.802194016692312
RVSDS_INT_RVI_VI_MH6-55,1.5675996977120907
RVSDS_INT_RVI_VI_MH6-56,1.6477566087781752
RVSDS_INT_RVI_VI_MH6-57,1.7102567775003736
RVSDS_INT_RVI_VI_MH6-58,1.6910931449131112
RVSDS_INT_RVI_VI_TP_DS6-09,3.488252440098771
RVSDS_INT_RVI_VI_TP_US6-09,3.4972605607835963
RVSDS_INT_RVI_VI_TP6-30,0.9148223567183482
RVSDS_INT_RVI_VII_MH7-02,3.1043964348255333
RVSDS_INT_RVI_VII_MH7-03,2.877836770966037
RVSDS_INT_RVI_VII_MH7-04,2.925154476488787
RVSDS_INT_RVI_VII_MH7-05,2.8474835793330078
RVSDS_INT_RVI_VII_MH7-06,2.9935154898670633
RVSDS_INT_RVI_VII_MH7-07,3.2131829763736564
RVSDS_INT_RVI_VII_MH7-08,3.9151913319399814
RVSDS_INT_RVI_VII_MH7-09,4.58
RVSDS_INT_RVI_VII_MH7-10,5.15
RVSDS_INT_RVI_VII_MH7-11,4.96
RVSDS_INT_RVI_VII_MH7-12,4.249069573407983
RVSDS_INT_RVI_VII_MH7-13,4.5
RVSDS_INT_RVI_VII_MH7-15,5.1
RVSDS_INT_RVI_VII_MH7-16,8.89
RVSDS_INT_RVI_VII_MH7-17,7.008215371134151
RVSDS_INT_RVI_VII_MH7-17A,12.77
RVSDS_INT_RVI_VII_MH7-17B,6.931433234201692
RVSDS_INT_RVI_VII_MH7-17C,8.69
RVSDS_INT_RVI_VII_MH7-17D,7.67
RVSDS_INT_RVI_VII_MH7-19,4.75
RVSDS_INT_RVI_VII_MH7-20,5.51
RVSDS_INT_RVI_VII_MH7-21,5.34
RVSDS_INT_RVI_VII_MH7-Graham-NorthChamber,13.846232919095982
RVSDS_INT_RVI_VII_MH7-Graham-SouthChamber,13.149352064691984
RVSDS_INT_RVI_VIII_MH8-01,1.3235664164176402
RVSDS_INT_RVI_VIII_MH8-02,1.4943526563303404
RVSDS_INT_RVI_VIII_MH8-03,1.3948734227376
RVSDS_INT_RVI_VIII_MH8-04,1.4191503889867745
RVSDS_INT_RVI_VIII_MH8-05,1.4345826009374725
RVSDS_INT_RVI_VIII_MH8-06,1.4355984203654013
RVSDS_INT_RVI_VIII_MH8-07,1.4284316072046983
RVSDS_INT_RVI_VIII_MH8-08,1.4485873651153547
RVSDS_INT_RVI_VIII_MH8-09,1.4272356769204841
RVSDS_INT_RVI_VIII_MH8-10,1.4355999323004112
RVSDS_INT_RVI_VIII_MH8-11,1.443434895001983
RVSDS_INT_RVI_VIII_MH8-12,1.4231086251841518
RVSDS_INT_RVI_VIII_MH8-13,1.4058898955603354
RVSDS_INT_RVI_VIII_MH8-14,1.599718731210639
RVSDS_INT_RVI_VIII_MH8-15,1.6659165955866357
RVSDS_INT_RVI_VIII_MH8-16,1.6442811197564957
RVSDS_INT_RVI_VIII_MH8-17,1.6465506528777185
RVSDS_INT_RVI_VIII_MH8-19_(R51),1.5435792407753839
RVSDS_INT_RVI_VIII_MH8-20,1.650310511955191
RVSDS_INT_RVI_VIII_MH8-21,1.6937527523503353
RVSDS_INT_RVI_VIII_MH8-22,1.7458158333947877
RVSDS_INT_RVI_VIII_MH8-23,1.70456560763095
RVSDS_INT_RVI_VIII_MH8-23A,1.6738266599702385
RVSDS_INT_RVI_VIII_MH8-24,1.8002274105214937
RVSDS_INT_RVI_VIII_MH8-25,0.9841150039250314
RVSDS_INT_RVI_VIII_MH8-26,1.357462433637203
RVSDS_INT_RVI_VIII_MH8-27,1.2304033105008156
RVSDS_INT_RVI_VIII_MH8-28,1.2003812270442875
RVSDS_INT_RVI_VIII_TP8-24,1.8118368880926226
RVSDS_INT_RVI_X_MH10-01,0.45173417433229024
RVSDS_INT_RVI_X_MH10-02,0.43657142719881636
RVSDS_INT_RVI_X_MH10-03,0.43578867371216856
RVSDS_INT_RVI_X_MH10-04,0.43102251186006835
RVSDS_INT_RVI_X_MH10-05,0.4255189718063529
RVSDS_INT_RVI_X_MH10-06,0.4242934164452298
RVSDS_INT_RVI_X_MH10-07,0.4156395884520402
RVSDS_INT_RVI_X_MH10-08,0.40930835616595485
RVSDS_INT_RVI_X_MH10-09,0.3981560528906382
RVSDS_INT_RVI_X_MH10-10,0.39882628342123827
RVSDS_INT_RVI_X_MH10-11,0.38611061928088153
RVSDS_INT_RVI_X_MH10-12,0.3841625261052931
RVSDS_INT_RVI_X_MH10-13,0.3849725869826712
RVSDS_INT_RVI_X_MH10-14,0.3695864674346226
RVSDS_INT_RVI_XII_MH12-01,1.4838091082418443
RVSDS_INT_RVI_XII_MH12-02,1.5323523830056005
RVSDS_INT_RVI_XII_MH12-03,1.5668023679421714
RVSDS_INT_RVI_XII_MH12-04,1.567426566584614
RVSDS_INT_RVI_XII_MH12-05,1.571366054824261
RVSDS_INT_RVI_XII_MH12-06,1.5666561392835874
RVSDS_INT_RVI_XII_MH12-07,1.5684882757535261
RVSDS_INT_RVI_XII_MH12-07A,1.558951356442765
RVSDS_INT_RVI_XII_MH12-08,1.5546130832903047
RVSDS_INT_RVI_XII_MH12-09,1.538512739586876
RVSDS_INT_RVI_XII_MH12-10,1.5421142244031962
RVSDS_INT_RVI_XII_MH12-11,1.538244366209169
RVSDS_INT_RVI_XII_MH12-13,0.9919576163157149
RVSDS_INT_RVI_XII_MH12-14,0.9931308199367608
RVSDS_INT_RVI_XII_MH12-15,0.7301634201456151
RVSDS_INT_RVI_XII_MH12-16,0.7517136070129955
RVSDS_INT_RVI_XII_MH12-17,0.9168864591095116
RVSDS_INT_RVI_XII_MH12-18,0.9251477070251348
RVSDS_INT_RVI_XII_MH12-19,0.4428367794278404
RVSDS_INT_RVI_XII_TP_DS12-17,0.9148902212451792
RVSDS_INT_RVI_XII_TP_US12-17,0.9169145937963024
RVSDS_INT_RVI_XIII_MH13-01,2.791572056023166
RVSDS_INT_RVI_XIII_MH13-02,2.7837814579547695
RVSDS_INT_RVI_XIII_MH13-03,2.790907393856364
RVSDS_INT_RVI_XIII_MH13-04,2.771125160969408
RVSDS_INT_RVI_XIII_MH13-04A,2.7569247495168576
RVSDS_INT_RVI_XIII_MH13-05,2.9674340489615227
RVSDS_INT_RVI_XIII_MH13-06,2.9158231689717047
RVSDS_INT_RVI_XIII_MH13-07,2.830453414836394
RVSDS_INT_RVI_XIII_MH13-08,2.808747518114481
RVSDS_INT_RVI_XIII_MH13-09,2.8162368025497537
RVSDS_INT_RVI_XIII_MH13-10,2.9420678918249914
RVSDS_INT_RVI_XIII_MH13-11,2.8496456216326482
RVSDS_INT_RVI_XIII_MH13-12,2.765466285461518
RVSDS_INT_RVI_XIII_MH13-13,2.732236749817754
RVSDS_INT_RVI_XIII_MH13-14,2.693025470962878
RVSDS_INT_RVI_XIII_MH13-15,2.6896041418111665
RVSDS_INT_RVI_XIII_MH13-16,2.679523523578511
RVSDS_INT_RVI_XIII_MH13-17,2.6757873675109556
RVSDS_INT_RVI_XIII_MH13-18,2.7679111973502915
RVSDS_INT_RVI_XIII_MH13-21,2.9304927756891033
RVSDS_INT_RVI_XIII_MH13-22,3.024831438219352
RVSDS_INT_RVI_XIII_MH13-23,3.079153503727877
RVSDS_INT_RVI_XIII_MH13-25,3.1442985887465476
RVSDS_INT_RVI_XIII_MH13-26,3.0799785659661696
RVSDS_INT_RVI_XIII_MH13-27,2.9657210500121525
RVSDS_INT_RVI_XIII_TP13-09A,2.8213138032001215
RVSDS_INT_RVI_XIII_TP13-09B,2.799987701104247
RVSDS_INT_RVI_XIII_TP13-26,3.1131125496766656
RVSDS_INT_RVI_XIII_TP13-27,3.009588149691985
RVSDS_INT_RVI_XIV_MH14-01,2.8913398381531987
RVSDS_INT_RVI_XIV_MH14-02,2.7692452501131086
RVSDS_INT_RVI_XIV_MH14-03,2.684835171435844
RVSDS_INT_RVI_XIV_MH14-04,2.6827789151411565
RVSDS_INT_RVI_XIV_MH14-05,2.653956191153621
RVSDS_INT_RVI_XIV_MH14-06,2.63476731105761
RVSDS_INT_RVI_XIV_MH14-07,2.6268810968113616
RVSDS_INT_RVI_XIV_MH14-08,2.6218982527780814
RVSDS_INT_RVI_XIV_MH14-09,2.63509064621066
RVSDS_INT_RVI_XIV_MH14-10,2.610820712457954
RVSDS_INT_RVI_XIV_MH14-11,2.424202228988019
RVSDS_INT_RVI_XIV_MH14-12,2.418753674480709
RVSDS_INT_RVI_XIV_MH14-13,2.3487760292372113
RVSDS_INT_RVI_XIV_MH14-14,2.317755368161591
RVSDS_INT_RVI_XIV_MH14-15,2.3250308805901945
RVSDS_INT_RVI_XIV_MH14-16,2.3123683752921362
RVSDS_INT_RVI_XIV_MH14-17,2.3148652296940124
RVSDS_INT_RVI_XIV_MH14-18,2.322233727851378
RVSDS_INT_RVI_XIV_MH14-19,2.271262095516786
RVSDS_INT_RVI_XIV_MH14-20,2.2220288223891123
RVSDS_INT_RVI_XIV_MH14-21_(R44),2.3001009815493187
RVSDS_INT_RVI_XIV_MH14-22,2.6689954173674435
RVSDS_INT_RVI_XIV_MH14-23,2.8544376869100843
RVSDS_INT_RVI_XIV_MH14-24,2.9813925310099134
RVSDS_INT_RVI_XV_MH15-01,1.7424151128241214
RVSDS_INT_RVI_XV_MH15-02,2.6016966077975123
RVSDS_INT_RVI_XV_MH15-03,2.6691531669160637
RVSDS_INT_RVI_XV_MH15-04,2.7353264215764277
RVSDS_INT_RVI_XV_MH15-05,2.7938838473434373
RVSDS_INT_RVI_XV_MH15-06,2.7896542273376648
RVSDS_INT_RVI_XV_MH15-07,2.8011746891775253
RVSDS_INT_RVI_XV_MH15-08,2.806810487364509
RVSDS_INT_RVI_XV_MH15-09,2.800885348073516
RVSDS_INT_RVI_XV_MH15-10,2.9384371623387473
RVSDS_INT_RVI_XV_MH15-11,3.0107316674834097
RVSDS_INT_RVI_XV_MH15-12,3.2202149283207695
RVSDS_INT_RVI_XV_MH15-13,1.6372796021117404
RVSDS_INT_RVI_XV_MH15-14,2.399468195187101
RVSDS_INT_RVI_XV_MH15-15,3.134283776799464
RVSDS_INT_RVI_XV_MH15-16,3.2681804872827867
RVSDS_INT_RVI_XV_MH15-17,3.3728488979144764
RVSDS_INT_RVI_XV_MH15-18,3.465170812203323
RVSDS_INT_RVI_XV_MH15-18A,3.5779241974543536
RVSDS_INT_RVI_XV_MH15-19,4.223822614391735
RVSDS_INT_RVI_XV_MH15-20,4.168843268448274
RVSDS_INT_RVI_XV_MH15-21,4.208930255163255
RVSDS_INT_RVI_XV_MH15-21A,4.252312741759482
RVSDS_INT_RVI_XV_MH15-21B,4.14579882109579
RVSDS_INT_RVI_XV_MH15-22,3.0734561667475417
RVSDS_INT_RVI_XV_MH15-23,3.1339411739048675
RVSDS_INT_RVI_XV_TP15-05A,2.79398418160877
RVSDS_INT_RVI_XV_TP15-05B,2.7339163400854796
RVSDS_INT_RVI_XV_TP15-19,4.248432886512178
RVSDS_INT_RVI_XVI_MH16-01,3.186643200730429
RVSDS_INT_RVI_XVI_MH16-02,3.2318627032218323
RVSDS_INT_RVI_XVI_MH16-03,3.265278625941228
RVSDS_INT_RVI_XVI_MH16-04,3.0257632912710806
RVSDS_INT_RVI_XVI_MH16-04A,2.9357105135103834
RVSDS_INT_RVI_XVI_MH16-05,2.91638303182757
RVSDS_INT_RVI_XVI_MH16-06,2.683524620757587
RVSDS_INT_RVI_XVI_MH16-07,2.529010116799994
RVSDS_INT_RVI_XVI_MH16-08,2.351933548160577
RVSDS_INT_RVI_XVI_MH16-09,2.1228226605949443
RVSDS_INT_RVI_XVI_MH16-10,1.4623209260993297
RVSDS_INT_RVI_XVI_MH16-10A_(R52),1.4575633211536911
RVSDS_INT_RVI_XVI_MH16-11,1.131885426356241
RVSDS_INT_RVI_XVI_MH16-12,1.2508491183426047
RVSDS_INT_RVI_XVI_MH16-13,1.2742915213221624
RVSDS_INT_RVI_XVI_MH16-14,1.2761935951791954
RVSDS_INT_RVI_XVI_MH16-15,1.281943312728822
RVSDS_INT_RVI_XVI_MH16-15A,1.2725501870713467
RVSDS_INT_RVI_XVI_MH16-16,1.315297994282628
RVSDS_INT_RVI_XVI_MH16-17,0.8135686155302484
RVSDS_INT_RVI_XVI_MH16-18,1.1604543851957332
RVSDS_INT_RVI_XVI_MH16-19,1.1558208181090366
RVSDS_INT_RVI_XVI_MH16-20,1.064429819433251
RVSDS_INT_RVI_XVI_MH16-21,1.1543122233766296
RVSDS_INT_RVI_XVI_MH16-22,1.1665234901786048
RVSDS_INT_RVI_XVI_MH16-23,1.1632310130257628
RVSDS_INT_RVI_XVI_MH16-24,1.1744532256255382
RVSDS_INT_RVI_XVI_MH16-24A,1.1783973494971343
RVSDS_INT_RVI_XVI_MH16-25,1.175155156602592
RVSDS_INT_RVI_XVI_MH16-26,0.8751644685932729
RVSDS_INT_RVI_XVI_MH16-27,0.6051908922685428
RVSDS_INT_RVI_XVI_MH16-28,0.34527699141653123
RVSDS_INT_RVI_XVI_MH16-29,0.08586496151959135
RVSDS_INT_RVI_XVI_TP16-07,2.6466130145444975
RVSDS_INT_RVI_XVI_TP16-16,1.289051272202577
RVSDS_INT_STCAP_JC1,21.90205136524868
RVSDS_INT_STCAP_JC2,23.12816941290486
RVSDS_INT_STCAP_JC3,15.75369540182322
RVSDS_INT_STCAP_JC4,10.212423520697957
RVSDS_INT_WC-01,0.9957313135846644
RVSDS_INT_WC-02,0.9311934311251846
RVSDS_INT_WC-03,0.9236812524823452
RVSDS_INT_WC-04,0.7043569972001688
RVSDS_INT_WC-05,0.7339281424818856
RVSDS_INT_WC-06,0.7252529943373203
RVSDS_INT_WC-07,0.5178107167426962
RVSDS_INT_WC-08,0.47071592292709963
RVSDS_INT_WC-09,8.459593473515268
RVSDS_INT_WC-10,8.461507626014894
RVSDS_INT_WC-11,0.44506655619402546
RVSDS_INT_WI_E_MH01,1.5859600607022686
RVSDS_INT_WI_E_MH02,2.8515115427748627
RVSDS_INT_WI_E_MH03,2.7055806983995123
RVSDS_INT_WI_E_MH04,2.6419452909716723
RVSDS_INT_WI_E_MH05,2.6280605236279326
RVSDS_INT_WI_E_MH06,2.624705707810221
RVSDS_INT_WI_E_MH07,2.6283337363449295
RVSDS_INT_WI_E_MH08,2.6461880153356456
RVSDS_INT_WI_E_MH09,2.662925598116953
RVSDS_INT_WI_E_MH10,2.2846891221269123
RVSDS_INT_WI_E_MH11,1.8892177420926166
RVSDS_INT_WI_E_MH12,1.7987161818920354
RVSDS_INT_WI_E_MH13,1.8188518206344382
RVSDS_INT_WI_E_MH14,1.8176982181292884
RVSDS_INT_WI_E_MH15,1.5997567170264602
RVSDS_INT_WI_E_MH16,1.6068230108107104
RVSDS_INT_WI_E_MH17,1.408063052326301
RVSDS_INT_WI_E_MH18,1.416296955342554
RVSDS_INT_WI_E_MH19,1.222924417564363
RVSDS_INT_WI_E_MH20,1.2293066053355464
RVSDS_INT_WI_E_MH21,1.2286870906500584
RVSDS_INT_WI_E_MH22,1.2222104960891893
RVSDS_INT_WI_E_MH23,1.2255686059204676
RVSDS_INT_WI_E_MH24,1.2149199604423195
RVSDS_INT_WI_E_MH25,1.2173821261663145
RVSDS_INT_WI_E_MH26,1.212347189868435
RVSDS_INT_WI_E_MH27,1.2137762761143764
RVSDS_INT_WI_E_MH28,1.2032627066931592
RVSDS_INT_WI_E_MH29,1.2009106764337822
RVSDS_INT_WI_E_MH30,1.1493301911781852
RVSDS_INT_WI_E_MH31,1.1501295245536836
RVSDS_INT_WI_E_MH32,1.1493674542326318
RVSDS_INT_WI_E_MH33,1.151082642846915
RVSDS_INT_WI_E_MH34,1.1505339172473241
RVSDS_INT_WI_E_MH35,1.3377061702817734
RVSDS_INT_WI_E_MH36,1.1336044501547557
RVSDS_INT_WI_E_TP17,1.3963384180788108
RVSDS_INT_WI_W_DC14,0.960925574452009
RVSDS_INT_WI_W_MH01,1.0879849011578013
RVSDS_INT_WI_W_MH01_NOP,1.0754638100976566
RVSDS_INT_WI_W_MH02,1.041423589083145
RVSDS_INT_WI_W_MH03,1.0566684699971878
RVSDS_INT_WI_W_MH04,1.0501574135672436
RVSDS_INT_WI_W_MH05,1.0416063174458103
RVSDS_INT_WI_W_MH05_NOP,1.0512226567710625
RVSDS_INT_WI_W_MH06,1.036868166614433
RVSDS_INT_WI_W_MH06_NOP,1.044465880469497
RVSDS_INT_WI_W_MH07,0.9970294190933312
RVSDS_INT_WI_W_MH08,0.9809400851516813
RVSDS_INT_WI_W_MH09,0.9771887985623624
RVSDS_INT_WI_W_MH10,0.9717280695529135
RVSDS_INT_WI_W_MH11,0.9707688655978781
RVSDS_INT_WI_W_MH11_NOP,0.9673240512606156
RVSDS_INT_WI_W_MH12,0.9605203367950598
RVSDS_INT_WI_W_MH13,0.9553694528870162
RVSDS_INT_WI_W_MH13_NOP,0.9513715156963825
RVSDS_INT_WI_W_MH15,0.8196546132766749
RVSDS_INT_WI_W_MH15_NOP,0.7983207133305991
RVSDS_INT_WI_W_MH16,0.7928886524228071
RVSDS_INT_WI_W_MH17,0.7717364165654259
RVSDS_INT_WI_W_MH18,0.7863118914173683
RVSDS_INT_WI_W_MH19,0.7942482617063884
RVSDS_INT_WI_W_MH20,0.7844917759493352
RVSDS_INT_WI_W_MH22,0.2455730301823697
RVSDS_INT_WIE_MH0290,0.5309802860637427
RVSDS_INT_WIE_MH0586,0.7417702327295839
RVSDS_INT_WIE_MH1078,0.7040643252343278
RVSDS_INT_WIE_MH1569,0.7068753708201109
RVSDS_INT_WIE_MH1865,0.704999912007839
RVSDS_INT_WIE_MH2212,0.7044372907536155
RVSDS_INT_WIE_MH2640,0.686073711376211
RVSDS_INT_WIE_MH3068.5,0.6842139770957969
RVSDS_INT_WIE_MH3432,0.6850437756817944
RVSDS_INT_WIE_MH4160,0.740930926632412
RVSDS_INT_WIE_MH4969.6,0.7800394153784034
RVSDS_INT_WIE_MH5390,0.7080467244900035
RVSDS_INT_WIE_MH6159,0.7809472084195319
RVSDS_INT_WIE_MH6309,0.7579833568573202
RVSDS_INT_WIE_MH7056,1.2877433398984746
RVSDS_INT_WIE_MH7606,1.3061927805493965
RVSDS_INT_WIE_MH8000,1.0666655335880006
RVSDS_INT_WIE_MH8126,0.9871102445192048
RVSDS_INT_WIE_MH8550,0.7387714721327656
RVSDS_INT_WIE_MH8903,0.5327859814995553
RVSDS_INT_WIE_MH9256,0.3415119424841039
RVSDS_INT_WIE_MH9608,0.2534027749132016
RVSDS_INT_WRVI_MH1-01,0.5649721955149685
RVSDS_INT_WRVI_MH1-02,1.2425698358079869
RVSDS_INT_WRVI_MH1-03,1.2135737850395025
RVSDS_INT_WRVI_MH1-04,1.196395316448422
RVSDS_INT_WRVI_MH1-05,1.1930544994049561
RVSDS_INT_WRVI_MH1-06,1.2158525066911776
RVSDS_INT_WRVI_MH1-07,1.1882756246731052
RVSDS_INT_WRVI_MH1-08,1.2546900171781048
RVSDS_INT_WRVI_MH1-09,1.2465752216980723
RVSDS_INT_WRVI_MH1-10,1.3257981305087125
RVSDS_INT_WRVI_MH1-11,1.2661651832399925
RVSDS_INT_WRVI_MH1-12,1.2800320838028325
RVSDS_INT_WRVI_MH1-13,1.2322603281691504
RVSDS_INT_WRVI_MH1-14,1.2001505193085604
RVSDS_INT_WRVI_MH1-15,1.143367722803342
RVSDS_INT_WRVI_MH1-16,1.1979536686887133
RVSDS_INT_WRVI_MH1-17,1.176187784587761
RVSDS_INT_WRVI_MH1-18,1.1784306147434935
RVSDS_INT_WRVI_MH1-19,1.1664138807633098
RVSDS_INT_WRVI_MH1-20,1.1604651367292624
RVSDS_INT_WRVI_MH1-21,1.164300787137877
RVSDS_INT_WRVI_MH1-22,0.8312184373160544
RVSDS_INT_WRVI_MH1-23,0.7689994588974567
RVSDS_INT_WRVI_MH1-24,0.7499230707244688
RVSDS_INT_WRVI_MH1-25,0.7500561049923136
RVSDS_INT_WRVI_MH1-26,0.6979701899089923
RVSDS_INT_WRVI_MH1-27,0.74351553726303
RVSDS_INT_WRVI_MH1-28,0.7088858960613253
RVSDS_INT_WRVI_MH1-29,0.746203815987861
RVSDS_INT_WRVI_MH1-30,0.7434460358135081
RVSDS_INT_WRVI_MH1-31,0.7420528868160181
RVSDS_INT_WRVI_MH1-32,0.7514893353819507
RVSDS_INT_WRVI_MH1-33,0.7674673103880081
RVSDS_INT_WRVI_MH1-34,0.8407705142513395
RVSDS_INT_WRVI_MH1-35,1.1161653855143996
RVSDS_INT_WRVI_MH1-36,1.1400967929743069
RVSDS_INT_WRVI_MH1-37,1.1326684480956468
RVSDS_INT_WRVI_MH1-38,1.147584585846381
RVSDS_INT_WRVI_MH1-39,1.143245796010571
RVSDS_INT_WRVI_MH1-40,1.1396794077550312
RVSDS_INT_WRVI_MH1-41,1.1436712794020218
RVSDS_INT_WRVI_MH1-42,1.0921192562200557
RVSDS_INT_WRVI_MH1-43,1.1341809725624716
RVSDS_INT_WRVI_MH1-44,1.1556797676410526
RVSDS_INT_WRVI_MH1-45,1.1605689608860645
RVSDS_INT_WRVI_MH1-46,1.1610547266307485
RVSDS_INT_WRVI_MH1-47,1.1732033236543224
RVSDS_INT_WRVI_MH1-48,1.1436612780989082
RVSDS_INT_WRVI_MH1-49,1.0870265279640532
RVSDS_INT_WRVI_MH1-50,1.0549874111045034
RVSDS_INT_WRVI_MH1-51,1.045159963189731
RVSDS_INT_WRVI_MH1-52,1.0406093334913855
RVSDS_INT_WRVI_MH1-53,1.0347332319197715
RVSDS_INT_WRVI_MH1-54,1.0371626429359904
RVSDS_INT_WRVI_MH1-55,1.0356636359394713
RVSDS_RTB_DearbornHgts_3_MH1,2.31255361147186
RVSDS_RTB_DearbornHgts_3_MH2,2.2246585864226494
RVSDS_RTB_DearbornHgts_3_MH3,1.9844492053416225
RVSDS_RTB_DearbornHgts_4_MH1,1.1158602564934008
RVSDS_RTB_DearbornHgts_4_MH4,1.9870591668108761
RVSDS_RTB_DearbornHgts_4_MH5,1.9898559345213092
RVSDS_RTB_DearbornHgts_4_MH7,2.0816451788213666
RVSDS_RTB_DearbornHgts_4_MH8,1.7865994745055103
RVSDS_RTB_DearbornHgts_II_MH01,4.514321319406504
RVSDS_RTB_DearbornHgts_II_MH02,3.467597881785582
RVSDS_RTB_DearbornHgts_II_MH03,3.059360480561841
RVSDS_RTB_DearbornHgts_II_MH04,2.148676228631011
RVSDS_RTB_DearbornHgts_II_MH05,2.183085718882757
RVSDS_RTB_DearbornHgts_II_MH06,2.219556129115859
RVSDS_RTB_DearbornHgts_II_MH07,2.234449139017829
RVSDS_RTB_DearbornHgts_II_MH08,1.2223201799501209
RVSDS_RTB_DearbornHgts_II_MH09,1.372115777066105
RVSDS_RTB_DearbornHgts_II_MH10,1.2920284251675973
RVSDS_RTB_DearbornHgts_II_MH10-1,1.3231141001021252
RVSDS_RTB_DearbornHgts_II_MH10-2,1.3236263781445836
RVSDS_RTB_DearbornHgts_II_MH10-3,1.354604057010993
RVSDS_RTB_DearbornHgts_II_MH10-4,0.93116176827212
RVSDS_RTB_DearbornHgts_II_MH11,0.36731466435785554
RVSDS_RTB_DearbornHgts_II_MH20,2.3557413046795865
RVSDS_RTB_Inkster_1_MH1,3.103388553077857
RVSDS_RTB_Inkster_1_MH3,2.832771551309558
RVSDS_RTB_Inkster_1_MH4,2.726595867880644
RVSDS_RTB_Inkster_1_MH5,3.0367140774588997
RVSDS_RTB_Inkster_1_MH6,18.25
RVSDS_RTB_Inkster_1_MH7,3.3970869544350455
RVSDS_RTB_Inkster_2_MH01,1.0763071747814532
RVSDS_RTB_Inkster_2_MH02,1.2488085301950997
RVSDS_RTB_Inkster_2_MH04,0.960457970023759
RVSDS_RTB_Inkster_2_MH05,1.1320550877785762
RVSDS_RTB_Inkster_2_MH05A,0.6546983007520508
RVSDS_RTB_Inkster_2_MH06,2.849793675560507
RVSDS_RTB_Inkster_2_MH07,2.8078388337383045
RVSDS_RTB_Inkster_2_MH08,2.8879455445634177
RVSDS_RTB_Inkster_2_MH09,3.2814660156060658
RVSDS_RTB_Inkster_2_MH10,3.8243383095398436
RVSDS_RTB_Inkster_2_MH11,1.5219054595190924
RVSDS_RTB_Inkster_2_MH12,1.5807844199068486
RVSDS_RTB_Inkster_2_MH13,0.9979645996306348
RVSDS_RTB_Inkster_2_MH14,1.2298758157605092
RVSDS_RTB_Inkster_2_MH15,0.6865233809626843
RVSDS_RTB_Inkster_2_MH15A,0.5417678766331374
RVSDS_RTB_Inkster_2_MH16,0.48887819637459606
RVSDS_RTB_Inkster_2_MH17,0.9389174090378967
RVSDS_RTB_Inkster_2_MH17A,1.7670349592967591
RVSDS_RTB_Inkster_2_MH18,0.7036613719843721
RVSDS_RTB_Inkster_2_MH18A,0.9119724349050005
RVSDS_RTB_Inkster_2_MH19,0.7741585460849365
RVSDS_RTB_Inkster_2_MH20,0.7198746832073961
RVSDS_RTB_Inkster_2_MH21,0.7207855030637143
RVSDS_RTB_Inkster_2_MH22,1.0024880083375363
RVSDS_RTB_Inkster_2_MH23,1.0601847764546122
RVSDS_RTB_Inkster_2_MH24,0.8652603189677446
RVSDS_RTB_Inkster_2_MH25,1.0150610876246966
RVSDS_RTB_Middlebelt_MH1,1.102585274205893
RVSDS_RTB_Middlebelt_MH2,0.0
RVSDS_RTB_Middlebelt_MH3,0.8622752760190011
RVSDS_RTB_Middlebelt_MH4,4.057611291637048
RVSDS_RTB_Middlebelt_RegWeir,3.9442478966031373
RVSDS_RTB_Redford_1_MH01,0.00015941818128339946
RVSDS_RTB_Redford_1_MH02,0.02825545073898971
RVSDS_RTB_Redford_1_MH03,6.69
RVSDS_RTB_Redford_1_MH04,7.37
RVSDS_RTB_Redford_2_MH02A,8.602922156218357
RVSDS_RTB_Redford_2_MH03,18.62
RVSDS_RTB_Redford_2_MH03A,6.15
RVSDS_RTB_Redford_2_MH04,16.4
RVSDS_RTB_Redford_2_MH04A,6.2
RVSDS_RTB_Redford_2_MH05,13.51685931616634
RVSDS_RTB_Redford_2_MH05A,8.26
RVSDS_RTB_Redford_2_MH06,12.943304785579297
RVSDS_RTB_Redford_2_MH06A,9.45
RVSDS_RTB_Redford_2_MH07,16.8
RVSDS_RTB_Redford_2_MH07A,16.16
RVSDS_RTB_Redford_2_MH08,15.34
RVSDS_RTB_Redford_2_MH11,7.63
SAX-1,18.4
SAX-2,17.51
SAX-4,9.926062312568487
SCH00013,25.572312493067734
SCH00026,25.780455792721824
SCH00034,24.773956469681263
SCH00034a,20.13975483776574
SCH00035,20.72121341259009
SCH00038,19.821306049975103
SCH00040,32.7699
SCH00057,29.118268043779644
SCH00079,7.797063546763038
SCH00080,40.64961983768977
SCH01280,24.82801395491319
SCH01281,27.451606490590894
SCH01683,10.596858131744076
SCH01683SG,9.434795565836163
SCH02482,12.886987525354607
SCH02483,12.072550008502903
SCH02882,5.148244032421753
SCHR-1,11.677271317136128
SCHR-2,14.08
SCHR-4,9.424526419867757
SFE,1.8910665532184856
SFIT0001,25.36463472383433
SFIT0002,5.8898342033411275
SFIT0003,23.92794742482304
SFIT0005,21.2711
SFIT0006,19.543856950067404
SFIT0007,18.6514788103698
SFIT0008,26.696369516782667
SFIT0009,21.594920787556063
SFIT0011,25.479739067528243
SFIT0012,17.130305427779223
SFIT0013,26.426482150439433
SFIT0014,33.46723029461934
SFIT0016,17.753332161364778
SFIT0018,23.93727384912993
SFIT0019,31.024965177574284
SFIT0020,22.88967738949646
SFIT0021,78.48507577378035
SFIT0022,23.406248744256445
SFIT0023,37.9899
SFIT0024,24.7121316779387
SFIT0025,23.368599330456
SFIT0026,20.85819355953824
SFIT0027,22.24784417701715
SFIT0028,25.691482867985762
SFIT0029,24.7221
SFIT0030,18.4599
SFIT0031,15.883956569613256
SFIT0032,4.212753657912787
SFIT0033,3.684731151605396
SFIT0034,28.0471
SFIT0035,0.8522024464972013
SFIT0036,28.991931267085334
SFIT0037,35.79105973297675
SFIT0038,32.679715707121645
SFIT0039,39.77475521777089
SFIT0040,30.865818617060466
SFIT0044,27.071215513084653
SFIT0045,27.50752681774352
SFIT0046,32.3001
SFIT0047,29.9001
SFIT0049,13.1449
SFIT0050,15.77
SFIT0053,10.428689395799351
SFIT0055,38.380100000000006
SFIT0056,41.320100000000004
SFIT0057,40.380100000000006
SFIT0061,7.64254034767049
SFIT0062,17.562706777098423
SFIT0063,20.858097704676208
SFIT0064,17.54405564023272
SFIT0065,44.30793494913492
SFIT0066,18.534128103109826
SFIT0068,21.105908665293576
SFIT0069,9.443207272393979
SFIT0070,25.1891
SFIT0071,24.255944385910034
SFIT0072,20.684879289306952
SFIT0074,41.4401
SFIT0075,41.1201
SFIT0076,15.141455202590093
SFIT0077,18.049041296068854
SFIT0078,11.977509349732262
SFIT0080,17.159371274190313
SFIT0082,16.957864873151642
SFIT0083,7.11560494953865
SFIT0084,7.279788178801509
SFIT0085,7.3667403571000705
SFIT0086,10.28477672175316
SFIT0087,18.645501551865433
SFIT0088,14.68340884745974
SFIT0090,8.087984304114222
SFIT0091,7.4303644387960714
SFIT0093,24.33893180614168
SFIT0096,24.18949193063929
SFIT0097,24.047909272399792
SFIT0099,32.151903672960955
SFIT0100,5.537986661111695
SFIT0101,14.777655702072071
SFIT0105,23.351071283414267
SFIT0106,8.936950823317229
SFIT0107,21.599990863309795
SFIT0109,4.9520849087069045
SFIT0114,19.852399617849297
SFIT0115,12.356208215436961
SFIT0118,14.496852610530002
SFIT0121,21.534929406947438
SFIT0125,20.306822973095326
SFIT0126,19.482253075737873
SFIT0127,0.9838726421938159
SFIT0130,19.494223463309304
SFIT0131,18.915020561397956
SFIT0134,4.175795844054052
SFIT0135,49.015258848230644
SFIT0138,2.9742410231383385
SFIT0139,3.6378271449659008
SFIT0140,18.18926040675931
SFIT0146,25.139587029199724
SFIT0148,26.170510874882098
SFIT0151,24.053183523003916
SFIT0153,15.872946542029707
SFIT0158,1.2867434356409748
SFIT0159,0.8047406844266519
SFIT0161,9.54843641474479
SFIT0163,30.7301
SFIT0164,25.739857418405784
SFIT0165,12.689212299169776
SFIT0166,15.171407437826451
SFIT0167,0.0
SFIT0168,15.877612548142702
SFIT0169,15.652524552717209
SFIT0170,16.932339090858616
SFIT0171,26.48389840690869
SFIT0172,16.2715405030561
SFIT0175,16.60610093506641
SFIT0176,11.669670066691978
SFIT0177,1.055723606795349
SFIT0181,18.240073195581036
SFIT0184,22.920207336745488
SFIT0187,11.65401650494756
SFIT0194,31.5699
SFIT0198,13.201718343232415
SFIT0199,23.997019616614892
SFIT0200,0.8094793022435801
SFIT0202,2.1697626548580065
SFIT0203,17.137494331885183
SFIT0205,2.375253015271449
SFIT0208,6.469227992865238
SFIT0217,15.1601
SFIT0219,18.254454912487397
SFIT0222,9.829308436115321
SFIT0226,15.340720236951663
SFIT0227,21.862389527205
SFIT0228,40.41515554180354
SFIT0230,27.395968759535194
SFIT0233,28.090607048971663
SFIT0234,24.103689686096736
SFIT0236,29.558167615466445
SFIT0237,29.80749608149798
SFIT0238,21.98044422765507
SFIT0239,22.77400863116948
SFIT0240,23.479393217704924
SFIT0241,24.82574209389705
SFIT0243,30.048612254017527
SFIT0244,30.2926333017134
SFIT0245,30.561749620431826
SFIT0246,31.16725871444902
SFIT0248,25.676887135662962
SFIT0251,26.385757153163446
SFIT0257,35.56918237129746
SFIT0258,34.3583268487574
SFIT0259,36.429439097562664
SFIT0262,37.190709198796824
SFIT0265,30.324812503923887
SFIT0267,37.731403715005165
SFIT0270,38.05412435083791
SFIT0271,38.296553713608404
SFIT0272,38.78191078211948
SFIT0273,39.12450863505174
SFIT0275,39.8497807508335
SFIT0278,40.992157168968276
SFIT0279,38.661720691264804
SFIT0282,41.098635549989424
SFIT0283,35.76766267405037
SFIT0287,34.96450616461158
SFIT0288,35.73066701537651
SFIT0290,42.76557369160649
SFIT0291,29.646640492947878
SFIT0292,43.10546414819642
SFIT0295,31.88903227473486
SFIT0296,37.68227579112663
SFIT0297,44.160109826243364
SFIT0305,44.201920320039605
SFIT0306,44.564206573048565
SFIT0307,44.60116270570885
SFIT0310,44.83595192834683
SFIT0311,39.57167847537548
SFIT0312,37.7933000290991
SFIT0313,36.00446365784546
SFIT0314,34.406495468781955
SFIT0315,33.96925743240659
SFIT0316,32.85435051921718
SFIT0317,31.263108419677458
SFIT0319,17.91834126919636
SFIT0321,22.672656633719196
SFIT0322,22.12454368978376
SFIT0325,18.1911342169227
SFIT0326,20.69013243555937
SFIT0327,18.183452593118517
SFIT0328,20.264450270864007
SFIT0331,25.200920752297236
SFIT0332,25.243071881427774
SFIT0333,22.4801
SFIT0334,22.6501
SFIT0335,23.8401
SFIT0336,21.990772260272834
SFIT0337,28.670665430976534
SFIT0342,29.53092372970222
SFIT0343,19.051605349818324
SFIT0344,25.3201
SFIT0345,31.0101
SFIT0346,31.5899
SFIT0347,31.0139
SFIT0348,27.4501
SFIT0350,26.2799
SFIT0352,24.503816474388593
SFIT0353,23.06108345222367
SFIT0359,31.763829648144146
SFIT0360,32.840744605305915
SFIT0361,22.3901
SFIT0364,21.1108805472837
SFIT0367,17.407475493271797
SFIT0368,43.95610416230201
SFIT0369,12.702085665280404
SFIT0370,12.402546901634619
SFIT0375,1.3776250338438731
SFIT0378,38.394556838875594
SFIT0379,32.94833710842856
SFIT0381,22.62895721470965
SFIT0382,24.427108351965252
SFIT0386,39.69017129003164
SFIT0387,56.66394930653858
SFIT0388,55.070442782125994
SFIT0392,5.158783982884907
SFIT0394,4.586736535155328
SFIT0396,11.351762859674817
SFIT0397,1.3811042614198075
SFIT0399,40.448274141920066
SFIT0400,28.36271696237104
SFIT0401,3.145723045479623
SFIT0402,2.6604322501184683
SFIT0403,2.6374554677177873
SFIT0404,14.366486073903701
SFIT0405,14.353077372050896
SFIT0407,16.777472690060264
SFIT0410,9.842170167163934
SFIT0412,15.318914645205755
SFIT0413,18.504997554047236
SFIT0414,14.336354347987553
SFIT0415,13.38920250431704
SFIT0416,12.102107148600478
SFIT0417,17.702880382794948
SFIT0423,28.770111436411586
SFIT0425,13.014917054501856
SFIT0427,17.56234210988545
SFIT0428,15.81430748900884
SFIT0429,13.900770001814648
SFIT0439,13.93538958096501
SFIT0440,8.00856679420189
SFIT0441,8.06954021016431
SFIT0442,8.673287358425357
SFIT0446,20.0299
SFIT0448,28.2259
SFIT0449,29.60443923374867
SFIT0450,26.8499
SFIT0451,28.5401
SFIT0452,17.281699304407155
SFIT0453,17.7901
SFIT0454,18.5699
SFIT0456,7.709288049553558
SFIT0457,8.091919096078977
SFIT0458,13.846624183700259
SFIT0459,7.733098200543856
SFIT0460,7.835276192835693
SFIT0461,7.887891998942404
SFIT0462,7.856563997397512
SFIT0463,17.462339672764394
SFIT0464,18.90284123371303
SFIT0466,16.517884919285148
SFIT0468,45.785191561714186
SFIT0469,18.451770152396612
SFIT0470,19.715822585140852
SFIT0471,13.980359448186555
SFIT0473,8.513562802002642
SFIT0476,12.690794689838047
SFIT0481,33.520100000000006
SFIT0484,30.382528243827284
SFIT0487,25.261229508663767
SFIT0489,26.836600936558987
SFIT0490,26.50439586098825
SFIT0491,27.14591362955185
SFIT0492,27.346340118616453
SFIT0493,27.72165919755296
SFIT0495,27.229715636680147
SFIT0505,7.919376224624601
SFIT0506,5.056426026885118
SFIT0511,19.599507988703866
SFIT0512,15.112025113378747
SFIT0517,12.659725590277155
SFIT0519,6.446990747136949
SFIT0520,11.593967352386926
SFIT0521,17.5491
SFIT0522,23.5201
SFIT0529,8.170479065689943
SFIT0530,3.952948838298017
SFIT0536,16.739509874701145
SFIT0539,7.142373116613366
SFIT0543,5.924452745540954
SFIT0547,26.1821
SFIT0548,4.111518674943007
SFIT0550,29.479407904624715
SFIT0551,40.33852871505741
SFIT0558,6.151887253086395
SFIT0574,2.2848208081849863
SFIT0577,7.53664148968651
SFIT0579,0.9863178682525428
SFIT0582,9.66717982792065
SFIT0583,38.330619871265164
SFIT0585,6.232841386688239
SFIT0586,2.5577682744374446
SFIT0588,1.2049697184835098
SFIT0589,1.9520278609766306
SFIT0590,2.8497258941672436
SFIT0591,1.9018612619694248
SFIT0592,3.375325305497719
SFIT0593,3.7069438869401807
SFIT0595,8.42333246463571
SFIT0596,7.9135369321674665
SFIT0598,4.408394650977786
SFIT0599,1.6693657661090788
SFIT0606,15.439746760201707
SFIT0607,13.05354381237661
SFIT0611,14.409515223347901
SFIT0613,25.14713772921962
SFIT0618,14.578302458346458
SFIT0619,3.3621619157894544
SFIT0620,4.086480346268232
SFIT0621,0.5504031467355683
SFIT0623,7.177201970271686
SFIT0626,14.3099
SFIT0629,7.065507403785077
SFIT0631,7.941580793181597
SFIT0632,23.42531267613897
SFIT0636,9.004458852342687
SFIT0641,7.587626874362411
SFIT0646,9.14505120283982
SFIT0658,7.650504242699011
SFIT0664,13.821280841105573
SFIT0669,5.539160322602234
SFIT0671,21.8999
SFIT0673,25.85791243219788
SFIT0674,10.649507446465808
SFIT0675,10.796043079994353
SFIT0682,26.371176733854313
SFIT0687,8.100857180466495
SFIT0688,10.236730393754943
SFIT0689,71.23052169317573
SFIT0690,46.84218831321045
SFIT0692,4.775542671103194
SFIT0693,6.455228124854797
SFIT0694,6.844921619466913
SFIT0697,5.0197106762071275
SFIT0700,28.9999
SFIT0705,5.570795062992174
SFIT0709,6.06921849718918
SFIT0710,20.927893765735313
SFIT0711,5.362130181922213
SFIT0712,5.550692247123122
SFIT0717,17.505606748667862
SFIT0721,18.2729935233638
SFIT0722,17.330641984447
SFIT0723,19.421282557717653
SFIT0726,12.7701
SFIT0728,17.9601
SFIT0731,14.096698814239256
SFIT0733,19.22402552869622
SFIT0738,36.93356343920223
SFIT0739,34.0448990773108
SFIT0740,31.630831673710688
SFIT0741,44.865772808281704
SFIT0743,45.0090906531085
SFIT0746,44.99390439912304
SFIT0747,19.63922507946187
SFIT0749,19.304526769145056
SFIT0752,25.84947000512853
SFIT0753,27.178862777463216
SFIT0754,27.0651
SFIT0755,26.767014814603527
SFIT0756,26.9101
SFIT0759,26.43299784316841
SFIT0760,27.35813146325428
SFIT0764,15.378554870400352
SFIT0766,15.045316026015158
SFIT0769,16.2039
SFIT0771,46.014082987746384
SFIT0773,14.687510977192863
SFIT0776,31.268341166255585
SFIT0777,31.274591188008294
SFIT0780,13.290104690525471
SFIT0781,6.417580362562721
SFIT0783,12.87328222376317
SFIT0785,12.099234421826864
SFIT0786,31.723953219522
SFIT0787,13.520325278883682
SFIT0788,17.74764814129953
SFIT0800,16.895863813746992
SFIT0803,8.455635914350296
SFIT0805,16.2201
SFIT0807,25.32003402266657
SFIT0811,9.20680312076404
SFIT0815,3.10511287371227
SFIT0816,3.063803991147725
SFIT0817,3.080491289246173
SFIT0818,3.0603446866838926
SFIT0821,1.759710255528458
SFIT0826,0.7461267943578511
SFIT0835,1.571381743223721
SFIT0837,5.673848832290442
SFIT0840,13.760043378727282
SFIT0841,27.986205949388726
SFIT0844,28.692317196736905
SFIT0846,29.75391222286339
SFIT0847,25.16738300314693
SFIT0849,14.04084051302239
SFIT0851,14.685177584543245
SFIT0853,23.427031791012066
SFIT0854,13.1183610163605
SFIT0857,9.379172962695538
SFIT0858,21.546888040913462
SFIT0860,13.311649155022993
SFIT0861,19.822400166801717
SFIT0864,19.374049293739038
SFIT0867,26.145039675467796
SFIT0868,2.404563249626263
SFIT0870,19.98462704712759
SFIT0871,9.811303464826134
SFIT0872,15.84274876495128
SFIT0873,23.50331316327559
SFIT0874,16.287125073491268
SFIT0877,23.335672713537488
SFIT0878,13.053870559521679
SFIT0880,38.609899999999996
SFIT0882,28.649273001120715
SFIT0884,19.315453934946873
SFIT0885,25.43739993508497
SFIT0886,14.87836201430604
SFIT0888,23.22378031832612
SFIT0889,14.77894623635507
SFIT0890,15.900680015924847
SFIT0891,20.71024109884368
SFIT0892,20.701815153747837
SFIT0893,11.521304588603474
SFIT0894,4.999105946430216
SFIT0895,15.354824891443528
SFIT0896,5.723791953098187
SFIT0897,8.295974658268575
SFIT0898,9.024873626633976
SFIT0901,3.205418396785698
SFIT0903,39.303965661790635
SFIT0905,13.102503492024459
SFIT0911,14.411040824117284
SFIT0913,15.651884260265852
SFIT0914,2.0864487772097524
SFIT0915,2.1834858352778506
SFIT0916,14.671768402582673
SFIT0917,1.7528635347819859
SFIT0919,1.9100047415096986
SFIT0920,3.742512165777259
SFIT0921,18.85300100560349
SFIT0923,2.036339343755137
SFIT0924,18.504224010853335
SFIT0925,46.451031457383515
SFIT0927,18.485597568989114
SFIT0928,66.76010000000001
SFIT0932,43.75721455701984
SFIT0935,21.24418735750204
SFIT0936,22.69731987934974
SFIT0938,26.468340194167485
SFIT0939,29.44466043309612
SFIT0940,25.180206690644756
SFIT0941,23.557825275737073
SFIT0942,25.71838215400853
SFIT0944,27.29344268123205
SFIT0945,4.943720839461234
SFIT0946,66.42519634647252
SFIT0948,11.41077829208486
SFIT0949,38.8631
SFIT0950,30.761662090916047
SFIT0951,35.7051
SFIT0956,26.306822873650148
SFIT0957,33.487752997635766
SFIT0963,35.98468406314125
SFIT0964,27.31371780127199
SFIT0967,11.615159662359867
SFIT0968,23.6001161663852
SFIT0969,22.0699
SFIT0970,16.783309526018073
SFIT0971,20.360062444701644
SFIT0973,29.82628508015943
SFIT0974,29.572495042324825
SFIT0977,16.896110242266033
SFIT0979,37.701100000000004
SFIT0981,15.848943145604172
SFIT0982,17.693900396096225
SFIT0983,12.692803276010073
SFIT0984,29.012371203917866
SFIT0985,16.328728280492882
SFIT0986,27.753463303296467
SFIT0989,38.539899999999996
SFIT0990,25.985235812356745
SFIT0991,14.900390445794267
SFIT0992,25.915053864199308
SFIT0993,26.28921981216694
SFIT0994,17.611753213677726
SFIT0995,18.401388695379747
SFIT0998,20.7690279977095
SFIT1001,27.334069069880048
SFIT1002,28.573797404790998
SFIT1005,26.810359611009574
SFIT1007,25.691122508057735
SFIT1008,29.27618558444474
SFIT1009,28.725194509782767
SFIT1012,20.604971341493066
SFIT1014,25.129277224253645
SFIT1016,27.804767716576148
SFIT1018,27.983645558382314
SFIT1019,27.20861624545413
SFIT1023,20.752622411208453
SFIT1024,18.47704795851883
SFIT1025,19.23663623869657
SFIT1026,18.24015221233943
SFIT1028,15.472144045931804
SFIT1029,14.876981436666512
SFIT1032,20.95995298269314
SFIT1033,20.853494493020836
SFIT1035,21.192311256062755
SFIT1038,26.31882325329285
SFIT1039,26.17335108155433
SFIT1041,25.66135593771689
SFIT1042,20.97905767716152
SFIT1043,18.852685579840777
SFIT1045,19.7098937850628
SFIT1046,23.22994246363969
SFIT1048,25.332696986656128
SFIT1049,22.761880175608386
SFIT1051,21.99440948267498
SFIT1053,17.683838776511095
SFIT1055,15.725466369541811
SFIT1056,19.38756696285943
SFIT1057,23.715551298514736
SFIT1058,23.340612824583154
SFIT1059,18.470121449438885
SFIT1062,24.35021737777921
SFIT1064,24.473915719881788
SFIT1065,26.024570967654316
SFIT1067,26.03228086955075
SFIT1068,26.91787019460031
SFIT1071,15.088590845789394
SFIT1072,16.095517575804664
SFIT1073,13.224802327389131
SFIT1075,14.925418732873663
SFIT1076,16.858734189698914
SFIT1077,24.0001
SFIT1079,22.765245194136575
SFIT1080,21.344120308298386
SFIT1081,21.028186213349635
SFIT1083,18.23068058120041
SFIT1085,26.85989917460119
SFIT1086,21.66186476993057
SFIT1087,25.522432836073254
SFIT1088,22.225681124824206
SFIT1090,21.9117224306205
SFIT1093,26.6324652313492
SFIT1094,22.009705880078428
SFIT1095,18.9801
SFIT1096,20.2601
SFIT1097,24.61425174737623
SFIT1098,26.637350330895593
SFIT1099,29.45189728747789
SFIT1101,28.811221621312665
SFIT1103,20.129980067422654
SFIT1104,26.68823336300186
SFIT1105,21.8861
SFIT1106,27.95713161392001
SFIT1107,33.24936136716052
SFIT1110,30.215502926471263
SFIT1112,28.677651132561184
SFIT1113,28.989908413859492
SFIT1114,29.308270398303055
SFIT1115,29.262245043800764
SFIT1116,29.530750177929118
SFIT1119,29.662040974365926
SFIT1120,28.51814271616263
SFIT1121,29.423387413354924
SFIT1122,28.87006590481113
SFIT1124,28.99747023723856
SFIT1125,25.068786372415524
SFIT1126,9.733431488920083
SFIT1127,25.659474969739307
SFIT1128,26.0301
SFIT1129,42.161609708401826
SFIT1131,26.475745657581577
SFIT1136,28.715792508455714
SFIT1143,35.31063831858091
SFIT1144,16.191157622471483
SFIT1147,30.674549755699804
SFIT1148,24.057402401250602
SFIT1154,11.934648268085327
SFIT1155,12.580739150299983
SFIT1157,12.440150161706466
SFIT1158,13.262884572016791
SFIT1160,25.786203652960385
SFIT1161,17.52924726059534
SFIT1162,36.079899999999995
SFIT1165,11.8401
SFIT1166,14.137850875552544
SFIT1167,8.257719895324383
SFIT1168,31.82441250252452
SFIT1169,14.752572497284984
SFIT1170,16.741402799721108
SFIT1172,22.931824474035185
SFIT1173,17.18066202293518
SFIT1175,2.285636279137857
SFIT1176,3.603727652357316
SFIT1177,24.264599775056492
SFIT1182,25.71969941062097
SFIT1183,28.997300185732424
SFIT1186,15.063284279499642
SFIT1187,36.8409
SFIT1191,27.94657136569302
SFIT1193,8.13204879967129
SFIT1194,13.574981755235884
SFIT1195,7.5898354907698975
SFIT1196,12.011640481601624
SFIT1198,10.839346967221903
SFIT1199,13.260273259000074
SFIT1201,23.361377269537726
SFIT1202,10.906315297761486
SFIT1207,22.081251924604796
SFIT1208,13.522405698255728
SFIT1209,15.1999
SFIT1210,13.432840650685955
SFIT1211,14.2599
SFIT1212,19.988318553401395
SFIT1213,28.484605495145036
SFIT1215,25.381513053475057
SFIT1217,29.50722007684882
SFIT1221,36.9899
SFIT1225,23.970252927073886
SFIT1226,18.0219
SFIT1227,15.680365358512532
SFIT1230,27.50391713478477
SFIT1232,31.48747640376
SFIT1235,30.433919821555854
SFIT1236,30.018894958612115
SFIT1237,15.62115950491286
SFIT1238,14.35114799146481
SFIT1239,31.83184378322322
SFIT1240,42.08493233623164
SFIT1241,33.49523601684307
SFIT1243,10.59240865024175
SFIT1244,2.2341066971454566
SFIT1247,31.436437707556095
SFIT1250,8.588544168911149
SFIT1251,33.695128383714746
SFIT1254,35.4101
SFIT1255,22.599244652363744
SFIT1261,10.956566117591844
SFIT1262,43.49648418236713
SFIT1264,28.334354303323167
SFIT1268,41.72032745796328
SFIT1269,42.219899999999996
SFIT1270,34.61681909501894
SFIT1271,40.595230879204365
SFIT1272,36.823684484448066
SFIT1273,38.511303752158646
SFIT1274,4.072295903412408
SFIT1275,3.673412683701528
SFIT1280,31.538258187153435
SFIT1281,36.10497391036297
SFIT1282,36.81250374004489
SFIT1286,22.333099999999998
SFIT1288,7.167641844867889
SFIT1291,4.053860362276851
SFIT1292,4.146841241049696
SFIT1293,7.17021639965822
SFIT1295,7.579601045678613
SFIT1296,2.8654214026085
SFIT1297,0.0
SFIT1299,2.147844088251806
SFIT1301,2.6876840972094826
SFIT1302,2.4917200642010275
SFIT1303,5.304509984625506
SFIT1304,5.3139150392071866
SFIT1307,1.407750315060082
SFIT1309,5.485357947630973
SFIT1311,3.9510263364576734
SFIT1312,5.410302208293125
SFIT1313,5.508967459008931
SFIT1320,16.88745826730383
SFIT1321,9.371699249149234
SFIT1323,8.770546677842113
SFIT1327,18.122121324075955
SFIT1328,20.21797565167549
SFIT1332,16.924192152316103
SFIT1338,33.5253238322239
SFIT1339,32.23058130100253
SFIT1346,3.075041733866972
SFIT1347,2.718261933245974
SFIT1348,14.6901
SFIT1349,7.445660277590827
SFIT1350,7.379012514650235
SFIT1352,20.29231390440793
SFIT1355,27.2199
SFIT1361,22.521481818564418
SFIT1363,21.080487318366973
SFIT1367,16.923421330348592
SFIT1368,14.99724064548464
SFIT1369,25.132629590300642
SFIT1370,22.385015635189493
SFIT1373,23.2365130221167
SFIT1375,3.43172262267129
SFIT1376,24.8901
SFIT1377,10.41949611807651
SFIT1382,24.136147953818053
SFIT1383,23.289091579043976
SFIT1385,13.180038986464737
SFIT1386,28.212064542326413
SFIT1387,24.07328872820348
SFIT1388,24.001760866620124
SFIT1390,25.56994532923637
SFIT1392,13.2651
SFIT1393,25.15076963805558
SFIT1396,15.233425336425277
SFIT1397,12.109509858033977
SFIT1398,27.570492771468125
SFIT1399,26.876084356427352
SFIT1404,18.066974414034235
SFIT1405,21.338787435876277
SFIT1406,16.70110233862495
SFIT1408,16.937240740485546
SFIT1410,22.597958075461403
SFIT1412,18.53262184399118
SFIT1414,24.073712816874846
SFIT1416,19.362328447426197
SFIT1417,23.36125511916812
SFIT1418,20.15777764534141
SFIT1419,15.949724507975361
SFIT1422,21.743255319764856
SFIT1423,39.56644737981087
SFIT1425,11.500459809474567
SFIT1427,35.3021
SFIT1428,8.591300942768052
SFIT1432,35.42577400243313
SFIT1433,34.71510000000001
SFIT1434,13.00874411758454
SFIT1436,11.8399
SFIT1437,9.71720497659689
SFIT1439,21.8389
SFIT1440,21.9899
SFIT1444,30.58997773910309
SFIT1450,15.324226479645493
SFIT1451,25.554137785453438
SFIT1456,26.80648778489317
SFIT1458,27.27704520593609
SFIT1463,23.652392751391147
SFIT1466,11.711296444143017
SFIT1471,14.327598688838105
SFIT1472,14.180857463600368
SFIT1480,10.710764582185405
SFIT1481,11.753340390554998
SFIT1482,11.583170153364662
SFIT1484,11.40626990417017
SFIT1485,16.800706919492562
SFIT1486,18.56551654979686
SFIT1487,19.23217000216504
SFIT1488,16.41772718241594
SFIT1492,15.1701
SFIT1496,14.755333435474135
SFIT1499,12.513979836812165
SFIT1500,13.190820595512191
SFIT1501,12.71354469343208
SFIT1505,27.7690991368737
SFIT1508,19.6899
SFIT1509,18.630112174771227
SFIT1512,14.20160401809416
SFIT1513,13.72945142817565
SFIT1515,12.8239
SFIT1516,12.960503352540172
SFIT1519,19.650676991388742
SFIT1522,20.232484687601335
SFIT1524,19.620171199768386
SFIT1525,18.73463058092498
SFIT1527,19.140352202444095
SFIT1551,27.669565373706828
SFIT1557,29.022140996789677
SFIT1558,29.07615103109629
SFIT1561,23.908348169576215
SFIT1564,23.89975490154036
SFIT1567,23.94293939775024
SFIT1572,30.588847634286115
SFIT1576,30.892716108455296
SFIT1581,18.100245230720354
SFIT1582,17.74440174803384
SFIT1584,20.652471455087124
SFIT1585,20.586774801082402
SFIT1586,21.352402103318965
SFIT1587,20.795990435696275
SFIT1588,25.81698633934268
SFIT1589,16.970035722937553
SFIT1590,32.50330233085627
SFIT1591,24.374928605476452
SFIT1592,24.71316993725589
SFIT1593,24.646037109617716
SFIT1595,16.97620531225222
SFIT1596,24.778673627360604
SFIT1598,16.6001
SFIT1602,19.218600947313774
SFIT1603,18.25209711974613
SFIT1604,18.474477851222094
SFIT1607,28.67647861034955
SFIT1608,14.20535829983302
SFIT1610,22.300300406620803
SFIT1611,22.317219428192217
SFIT1612,12.769517877870351
SFIT1613,23.315524548000468
SFIT1615,28.31135707356594
SFIT1619,21.026645965054723
SFIT1620,19.70359780095249
SFIT1621,19.196827176739898
SFIT1622,11.2829
SFIT1624,10.839015755975849
SFIT1625,11.065317776047202
SFIT1626,11.0851
SFIT1627,11.716497884405321
SFIT1628,9.393472016550325
SFIT1631,28.327450601322568
SFIT1633,28.55327295748523
SFIT1637,19.222619355647215
SFIT1639,9.456572017117455
SFIT1640,23.381734892541388
SFIT1642,16.96943074019532
SFIT1644,9.378334871068205
SFIT1645,17.213214960119238
SFIT1647,18.053888708135894
SFIT1648,9.236647407264211
SFIT1651,19.820977351052495
SFIT1653,15.03013432369176
SFIT1656,11.442711851949934
SFIT1658,19.9301
SFIT1660,18.740099999999998
SFIT1666,22.42348818753992
SFIT1667,22.455349362074962
SFIT1668,23.77342900859072
SFIT1668_2,23.66907476282422
SFIT1672,22.22234725032221
SFIT1674,17.282792221715134
SFIT1675,9.786590533470044
SFIT1677,9.764915000783535
SFIT1678,20.7201
SFIT1688,23.352073401805903
SFIT1693,19.55241905019774
SFIT1694,19.648972377960433
SFIT1695,20.002631683224394
SFIT1696,21.350644801418014
SFIT1697,21.572739452952383
SFIT1699,15.30841319003355
SFIT1702,13.788191360962248
SFIT1705,8.985389899689908
SFIT1706,11.775661021516095
SFIT1707,7.866116061959996
SFIT1709,14.96228239166543
SFIT1710,15.12164875791774
SFIT1713,7.433802354660435
SFIT1714,4.572530539995611
SFIT1716,6.526578101972332
SFIT1717,5.779669009937125
SFIT1718,21.67954734066555
SFIT1719,15.538657033064506
SFIT1720,14.012384942007502
SFIT1721,12.643452721235635
SFIT1723,19.05546187906454
SFIT1726,19.4606016749072
SFIT1727,18.874542340810528
SFIT1728,21.061454270586726
SFIT1729,20.837674924724887
SFIT1730,20.76755221309692
SFIT1731,15.39676127000719
SFIT1733,13.447070003545818
SFIT1734,12.378458315464938
SFIT1736,13.34581827689782
SFIT1737,31.574449411050168
SFIT1738,13.704196299013077
SFIT1741,19.02355675250171
SFIT1742,26.3899
SFIT1743,10.269655319233241
SFIT1745,10.008915012852627
SFIT1746,28.18167474276444
SFIT1747,19.740158584032613
SFIT1748,20.000363162902136
SFIT1749,15.832234351382333
SFIT1750,13.566290935914012
SFIT1752,13.843081398942687
SFIT1753,11.678727343518407
SFIT1755,9.702888427686725
SFIT1756,3.5943765759771935
SFIT1757,4.844468243825932
SFIT1758,8.46951518553438
SFIT1760,20.112573938450414
SFIT1762,20.262071088117647
SFIT1764,14.433483571495923
SFIT1765,11.305445698504354
SFIT1766,12.127760809819911
SFIT1767,12.9819035901839
SFIT1770,1.8528618887876989
SFIT1771,2.8003714575627194
SFIT1773,4.340454815248593
SFIT1774,23.766638179343676
SFIT1777,3.534482881557264
SFIT1780,36.06270249403107
SFIT1781,12.97085328962983
SFIT1783,10.743490343903574
SFIT1784,36.24232825630759
SFIT1788,4.421606941751451
SFIT1789,2.4406678653605365
SFIT1790,5.443081293786482
SFIT1793,8.489823600288958
SFIT1796,7.7094009980151466
SFIT1797,23.960157349360028
SFIT1798,3.3864945982239503
SFIT1800,4.981906760633104
SFIT1803,2.110514664765881
SFIT1805,2.8819694640168114
SFIT1808,3.183287553222615
SFIT1811,4.256453162745439
SFIT1813,4.674419317933776
SFIT1814,7.086502897246552
SFIT1815,5.190481692012259
SFIT1817,12.614606400090107
SFIT1818,1.7079814397651576
SFIT1819,1.8103039444923814
SFIT1820,1.6843549221929335
SFIT1821,2.8963417004704928
SFIT1822,5.060382625555398
SFIT1828,2.1971977493449932
SFIT1829,3.0702859644842304
SFIT1830,4.024881303349371
SFIT1831,4.101274802579121
SFIT1832,2.6401990915923346
SFIT1833,17.596973697939557
SFIT1834,6.858729796460558
SFIT1835,6.9690208115084875
SFIT1837,2.357917252640454
SFIT1838,2.3150057968546456
SFIT1840,2.1279127171852377
SFIT1842,2.2144092974961564
SFIT1843,4.501275433950196
SFIT1844,2.412337484379936
SFIT1847,3.1974582109272625
SFIT1848,3.104592586435971
SFIT1849,2.7354537963837906
SFIT1855,1.9242846574197623
SFIT1857,2.0015908186386504
SFIT1858,2.8936999197147353
SFIT1859,2.0141207355166237
SFIT1864,3.2587773858109914
SFIT1865,3.9238462563192815
SFIT1866,2.585926528793614
SFIT1867,3.331821929641694
SFIT1868,2.963463635323567
SFIT1870,1.838902931517905
SFIT1871,1.9254899679783546
SFIT1872,7.184282264339845
SFIT1874,2.147206067533726
SFIT1876,3.5016694357618396
SFIT1881,5.268469483385125
SFIT1882,2.547526780759787
SFIT1883,26.184000117607376
SFIT1884,28.740099999999998
SFIT1886,1.4882685265536462
SFIT1891,10.751421590937866
SFIT1893,22.004427662838058
SFIT1896,10.651097399357644
SFIT1897,15.383756949851357
SFIT1898,14.134674586544698
SFIT1899,28.0879
SFIT1900,15.9831
SFIT1902,41.63262665879607
SFIT1903,19.38011510081155
SFIT1904,22.2501
SFIT1905,25.63982127690951
SFIT1907,15.262088206919321
SFIT1910,14.057074583974407
SFIT1911,14.047729240996974
SFIT1913,16.425064188443162
SFIT1914,41.400924869720654
SFIT1915,29.40711319943139
SFIT1916,26.11590473092447
SFIT1918,18.27413926677034
SFIT1919,19.66027380382802
SFIT1920,19.51779438369486
SFIT1922,21.52353110868965
SFIT1926,22.3601
SFIT1929,19.834362863390673
SFIT1931,39.32737831973596
SFIT1934,31.12231497308781
SFIT1935,21.486511229767853
SFIT1936,37.15206345471382
SFIT1937,22.206762194782236
SFIT1938,24.40964663070244
SFIT1940,40.7832867320172
SFIT1941,23.561093857678113
SFIT1942,39.231100000000005
SFIT1943,23.1683046807392
SFIT1945,31.937816263004677
SFIT1950,32.40419075216299
SFIT1952,24.88199394267469
SFIT1953,25.089794318510418
SFIT1954,25.432593230243675
SFIT1957,25.617911928879007
SFIT1958,32.11924341581092
SFIT1960,25.541671894717975
SFIT1961,25.824954678663076
SFIT1962,26.14167179791652
SFIT1965,26.869762016739784
SFIT1966,27.53197782052755
SFIT1969,40.21468972459888
SFIT1973,24.189899003944063
SFIT1975,24.98656236766525
SFIT1980,24.40853164957586
SFIT1981,27.23124569978893
SFIT1982,29.30453719522897
SFIT1983,32.66153236962488
SFIT1986,27.54062811396884
SFIT1988,28.2867350541388
SFIT1991,22.983922962850365
SFIT1996,23.958007087657517
SFIT1997,30.158002179126584
SFIT2004,25.424318909236803
SFIT2008,25.41678697396688
SFIT2013,28.545127244868464
SFIT2017,30.44845909712147
SFIT2018,29.985238782361243
SFIT2022,32.80793002679384
SFIT2026,21.91738102901046
SFIT2027,23.094467596773107
SFIT2028,26.4798392922604
SFIT2029,25.90240004476597
SFIT2030,26.316142284207643
SFIT2032,36.56254084535499
SFIT2033,36.30903149638774
SFIT2035,33.80886883214052
SFIT2040,24.278181597478557
SFIT2041,24.885713675000225
SFIT2044,23.741495990725923
SFIT2045,19.512099568445716
SFIT2047,21.684403869908984
SFIT2048,18.247071766303435
SFIT2054,17.605764188874353
SFIT2055,20.100339468486506
SFIT2056,22.776709243373382
SFIT2061,27.145092878583732
SFIT2064,37.14923394755459
SFIT2065,27.514985519214548
SFIT2067,28.1399
SFIT2071,22.758061921755083
SFIT2081,18.7501
SFIT2085,27.89613861650239
SFIT2086,18.603203944778045
SFIT2087,18.287927677352435
SFIT2088,19.722192973148964
SFIT2090,28.128228072185568
SFIT2095,16.54675808364587
SFIT2100,13.932606534552853
SFIT2104,28.9189
SFIT2105,18.881613136697172
SFIT2106,27.421514117878708
SFIT2108,29.3601
SFIT2109,30.4701
SFIT2110,29.5999
SFIT2112,15.2699
SFIT2114,27.393488156873467
SFIT2115,21.5701
SFIT2118,22.015281838835662
SFIT2119,22.141087374967704
SFIT2121,25.299553656963646
SFIT2122,25.920696115015325
SFIT2123,14.97984380746037
SFIT2125,26.055833248694896
SFIT2128,22.512093940714905
SFIT2130,17.270849295092255
SFIT2131,21.201802965855183
SFIT2132,21.55919575335315
SFIT2134,21.95011848558611
SFIT2136,11.80177433496333
SFIT2137,22.293080858034852
SFIT2139,24.53561999825411
SFIT2149,13.090639034811934
SFIT2150,23.512600972171995
SFIT2151,13.82220466037714
SFIT2157,23.72037396221586
SFIT2158,13.81979683268426
SFIT2160,24.42041227161458
SFIT2161,24.46117962997827
SFIT2162,15.587221694171255
SFIT2166,16.7701
SFIT2171,20.259314066847494
SFIT2173,22.936272132676812
SFIT2174,26.0101
SFIT2175,25.483262220815696
SFIT2176,16.077730442280238
SFIT2177,11.879969894469266
SFIT2178,12.447041947765817
SFIT2179,15.518952847684051
SFIT2182,17.490599959912615
SFIT2184,10.53043837357464
SFIT2193,15.811624626373757
SFIT2195,12.090099742350187
SFIT2196,21.031871516962305
SFIT2197,20.671295058067713
SFIT2198,20.457031259863882
SFIT2199,8.710805993462799
SFIT2200,16.632537664400587
SFIT2201,19.708131876003367
SFIT2202,19.80605973247401
SFIT2204,11.638583037971127
SFIT2207,7.532071302170925
SFIT2211,7.039495583576587
SFIT2212,18.3434038771263
SFIT2213,6.974658511215581
SFIT2214,16.110047179055027
SFIT2217,19.173140956421687
SFIT2221,9.970134029134885
SFIT2225,24.754129741063835
SFIT2226,13.879180124653809
SFIT2227,18.22141899901825
SFIT2229,10.636704673895117
SFIT2238,16.7991
SFIT2244,21.6999
SFIT2245,22.4499
SFIT2248,13.053828931817737
SFIT2249,19.633670290850574
SFIT2250,18.62169647242771
SFIT2254,21.831113725469635
SFIT2258,22.366817991460483
SFIT2261,15.5021
SFIT2263,24.085733657415
SFIT2264,26.5201
SFIT2265,15.15850493481729
SFIT2267,15.658900000000001
SFIT2270,16.274354308786044
SFIT2271,38.63292544894521
SFIT2273,19.34605351349914
SFIT2275,17.12941263920785
SFIT2276,32.63801144053701
SFIT2277,32.188241452218534
SFIT2278,32.12987143187328
SFIT2280,9.4999
SFIT2281,37.884899999999995
SFIT2282,38.89992753765446
SFIT2283,15.165426831894601
SFIT2287,13.657474933511471
SFIT2288,43.12402433874823
SFIT2289,22.400702187708163
SFIT2291,18.98120158512858
SFIT2292,29.71045120317741
SFIT2293,20.94151377749956
SFIT2295,30.681144225770367
SFIT2296,30.986983312775955
SFIT2297,30.996789836905293
SFIT2298,31.135521369436585
SFIT2299,30.93047644500902
SFIT2300,21.139384275946284
SFIT2301,21.562925515279705
SFIT2302,21.121453353876156
SFIT2303,21.844511258587588
SFIT2305,18.853424647468113
SFIT2306,30.80797417735785
SFIT2307,29.02332980589729
SFIT2308,33.5801
SFIT2309,25.586706169743277
SFIT2310,23.935899792926328
SFIT2311,41.9551
SFIT2314,41.20422317023584
SFIT2316,29.263375118853617
SFIT2317,42.59395896324667
SFIT2318,32.00137038225916
SFIT2319,31.207019031047416
SFIT2320,28.32672468607943
SFIT2321,28.407373157131985
SFIT2322,26.810207547430814
SFIT2323,26.64917820875955
SFIT2325,24.556660968459624
SFIT2328,33.0861
SFIT2330,25.144429893213996
SFIT2332,30.571607154415204
SFIT2333,31.02787220925497
SFIT2334,29.734392381639093
SFIT2335,21.040044007412547
SFIT2336,34.3799
SFIT2337,29.93421531085629
SFIT2339,30.950376792896098
SFIT2340,29.821247633129403
SFIT2341,15.750064740099054
SFIT2342,15.980104236695588
SFIT2344,28.103869615794626
SFIT2346,18.886216044219765
SFIT2349,18.588702954787323
SFIT2351,22.271648138087848
SFIT2355,14.621125290537542
SFIT2356,25.35086717425125
SFIT2358,17.035948928632557
SFIT2360,14.908815912362222
SFIT2361,13.96378508022327
SFIT2363,30.299165870702716
SFIT2364,12.171466804736713
SFIT2365,39.23515890065162
SFIT2366,16.930638913926284
SFIT2368,13.38934241025717
SFIT2369,11.962280134680372
SFIT2371,31.54978426939135
SFIT2372,16.504098186216662
SFIT2373,44.85228692903113
SFIT2374,8.89147571449905
SFIT2375,11.0601
SFIT2376,15.210468879524232
SFIT2378,32.240100000000005
SFIT2380,24.40774550835633
SFIT2382,24.38358711658862
SFIT2383,22.366064947214817
SFIT2384,20.98000726528199
SFIT2385,19.511834527218284
SFIT2389,21.77568903044537
SFIT2390,25.510172720629292
SFIT2391,25.156228126967605
SFIT2392,27.784930395117257
SFIT2393,26.29795355035018
SFIT2394,24.687565824580393
SFIT2395,26.283707690339828
SFIT2396,25.646990208219798
SFIT2397,22.602904980215115
SFIT2399,28.83549284765199
SFIT2400,16.468227837186156
SFIT2401,25.467033115134758
SFIT2403,20.226119496487698
SFIT2404,25.56863966373441
SFIT2405,32.141218075324886
SFIT2406,32.29831633228536
SFIT2407,28.555470837383503
SFIT2408,29.016158572616117
SFIT2409,22.547892042395993
SFIT2411,24.7077327176602
SFIT2412,21.676030611104338
SFIT2413,25.869951520309115
SFIT2414,24.82836243324499
SFIT2415,27.6799
SFIT2416,26.195744930234827
SFIT2417,25.82703373802503
SFIT2418,24.955002846024016
SFIT2419,24.48985798617229
SFIT2420,25.502639802949172
SFIT2421,25.13678865469922
SFIT2422,21.38131558812619
SFIT2423,17.1201
SFIT2425,23.353620153560968
SFIT2426,23.588541807857037
SFIT2428,38.28786734569777
SFIT2432,43.6501
SFIT2433,23.926564614036337
SFIT2434,24.0102448026108
SFIT2435,23.720208901665266
SFIT2436,43.652793936597874
SFIT2437,23.7701
SFIT2446,34.98994708821662
SFIT2448,3.599156587703057
SFIT2449,32.9599
SFIT2452,35.18343562692371
SFIT2453,27.67945093182866
SFIT2464,42.65989999999999
SFIT2465,22.194430178711066
SFIT2473,25.7515258461874
SFIT2475,26.04717028206587
SFIT2476,25.427174349081348
SFIT2478,25.34157884622732
SFIT2479,25.433195251929078
SFIT2480,26.18034790973681
SFIT2481,26.184694387320732
SFIT2482,23.3453684531898
SFIT2483,23.405147142275545
SFIT2484,23.537082224793238
SFIT2485,22.71652749436957
SFIT2486,23.012005220284244
SFIT2488,23.050978062788694
SFIT2489,32.77990444139331
SFIT2501,27.8111
SFIT2502,29.820493026287966
SFIT2504,29.8499
SFIT2505,26.94589109171407
SFIT2515,27.439062709012184
SFIT2519,28.04749328887686
SFIT2520,27.854574354212673
SFIT2521,25.82275667563384
SFIT2522,26.030497637779767
SFIT2523,18.77403450797582
SFIT2525,19.649887953203564
SFIT2526,21.716522532703394
SFIT2528,26.1021
SFIT2529,23.979820511017074
SFIT2531,18.15775475577432
SFIT2532,21.140787494353017
SFIT2533,19.153011933098227
SFIT2534,19.72895330710913
SFIT2535,45.27049501059555
SFIT2536,10.625377686005336
SFIT2537,45.738320390682524
SFIT2539,25.2499
SFIT2541,23.834212308884076
SFIT2542,19.929364608177497
SFIT2543,9.829916284129826
SFIT2551,9.24035084023988
SFIT2552,30.036928085354507
SFIT2553,18.108388695616107
SFIT2554,18.078671952495
SFIT2557,26.577636911690668
SFIT2558,21.603673150674325
SFIT2559,25.64095679674736
SFIT2560,25.72112953965088
SFIT2561,27.844448334349014
SFIT2562,28.123610783739828
SFIT2563,26.674015488831955
SFIT2565,27.065364119350946
SFIT2566,22.618421092442077
SFIT2567,24.604533834797927
SFIT2569,32.15988777637091
SFIT2576,47.29632149031191
SFIT2578,32.05511534701391
SFIT2579,32.288647521847246
SFIT2582,27.588753839786612
SFIT2583,33.7577651080792
SFIT2584,23.647015200526994
SFIT2586,24.670860847953193
SFIT2587,20.451970793628497
SFIT2588,20.89591551525931
SFIT2589,18.3667545741065
SFIT2590,17.48367900519071
SFIT2595,16.670694867964045
SFIT2599,1.8088398001391068
SFIT2601,13.866159464108467
SFIT2602,28.0399
SFIT2607,22.4249
SFIT2609,1.078204465629678
SFIT2623,23.437705183751874
SFIT2625,21.986856918594608
SFIT2627,21.6201
SFIT2629,12.337049119721204
SFIT2639,19.88710291262252
SFIT2642,17.572069679318986
SFIT2647,18.111466868665495
SFIT2649,14.031981471348159
SFIT2650,13.271864428116036
SFIT2651,5.145390207658503
SFIT2653,17.021814588164123
SFIT2655,28.224488045568712
SFIT2658,34.75752655518535
SFIT2659,36.76154950199398
SFIT2660,17.846381905934876
SFIT2663,18.087394755453015
SFIT2666,18.06194778546888
SFIT2670,16.483398227838723
SFIT2671,8.036803807515673
SFIT2672,12.915866964327
SFIT2673,18.829163122291426
SFIT2675,14.246639183787462
SFIT2677,47.52501320458903
SFIT2680,13.67029550834744
SFIT2683,15.281421473350898
SFIT2684,18.298676154546644
SFIT2686,18.114185056837073
SFIT2689,18.241200598275896
SFIT2691,17.907369604347544
SFIT2692,13.510025559148199
SFIT2697,13.039430287267047
SFIT2698,37.625251125157
SFIT2699,25.97709841166321
SFIT2700,36.643139850384095
SFIT2704,16.580099999999998
SFIT2705,17.902485931787457
SFIT2706,26.1601
SFIT2707,20.4101
SFIT2708,14.108689445632956
SFIT2709,14.906255045417847
SFIT2710,15.389783037195443
SFIT2711,26.461657674518733
SFIT2712,26.640382856994723
SFIT2713,35.76452240789414
SFIT2716,22.144528841672752
SFIT2717,21.875079273983392
SFIT2718,35.98087575596051
SFIT2719,26.86870793668516
SFIT2721,24.393353662346218
SFIT2723,36.235261765142965
SFIT2729,20.639659218449218
SFIT2732,18.800249980644995
SFIT2735,16.70636742666973
SFIT2736,21.40422221547282
SFIT2740,28.769623940648177
SFIT2743,21.283431092466053
SFIT2745,21.076162714133183
SFIT2747,20.71318124723746
SFIT2748,20.77423533933415
SFIT2749,20.919292073552956
SFIT2751,20.764757561411276
SFIT2752,30.629108855881796
SFIT2754,17.94203865937409
SFIT2755,19.770662343656184
SFIT2756,20.4201
SFIT2757,20.320762368400406
SFIT2761,20.84716495964007
SFIT2764,30.815126485539373
SFIT2765,23.06276117578625
SFIT2766,22.64723542041125
SFIT2767,20.78035869074242
SFIT2774,17.674199949565036
SFIT2775,20.2844532740188
SFIT2776,14.839301771694387
SFIT2777,12.644076018637842
SFIT2779,19.3801
SFIT2780,24.383464010445955
SFIT2782,23.427768907799294
SFIT2783,23.10940459020477
SFIT2786,19.021500111555156
SFIT2787,20.05199705833244
SFIT2788,17.357703377681638
SFIT2790,20.383731300917663
SFIT2791,20.45993660647067
SFIT2792,23.89736806863449
SFIT2802,21.052535187864528
SFIT2803,21.390313144353108
SFIT2805,22.023473075114794
SFIT2807,31.24135949810364
SFIT2808,22.26205380646997
SFIT2809,33.02172728834552
SFIT2810,34.29903539633283
SFIT2811,23.73762821016369
SFIT2813,24.21506398689435
SFIT2814,24.862775845927096
SFIT2815,35.18818423942183
SFIT2817,35.515351787969486
SFIT2818,35.80068058044304
SFIT2819,27.681033476446977
SFIT2820,35.928697712334746
SFIT2821,30.79662455813051
SFIT2823,35.90945083474849
SFIT2824,27.5134290439503
SFIT2826,38.97403143317369
SFIT2830,28.62551406077529
SFIT2831,29.617972153169646
SFIT2832,30.445246215298432
SFIT2833,31.09042389004535
SFIT2834,31.459986016726923
SFIT2835,30.320842010543963
SFIT2836,19.933189394422026
SFIT2837,17.06951010092001
SFIT2842,23.572037019699398
SFIT2843,27.991139823385538
SFIT2846,18.945433599889043
SFIT2847,18.48130717694152
SFIT2848,25.9701
SFIT2849,18.004076575384005
SFIT2850,16.99521375022689
SFIT2851,26.205625509397386
SFIT2852,16.379735441054528
SFIT2853,16.411568160824494
SFIT2854,15.353514522253128
SFIT2855,18.995195134134796
SFIT2856,26.201744900957177
SFIT2857,17.523410120922186
SFIT2858,19.5389
SFIT2859,26.98635260806174
SFIT2860,25.57829766520764
SFIT2863,18.60053920420563
SFIT2864,25.32953921560827
SFIT2865,17.808798556769375
SFIT2866,17.200152170038734
SFIT2868,10.518489359251198
SFIT2869,24.405131071672926
SFIT2871,23.6174122042477
SFIT2874,25.718116215843388
SFIT2877,24.580210218704664
SFIT2878,27.1201
SFIT2879,24.210813769935182
SFIT2880,22.381977196501957
SFIT2882,22.057209878718048
SFIT2883,22.36813613998521
SFIT2901,30.33983290176754
SFIT2905,32.30213657908264
SFIT2906,32.36164048796002
SFIT2907,34.42968570569519
SFIT2910,30.92118157351928
SFIT2912,26.02926837107773
SFIT2915,32.1015828259316
SFIT2916,34.1999
SFIT2918,30.571469503283083
SFIT2919,31.05774330844758
SFIT2922,32.48368581088717
SFIT2923,33.39522356125177
SFIT2925,32.922372838103
SFIT2928,33.630310199715595
SFIT2929,33.933727396430044
SFIT2935,33.79163733425592
SFIT2937,34.61621816548594
SFIT2943,34.48726726687438
SFIT2946,35.21084898139612
SFIT2947,38.346244410333014
SFIT2951,34.309566694708245
SFIT2953,36.09728067363406
SFIT2955,36.45629312080057
SFIT2956,35.670100000000005
SFIT2957,35.135468434437506
SFIT2958,36.17143873813404
SFIT2960,35.79761235874184
SFIT2961,34.47013531340647
SFIT2964,35.708541619761874
SFIT2969,34.80813410949984
SFIT2973,19.37055466402853
SFIT2974,21.119814001622878
SFIT2978,33.098659500196995
SFIT2980,21.266578747262887
SFIT2981,22.628520471665716
SFIT2984,28.258917922368852
SFIT2987,32.92876712001042
SFIT2988,15.355484115905407
SFIT2990,39.1429
SFIT2992,36.575508197298944
SFIT2993,36.91341654993912
SFIT2995,37.027907753645195
SFIT2996,37.49844015172712
SFIT3001,17.71500419068484
SFIT3005,20.318174157909702
SFIT3007,20.311459405847184
SFIT3011,15.342588572863015
SFIT3012,18.32237739452801
SFIT3014,20.26645825808086
SFIT3017,18.027874871317806
SFIT3025,20.25950963127621
SFIT3029,21.22027979966345
SFIT3030,22.244783628631616
SFIT3031,22.541770320758765
SFIT3032,21.98113445888201
SFIT3036,21.149796435134782
SFIT3038,22.43417792274544
SFIT3040,21.593751631681343
SFIT3042,24.8951
SFIT3045,23.110657116396602
SFIT3048,17.285762728050024
SFIT3050,17.469288862320766
SFIT3052,22.673906649250597
SFIT3055,24.880244835313157
SFIT3056,21.573907080806343
SFIT3057,26.517163742736614
SFIT3058,27.5459
SFIT3062,20.444971995047567
SFIT3063,24.609873448804784
SFIT3065,26.04726412168014
SFIT3066,37.52879050006164
SFIT3067,35.55755357971377
SFIT3068,42.66618781126523
SFIT3073,35.4701
SFIT3074,4.49826380165176
SFIT3075,35.65989999999999
SFIT3077,19.4338511443164
SFIT3079,20.922857085047006
SFIT3080,19.56700784567119
SFIT3081,19.22399878833222
SFIT3082,18.988553715907244
SFIT3083,11.325879845086957
SFIT3084,10.397045323508975
SFIT3085,24.629689477050476
SFIT3086,10.755605454523085
SFIT3089,5.77183170659619
SFIT3090,10.518235558910973
SFIT3091,22.94149626346562
SFIT3100,5.242035758578703
SFIT3105,2.791460922814566
SFIT3107,34.75682056669001
SFIT3110,22.359843908997316
SFIT3111,24.4239
SFIT3113,19.333957473174458
SFIT3114,23.842571053469246
SFIT3115,25.47359875963621
SFIT3116,26.5501
SFIT3117,26.7001
SFIT3123,14.920996863569943
SFIT3125,21.6901
SFIT3126,22.920788299346164
SFIT3127,23.07083395009589
SFIT3128,18.610901299107752
SFIT3130,20.1801116469291
SFIT3132,18.33165623465745
SFIT3133,29.20412129886225
SFIT3134,29.07938243544545
SFIT3137,17.511953090655986
SFIT3138,18.620278194204694
SFIT3140,18.304272853250716
SFIT3142,16.624566801630202
SFIT3143,31.856795034306117
SFIT3144,16.333636535326626
SFIT3145,17.11062258393342
SFIT3146,14.22420584374293
SFIT3147,14.95276832033828
SFIT3148,14.596596698452792
SFIT3150,39.587222624063585
SFIT3151,18.71160482898821
SFIT3154,17.185750665780205
SFIT3155,21.545489931494956
SFIT3156,9.193242674579324
SFIT3158,14.883240844382422
SFIT3161,26.015160721140308
SFIT3165,31.115099999999998
SFIT3167,15.952336254023802
SFIT3168,32.571231614938355
SFIT3170,18.171727521129206
SFIT3171,31.305627972844828
SFIT3172,25.424203895080083
SFIT3173,24.448103031313305
SFIT3175,23.735555687009196
SFIT3176,23.82745022555902
SFIT3179,31.242659175618336
SFIT3182,17.73560524326593
SFIT3183,17.3599
SFIT3184,18.5301
SFIT3185,13.288032187361468
SFIT3186,15.229159491054999
SFIT3188,15.400143562878998
SFIT3189,21.6399
SFIT3190,9.609205082541624
SFIT3191,27.6401
SFIT3194,25.93503168264716
SFIT3195,25.08277033654806
SFIT3197,125.49
SFIT3198,32.697326439965764
SFIT3199,30.65400610900052
SFIT3201,30.49126854258696
SFIT3202,14.101072413666806
SFIT3203,18.0401
SFIT3204,28.03025225023007
SFIT3205,14.448608191276598
SFIT3206,10.401408521984877
SFIT3209,19.3392223018074
SFIT3210,11.505970902845753
SFIT3211,5.768234141849014
SFIT3213,44.77481258994797
SFIT3215,41.89570716808905
SFIT3216,24.621963387388444
SFIT3217,10.931619362078738
SFIT3218,9.187223941733567
SFIT3219,10.13012736987569
SFIT3220,8.583520323383706
SFIT3221,8.154446868669469
SFIT3222,3.9865786288296463
SFIT3224,19.924969849123077
SFIT3225,8.036975576423089
SFIT3226,27.423892664008385
SFIT3228,27.380436887413136
SFIT3230,16.976571410991497
SFIT3231,31.080533875009294
SFIT3232,9.440457634920644
SFIT3234,4.643694749291489
SFIT3238,37.18902285499243
SFIT3240,32.610966351717366
SFIT3244,15.46340723490253
SFIT3245,5.319494598328841
SFIT3246,15.200558081243388
SFIT3247,9.000291239951947
SFIT3248,12.552455237747802
SFIT3249,5.260533946676091
SFIT3250,12.33531726289373
SFIT3251,13.623776167637732
SFIT3253,16.47800071091963
SFIT3254,10.694948560410719
SFIT3255,19.7899
SFIT3256,29.75142432466395
SFIT3260,32.768884568001475
SFIT3261,20.421086743438213
SFIT3265,40.4101
SFIT3275,7.359660571995034
SFIT3276,38.92713845263674
SFIT3279,39.8301
SFIT3284,25.027511375002813
SFIT3287,14.610828508344003
SFIT3288,4.972201639009949
SFIT3292,23.08904004886288
SFIT3294,14.6101
SFIT3295,30.8051
SFIT3297,27.638090974823434
SFIT3301,28.39550545533531
SFIT3302,25.501339993588793
SFIT3303,31.447064400350833
SFIT3304,27.096811209194087
SFIT3306,36.5434345900313
SFIT3308,36.04197653901727
SFIT3309,21.5539
SFIT3312,25.2005706959035
SFIT3314,22.462536554465952
SFIT3315,22.08709345026496
SFIT3316,17.335720069651984
SFIT3318,10.199469199998967
SFIT3319,9.603192303045295
SFIT3324,17.08019892789759
SFIT3329,21.857298630928035
SFIT3331,28.060324530084593
SFIT3332,25.10646462306583
SFIT3334,34.359899999999996
SFIT3335,21.162880474487764
SFIT3336,34.5999
SFIT3338,29.926423829416084
SFIT3340,20.8311
SFIT3351,29.82322080374457
SFIT3356,15.727249720255411
SFIT3357,12.11718494179432
SFIT3358,17.642810592856144
SFIT3359,31.5701
SFIT3360,27.135105535430554
SFIT3362,17.981348019614266
SFIT3364,25.21555472900905
SFIT3365,21.296918612096942
SFIT3366,36.359899999999996
SFIT3367,34.03307948705334
SFIT3368,25.830256297030967
SFIT3369,31.899338566221516
SFIT3370,31.780617227034895
SFIT3371,26.016783329951636
SFIT3372,28.037606103079455
SFIT3377,16.62038488501385
SFIT3378,32.41887980769932
SFIT3380,28.268256069751224
SFIT3389,28.330099999999998
SFIT3391,20.857001156336757
SFIT3400,15.190357418885725
SFIT3401,26.662946190499607
SFIT3402,17.724762544503772
SFIT34028,11.822935045320557
SFIT3403,16.540780893791144
SFIT3404,16.682684603889598
SFIT3408,17.477266004503804
SFIT3415,27.547505098074158
SFIT34226,1.5332342457719759
SFIT3423,16.484101554890753
SFIT3427,18.545327172492126
SFIT3428,17.31578443970418
SFIT3430,27.29366675672876
SFIT3431,15.193778335479802
SFIT3432,21.182437869635123
SFIT3434,22.158173817692855
SFIT3435,29.40023187954438
SFIT3437,16.48224335392745
SFIT3448,17.881062801793114
SFIT3449,22.315431496773954
SFIT3450,17.583059129298064
SFIT3451,23.150549164510263
SFIT3452,28.208856309746732
SFIT3454,20.69325341806848
SFIT34540,14.373388173654835
SFIT3455,27.044851411650306
SFIT3456,1.869958591839369
SFIT3457,1.3718433607245482
SFIT3458,2.2477830762237083
SFIT3462,4.005616507360273
SFIT3464,8.770988130740399
SFIT3465,37.9101
SFIT3466,8.212910849173674
SFIT3467,28.90229665806637
SFIT3468,19.88150340297475
SFIT3469,20.948839254511086
SFIT3471,22.104697170991905
SFIT3472,24.1399
SFIT3473,4.784811514282074
SFIT3474,13.673655626373577
SFIT3475,5.06732835897423
SFIT3476,5.140435812702498
SFIT3478,3.8720120761694563
SFIT3479,10.602179503263947
SFIT3480,6.4618097808708805
SFIT3481,6.382575179332834
SFIT3484,4.8053741778633725
SFIT3485,4.670675186137435
SFIT3486,23.760610238052447
SFIT3488,2.0957451659259387
SFIT3489,2.0341524151501273
SFIT3491,1.9332926273219417
SFIT3492,2.1608419107691734
SFIT3494,1.7963721607222958
SFIT3496,1.832622164851841
SFIT3497,2.2476819117135816
SFIT3500,1.7977991106986242
SFIT3505,12.776888532251508
SFIT3507,3.2110947177494644
SFIT3508,39.8701
SFIT3509,18.474813045750892
SFIT3513,24.040460486313215
SFIT3515,21.713569579318435
SFIT3517,21.5353166308443
SFIT35175,16.72013146279838
SFIT3518,0.8860820875469335
SFIT3520,17.48149635900043
SFIT3521,2.9668492003691602
SFIT3523,1.5288228721285764
SFIT3524,2.026782277636622
SFIT3527,1.6817535131465027
SFIT3528,2.3830503662519034
SFIT3530,1.5172934155933695
SFIT35316,30.21579876711038
SFIT3533,1.7691698135055742
SFIT3534,2.2484956551410535
SFIT3536,2.61106988029845
SFIT3539,2.459619991848591
SFIT3541,2.492419655272566
SFIT3546,1.6563652085067582
SFIT3553,2.841808392447578
SFIT3555,3.7761208578268173
SFIT3557,4.496659514837452
SFIT3561,2.5766322639991066
SFIT3562,6.514337048107868
SFIT3564,1.7267158885668623
SFIT3565,1.6178708011176275
SFIT3566,2.278941217917385
SFIT3568,6.3164888404548
SFIT35681,31.871349585296887
SFIT3569,2.3451466160300884
SFIT3570,5.7492637666231206
SFIT3574,26.06823295356485
SFIT3576,27.742209603207435
SFIT3577,0.8702905594186648
SFIT3578,5.011108556605486
SFIT3580,1.2713999588046536
SFIT3582,1.4116640302789305
SFIT3583,3.5757083502441445
SFIT3585,25.85552044583142
SFIT3586,0.8377031191069508
SFIT35868,24.67734486604977
SFIT3587,30.65409738291843
SFIT3589,0.7807382944179647
SFIT3590,23.727019540253604
SFIT3591,4.020757177414252
SFIT3592,23.73003684068874
SFIT3594,6.772450849030518
SFIT3595,1.9854570535369085
SFIT3597,3.2280478934513956
SFIT3598,2.169772995610467
SFIT3599,1.1696753529099566
SFIT3600,1.3850285311142794
SFIT3602,1.2353200890154716
SFIT3603,4.177008210217216
SFIT3604,5.425518852361154
SFIT36042,25.767306753698247
SFIT3605,5.705841977960879
SFIT3606,5.750245742965227
SFIT3607,1.4955395878690414
SFIT3608,1.4958733926378076
SFIT3610,0.0
SFIT3612,4.344493717288332
SFIT3613,0.0
SFIT3614,5.0368518169315415
SFIT3617,7.002314566945289
SFIT3618,1.8801836141495865
SFIT3619,2.130557400843997
SFIT3621,7.655353191748487
SFIT3622,1.8986931354516674
SFIT3623,2.114598199691245
SFIT3624,2.1147009809133537
SFIT3625,10.607621294832619
SFIT3626,14.431910578009694
SFIT3629,34.83361606545313
SFIT3630,1.6743374257459553
SFIT3632,2.407524723334613
SFIT3633,39.650719014977334
SFIT3635,3.303897615566535
SFIT3636,3.977663553703717
SFIT3637,32.36085813122703
SFIT3638,4.208346180246792
SFIT3639,31.186941598033705
SFIT3640,4.941350146085271
SFIT3645,3.8694217097273507
SFIT3652,5.57710328257748
SFIT3654,24.960529267210767
SFIT3655,28.20838846660363
SFIT3656,5.96217027664383
SFIT3657,6.371388433241668
SFIT3659,19.989347849615207
SFIT3662,6.922839455637389
SFIT3663,25.99424485632211
SFIT3664,33.77164100567425
SFIT3665,36.45674212046908
SFIT3666,36.61618584293701
SFIT3667,12.100624421860847
SFIT3669,10.04438404100213
SFIT3670,9.808778684287047
SFIT3671,29.147268707326575
SFIT3673,12.753279657835813
SFIT3674,18.098635088505542
SFIT3675,13.126503994945267
SFIT3676,13.644402866711701
SFIT3679,14.41029114328861
SFIT3680,15.135856416443291
SFIT3681,13.621025310836043
SFIT3682,20.074131272879278
SFIT3683,19.828659138547078
SFIT3684,13.695878923482102
SFIT3685,13.633868412426336
SFIT3687,20.988622887975176
SFIT3688,13.775488099942137
SFIT3689,14.626068246957166
SFIT3690,34.562310998670704
SFIT3692,32.37543210033494
SFIT3693,29.400338221570337
SFIT36936,19.364811389430052
SFIT3695,17.40972660393159
SFIT3697,11.673406490163178
SFIT3700,11.500857963420541
SFIT3701,13.8739
SFIT3703,28.284374700149115
SFIT3704,13.3901
SFIT3705,29.69957565124804
SFIT3706,29.514403837777756
SFIT37067,17.110148222603748
SFIT3707,32.54644652083046
SFIT3708,30.8102745327403
SFIT3709,28.351894131795675
SFIT3711,33.02638933297766
SFIT3712,33.47457912859636
SFIT3713,36.27950075998001
SFIT3714,36.54778068157688
SFIT3715,37.00563825208283
SFIT3717,15.800012240859608
SFIT3719,11.07167458954559
SFIT3720,11.983872543728653
SFIT3721,11.395132571293054
SFIT3722,9.536719066681412
SFIT3723,9.690874865093134
SFIT3724,14.685174627767022
SFIT3726,15.956182076948734
SFIT3727,32.97071403847998
SFIT37271,0.20116304659284162
SFIT3728,33.13402512297225
SFIT3729,16.903789635758255
SFIT3734,11.65246671520484
SFIT3735,33.394236566819565
SFIT3736,17.262182392881044
SFIT3739,11.048554602186016
SFIT3740,14.081993628747135
SFIT3741,13.735224402213031
SFIT3742,12.253816456922372
SFIT3744,18.265807918865715
SFIT3746,23.1039438213155
SFIT3747,15.632161357357713
SFIT3748,17.92578165852275
SFIT3749,14.34243383993704
SFIT3751,33.35486898916551
SFIT3752,13.497426346360522
SFIT3753,36.140100000000004
SFIT3755,35.53603670618938
SFIT3756,34.1691
SFIT3757,33.82190008958545
SFIT3759,32.437751415061655
SFIT3761,32.435726610766395
SFIT3762,33.14381121434057
SFIT3763,33.92070312771317
SFIT3764,34.770100000000006
SFIT3765,33.344660130232555
SFIT3766,34.20929265779765
SFIT3773,25.760926136956883
SFIT3774,25.986999525426896
SFIT3775,25.673984163562817
SFIT3776,26.02439870095069
SFIT3777,26.0597306754332
SFIT3781,31.300784324111742
SFIT3783,26.374921681057927
SFIT3784,25.617612579465174
SFIT3786,19.511223063982044
SFIT3788,19.29069042505637
SFIT3789,19.007213657646496
SFIT3791,31.677224295395348
SFIT3795,5.576238661853004
SFIT3796,31.028420455795413
SFIT3799,29.872243941109147
SFIT3801,31.482441217074832
SFIT3805,30.82999626909243
SFIT3808,20.873403828380127
SFIT3810,21.325129481929377
SFIT3812,29.359480765067936
SFIT3813,29.539399784638903
SFIT38156,34.45881985129484
SFIT3819,13.963422878926984
SFIT3820,22.963290165632674
SFIT3824,23.684405516536906
SFIT3825,24.512785305759056
SFIT38259,6.779963833724337
SFIT3826,24.69525385636593
SFIT3828,24.623332103253553
SFIT3830,25.21582334797552
SFIT3831,25.27027915674466
SFIT3834,20.13492699217788
SFIT3835,22.477925663135636
SFIT3837,15.85687112984377
SFIT3838,23.710215981908398
SFIT3840,22.520259885437042
SFIT3842,22.91013401483766
SFIT3849,25.378375309672073
SFIT3850,25.6279573679453
SFIT3852,25.779526309552313
SFIT3853,16.74740668473923
SFIT3855,20.493541981309345
SFIT3857,22.244149091760114
SFIT38578,22.71249404631839
SFIT3859,9.898465116825745
SFIT3860,13.425898839971763
SFIT3862,24.678402918985572
SFIT3864,13.680976416552385
SFIT3865,12.76473429294493
SFIT3866,12.266052963382666
SFIT3867,11.75326647596025
SFIT3868,11.78075396947843
SFIT3874,13.659908252678184
SFIT3876,23.362844419354843
SFIT3880,19.440145425325312
SFIT3881,19.3439
SFIT3883,17.080005002427924
SFIT3885,15.0901
SFIT3886,14.49923133016808
SFIT3889,12.92253913195283
SFIT3890,13.147587846727076
SFIT3892,27.195160883232383
SFIT3895,21.218456121421724
SFIT3899,13.565466935089216
SFIT3901,15.08155201947101
SFIT3902,12.28464982692323
SFIT3904,11.754502165832864
SFIT3905,12.453094187696186
SFIT3906,11.776784080228543
SFIT3909,23.632093058017574
SFIT3911,22.12414881620512
SFIT3912,22.274015383504896
SFIT3913,19.99010420957326
SFIT3918,17.2601
SFIT3919,16.495560254501616
SFIT3920,11.715826118720889
SFIT3921,10.724489283910499
SFIT3923,11.517886186203812
SFIT3924,11.500142862516425
SFIT3925,11.319992093698698
SFIT3926,11.141270593621305
SFIT39273,18.093798377875927
SFIT39275,33.55742054955127
SFIT3928,19.783561742778023
SFIT3931,22.75888158672658
SFIT3933,22.304383613870865
SFIT3934,23.42494248358751
SFIT3935,22.73172148909186
SFIT3937,23.305946886155148
SFIT3938,33.15989999999999
SFIT3939,32.15086486204444
SFIT3940,33.600449185721665
SFIT3941,19.97317494155817
SFIT3943,10.712853986927712
SFIT3944,19.747752099827977
SFIT3945,20.20074244252859
SFIT3949,34.147861806822114
SFIT3953,28.09200760784519
SFIT39538,17.647157297339135
SFIT3955,32.91747002261785
SFIT3962,24.71209040522799
SFIT3963,23.420249654069114
SFIT3964,21.705895350612014
SFIT39652,31.2911
SFIT3966,45.173671930089355
SFIT3967,37.789899999999996
SFIT39677,33.06636935924396
SFIT3969,36.694602322405466
SFIT3973,41.6753388866833
SFIT3974,24.91170558121799
SFIT39742,4.186844477145888
SFIT3982,19.367446507499466
SFIT3983,18.905836081833556
SFIT3985,21.475201164173036
SFIT3986,25.208969921188455
SFIT3991,25.4899
SFIT3992,41.569298087759606
SFIT3993,21.54630592662133
SFIT3994,26.94351410396518
SFIT3997,26.98871892574911
SFIT4000,27.227884469458196
SFIT4002,18.874700944871762
SFIT4005,32.086267186397656
SFIT4007,26.934620791197357
SFIT4008,28.2301
SFIT4009,27.3101
SFIT4013,36.5999
SFIT4015,15.849135891875491
SFIT4017,20.80459594847035
SFIT4021,33.871511857666896
SFIT4024,40.819109147862065
SFIT4025,41.1971717858427
SFIT4026,21.9201
SFIT4030,22.635053570413024
SFIT4033,40.224652458096
SFIT4035,26.211675756615904
SFIT40387,25.661015125097563
SFIT4039,33.9499
SFIT4040,25.248657418279375
SFIT4041,25.310509058101033
SFIT4043,16.987493816794746
SFIT4046,15.554652006858374
SFIT4050,27.77975652473664
SFIT4053,20.830160486347886
SFIT4056,17.657642063179118
SFIT4058,18.703302539386204
SFIT4059,25.52442703872444
SFIT4066,23.202251128874018
SFIT4070,20.818308073859598
SFIT4073,22.7159160055161
SFIT4076,21.890905169489784
SFIT4077,22.60037338792683
SFIT4080,22.280332206789026
SFIT4082,22.17631229994526
SFIT4085,21.538552341743113
SFIT4087,25.19187513223416
SFIT4088,25.57048657651528
SFIT4089,24.95311537460179
SFIT4090,25.638833847679333
SFIT40903,15.912065536788663
SFIT4092,26.141429385804393
SFIT4093,24.1119975385936
SFIT4094,24.7580511505356
SFIT4096,24.75610302064017
SFIT4097,24.33387527431337
SFIT4101,18.789615969955463
SFIT4102,19.07534720082611
SFIT4104,22.88181980309212
SFIT4105,20.690104467137328
SFIT4108,21.82521385500711
SFIT4110,18.033213572294407
SFIT4111,17.6939339076433
SFIT4112,17.917724283287725
SFIT4113,18.017507978896973
SFIT4114,18.18791602863148
SFIT4116,18.433001438479863
SFIT4117,21.658225362823227
SFIT4118,19.338604225526982
SFIT4121,28.684855290840424
SFIT41213,23.916502894844285
SFIT4126,14.460767149632574
SFIT4128,14.606912491066474
SFIT41288,24.67717173905063
SFIT4130,22.840376721750914
SFIT4132,16.045959478705374
SFIT4134,20.7601
SFIT4136,20.84575793391568
SFIT4137,39.72149186480997
SFIT4138,20.36789694434265
SFIT41421,29.40702350164438
SFIT4143,23.521426771347627
SFIT4144,23.52739881865519
SFIT4145,40.724298337080434
SFIT4151,19.941149166717615
SFIT4153,19.5601
SFIT4154,21.688057602776325
SFIT4162,22.90598497904209
SFIT4165,21.570769851195088
SFIT4166,22.17874016705755
SFIT4170,22.580391867927876
SFIT4171,22.2561
SFIT4172,22.958063902488313
SFIT4173,22.812392343451965
SFIT4176,44.501207755939554
SFIT4179,28.36370800633856
SFIT4180,26.317975239097933
SFIT4181,26.362553060003908
SFIT4183,26.38263550331872
SFIT4184,31.731793673422096
SFIT4187,28.617028426380998
SFIT4189,27.4099
SFIT41895,26.6341
SFIT4190,24.5837598097189
SFIT4191,40.4897601903069
SFIT4195,24.283302302854175
SFIT4199,21.01669751262364
SFIT4200,19.668049174884192
SFIT4201,18.5837339911799
SFIT4202,40.24183938936385
SFIT4203,22.23756313712509
SFIT4204,22.192823845060683
SFIT4206,22.196159285675414
SFIT4207,39.741632391088
SFIT4208,22.293348829637775
SFIT4213,23.182536467416796
SFIT4215,22.666178210867358
SFIT4216,25.48273471864707
SFIT4219,24.7937462267553
SFIT4220,24.964240929426147
SFIT4221,24.659698079012063
SFIT4222,20.543784151702233
SFIT4223,19.18677351390484
SFIT4224,20.67814336745237
SFIT4225,40.55615265945352
SFIT4227,44.025378516759105
SFIT4228,21.141098319457555
SFIT42282,21.220413981229328
SFIT4236,20.36905118471225
SFIT4239,26.66042929162555
SFIT4243,25.609377530491884
SFIT4245,26.304307053896228
SFIT4249,23.61521803223972
SFIT4250,21.978548877753344
SFIT4254,20.474509400168273
SFIT4255,20.40753081695123
SFIT4258,20.766119576128432
SFIT4260,20.72105069542252
SFIT42616,22.314309486220886
SFIT4262,14.463306790693524
SFIT4264,17.907095913120166
SFIT4267,17.89667858885508
SFIT4268,18.072370764291023
SFIT4270,19.802532439979718
SFIT4272,19.15216611027921
SFIT4273,28.383980595741136
SFIT4275,28.780094066442434
SFIT4279,28.100841366115333
SFIT4280,14.01118905559878
SFIT4281,14.442305128276313
SFIT4282,13.806043744144253
SFIT4283,13.083461218165924
SFIT4286,12.37835733301049
SFIT4287,12.815074452397678
SFIT4288,13.099374396601519
SFIT4290,14.454208703714556
SFIT4291,21.086371333554432
SFIT4292,15.243474881665474
SFIT4294,15.046093864486924
SFIT4296,19.646598665166277
SFIT4299,19.750897690173417
SFIT4300,17.742673752097243
SFIT4303,20.34025291631506
SFIT4304,17.68697585024242
SFIT4309,18.38038216170075
SFIT4311,21.26208804961098
SFIT4312,10.143433085578474
SFIT4315,11.852785748658972
SFIT4324,11.80339339437639
SFIT4329,29.03921722006234
SFIT4331,31.136672392838364
SFIT4334,17.782576812322276
SFIT4338,32.52836320920938
SFIT4339,3.500254826453877
SFIT4341,8.895920841187028
SFIT4346,0.5899565659768436
SFIT43477,9.023410663615348
SFIT4353,1.5887506055903229
SFIT4354,0.0
SFIT4359,26.02282944178824
SFIT4361,21.689353699793866
SFIT43658,1.848474475814064
SFIT43675,24.800738159425812
SFIT4368,21.4301
SFIT4371,14.951295484532
SFIT4373,28.486560143963395
SFIT4374,7.37372470504092
SFIT4375,2.877682039112846
SFIT4376,23.384759183387985
SFIT4377,18.019586352665424
SFIT4379,24.557358196888906
SFIT4380,21.876530323544266
SFIT4381,26.93043297992012
SFIT4386,18.652804424879033
SFIT4391,5.874342130168726
SFIT4397,12.065703029707718
SFIT4400,34.18237805595158
SFIT4401,49.52884257386153
SFIT4404,30.553590474827804
SFIT4405,30.785844246064485
SFIT4408,20.15607023323522
SFIT4409,22.40644694895967
SFIT4411,27.428497939291788
SFIT4413,25.803812517684015
SFIT4415,28.94219765655166
SFIT4416,51.700100000000006
SFIT44221,1.207825957460805
SFIT4424,22.04002606407935
SFIT4430,30.8651625046502
SFIT4432,16.514186801665783
SFIT4433,38.51542802164811
SFIT4434,13.729712292755666
SFIT44524,0.7944949747189579
SFIT45778,1.1991361414564645
SFIT46661,1.2384495230750066
SFIT47085,1.2243922212617107
SFIT47820,10.838359916778249
SFIT48112,9.935785873903702
SFIT48159,4.638107677240029
SFIT48268,0.007732397756623825
SFIT48284,2.8257119806086077
SFIT48504,2.9116218214548013
SFIT49003,14.474450014240944
SFIT49345,34.127516404615484
SFIT49470,15.111229361780037
SFIT49877,0.0
SFIT50078,34.116454049861225
SFIT50301,15.298207028202686
SFIT50311,11.973682670207559
SFIT51941,14.040750187564544
SFIT53389,11.693457531051667
SFIT54019,20.11799088970303
SFIT54408,3.6827974646103696
SFIT55641,42.02357502668888
SFIT55897,0.8928179534668419
SFIT56573,24.24901570719816
SFIT57534,27.39565729635335
SFIT57870,29.411395224337255
SFIT58569,14.744062440079007
SFIT59067,26.29315491957412
SFIT61343,7.24280543137315
SFIT64799,20.620449512939953
SFIT65255,15.734509539893883
SFIT65339,14.015955680597962
SFIT65618,33.46053623582074
SFIT65875,23.076250051281065
SFIT66943,34.35502804286537
SFIT66944,35.270365012971475
SFIT67424,4.577015157781446
SFIT68298,55.64162277143448
SFIT72212,30.396010253265782
SFIT73485,15.266154455972476
SFIT74097,15.493420845182744
SG15A,28.488708178251592
SG16A,28.49523572262495
SG17A,18.481280223665877
SG18A,18.481280223665877
SG19A,40.84501654686992
SHAK-1,10.451645297808785
SHAK-3,8.033146752402525
SIT0017,30.052885594995864
SMH00020,18.096607325147023
SMH00023,25.198436313629713
SMH00030,19.630376040280524
SMH00037,12.44211119125228
SMH00046,13.858784305942432
SMH00059,14.456364724888305
SMH00060,18.515219085705738
SMH00061,19.215787363886037
SMH00106,28.38369434166212
SMH00108,20.517942587966377
SMH00122,15.563865237499972
SMH00134,1.7292920960793543
SMH00135,53.5599
SMH00136,33.532344018575905
SMH00139,0.0
SMH00149,14.457756600808423
SMH00160,14.066084080832123
SMH00161,20.941903542932174
SMH00169,24.18192771275257
SMH00174,45.2950475141133
SMH00183,16.879614549537067
SMH00185,15.906333421104254
SMH00189,28.946641544407257
SMH00217,18.282588489708267
SMH00218,20.585515501345718
SMH00264,21.448712070395615
SMH00281,10.989269247205197
SMH00282,12.901762614907954
SMH00289,18.784324362957676
SMH00302,11.151890730501618
SMH00303,12.21340719086684
SMH00304,19.152139316219436
SMH00311,20.102371259451342
SMH00315,22.090783456814926
SMH00328,10.434841969514338
SMH00329,7.349545526402915
SMH00342,14.066168709883776
SMH00346,8.70125643706027
SMH00387,26.179171620704413
SMH00422,19.89694435382321
SMH00425,25.397634464715317
SMH00437,15.233868160036947
SMH00448,27.600214875680436
SMH00469,19.4593027932897
SMH00481,3.7684885794089436
SMH00486,14.527532480236356
SMH00548,19.812691233996205
SMH00590,33.101981425447995
SMH00592,32.299639499530755
SMH00683,41.5999
SMH00707,34.693016811653585
SMH00714,37.02266395239387
SMH00800,36.8361
SMH00812,16.14928632233312
SMH00833,21.148011515516448
SMH00872,32.631582149495635
SMH00873,14.101777067966236
SMH00881,21.32557319148247
SMH00886,2.897283203150695
SMH00891,26.89664746630241
SMH00899,16.64775649947894
SMH00911,33.73056401812945
SMH00912,14.81307890897167
SMH00919,23.573522035571493
SMH00941,25.62388731515393
SMH00949,37.08411480490976
SMH00950,27.65568480620874
SMH00993,39.650096545154156
SMH01032,26.919225841658236
SMH01036,25.240013078250072
SMH01059,0.5952954477748617
SMH01065,15.55997152284333
SMH01068,19.5001
SMH01083,18.502062744992298
SMH01089,26.9999
SMH01090,13.541770674601864
SMH01131,7.33671811252263
SMH01133,12.870138127683445
SMH01135,13.879900000000001
SMH01158,20.045211744916365
SMH01163,3.097298657638739
SMH01164,0.651593998964783
SMH01165,2.627350778508724
SMH01167,9.710210637538008
SMH01168,33.7586319473881
SMH01170,0.33327321594066645
SMH01173,14.997594801030232
SMH01199,18.76820080199126
SMH01200,9.271179909584248
SMH01203,16.466312770167214
SMH01204,13.172575421228574
SMH01205,14.2042443643263
SMH01211,19.683970530173603
SMH01213,10.360116732520773
SMH01222,18.007518241378243
SMH01227,7.881493391856948
SMH01229,13.229446109994491
SMH01242,13.7599
SMH01245,16.295787496227327
SMH01246,26.90523581654083
SMH01252,16.30130379528327
SMH01255,1.025493322107399
SMH01261,8.770446810102385
SMH01265,2.0094188996562643
SMH01266,3.423992884111974
SMH01269,24.629643058894917
SMH01287,14.142281545808142
SMH01291,15.058673613890333
SMH01292,16.883163228628312
SMH01294,17.131516330898094
SMH01302,13.934301973165255
SMH01303,18.0818935385216
SMH01313,11.103269546787093
SMH01340,14.421197008415106
SMH01341,15.71518292363885
SMH01342,23.0601
SMH01344,11.93525884733335
SMH01346,15.962170444404986
SMH01349,10.860598543351195
SMH01358,11.543081973484396
SMH01364,29.86088058841969
SMH01365,12.041819597364501
SMH01371,19.099190643407567
SMH01380,24.053737920716046
SMH01395,46.560100000000006
SMH01403,9.990712082246288
SMH01407,8.000100360562456
SMH01408,19.364263929162924
SMH01430,16.49722153137146
SMH01434,12.943097336035727
SMH01454,28.543053206908407
SMH01456,26.407027623678715
SMH01465,18.556953051144866
SMH01474,22.382591781910754
SMH01477,25.27095302839645
SMH01484,25.506320080964915
SMH01497,36.5401
SMH01505,18.74419574740778
SMH01512,25.78808135382597
SMH01521,67.4701
SMH01526,29.322915657572175
SMH01527,27.43648408810185
SMH01539,7.470115105222593
SMH01540,24.77192170285408
SMH01544,10.148749034138527
SMH01548,16.34055871633302
SMH01561,13.440421438705766
SMH01570,42.0325113067907
SMH01576,32.24879403030943
SMH01580,29.61383510945465
SMH01584,23.490463876643936
SMH01588,26.90048972585663
SMH01591,23.843927250072994
SMH01592,13.371014766469548
SMH01598,19.25623123294514
SMH01612/14770,24.094964774053985
SMH01613,21.24756862097633
SMH01622,10.215252066619245
SMH01624,22.3899
SMH01629,10.335607662774262
SMH01643,1.4745888212778824
SMH01649,19.0101
SMH01652,26.811477605309737
SMH01654,27.293435108266067
SMH01655,36.9603788091392
SMH01658,23.4099
SMH01660,24.500396307344587
SMH01666,25.275701171443075
SMH01676,22.314721767765963
SMH01678,28.497788487105755
SMH01679,30.953808234146756
SMH01691,13.9101
SMH01693,21.970863328416
SMH01696,14.982403364260799
SMH01716,43.80077478079844
SMH01738,25.4260825865368
SMH01740,24.62699585765943
SMH01751,20.753518196859822
SMH01755,21.35139104639832
SMH01761,21.28335808561488
SMH01770,3.957723393243026
SMH01772,15.748491739358892
SMH01786,0.7740816154241048
SMH01810,20.4799
SMH01813,19.38163925515733
SMH01822,17.11028266607142
SMH01823,22.79387658494109
SMH01828,22.971718564725617
SMH01838,23.3901
SMH01848,19.905161780708042
SMH01853,19.6201
SMH01854,1.5647578086041762
SMH01855,1.56540690421774
SMH01864,14.560238931360955
SMH01865,13.415728051329824
SMH01866,9.090122547106954
SMH01869,5.970314761724109
SMH01876,12.719037876708214
SMH01877,20.1199
SMH01878,13.700099999999999
SMH01886,26.58097954822596
SMH01889,13.450381891630233
SMH01899,1.636600314975743
SMH01904,1.1168954224506256
SMH01905,22.79766936408351
SMH01906,16.975408058501557
SMH01908,0.47105750903033294
SMH01909,36.46789499740075
SMH01914,2.945756192746151
SMH01923,16.79295849014691
SMH01927,24.69067148874414
SMH01931,0.35062219000836725
SMH01932,23.5101
SMH01943,24.447546100169703
SMH01949,13.05599895664675
SMH01956,25.35071933648988
SMH01966,17.00201131750522
SMH01967,21.13594010322292
SMH01971,11.292654614783043
SMH01983,29.7006931016484
SMH01986,0.9166984384133596
SMH01987,9.883646054179339
SMH02015,1.09871551252904
SMH02017,20.0101
SMH02023,15.841637762871564
SMH02025,14.1301
SMH02033,10.27662103861498
SMH02038,23.275510914768983
SMH02042,23.152757179510807
SMH02053,22.713380338439247
SMH02056,17.685667091341056
SMH02064,13.284635925848452
SMH02074,22.160818144537586
SMH02122,21.464306361517803
SMH02132,17.652197421613202
SMH02138,13.99085537553799
SMH02144,19.28107243629518
SMH02154,25.612278200408042
SMH02166,11.034497190680895
SMH02179,13.535685337550612
SMH02181,19.890575581344667
SMH02200,19.475119094515406
SMH02201,1.7739410300945915
SMH02202,1.7873997231309988
SMH02212,10.214813307748617
SMH02226,11.815102447909004
SMH02227,26.837097857102584
SMH02230,4.673174554041725
SMH02232,4.525944090895965
SMH02233,4.547785941029618
SMH02236,14.739765721581586
SMH02240,16.7201
SMH02248,12.20248373896499
SMH02262,18.712266538571473
SMH02268,19.882209907446065
SMH02271,17.315345355442098
SMH02283,22.99081022124242
SMH02294,15.051066385942287
SMH02315,13.813328643683853
SMH02317,1.592100499698226
SMH02320,17.680165542050748
SMH02324,28.58531097037617
SMH02325,30.38574580556254
SMH02326,12.883282526560478
SMH02331,36.02485693077977
SMH02333,21.39474367648226
SMH02342,15.410074655343493
SMH02344,19.027005298103724
SMH02346,2.5297043278989326
SMH02347,0.0
SMH02353,8.438118287437778
SMH02374,13.016632660778315
SMH02375,15.993917625101744
SMH02381,18.769049142758973
SMH02385,24.242271667930368
SMH02387,25.139762545442824
SMH02398,13.16131211204428
SMH02406,9.384844533945769
SMH02409,21.593582728376454
SMH02415,2.57847445178424
SMH02423,9.2399
SMH02428,17.69071013044485
SMH02431,4.545000076390299
SMH02438,22.77100831597452
SMH02439,51.450100000000006
SMH02440,53.8809606019368
SMH02441,19.7699
SMH02442,9.935122154601116
SMH02446,12.797244883824252
SMH02451,9.82338695453575
SMH02452,16.301114617779344
SMH02456,20.162777934231045
SMH02472,10.211593202401069
SMH02479,8.190026082294871
SMH02493,0.38520798283439506
SMH02497,2.434740049440208
SMH02498,41.94238543739401
SMH02500,1.4814070754665767
SMH02503,2.548384837438249
SMH02506,3.9666579696214743
SMH02507,21.9099
SMH02508,0.5211819542665462
SMH02510,15.400146955155616
SMH02523,10.358348027425738
SMH02525,33.229899999999994
SMH02533,25.912116682532947
SMH02534,14.200298549100236
SMH02551,17.380149643120504
SMH02559,17.1343493638073
SMH02560,17.622952359552524
SMH02563,25.483468904258846
SMH02565,34.0199
SMH02577,19.42039463221574
SMH02578,14.900329369574337
SMH02583,19.37453716459749
SMH02593,23.980190353663268
SMH02601,29.32374183746494
SMH02620,9.338684989925511
SMH02625,38.94700506601635
SMH02627,20.790101470748404
SMH02628,1.0020153160298162
SMH02641,27.989425847517342
SMH02668,20.89750777725748
SMH02672,2.32571618495224
SMH02689,16.720813353540642
SMH02783,3.5754631536336303
SMH02789,13.119024696008841
SMH02794,31.436089601241356
SMH02799,16.434747321755818
SMH02805,14.774865360127992
SMH02806,29.746880938928637
SMH02807,13.594994166351956
SMH02809,14.99506515290103
SMH02820,32.030100000000004
SMH02828,19.41014366194762
SMH02829,21.3499
SMH02853,30.7699
SMH02860,18.040521371403166
SMH02870,26.389295939064315
SMH02871,38.54359095109001
SMH02914,0.0
SMH03202,31.98821460115215
SMH03212,22.249370220149952
SMH03218,19.53416427810942
SMH03223,15.717071190411442
SMH03226,19.541750759992578
SMH03230,25.670246898536885
SMH03244,16.25082185274585
SMH03245,17.085944699721566
SMH03246,16.1871282033349
SMH03252,13.266366496664258
SMH03253,11.0603821000213
SMH03258,30.404199222018626
SMH03262,16.24027678685337
SMH03266,16.13354730147855
SMH03267,18.9301
SMH03270,28.45092530548754
SMH03454,17.249806054986237
SMH03458,20.94007463932725
SMH03459,23.80863031891697
SMH03475,0.0005164266913197935
SMH03479,11.853936155361492
SMH03484,2.017334546389545
SMH03528,3.045821855776645
SMH03531,13.626522398574782
SMH03551,18.529023423428242
SMH03727,1.8756371646709287
SMH03733,17.707750808841823
SMH03750,2.2080099717583845
SMH03751,1.255604286022375
SMH03753,20.852279671507297
SMH03764,1.407994457671994
SMH03766,3.2652395503579106
SMH03767,2.3665256905656404
SMH03783,16.36015257007621
SMH03792,1.1301198449230518
SMH03795,4.921081027646294
SMH03797,16.653996266265388
SMH03807,21.341821937107788
SMH03810,12.296042715734188
SMH03813,23.495497199662026
SMH03817,2.536160060162638
SMH03844,19.785498504449315
SMH03868,6.331311722708712
SMH03874,12.256761125734327
SMH03875,22.841362608814627
SMH03881,14.391027300203488
SMH03882,14.351636979301459
SMH03883,13.956869984726373
SMH03884,14.013931067288473
SMH03939,11.150538035686216
SMH03944,25.36078706276168
SMH03951,6.315767463936781
SMH03992,13.009706345555184
SMH03994,25.91423004704596
SMH04024,17.16020897454993
SMH04025,14.983756443459104
SMH04063,14.40482996959277
SMH04083,19.607896671905255
SMH04085,10.003767801534698
SMH04086,14.371843124210645
SMH04094,10.896216216541031
SMH04096,7.9913235891057095
SMH04105,4.4822963637764595
SMH04111,17.99145137429997
SMH04118,7.490429415908092
SMH04128,39.23637179733673
SMH04138,13.913069335327185
SMH04140,17.60930294039556
SMH04141,18.85456744445144
SMH04155,17.4099
SMH04159,21.097421205256484
SMH04160,20.732168296728066
SMH04163,18.27736163590345
SMH04194,13.950945265900435
SMH04215,15.0101
SMH04220,34.666074208052734
SMH04221,34.73750675049651
SMH04227,12.861624525710692
SMH04235,11.301636322477957
SMH04242,13.530039089112083
SMH04257,16.18381094487441
SMH04262,5.057008765960028
SMH04269,14.001175257602718
SMH04277,17.963567116565805
SMH04282,17.66952635643072
SMH04322,12.19719106257873
SMH04324,14.073286663573867
SMH04326,9.4099
SMH04347,31.031764085351483
SMH04354,24.031867830614367
SMH04361,27.461016872730575
SMH04373,30.469473236943763
SMH04373o,8.818442749568403
SMH04391,19.486103597181888
SMH04405,22.074418763788277
SMH04408,11.595536881128556
SMH04413,13.231292904101418
SMH04442,22.08596723382335
SMH04445,20.493272109668737
SMH04450,15.680686247810923
SMH04451,12.304551335862596
SMH04472,26.13598987602836
SMH04473,12.26102506164943
SMH04496,18.127096169441387
SMH04498,15.478295382618537
SMH04502,30.786463757829218
SMH04503,40.91716528773604
SMH04509,21.09503492055913
SMH04514,30.481886448915816
SMH04517,16.56780736967506
SMH04521,16.40643538607177
SMH04534,23.09676754284464
SMH04535,17.760916618070006
SMH04536,38.476405538330454
SMH04538,13.652353338713853
SMH04539,16.01746638369098
SMH04553,20.454570070778466
SMH04558,17.092056882790857
SMH04566,43.33159520916845
SMH04569,12.853028795640327
SMH04574,17.914804085219473
SMH04585,33.43214622190854
SMH04588,28.258216926871626
SMH04590,29.09105869593987
SMH04591,22.0701
SMH04592,29.201930161998348
SMH04596,23.30967744322742
SMH04606,22.087097013209856
SMH04612,14.8801
SMH04615,37.07360644380206
SMH04619,21.601258777434083
SMH04623,31.316694790960483
SMH04645,19.160409577680248
SMH04648,20.45588486118092
SMH04674,18.45033004222545
SMH04681,17.940319696853372
SMH04682,14.150445019662548
SMH04711,22.440153401334953
SMH04724,25.520969193372693
SMH04725,20.51963083450091
SMH04730,16.305451837641147
SMH04743,32.070100000000004
SMH04762,19.117670954498184
SMH04770,12.440292992957165
SMH04783,13.244364091285014
SMH04798,23.12704320331693
SMH04800,15.139134551065382
SMH04804,13.239122928750538
SMH04815,18.624861816263987
SMH04817,19.477745644192176
SMH04821,16.788358667544635
SMH04824,19.083140693406293
SMH04844,16.56894074890866
SMH04845,15.586022841367198
SMH04867,21.291031873529914
SMH04884,19.2499
SMH04908,20.2001
SMH04911,13.68049310178943
SMH04948,12.3304827194472
SMH04954,8.683973392106846
SMH04988,24.3001
SMH05014,32.2501
SMH05033,2.1265646453168356
SMH05042,15.800431615542802
SMH05051,12.27492559547294
SMH05077,3.304300051027048
SMH05084,22.490099999999998
SMH05125,13.901398938340773
SMH05134,24.210476322591948
SMH05154,8.299900000000001
SMH05162,14.398558714728502
SMH05164,13.500596552302712
SMH05168,12.534042211775912
SMH05175,9.074921094118833
SMH05181,30.75228474513348
SMH05215,36.9001
SMH05216,5.42146999573858
SMH05228,18.040137760410907
SMH05257,8.680109261800947
SMH05262,25.23057329648944
SMH05270,17.25954971236213
SMH05282,17.287981311172807
SMH05286,15.770232826754416
SMH05288,22.62609077857412
SMH05303,23.21088550047544
SMH05312,29.60192014655621
SMH05316,19.542239621324274
SMH05319,10.530346543273799
SMH05322,42.35142674842461
SMH05327,7.997245287518619
SMH05329,14.743848568172073
SMH05364,19.183303820429465
SMH05372,61.305410257859876
SMH05383,23.5799
SMH05391,16.55323093074178
SMH05404,12.701504213018486
SMH05405,12.66340759319501
SMH05406,12.071028958737802
SMH05415,19.9201
SMH05418,25.885713141672014
SMH05421,15.263913096390937
SMH05430,15.949028005782614
SMH05432,18.709286238317137
SMH05447,35.90942924801908
SMH05469,16.580373363235744
SMH05475,34.7926379588574
SMH05479,28.33426381927732
SMH05526,20.171427640216507
SMH05535,29.98558247338343
SMH05550,35.81220817926736
SMH05551,35.71408884480839
SMH05556,25.441017083841523
SMH05561,3.712501138382903
SMH05567,3.2649009175115498
SMH05570,1.4404565477215114
SMH05572,3.897998235277949
SMH05576,0.8841539711022208
SMH05577,24.397562802374082
SMH05579,21.644198327155824
SMH05580,2.8382286713410876
SMH05587,54.759899999999995
SMH05588,53.44613668417708
SMH05589,14.393334335685239
SMH05593,37.2099
SMH05602,27.826996366810597
SMH05615,31.608749510758898
SMH05626,22.446811631547803
SMH05633,33.70567521958339
SMH05668,37.6116322591745
SMH05672,28.0002113956157
SMH05673,27.201695811704454
SMH05676,35.74487282386271
SMH05686,36.40063183891185
SMH05689,19.870110917872275
SMH05695,24.749665784537378
SMH05697,36.6601
SMH05699,28.530104569602926
SMH05723,20.103986389529616
SMH05724,31.4099
SMH05726,17.75170595727523
SMH05736,25.01807394049848
SMH05740,10.339518028311952
SMH05745,30.04984536657676
SMH05750,29.906038609293056
SMH05751,19.1738678008443
SMH05756,29.886596155199378
SMH05760,0.9525950753314573
SMH05761,12.616033656424316
SMH05765,28.044369852012807
SMH05771,24.26039417455606
SMH05772,17.82069367415027
SMH05774,14.00002808070996
SMH05777,14.018943305297753
SMH05783,14.702204662947583
SMH05786,23.249604814859904
SMH05792,33.52608311239193
SMH05793,73.08997157010161
SMH05794,16.48132860918511
SMH05801,45.92253321135246
SMH05805,12.417023916119376
SMH05807,14.015140254035677
SMH05810,25.73812394722445
SMH05816,20.829790780892203
SMH05818,30.73492888423031
SMH05819,19.4744969548865
SMH05822,1.451571100374415
SMH05825,14.67530151640111
SMH05829,35.401893518863304
SMH05833,11.271362531216619
SMH05834,6.780423074377357
SMH05851,27.11446371022486
SMH05856,28.095121224604448
SMH05858,2.720869363432227
SMH05860,30.64208863092381
SMH05864,14.894710618961852
SMH05867,30.126923829016988
SMH05879,25.073522731296322
SMH05888,17.16015634527887
SMH05904,21.22240802677151
SMH05907,6.557340525170575
SMH05928,18.48532503489879
SMH05943,28.237546624896837
SMH05947,21.625403407554927
SMH05948,6.3347153901833995
SMH05962,4.454584955770677
SMH05966,2.6964204703712893
SMH05982,2.6146695104842315
SMH05989,26.0201
SMH05992,39.81509166631011
SMH06000,10.28362836059485
SMH06005,9.67619711009717
SMH06022,12.86117570385946
SMH06041,6.474083440608627
SMH06045,15.814108455774639
SMH06063,11.388702712046301
SMH06065,10.82633556453928
SMH06067,42.52780654710675
SMH06075,16.95170383447868
SMH06082,16.873628916715433
SMH06084,26.70806611333865
SMH06087,22.896524398867196
SMH06088,12.312385543360492
SMH06089,19.207738595520055
SMH06093,30.0599
SMH06095,8.629681033277258
SMH06097,8.79763908519211
SMH06101,13.202577473832372
SMH06104,19.158383253998707
SMH06106,11.310773426265527
SMH06108,11.04932625108664
SMH06110,24.176875328202826
SMH06111,15.362014592534978
SMH06112,2.4663844860233395
SMH06114,4.707342271238651
SMH06120,20.25381532864712
SMH06121,17.84442638516458
SMH06122,28.282779480980818
SMH06130,20.586302423853198
SMH06131,28.80531878182832
SMH06146,14.476292422844631
SMH06149,21.03918279312652
SMH06155,11.122914971294495
SMH06156,14.799900000000001
SMH06167,13.184671460461317
SMH06169,12.830797918965903
SMH06174,26.458258032509782
SMH06176,10.409374265752536
SMH06179,14.683440403015403
SMH06188,15.874148116977018
SMH06236,25.19904394214389
SMH06243,15.05707361284365
SMH06248,24.5561
SMH06249,15.940469893209048
SMH06251,20.967117881245517
SMH06252,21.755641523131242
SMH06264,15.746128678609244
SMH06269,10.166276926119592
SMH06275,13.0099
SMH06303,38.944890204886995
SMH06322,32.408866660548824
SMH06323,33.27169791608799
SMH06324,30.2132925065797
SMH06327,23.209109935392902
SMH06339,33.729617471458255
SMH06385,41.47904894747928
SMH06492,15.890058372014261
SMH06503,32.94171878469539
SMH06511,9.435150670341262
SMH06520,15.395419141894706
SMH06528,21.40782655573961
SMH06537,9.522832143807998
SMH06543,14.977339952997678
SMH06552,19.52119528096108
SMH06558,38.40476695331902
SMH06568,17.958144934668848
SMH06571,21.993394577978336
SMH06576,27.103552268103545
SMH06577,27.05774268088778
SMH06582,17.64013700850088
SMH06584,13.821635926873956
SMH06586,18.614946279060845
SMH06594,17.35202045823877
SMH06599,15.751012385701113
SMH06605,51.06002041633927
SMH06606,24.599389779320564
SMH06613,19.412201055028753
SMH06617,56.82032601104531
SMH06620,24.924452341205594
SMH06634,14.432496552323837
SMH06635,18.90045849544069
SMH06637,42.77865377247187
SMH06648,21.1737615753755
SMH06664,12.55936883986092
SMH06665,17.76306929468951
SMH06667,22.871677459571178
SMH06668,17.797702979068447
SMH06670,16.766099999999998
SMH06673,30.60055048902704
SMH06685,19.7001
SMH06686,15.300270659765015
SMH06692,28.53438195030733
SMH06736,36.40090180761332
SMH06800,21.888879135083567
SMH06801,17.291249582330977
SMH06803,23.438705956244277
SMH06813,11.722182903689951
SMH06814,9.277102692522
SMH06815,3.947901582602916
SMH06823,22.233150797395552
SMH06827,6.6738504106545955
SMH06832,16.301629571685226
SMH06836,3.770701500061704
SMH06841,36.86739128600408
SMH06847,22.526343065962962
SMH06850,2.8603784384192226
SMH06852,11.289914957941855
SMH06853,22.8701
SMH06868,18.340678514935973
SMH06869,20.346058353005027
SMH06882,12.272418115725792
SMH06884,1.530048354087902
SMH06891,14.576245175896709
SMH06897,3.539242590448973
SMH06907,29.57000468779742
SMH06922,15.8299
SMH06925,19.5201
SMH06928,17.43156556820262
SMH06932,31.516493638348194
SMH06933,1.158641556375176
SMH06941,29.272873425443535
SMH06942,35.7565974354341
SMH06950,11.473732073897152
SMH06957,2.8689553572975393
SMH06959,0.7591082260057824
SMH06960,35.64398637702245
SMH06963,25.58251768043269
SMH06964,16.316236951527692
SMH06965,22.773807667870706
SMH06988,3.713458031616317
SMH06989,16.28305955927811
SMH06994,18.7299
SMH07007,0.3077947246521724
SMH07018,29.129623560958688
SMH07025,5.952513032647673
SMH07035,34.53883184748368
SMH07044,1.8140213162342693
SMH07051,7.152649798969276
SMH07075,16.660170757783057
SMH07078,23.414053528520796
SMH07079,28.311330285891767
SMH07100,29.643111385873063
SMH07109,13.474444379508814
SMH07110,2.6778702476392335
SMH07113,8.559337155381463
SMH07114,13.332611842602617
SMH07116,16.83022220937069
SMH07133,27.6399
SMH07135,33.7335897150482
SMH07142,13.094631440642413
SMH07153,4.00973916877534
SMH07156,23.885684376069207
SMH07184,31.770639291944292
SMH07190,0.9267261571144461
SMH07199,26.122693226207353
SMH07202,9.677864036971343
SMH07203,0.6805960529476489
SMH07204,2.4399166509244035
SMH07207,1.1578412694572253
SMH07208,15.68623251116308
SMH07210,29.63577793167371
SMH07213,13.540886260316583
SMH07229,22.9999
SMH07239,25.7699
SMH07240,31.34818442729368
SMH07244,28.50910271300476
SMH07251,1.2230757082741768
SMH07253,0.5374930144343355
SMH07254,0.91276969808104
SMH07256,4.45036855862687
SMH07257,6.918227120924514
SMH07258,2.2508376326418515
SMH07263,11.939357451401143
SMH07269,20.742197899236366
SMH07287,13.28853827524701
SMH07291,10.490132804992179
SMH07305,16.27778399845706
SMH07317,11.0299
SMH07339,7.027707273016904
SMH07366/20566,23.46682621572259
SMH07366/20566_2,23.358787343764014
SMH07373,14.86036192984055
SMH07376,17.12773004882413
SMH07377,18.31371337920835
SMH07378,17.2987966476268
SMH07398,18.634441077640215
SMH07414,23.209374433813355
SMH07419,1.0767704031548158
SMH07435,14.257714498378201
SMH07437,16.42036771913338
SMH07439,15.322888471542846
SMH07446,12.898583723181375
SMH07448,8.783160777100592
SMH07449,12.354204979454973
SMH07456,13.060103485919779
SMH07459,21.192135015236357
SMH07462,23.08518953854349
SMH07469,21.406100407665583
SMH07491,14.547179593732578
SMH07492,18.74428120286461
SMH07509,14.720799905432541
SMH07513,11.506973285965017
SMH07515,8.831236056450471
SMH07527,10.151073091413139
SMH07536,14.228109372382939
SMH07541,24.74123240107088
SMH07578,7.872859903558361
SMH07582,17.777213991116582
SMH07583,19.899061881763807
SMH07592,20.38066016646605
SMH07598,8.808703195667716
SMH07610,14.812210885359116
SMH07611,10.307677908708737
SMH07613,2.3476523686425868
SMH07619,30.49579980311456
SMH07625,9.500323579727352
SMH07631,20.29994085540424
SMH07632,14.593503473219348
SMH07644,19.216378454759106
SMH07646,23.76140890376906
SMH07650,8.64396492198276
SMH07653,26.466465284485935
SMH07654,22.40929834652332
SMH07657,11.16948569476424
SMH07659,14.6901
SMH07660,9.919724127091099
SMH07668,29.066584450953556
SMH07676,20.990143475402682
SMH07678,13.337112267658636
SMH07681,14.3060072397921
SMH07683,17.870438128633637
SMH07697,4.537946346132873
SMH07734/27506/47794,24.840600653368416
SMH07738,13.015856022495967
SMH07753,4.581503730408908
SMH07756,20.45229678387236
SMH07773,21.59069561278141
SMH07774,14.680338338849392
SMH07780,23.831704037998264
SMH07784,0.6236154023373051
SMH07786,3.204165788936412
SMH07787,7.854014607955698
SMH07794,33.130100000000006
SMH07795,15.632778003471483
SMH07800,24.134029607434417
SMH07802,16.28170915378042
SMH07803,22.40905472808715
SMH07829,15.632538207282426
SMH07834,11.48455400910892
SMH07846,15.557616474614722
SMH07848,14.080089680273579
SMH07851,15.695142649823255
SMH07853,15.1599
SMH07856,18.277776138422215
SMH07864,14.594594733103207
SMH07865,14.102462560622325
SMH07877,0.48886766335393084
SMH07878,14.970210641406737
SMH07880,1.5795314776078149
SMH07885,22.24182682594472
SMH07916,10.856934432477551
SMH07921,17.572163309442846
SMH07925,15.759814803876981
SMH07927,13.494586909007904
SMH07940,15.42
SMH07942,21.20019571038783
SMH07947,18.170060214813322
SMH07948,22.26027288910187
SMH07949,31.55764802602753
SMH07953,32.37003232139759
SMH07961,47.52273908753007
SMH07962,48.6150018632937
SMH07971,16.057111443770836
SMH07972,16.157027893810405
SMH07973,9.29218321163116
SMH07981,14.253317247225622
SMH07982,27.654596788507334
SMH07985,10.001447431384893
SMH07986,10.633556165285448
SMH07986b,10.053122166718609
SMH07990,10.20649497009635
SMH08001,29.95784858133226
SMH08004,55.719899999999996
SMH08007,16.525869589003207
SMH08010,19.9301
SMH08013,55.98167621348682
SMH08023,32.07524838263467
SMH08024,14.982399095579778
SMH08036,26.554594722735324
SMH08042,22.117834865234638
SMH08062,25.310829641016397
SMH08064,26.271769515336324
SMH08070,18.83379484971503
SMH08081,34.5101
SMH08082,32.388377095725915
SMH08093,26.39230531116469
SMH08096,28.134582016776335
SMH08097,33.4776868029553
SMH08105,33.13711594956638
SMH08112,18.988571019089036
SMH08121,11.401805630741155
SMH08131,17.209593415348223
SMH08134,21.607886354394736
SMH08140,19.482919691021326
SMH08153,31.370522448611883
SMH08160,10.760122142414904
SMH08167,20.299056983508216
SMH08176,21.47227019577767
SMH08177,16.435434993483536
SMH08181,31.16987927926426
SMH08183,29.4301
SMH08189,21.817581790633007
SMH08193,13.664651697579846
SMH08196,16.3101
SMH08199,1.5356289016212625
SMH08200,1.4479856201456212
SMH08211,25.169900000000002
SMH08220,30.28464925655928
SMH08231,17.55620167531029
SMH08235,13.643212224894816
SMH08247,20.3142092686309
SMH08249,19.13736473704379
SMH08250,19.629030801001473
SMH08254,12.91267185360345
SMH08259,19.205217069213944
SMH08262,27.125080564760854
SMH08278,1.9900551328809422
SMH08279,18.6384348834746
SMH08286,9.992101695388556e-05
SMH08291,15.868350069322894
SMH08301,19.169614458849455
SMH08304,14.934598785599807
SMH08305,16.637937989112274
SMH08315,16.15860403440894
SMH08331,28.918951782953492
SMH08332,6.339322503997224
SMH08334,6.142075443831422
SMH08336,0.5502218483382537
SMH08340,8.580104993150169
SMH08342,20.43492006962179
SMH08343,14.451220557216818
SMH08347,1.322119379190731
SMH08355,22.94451967109135
SMH08356,15.274829919518627
SMH08363,13.028482552287343
SMH08365,16.770345937659343
SMH08369,16.8021350340415
SMH08372,18.980728054748525
SMH08383,1.0756417330784438
SMH08390,28.8001
SMH08391,2.8656817818766696
SMH08396,9.876206232821474
SMH08398,15.230685648641373
SMH08406,14.066198717439166
SMH08413,16.7810303933993
SMH08414,24.02732471097821
SMH08420,6.311815621864512
SMH08425,33.825136683347424
SMH08428,19.502556869776953
SMH08429,20.2801
SMH08441,10.517938545425412
SMH08442,1.0576690711447494
SMH08447,16.030413111974912
SMH08458,19.80902540903161
SMH08460,26.231409724757025
SMH08464,15.623055413477026
SMH08465,26.436892456838066
SMH08472,1.078997997768269
SMH08473,0.9505259285885674
SMH08476,0.0
SMH08478,0.8181419608327494
SMH08495,20.998141624341763
SMH08495o,20.884846226424997
SMH08502,1.1700026549780236
SMH08521,24.096145086587967
SMH08525,21.85286758870373
SMH08526,21.935935937021423
SMH08527,24.969373450791537
SMH08529,13.441419938506055
SMH08536,55.11537689113328
SMH08542,18.721476855585657
SMH08543,10.00695531394976
SMH08546,30.473165519494344
SMH08560,25.94219863662303
SMH08568,22.019835551369702
SMH08570,20.820101326460396
SMH08571,21.5001
SMH08572,22.698383486732506
SMH08584,10.994900578036418
SMH08585,1.6869509535084495
SMH08594,13.49270232676795
SMH08611,9.640131093296377
SMH08612,11.330212995814408
SMH08617,20.00028684439895
SMH08620,13.472313165826506
SMH08636,15.353760671289423
SMH08644,43.78641250459531
SMH08648,10.099716252160391
SMH08659,13.550903439148787
SMH08660,13.073143663442238
SMH08663,12.558396147520746
SMH08683,26.608159221099427
SMH08697,18.438104626426977
SMH08702,25.489274748994603
SMH08706,15.283328031542508
SMH08707,22.166296782145842
SMH08720,20.55330612390582
SMH08728,23.08686349461832
SMH08730,23.703109866110918
SMH08731,16.811996096807867
SMH08748,18.1401
SMH08750,11.942946309905082
SMH08758,14.915125857638213
SMH08759,12.954847893839098
SMH08764,25.154706568587997
SMH08766,23.635382482637638
SMH08771,21.139380446428415
SMH08774,18.054474734337546
SMH08775,17.816001287334878
SMH08778,25.463968193419184
SMH08796,13.28493821116778
SMH08806,24.652581431739527
SMH08808,1.65083314124001
SMH08825,20.610693385448272
SMH08828,1.5699586756897097
SMH08829,47.9999
SMH08835,9.960908972790838
SMH08836,27.2699
SMH08837,27.272345953192847
SMH08845,3.121871171413908
SMH08851,13.225336551517369
SMH08855,8.931203215929623
SMH08856,2.033353716799981
SMH08863,32.3601
SMH08864,24.794172340256807
SMH08867,21.560357189227926
SMH08874,0.7832952023929451
SMH08875,0.35435173013926113
SMH08888,14.70212221683983
SMH08894,14.470775145649034
SMH08895,20.745287278629895
SMH08897,47.49642244112219
SMH08898,23.970053851222143
SMH08900,13.815214912844992
SMH08901,12.1501022999365
SMH08904,2.169715155081609
SMH08908,11.29121298241269
SMH08922,11.16409473485783
SMH08927,13.747528392443453
SMH08935,4.174554424416263
SMH08936,2.9318300427883845
SMH08937,6.392470170694885
SMH08943,15.187021654459748
SMH08958,12.5599
SMH08961,21.72005524174169
SMH08962,19.312674919328014
SMH08963,18.369949056610782
SMH08965,23.610440752708882
SMH08969,14.83010632868128
SMH09002,10.817736044844198
SMH09007,9.643353159523635
SMH09009,6.191886942402478
SMH09025,5.017588329637306
SMH09028,5.575793128332535
SMH09036,13.102517773353995
SMH09038,17.81518486563229
SMH09040,45.442447544842224
SMH09044,8.950917951546044
SMH09047,33.7099
SMH09053,25.651394326824356
SMH09058,13.8999
SMH09059,19.62726931658893
SMH09060,17.491995191630338
SMH09074,20.600372724678095
SMH09081,14.570868381024125
SMH09082,13.44214506641993
SMH09085,1.864308519205213
SMH09088,11.517861367663038
SMH09089,11.397516391512362
SMH09091,15.112009178138447
SMH09092,20.419501332093095
SMH09098,28.54356369024654
SMH09101,21.281203675058116
SMH09102,16.934726441080592
SMH09108,22.4099
SMH09109,13.197148693859457
SMH09111,42.91756362952058
SMH09117,13.8901
SMH09118,13.764140566824727
SMH09124,13.890017439221396
SMH09134,14.202198635294499
SMH09137,28.742065970742452
SMH09142,1.0984958357163381
SMH09147,16.993292374892047
SMH09172,18.10264889923918
SMH09173,17.28260529392724
SMH09198,26.55148168484424
SMH09207,16.604238114354395
SMH09232,10.715226430232324
SMH09243,27.010137362988516
SMH09281,22.553096835376223
SMH09286,2.0214838776452475
SMH09297,0.0
SMH09307,38.844596285960435
SMH09685,19.10300064762899
SMH09686,28.764778494553052
SMH09696,15.502184991000572
SMH09698,19.770273244444773
SMH09699,18.32599776713058
SMH09704,26.730104496048064
SMH09715,13.104426220495672
SMH09727,10.813128733046032
SMH09728,11.835293192369868
SMH09731,12.783310806811116
SMH09732,17.570429469007266
SMH09733,24.769241264059374
SMH09736,16.2871741335715
SMH09737,25.942141610926413
SMH09739,28.207119522437292
SMH09741,22.203699530645967
SMH09744,16.14686438188841
SMH09745,15.860734409660468
SMH09754,18.901014297538367
SMH09757,26.801387777607104
SMH09950,1.2282334977974607
SMH09958,3.2152919279550654
SMH09959,2.6195161492810604
SMH09995,3.597315662836632
SMH10017,14.620083200577543
SMH10028,14.266532691396286
SMH10029,12.403214559870307
SMH10030,13.104933461119321
SMH10033,17.14291544382138
SMH10041,0.9144894391364566
SMH10062,1.1907685550013114
SMH10076,17.813763516623514
SMH10218,1.2419356336942138
SMH10223,1.6921339368823363
SMH10228,1.2189985089109325
SMH10229,2.301779906384679
SMH10234,17.805056923173705
SMH10235,16.568318911335354
SMH10236,17.342462241703032
SMH10240,17.427710877308087
SMH10259,1.3388017105014403
SMH10289,12.994753253868463
SMH10295,0.9330442622723351
SMH10304,1.7794206488511335
SMH10310,0.6456915959611158
SMH10314,11.19196762875887
SMH10319,0.5708250289216572
SMH10320,1.6492890833969178
SMH10332,15.0399
SMH10348,0.8003880743067866
SMH10350,1.7348739290009672
SMH10353,3.406668460201381
SMH10368,3.7894667582498274
SMH10369,1.4995491619491599
SMH10378,1.6105978898779632
SMH10379,9.937048889696598e-05
SMH10387,21.93716471075639
SMH10489,3.6116666328397766
SMH10523,1.6072841212393567
SMH10530,41.59964841111399
SMH10535,1.8059637286900099
SMH10541,5.302473861783085
SMH10569,32.70544629688041
SMH10570,28.35296731457926
SMH10572,14.337123955389346
SMH10573,18.229311239729263
SMH10592,16.128692661506147
SMH10600,7.1617018130274674
SMH10601,3.8468110872984127
SMH10606,18.8927496034647
SMH10616,10.567337451808438
SMH10625,24.2301
SMH10633,15.327941269947733
SMH10641,12.932453663764916
SMH10646,27.39165922574338
SMH10647,26.436388814007017
SMH10648,16.626321755747867
SMH10649,16.984882652248398
SMH10650,8.307386035114503
SMH10652,9.64800572513781
SMH10654,4.886330815486465
SMH10655,4.492042970083334
SMH10656,10.11328399810355
SMH10658,4.473203466419264
SMH10660,12.262354977919221
SMH10666,17.15319308425193
SMH10673,20.4501
SMH10676,15.03900083619057
SMH10686,27.120534001297308
SMH10697,24.079003290235825
SMH10707,16.58137316389681
SMH10710,14.073711589643
SMH10716,21.583781580098268
SMH10767,12.60593974681247
SMH10771,36.79049729547194
SMH10777,31.043185713278937
SMH10794,20.980741930164157
SMH10813,15.430413914659947
SMH10849,37.1501
SMH10851,11.646009735104476
SMH10853,13.623219643510318
SMH10877,16.851003521596873
SMH10887,18.84871155783317
SMH10895,23.989124889574448
SMH10909,24.985654673614192
SMH10925,24.77999069852099
SMH10931,30.67006794543758
SMH10932,14.540195200363883
SMH10934,15.209335317389785
SMH10941,16.67232661522722
SMH10943,14.98686466183906
SMH10951,10.786840412723912
SMH10960,12.075890912205287
SMH10962,35.017485993183286
SMH10964,16.424425184315766
SMH10970,16.571192346692335
SMH10974,14.2401
SMH11006,18.496313516850456
SMH11008,23.23096307369328
SMH11040,18.259243234076152
SMH11044,19.3831014426896
SMH11045,29.675631834215963
SMH11054,12.575207913298616
SMH11064,37.34612751829071
SMH11070,18.193796588469493
SMH11086,16.840443052980753
SMH11100,30.425783930590768
SMH11108,15.480979002778568
SMH11110,13.301432437545605
SMH11116,38.429899999999996
SMH11130,16.906427624017066
SMH11136,16.911110663164997
SMH11146,19.2999
SMH11147,26.656322354620045
SMH11149,22.1901
SMH11154,17.371282685917272
SMH11173,25.393804840650063
SMH11178,12.906395151119712
SMH11196,10.654610436430927
SMH11197,30.994235334417255
SMH11271,8.79719789863549
SMH11276,7.540266262557488
SMH11278,29.499316548272947
SMH11280,15.764027703625763
SMH11284,32.259899999999995
SMH11298,15.540121680155092
SMH11306,36.352809317643725
SMH11320,23.023058460580422
SMH11337,18.556515607266228
SMH11347,19.836776774937654
SMH11354,27.669900000000002
SMH11364,12.67164104583291
SMH11366,21.0999
SMH11367,19.950206113135145
SMH11368,16.67570878568423
SMH11370,32.90989999999999
SMH11373,27.03487099908218
SMH11374,21.51304643513467
SMH11379,22.22839444680465
SMH11380,10.866819889021805
SMH11392,9.930218831793708
SMH11396,11.8299
SMH11405,16.33023971427592
SMH11412,13.870099999999999
SMH11441,13.009373883542168
SMH11471,14.736681380768406
SMH11472,9.500209893711672
SMH11490,27.81599823074592
SMH11501,44.759950975244976
SMH11503,1.0380793700022886
SMH11506,2.0263367548694413
SMH11538,36.155572116875376
SMH11590,15.156420738947332
SMH11591,21.7001
SMH11599,0.9867768011349203
SMH11605,2.6270307468697798
SMH11608,18.95023594957639
SMH11609,20.36023462853017
SMH11621,19.7501
SMH11651,27.492195040219208
SMH11666,15.186196004933993
SMH11684,21.227054924736812
SMH11686,27.09015977670567
SMH11687,22.736689004382864
SMH11689,18.456399113125507
SMH11708,15.561486080113378
SMH11720,18.650306683019117
SMH11732,33.70745252986236
SMH11736,24.9701
SMH11765,23.876434629896796
SMH11776,35.93185473512703
SMH11784,16.892108850885457
SMH11786,11.13162953102594
SMH11799,0.45076018435528686
SMH11801,0.5230091009863551
SMH11809,23.396038608124577
SMH11813,23.316052026720428
SMH11819,18.539283928443396
SMH11831,44.97225489756028
SMH11839,23.887452888883743
SMH11840,24.375334382213516
SMH11843,11.740573071047695
SMH11845,19.81850691308816
SMH11846,18.886209551038043
SMH11848,11.227590551830465
SMH11851,21.18457882929445
SMH11862,26.902708570728677
SMH11867,49.420100000000005
SMH11886,19.50824918367033
SMH11887,20.053833671386144
SMH11888,20.739299206110985
SMH11890,23.15140134926134
SMH11907,15.601787520989532
SMH11915,16.088497540714066
SMH11939,19.978113829459048
SMH11940,31.947181254199123
SMH11962,34.710608889802565
SMH11966,20.45572534270051
SMH11968,29.414567790188613
SMH11969,13.041894668363359
SMH12018,27.780289436687255
SMH12027,24.893355998843198
SMH12028,42.26710841681249
SMH12051,24.88852041913318
SMH12058,19.10033062267005
SMH12060,21.822250797808447
SMH12066,25.346817504015583
SMH12086,7.050839638908
SMH12090,21.146971837652234
SMH12102,17.473938898083613
SMH12116,27.760328529573982
SMH12119,4.451177603773832
SMH12121,21.92763097787566
SMH12146,10.500137738000909
SMH12147,27.892182664868635
SMH12148,26.3199
SMH12155,20.024679268749928
SMH12156,29.537811903349652
SMH12180,19.67585891794208
SMH12192,12.53943482784692
SMH12197,25.619986604752587
SMH12202,25.967660157392405
SMH12214,14.33675522294937
SMH12239,22.761690361793846
SMH12253,9.505561646607507
SMH12256,13.990819577421558
SMH12262,30.597110555931415
SMH12267,1.0818434063013114
SMH12270,13.49517343308435
SMH12276,17.518665124254873
SMH12281,15.582007131270753
SMH12283,26.210397139197493
SMH12286,13.937017487249252
SMH12288,16.002261109921125
SMH12289,15.351453530912302
SMH12290,32.952259951081835
SMH12296,0.00039661020425492584
SMH12327,19.919900000000002
SMH12329,5.371099650985398
SMH12332,27.60905611915406
SMH12335,27.5471119065327
SMH12343,1.3699104414065886
SMH12349,15.688230005946547
SMH12351,23.822713462452448
SMH12355,17.081974793565664
SMH12359,23.037954479736904
SMH12360,20.59158353590921
SMH12364,13.592975853814089
SMH12365,22.0201
SMH12366,18.015884774410456
SMH12368,11.693058146567454
SMH12371,29.221374432528226
SMH12372,16.959281422178382
SMH12401,19.44020992357477
SMH12410,3.746012523698486
SMH12434,28.347684932841624
SMH12453,4.513837454852329
SMH12459,2.9147573653349674
SMH12465,21.423350367378106
SMH12466,21.741653362506185
SMH12469,22.710661911275068
SMH12470,12.969188091790024
SMH12471,10.837551023192848
SMH12476,0.7942527601309635
SMH12487,14.820004754020482
SMH12489,13.182824284003816
SMH12491,30.231723212470335
SMH12516,20.818023361132123
SMH12524,5.994814224210049
SMH12525,9.331839111424923
SMH12526,9.228304324638113
SMH12527,8.4101
SMH12532,10.236314635560696
SMH12544,20.2101
SMH12546,13.480320600868314
SMH12547,44.48899670314971
SMH12555,19.757166721326538
SMH12569,9.165080413430124
SMH12575,16.431327629294543
SMH12582,13.054198012467776
SMH12599,15.444712866492713
SMH12609,13.06075305186193
SMH12610,13.566408537696505
SMH12616,11.330115605387537
SMH12621,11.18468365984419
SMH12623,14.23719283001308
SMH12631,20.52386103405516
SMH12632,18.113773506481493
SMH12638,21.285255027170333
SMH12643,17.468838738257265
SMH12652,23.3901
SMH12656,12.12568074548528
SMH12665,10.58969937802027
SMH12684,13.42607645377495
SMH12693,17.274529725738276
SMH12696,16.55354705201656
SMH12699,11.690717694319728
SMH12700,19.46976273390444
SMH12702,14.114906159653184
SMH12706,33.699016965221446
SMH12708,36.92680643975649
SMH12714,11.4499
SMH12715,12.494584598616944
SMH12719,24.269099999999998
SMH12720,23.5999
SMH12725,27.384448824057586
SMH12728,29.183609078711655
SMH12732,22.569263035965527
SMH12742,19.96040095106789
SMH12743,20.807879504164035
SMH12745,27.000315452961715
SMH12749,27.904474015771342
SMH12754,11.356809603309234
SMH12761,17.41104601645452
SMH12762,8.721814026859363
SMH12780,18.35269902256219
SMH12782,11.997711319368985
SMH12794,7.426837238121806
SMH12796,15.8299
SMH12844,29.86247164913983
SMH13053,10.292986897994236
SMH13065,2.844358107362644
SMH13066,4.757479365984332
SMH13067,13.562799827804536
SMH13075,33.53278128450363
SMH13077,35.50338240846219
SMH13083,25.11695001791299
SMH13084,25.534901236521975
SMH13085,25.296652369212097
SMH13087,13.916228573083544
SMH13091,31.90136616578881
SMH13092,14.09578327818013
SMH13099,22.32766512868651
SMH13100,28.6501
SMH13101,16.4001
SMH13106,22.246714584107558
SMH13107,22.701451294176096
SMH13114,15.534707054605754
SMH13130,29.234980620383944
SMH13138,26.343792757479857
SMH13139,24.818225044686244
SMH13142,19.178818763511483
SMH13150,25.21086535638753
SMH13156,17.244298983064475
SMH13161,31.5999
SMH13172,13.791067979366094
SMH13178,18.340142478183736
SMH13198,15.368855234997287
SMH13199,22.114015568760827
SMH13202,15.019574997969821
SMH13204,54.881475035498696
SMH13211,12.982594018554336
SMH13216,46.58177935723853
SMH13217,10.460832261154522
SMH13219,27.4649724338194
SMH13228,15.083775410818042
SMH13229,15.783631383564629
SMH13236,12.23392775155854
SMH13238,28.73012733388282
SMH13243,21.550118625538907
SMH13251,32.005364412671305
SMH13257,13.6010434416391
SMH13259,15.028003162676658
SMH13261,18.22617389742912
SMH13276,29.77437566056563
SMH13277,24.612023741498703
SMH13280,20.7001
SMH13282,13.200739089523978
SMH13284,1.2223559064718252
SMH13290,18.16178913955696
SMH13292,15.507738640844714
SMH13298,13.15448209251751
SMH13299,13.200585090074435
SMH13305,31.884480094070415
SMH13370,15.6399
SMH13372,3.7762468732402574
SMH13379,37.0699
SMH13381,19.75847084796867
SMH13394,27.7752920584443
SMH13400,2.9452103557827103
SMH13401,17.1001
SMH13404,21.196769968518794
SMH13409,13.343348525767585
SMH13410,12.800276639521352
SMH13412,16.80114190606395
SMH13417,2.59608783947213
SMH13421,36.04889372318155
SMH13425,21.618292025729765
SMH13438,39.836533850137585
SMH13445,26.059789700776648
SMH13446,3.3561095306190607
SMH13450,3.743002604977667
SMH13464,0.7172923283086533
SMH13478,24.59127665187681
SMH13480,21.984265121204764
SMH13483,26.636170693434202
SMH13495,32.94027953107551
SMH13496,34.651315911714704
SMH13498,29.894793459035085
SMH13499,34.58914727690066
SMH13518,25.584461367937237
SMH13528,3.998467262476251
SMH13533,3.4074237716431375
SMH13535,12.87713603191446
SMH13542,16.717053248865433
SMH13544,31.418137203130847
SMH13550,32.944675443337815
SMH13552,14.808256196302086
SMH13584,0.9849741189382031
SMH13589,12.412865249529375
SMH13596,21.833392868537267
SMH13599,22.93181009532959
SMH13615,30.85045069421205
SMH13624,11.82557919326162
SMH13628,16.050271089100427
SMH13630,0.3194082287979647
SMH13636,15.303710637922858
SMH13637,24.30901215743626
SMH13646,2.9343971590057283
SMH13652,29.5499
SMH13655,30.748209262335497
SMH13658,20.1299
SMH13659,26.42019791327791
SMH13666,18.28504752346417
SMH13673,8.870476772097707
SMH13676,8.328934660728567
SMH13679,22.34282911005336
SMH13680,18.782903796225916
SMH13682,10.495493948388102
SMH13684,19.672235848270695
SMH13685,18.653754042711068
SMH13699,4.808866977345308
SMH13701,25.36780124901335
SMH13704,27.70865677021243
SMH13708,25.525172989565917
SMH13710,12.892636234482678
SMH13722,17.45084847812805
SMH13723,19.060194037746655
SMH13726,0.8987914134252177
SMH13736,0.8458638173706992
SMH13737,3.0683918872478317
SMH13742,4.324830097776934
SMH13746,16.664353700315385
SMH13761,18.952553719954413
SMH13764,37.609953698784544
SMH13766,33.569322658394725
SMH13782,7.2962605892129595
SMH13802,36.1090712940622
SMH13807,3.616837945358955
SMH13821,4.00302431319852
SMH13833,14.583847977957905
SMH13835,26.55066412221211
SMH13843,11.193525902638452
SMH13846,14.170284512488475
SMH13849,5.137605194913924
SMH13851,10.320952170778973
SMH13857,23.752027369797766
SMH13859,16.018375020988408
SMH13885,8.960040272384136
SMH13889,23.128496390986587
SMH13891,12.602865141857011
SMH13894,19.001064139557386
SMH13902,10.806321211123775
SMH13904,5.1865385618972795
SMH13913,8.720294920042887
SMH13917,21.694360228486914
SMH13925,12.944000861309402
SMH13935,21.161064617178887
SMH13939,23.07032610328665
SMH13949,9.125603099694878
SMH13950,17.770118169104222
SMH13959,23.5501
SMH13979,17.746194608638994
SMH13980,14.120276726464095
SMH13981,17.64384829736266
SMH13984,20.00451715001161
SMH13987,9.220168836194109
SMH13991,12.400777354815443
SMH13996,13.080247455086273
SMH13999,27.79872181157623
SMH14005,23.62761839553691
SMH14009,15.77835583937974
SMH14011,23.081176588768116
SMH14016,36.90402607348015
SMH14022,15.292548801131248
SMH14025,16.444811303932187
SMH14026,12.2183191758646
SMH14031,18.047118465787058
SMH14054,18.95016797208482
SMH14055,15.718932243798918
SMH14057,14.122568319685662
SMH14076,23.857940877468785
SMH14087,17.535981047953197
SMH14090,37.6141
SMH14100,12.562822742366809
SMH14103,18.450704548897992
SMH14116,9.200214168108083
SMH14120,8.803731104700002
SMH14121,11.125351672836452
SMH14122,3.5847974116821977
SMH14129,3.1039377196598936
SMH14130,2.3679345426235763
SMH14139,19.1499
SMH14142,19.182357501091797
SMH14143,16.57372265804633
SMH14151,21.309320409634502
SMH14153,21.44184296376975
SMH14175,12.072288413805689
SMH14177,25.936097039649095
SMH14181,16.15036018414427
SMH14185,22.126614589350194
SMH14186,9.6301
SMH14189,31.526972743916758
SMH14193,9.0301
SMH14194,7.066541849375363
SMH14196,10.144995885724795
SMH14198,5.547219640616224
SMH14216,5.162919233598142
SMH14217,13.867350737462306
SMH14218,30.211137473482662
SMH14220,21.785174271156336
SMH14229,20.9201
SMH14240,4.50668128893023
SMH14242,30.29360107357827
SMH14249,12.87513462480956
SMH14254,4.73004212926789
SMH14259,20.036652876147237
SMH14261,21.75766903893379
SMH14266,1.7109943330181299
SMH14272,16.482522940225035
SMH14274,3.134515888073519
SMH14276,5.72119577747722
SMH14279,0.6425688012501158
SMH14284,46.2081
SMH14288,14.503406333016352
SMH14316,35.9701
SMH14321,22.705990972479306
SMH14335,23.142238377631752
SMH14346,20.92253859367323
SMH14350,24.14120038058309
SMH14367,31.940353394241832
SMH14388,3.488988777159694
SMH14395,29.2499
SMH14398,18.18238943803091
SMH14404,16.8499
SMH14415,17.110243088761983
SMH14428,11.952330754268022
SMH14435,14.80836222744801
SMH14446,20.504636966046554
SMH14451,0.9921382509202464
SMH14457,21.113715082024193
SMH14469,14.340783691248273
SMH14474,24.908547883651863
SMH14480,15.58633562748947
SMH14487,14.790364985820153
SMH14488,14.275338194188942
SMH14489,10.34650200876992
SMH14497,14.177811801266131
SMH14500,13.416872178684283
SMH14503,11.900885236665099
SMH14508,24.859583870660128
SMH14509,24.273981855575958
SMH14513,21.164392909790514
SMH14521,22.456913642313445
SMH14531,18.32086678090041
SMH14532,26.650813650977817
SMH14546,17.684312653380896
SMH14553,0.9388849959017607
SMH14560,11.657118172495606
SMH14584,31.7041
SMH14587,14.191254222866004
SMH14608,28.689123573049578
SMH14610,24.49731480638623
SMH14611,20.240099999999998
SMH14624,20.86749307240349
SMH14626,23.229372005038996
SMH14632,28.76707796355393
SMH14638_2,20.727874240392353
SMH14645,22.15036873982704
SMH14648,25.95590964993324
SMH14653,26.206284189072782
SMH14657,25.189499251137455
SMH14670,12.315946766008214
SMH14677,17.65107573938101
SMH14692,28.24679582113661
SMH14698,31.945051448834704
SMH14703,35.334966945061126
SMH14716,9.135085180987483
SMH14717,17.87351141241632
SMH14734,16.37852251717317
SMH14760/27929/27930,24.158586271128883
SMH14763,17.492501202590745
SMH14773,29.615062003009605
SMH14781,21.440864091802858
SMH14782,1.1874453099252236
SMH14794,1.0720824942124694
SMH14795,31.3701
SMH14801,14.205299319448441
SMH14806,16.190192794186352
SMH14809,0.5335913432493702
SMH14810,1.5727814931737416
SMH14819,0.9279780177172359
SMH14824,27.06727814845825
SMH14838,20.529935477997526
SMH14847,16.9899
SMH14850,16.480353666544445
SMH14851,0.6834576624725159
SMH14865,7.183078324711223
SMH14871,23.924899782271517
SMH14876,1.3079859320114164
SMH14882,26.90482257103519
SMH14893,1.3631619934969037
SMH14903,2.75466325772808
SMH14912,44.994614785440135
SMH14915,29.238080206011183
SMH14920,17.725355793193277
SMH14925,13.512802319355144
SMH14928,17.74401110382562
SMH14934,26.839051484586726
SMH14941,25.296736355238835
SMH14956,23.321744898212295
SMH14957,21.140336795798966
SMH14958,14.960127675554517
SMH14964,19.382704019498995
SMH14965,23.702530371871244
SMH14979,14.176175038249916
SMH14983,15.74407022144246
SMH14986,11.659701275987022
SMH15006,31.311404345711274
SMH15013,13.686702625488099
SMH15018,16.381997819000144
SMH15025,23.3499
SMH15026,1.3352584776436154
SMH15038,25.113234491955268
SMH15041,17.937101905452852
SMH15042,19.730269610060482
SMH15051,26.16563714614856
SMH15057,16.122442192373953
SMH15059,17.850231886574285
SMH15066,21.496715993611403
SMH15070,25.855928242015207
SMH15071,15.886453537474308
SMH15073,27.877797847986855
SMH15074,25.42709006333006
SMH15080,18.390079981283694
SMH15082,21.460905092593347
SMH15091,11.85084613701958
SMH15115,18.433796551651977
SMH15124,30.500977676184803
SMH15129,20.298089152166604
SMH15132,15.867365964202957
SMH15137,20.810748900290307
SMH15150,27.950389129228803
SMH15154,25.49404045275381
SMH15158,33.46136577485649
SMH15160,19.125714722100216
SMH15169,20.05513549186658
SMH15171,27.9407989016039
SMH15176,29.310244355012607
SMH15180,15.9799
SMH15181,14.869526509505235
SMH15183,18.716692164893797
SMH15191,24.996753685599778
SMH15194,16.816976582167882
SMH15195,18.15376841198733
SMH15206,8.165528311986986
SMH15208,19.800406253614014
SMH15211,18.32113352535736
SMH15212,69.51010000000001
SMH15215,14.8899
SMH15219,21.812699188587025
SMH15221,9.819825798648635
SMH15229,12.022918512887726
SMH15234,8.477124953574812
SMH15236,20.583143888461443
SMH15241,10.051699942804365
SMH15245,13.06994356354597
SMH15253,24.62715743233803
SMH15255,20.230230389431775
SMH15267,19.881704909245
SMH15281,16.585996976060436
SMH15289,20.37084136187582
SMH15292,9.001069014020388
SMH15296,19.257387234534008
SMH15297,4.266250027613232
SMH15298,17.070411354121926
SMH15301,19.445968451220622
SMH15302,12.248281886529067
SMH15324,24.368653303778295
SMH15329,15.965101964783145
SMH15332,2.60381942242254
SMH15343,14.297371316199905
SMH15346,29.06021846845804
SMH15356,25.32532887938848
SMH15358,21.17474353093532
SMH15374,23.528851949034596
SMH15388,14.123849342893076
SMH15401,20.61561601346788
SMH15406,20.112083541413014
SMH15407,20.479922276102137
SMH15412,14.255900701661488
SMH15414,11.408846248202785
SMH15416,27.28010940846634
SMH15417,27.0954151624681
SMH15420,1.785170139213149
SMH15421,0.0
SMH15431,3.853367491488339
SMH15432,37.95210690465491
SMH15434,3.377776670083671
SMH15439,1.0790881038038016
SMH15443,18.48564501434597
SMH15445,4.043889547476423
SMH15448,14.867364999055951
SMH15485,10.463186374044726
SMH15492,29.4899
SMH15493,31.227140178400393
SMH15497,28.7399
SMH15519,0.1874082235869578
SMH15521,0.13771949381457926
SMH15522,0.2350883819659455
SMH15523,4.176570149507698
SMH15527,18.79993773562058
SMH15532,13.815096678801597
SMH15534,22.169900000000002
SMH15540,16.9601
SMH15549,16.754544263950244
SMH15570,13.775331303827741
SMH15571,14.352786796929113
SMH15572,16.732161270499837
SMH15573,11.709003778101565
SMH15584,7.473381741029078
SMH15588,8.123929435080091
SMH15599,17.871532940985542
SMH15601,10.588774024402124
SMH15602,7.943469355527079
SMH15622,3.693014565722315
SMH15628,31.63022518876636
SMH15632,18.262512946832132
SMH15633,19.98224739236245
SMH15634,27.268071942015737
SMH15637,30.29209422163951
SMH15640,35.35679681785087
SMH15643,15.783028564345246
SMH15662,10.100165410480379
SMH15666,63.07115483678476
SMH15668,17.659985045972025
SMH15671,17.921019188184516
SMH15675,20.542143408778706
SMH15678,26.8699
SMH15683,16.003900019367876
SMH15684,28.572809561348333
SMH15686,13.032652582079592
SMH15696,26.72169168418859
SMH15701,44.36241132017141
SMH15702,23.240099999999998
SMH15704,14.911963186150889
SMH15706,43.6399
SMH15708,16.56183858734029
SMH15714,12.4338703991523
SMH15718,13.5101
SMH15728,13.010238041056995
SMH15730,13.76907801908412
SMH15740,12.8454142325944
SMH15748,14.535334766778107
SMH15750,9.46326836631978
SMH15752,0.7492156464284873
SMH15789,19.028438299762712
SMH15817,8.045203039606715
SMH15824,14.505415988329965
SMH15825,13.311067601459975
SMH15827,18.2201
SMH15828,16.967557761969267
SMH15868,2.4972957361043955
SMH15886,0.0
SMH15894,1.18793868557282
SMH15897,28.979611610294864
SMH15899,2.0164927171639917
SMH16269,22.42720174779568
SMH16283,18.77811749639185
SMH16289,15.670588036899996
SMH16290,16.277441243475877
SMH16309,19.287128684767957
SMH16312,18.086624768700855
SMH16319,24.43023847080343
SMH16320,18.436883220006635
SMH16323,19.917533999956095
SMH16325,24.987494880342716
SMH16326,17.531647239388846
SMH16336,20.620547795967852
SMH16339,20.760229740095276
SMH16340,30.24352237124591
SMH16505,30.961981360653258
SMH16512,22.17775091959745
SMH16518,1.2969572250278403
SMH16537,0.9645737114721187
SMH16548,8.819033266678295
SMH16565,10.791526427092066
SMH16567,2.861023557357088
SMH16607,0.7235890166371297
SMH16619,11.36206058713522
SMH16625,7.540715609753239
SMH16627,1.6237706657209259
SMH16629,2.1215937206699467
SMH16630,16.972930294944405
SMH16631,17.38887602886635
SMH16809,1.6061892516046643
SMH16810,2.087658451167016
SMH16834,10.0270193782342
SMH16835,14.81319181174409
SMH16839,14.2253042840723
SMH16840,0.0
SMH16856,15.771654912024532
SMH16858,14.409199993867537
SMH16861,16.59875163823675
SMH16913,23.9799
SMH16921,1.9703796149593105
SMH16927,1.5017904164271751
SMH16928,5.601088577856305
SMH16929,0.9581949568392927
SMH16933,2.30591020388652
SMH16950,20.214976044762032
SMH16951,0.030521592125296593
SMH16955,16.14637839333255
SMH16966,20.881730278129655
SMH17032,15.489202889275257
SMH17039,5.629283335166123
SMH17041,3.9935877070343033
SMH17068,41.59985276206048
SMH17073,10.239855986546917
SMH17082,1.8104609986777636
SMH17116,16.65076042785457
SMH17122,0.0
SMH17123,0.0
SMH17149,2.7319486668526825
SMH17153,14.02626840115313
SMH17160,13.544062534149763
SMH17174,17.21245161945445
SMH17183,11.260329951961602
SMH17187,16.23243028042705
SMH17188,16.49669460697327
SMH17192,11.468237104511372
SMH17200,44.041076369262974
SMH17206,32.4899
SMH17209,17.7285976773054
SMH17213,9.450153476443624
SMH17214,22.680167088397994
SMH17218,19.1501
SMH17221,28.56810595621664
SMH17232,13.07048773268551
SMH17238,20.106813787152525
SMH17245,8.211848165268579
SMH17251,10.377985400335248
SMH17258,19.01065401686418
SMH17260,19.261651948861832
SMH17264,11.142232522228475
SMH17265,9.506303821904234
SMH17269,11.494166648213572
SMH17279,24.518728178752085
SMH17283,9.558971987586867
SMH17284,11.65715147891112
SMH17296,16.320465254463354
SMH17310,26.300615509973028
SMH17321,13.468761402458458
SMH17382,18.552802772359666
SMH17386,15.85671473389549
SMH17387,10.187695379783555
SMH17388,10.806253025728772
SMH17397,13.139901915248114
SMH17401,15.040099999999999
SMH17402,36.05185404967534
SMH17406,22.317222531828833
SMH17419,16.17929836707596
SMH17421,34.289899999999996
SMH17471,21.90405467412159
SMH17475,13.280775640921025
SMH17476,13.870772640737588
SMH17503,15.097613128665625
SMH17559,19.13672176783639
SMH17564,18.4301
SMH17565,21.630785816750667
SMH17573,18.07766740258274
SMH17575,14.089270996395967
SMH17582,18.652700343871153
SMH17589,24.75302301694328
SMH17590,26.288093320652536
SMH17595,27.42516326981395
SMH17607,34.25269919875848
SMH17623,17.248371780317285
SMH17624,16.347753779987308
SMH17628,19.63613607120304
SMH17631,17.86810840353403
SMH17636,27.254082772736457
SMH17645,13.562260811527146
SMH17658,10.152838989762971
SMH17667,14.5701
SMH17669,15.422824000964848
SMH17675,31.91459212760818
SMH17676,27.966031277012043
SMH17677,35.901715759661
SMH17678,14.51529989695613
SMH17685,25.66267506295713
SMH17690,36.14860977865964
SMH17695,18.1099
SMH17699,11.24898884753254
SMH17700,25.0399
SMH17702,19.727127338560585
SMH17714,34.270100000000006
SMH17724,15.398662979321987
SMH17725,17.341923782413478
SMH17733,13.556153362331635
SMH17743,17.667020280847893
SMH17746,18.049132420305465
SMH17769,18.207857506835637
SMH17784,16.99682233318787
SMH17795,19.030646414371873
SMH17805,14.210549116345746
SMH17829,15.62038117165822
SMH17832,20.7001
SMH17834/51299,17.812152549523525
SMH17834/51299_2,17.741559382871323
SMH17841,29.411126720535314
SMH17844,6.563023585927008
SMH17845,6.577459978130166
SMH17847,10.975554375930383
SMH17870,19.223179649288134
SMH17890,14.287546760292916
SMH17905,11.244839043250021
SMH17920,18.465849977513656
SMH17922,16.44715681865616
SMH17925,19.505171535387674
SMH17943,22.202156297412092
SMH17958,15.974799160437644
SMH17960,16.42886614794667
SMH17963,28.78785765318605
SMH17978,0.36564612625475856
SMH17979,18.780186952002904
SMH17986,27.160589948199174
SMH17995,14.46309840752259
SMH18009,19.594752927582253
SMH18026,22.82442314362936
SMH18038,13.919371373729556
SMH18043,7.2910889514250155
SMH18064,33.55009853813085
SMH18091,11.200099999999999
SMH18098,1.291563901955049
SMH18103,17.640738828604288
SMH18108,17.940129373895033
SMH18115,13.351325467235586
SMH18120,1.1891937727391027
SMH18136,16.83089759676328
SMH18138,15.230033410465044
SMH18142,3.909516859275214
SMH18182,11.858185379984292
SMH18231,26.902005634089328
SMH18233,13.867943166299197
SMH18246,13.748850412034791
SMH18261,9.26442597294206
SMH18262,12.947904312895677
SMH18263,18.73290494414623
SMH18324,9.006578061276615
SMH18345,9.726765553817156
SMH18349,8.669826458339166
SMH18350,32.200100000000006
SMH18351,12.202477111406417
SMH18352,19.508140963007406
SMH18354,0.44820652400643635
SMH18360,17.43966388608002
SMH18366,15.7214859815026
SMH18368,17.641413426129418
SMH18395,24.33442532532211
SMH18396,30.0492210096481
SMH18407,18.87852815818794
SMH18413,19.439652141101625
SMH18424,18.286442266591834
SMH18426,3.261725125372664
SMH18428,64.24359609175153
SMH18432,11.462036227411552
SMH18436,16.454625582586015
SMH18449,9.6174380064628
SMH18450,9.99353114030836
SMH18467,17.695737692766805
SMH18474,18.675590440547523
SMH18481,11.723711694466951
SMH18506,15.51829259133834
SMH18516,12.052972093881404
SMH18524,19.19002028790809
SMH18555,12.697748463315762
SMH18607,27.3401
SMH18615,14.489793589498866
SMH18628,27.685331308854316
SMH18631,24.399445952244015
SMH18634,28.062936555750177
SMH18636,22.9023881956931
SMH18647,22.48971312293651
SMH18662,21.108097969739465
SMH18664,26.640629426382816
SMH18665,26.56097144612455
SMH18666,22.217409551143582
SMH18673,0.8419602227273134
SMH18675,3.6629824684002443
SMH18678,6.3986043126388665
SMH18679,13.634976872711075
SMH18681,15.950156554221483
SMH18684,9.504512819123592
SMH18688,4.502615221712189
SMH18698,22.246887887612836
SMH18702,21.890680312024024
SMH18705,21.587509041381196
SMH18732,6.278179504835869
SMH18736,24.347068947799904
SMH18740,26.42016948753684
SMH18743,25.79019262663342
SMH18746,31.989617378612113
SMH18763,22.403718330888623
SMH18764,20.605841475336742
SMH18773,26.804429418520783
SMH18781,29.268388097640262
SMH18783,38.350100000000005
SMH18785,35.133880953900125
SMH18788,35.171144918625366
SMH18809,26.119451141993345
SMH18810,24.794628514892537
SMH18813,26.936247670218542
SMH18826,29.613051110153997
SMH18827,32.631472906677544
SMH18832,31.94811047586995
SMH18848,34.7301
SMH18849,34.76063449052734
SMH18854,20.597710239927615
SMH18859,35.99596142752256
SMH18862,25.820961475906934
SMH18864,29.815399859573322
SMH18870,26.407525322575193
SMH18872,26.801032428901102
SMH18877,0.8453619579309894
SMH18880,21.853667189892654
SMH18885,22.058551715347136
SMH18893,11.700099999999999
SMH18897,15.017133517652269
SMH18900,36.46761325136116
SMH18903,35.54624830024037
SMH18907,31.350211235171066
SMH18913,1.3259658804867547
SMH18929,4.822845596986271
SMH18931,14.736176211311559
SMH18934,25.427283419399792
SMH18935,11.36722159562952
SMH18937,29.525177432172747
SMH18938,19.220038464081146
SMH18950,25.337267039206658
SMH18961,30.156916993659515
SMH18964,13.364353400539459
SMH18965,16.100592381088372
SMH18974,34.57187202602668
SMH18978,27.92736189393002
SMH18986,28.9401
SMH18987,34.380100000000006
SMH18989,0.4348261326403714
SMH18991,5.1820512157721
SMH18992,9.248243914573893
SMH19002,14.709511695924423
SMH19021,20.5918129097177
SMH19023,6.164898458783082
SMH19032,22.59505548817697
SMH19041,17.255388457971826
SMH19048,6.668816083631912
SMH19056,4.017260614252264
SMH19061,2.969399191369024
SMH19075,13.093537268255998
SMH19076,11.296528798102706
SMH19082,3.3254153887044966
SMH19087,2.8071966100399943
SMH19090,0.7231108441533303
SMH19095,8.296724407519077
SMH19099,10.536059230896738
SMH19101,16.169683889473255
SMH19108,23.05946978081444
SMH19111,3.247516258248175
SMH19112,3.5135683115722554
SMH19138,4.841887198965807
SMH19143,4.742056747696796
SMH19145,11.505541900700774
SMH19146,6.306260553271434
SMH19147,9.256925904351213
SMH19160,15.532527119654446
SMH19165,6.740639100647339
SMH19166,7.724921429875829
SMH19181,43.215078812827095
SMH19183,6.526560213227213
SMH19190,5.323957841228333
SMH19195,10.658637711406197
SMH19196,4.869206354092103
SMH19202,21.252851893429323
SMH19220,16.688644958762588
SMH19224,9.450727761524384
SMH19225,8.476585786063605
SMH19227,12.626477189762367
SMH19234,18.159546480952542
SMH19240,18.594702215560766
SMH19251,16.992448143223463
SMH19254,21.222069657719103
SMH19257,18.238988471265905
SMH19261,20.11106441946946
SMH19269,13.809664863819833
SMH19275,17.097095432324707
SMH19277,28.28018969726684
SMH19279,11.320889748867739
SMH19289,13.556768661987165
SMH19297,14.922792361285895
SMH19298,15.230015302983649
SMH19305,18.798435863071184
SMH19310,17.219480737698454
SMH19315,10.567065422655157
SMH19318,18.864770258046974
SMH19319,16.366668036892683
SMH19323,13.839707999037518
SMH19329,3.9272950591036353
SMH19335,19.74928236989664
SMH19339,22.111268123006308
SMH19341,33.701275082856995
SMH19348,28.494816089617405
SMH19360,20.102894137168647
SMH19372,27.890008852885238
SMH19375,26.347047782276327
SMH19376,14.61825135403041
SMH19377,13.883308673150125
SMH19384,14.6899
SMH19406,44.686638386270424
SMH19422,6.982029924858017
SMH19432,43.298693071825866
SMH19483,19.15951516339088
SMH19590,15.881749854528003
SMH19592,17.622871179595784
SMH19661,16.050512121881262
SMH19670,1.9808288803938683
SMH19674,18.500520049587685
SMH19679,10.196586617713004
SMH19680,23.420017922206874
SMH19684,22.818207031807972
SMH19693,11.775836566881152
SMH19695,23.548711249782507
SMH19699,11.599606956109595
SMH19702,16.8001
SMH19703,55.310100000000006
SMH19706,11.382131607765055
SMH19707,16.1457740925643
SMH19728,22.029098294743086
SMH19730,25.041691134282495
SMH19731,24.51303915895842
SMH19737,32.78034576832485
SMH19739,33.50201024665773
SMH19749,12.681256815228164
SMH19757,17.507542811240874
SMH19760,18.89017189908601
SMH19762,12.570413228368032
SMH19764,13.937456010701332
SMH19768,21.476944971564564
SMH19774,25.228281941286077
SMH19775,19.25106627491718
SMH19781,23.3499
SMH19788,22.857609986701608
SMH19802,1.5297965436090586
SMH19808,44.75168951702235
SMH19810,19.611350020225817
SMH19812,28.623652667504714
SMH19815,19.33455480915363
SMH19820,3.9256968401200663
SMH19821,12.4999
SMH19822,12.900884679489643
SMH19826,18.395724249191524
SMH19828,22.14327106563478
SMH19834,17.98757630373862
SMH19836,20.992997672470054
SMH19840,33.334825887153634
SMH19843,44.27013173672451
SMH19844,24.76558003820472
SMH19845,65.43075302193023
SMH19847_2,26.872514919381743
SMH19848,15.792032313996469
SMH19850,20.203153171416048
SMH19852,14.870385885711489
SMH19857,17.95246275888921
SMH19858,26.26290183166244
SMH19861,27.95012308931058
SMH19863,58.842106696518435
SMH19870,14.1999
SMH19877,23.11742277256553
SMH19880,18.64752260347329
SMH19886,10.32117933754837
SMH19892,19.244052154021514
SMH19920,40.06101120672433
SMH19994,21.369315832973264
SMH20001,8.382353422506823
SMH20015,21.191813502435014
SMH20028,3.4987070488754046
SMH20029,21.79659929059516
SMH20033,19.30936680654117
SMH20037,19.568411936156338
SMH20043,2.0095142927221046
SMH20048,36.4199
SMH20051,25.813869018505635
SMH20053,28.765224201908815
SMH20058,17.877102043256453
SMH20061,26.7301
SMH20063,29.710985192940356
SMH20065,3.913030432922107
SMH20066,2.5199593777577496
SMH20068,6.888099340264869
SMH20069,0.8429552303286579
SMH20074,22.08096160717635
SMH20079,25.39449568657284
SMH20081,22.35687797394471
SMH20088,35.06878348739906
SMH20090,22.23084177745975
SMH20093,15.551959079543664
SMH20095,1.3310074133341465
SMH20108,34.068920769885864
SMH20111,5.562870317117433
SMH20112,23.484092330229487
SMH20113,4.050907215364596
SMH20119,21.722629787448813
SMH20125,24.670978655779592
SMH20136,42.190830356495155
SMH20138,3.3525032315722507
SMH20142,6.407162293183223
SMH20154,17.8101
SMH20162,3.2103047144860684
SMH20167,31.66519872398082
SMH20176,35.83847647695006
SMH20178,18.264858307643223
SMH20184,46.920697247676394
SMH20192,34.14796669861702
SMH20204,22.714655786280076
SMH20209,17.7392916524568
SMH20216,22.223657165582665
SMH20217,16.80260459128425
SMH20218,23.977499110057238
SMH20220,7.673043085039826
SMH20221,1.0042201420652201
SMH20225,0.5532857563924352
SMH20239,14.572925290047916
SMH20252,46.000156333709825
SMH20279,1.5130628660903778
SMH20282,13.833680258783787
SMH20295,22.582310547094018
SMH20300,0.0
SMH20302,34.056384319823806
SMH20303,24.740366718007074
SMH20305,33.352808215992596
SMH20309,14.560350968127242
SMH20311,20.31068460066297
SMH20313,4.263601472095285
SMH20318,18.157353427877247
SMH20321,1.8298807698797301
SMH20352,19.322622987553373
SMH20358,1.1810122235365283
SMH20368,6.64720220927572
SMH20376,32.13598696852673
SMH20389,3.3353406266008427
SMH20410,14.01331338225739
SMH20412,32.93889625476497
SMH20415,2.4338105088478184
SMH20433,35.74471372839413
SMH20439,1.3519964796473134
SMH20441,2.9554472491294685
SMH20456,0.0
SMH20470,24.937760322007698
SMH20473,18.360702148274466
SMH20479,12.003616518363685
SMH20481,17.74724989923638
SMH20484,24.1501
SMH20485,23.1401
SMH20490,17.44384552422595
SMH20509,27.949432016939806
SMH20510,11.647852720094512
SMH20514/47398,26.12922122184887
SMH20529/54044,23.304556163568204
SMH20529/54044_2,23.237285486412883
SMH20531,29.1299
SMH20535,13.07103438302767
SMH20542,20.706732551889136
SMH20550,8.869167660374325
SMH20551,4.764559403551246
SMH20561,24.212545504251704
SMH20565,39.9499
SMH20572,18.269046014310593
SMH20575,22.053860948075076
SMH20579,19.258616206964547
SMH20584,2.1052607700712587
SMH20585,2.5794980122876066
SMH20600,9.372289027557235
SMH20602,17.645148574514312
SMH20605,2.675143834253763
SMH20626,40.060100000000006
SMH20629,4.930096052936968
SMH20638,23.712064595697896
SMH20639,23.09358155999525
SMH20648,16.171670076147556
SMH20650,18.824307184359135
SMH20655,28.15976301070702
SMH20662,30.80508084016551
SMH20663,15.079009578209059
SMH20668,11.91341489219647
SMH20680,11.983659222344235
SMH20734,17.32398788626614
SMH20765,4.298042102742025
SMH20770,2.678893085557805
SMH20780,19.29062921765594
SMH20786,30.69836970755551
SMH20792,13.929240211517962
SMH20799,21.43887362753924
SMH20813,7.74010920803037
SMH20816,10.600271771621724
SMH20817,20.334284984043165
SMH20818,12.313591642289966
SMH20821,18.491205479959852
SMH20823,12.137380209746581
SMH20831,11.486565011161884
SMH20836,9.97684834351528
SMH20855,27.6901
SMH20864,17.365344030477488
SMH20875,0.9811748103939367
SMH20893,5.09775414310764
SMH20894,4.547954589179443
SMH20896,13.780384931443095
SMH20897,5.335957392363332
SMH20901,15.736950505114596
SMH20903,17.23086590428067
SMH20909,0.6876577312259391
SMH20910,1.9401105188971788
SMH20911,0.07625202686039244
SMH20916,12.719014628250216
SMH20928,20.57888104654173
SMH20951,20.11759200060913
SMH20952,16.15795633705595
SMH20962,17.214765606336588
SMH20966,14.372768704606615
SMH20967,15.809574472895948
SMH20971,0.6618501479372478
SMH20972,25.709324604055805
SMH20981,31.517549705270262
SMH20982,31.215585856151414
SMH20993,12.48584432303813
SMH20996,27.156747159105443
SMH20997,24.43567565395094
SMH21000,30.20327697011058
SMH21004,1.143076823324495
SMH21005,16.368491948613414
SMH21006,14.430396709661196
SMH21016,16.261415948480533
SMH21021,17.1799
SMH21024,13.493138408480203
SMH21025,17.970443576710537
SMH21034,14.300226549895527
SMH21035,1.4212617425170717
SMH21037,14.746862968914357
SMH21049,20.9001
SMH21055,15.098648834321303
SMH21063,20.96179294184712
SMH21064,21.267494202529967
SMH21076,19.807699646683567
SMH21077,19.440132346341493
SMH21079,11.035854103975314
SMH21082,14.403827809452029
SMH21087,13.164300297477084
SMH21091,18.270444906602762
SMH21098,17.19540304506177
SMH21100,5.872274382911059
SMH21105,11.730901496255882
SMH21115,7.201818389268052
SMH21116,28.233475430477288
SMH21117,27.90055904697897
SMH21123,12.402178375938309
SMH21124,13.863848215290524
SMH21127,17.91990504183122
SMH21130,21.94113277752351
SMH21135,32.31679825379871
SMH21162,17.969187486783536
SMH21173,8.406532562501813
SMH21207,27.117710813121228
SMH21211,26.71002876766116
SMH21222,3.0549548175801293
SMH21225,21.95851557643455
SMH21227,23.1284930969151
SMH21228,24.006329848987576
SMH21233,24.209438745084476
SMH21266,27.598036926959907
SMH21279,27.071428650585467
SMH21286,23.058224411361817
SMH21297,19.778948789036367
SMH21305,18.375612089365525
SMH21323,22.154311768729357
SMH21327,27.100082355239216
SMH21328,25.500207250554396
SMH21334,18.329387879088884
SMH21340,4.817420210809795
SMH21353,21.280184301368635
SMH21369,19.8601
SMH21376,21.21828295729177
SMH21377,14.753616360882061
SMH21382,21.026535362802093
SMH21384,24.784433655213977
SMH21389,14.20712677433831
SMH21400,0.9728790878686133
SMH21408,28.328032222062333
SMH21409,12.10248023021852
SMH21414,22.02066830346913
SMH21425,20.277794205665337
SMH21426,25.73783409842001
SMH21431,7.476844651379852
SMH21432,14.366275417025122
SMH21433,7.596861751637189
SMH21437,2.8728324781209875
SMH21439,25.376715831812994
SMH21446,13.7701
SMH21447,1.0278384596644061
SMH21448,16.69421217005846
SMH21452,1.035433891490559
SMH21454,25.763380163469908
SMH21457,35.1780587011321
SMH21473,18.90263694024867
SMH21474,18.850379687652993
SMH21496,13.554924016960511
SMH21506,14.381467080195922
SMH21515,20.349677726366174
SMH21525,1.6203161293686965
SMH21533,18.4001
SMH21545,11.374699426309917
SMH21547,22.2999
SMH21554,19.625804113799155
SMH21566,19.4801
SMH21572,19.153268358888496
SMH21577,1.326001313713674
SMH21587,24.47805114197337
SMH21594,12.922195570121154
SMH21596a,9.184297730800765
SMH21600,16.79116068618874
SMH21606,25.195578005825332
SMH21610,30.223914100598375
SMH21612,1.32705613670361
SMH21628,16.6899
SMH21629,15.211011530768232
SMH21650,6.0266954502898855
SMH21658,8.217752038993442
SMH21662,16.1801
SMH21674,19.35012731060116
SMH21678,5.821500505324578
SMH21701,17.96700261918644
SMH21710,10.673145437300263
SMH21711,16.413523844286495
SMH21715,17.781385016033987
SMH21744,13.32012042352946
SMH21749,4.272616319847379
SMH21762,24.268555172511917
SMH21765,21.283022638324148
SMH21766,23.307277823562544
SMH21778,14.672467525790804
SMH21783,18.790743408497217
SMH21790,16.8425866511537
SMH21798,20.94356873538825
SMH21800,17.13555469180467
SMH21801,20.0901
SMH21805,27.9801
SMH21806,10.703735162431736
SMH21807,28.07018307607151
SMH21812,10.403039053568623
SMH21815,10.00855124422181
SMH21825,21.671693918741646
SMH21833,18.19517146804626
SMH21838,23.584928130519287
SMH21841,29.2399
SMH21842,29.490130360573698
SMH21850,21.941885418598993
SMH21851,63.28271396515947
SMH21852,19.20987748473629
SMH21880,18.5401
SMH21881,19.006740605597393
SMH21890,12.570274953248187
SMH21901,21.113281002246474
SMH21904,16.08058097898695
SMH21916,10.480775728525446
SMH21929,13.163215693133427
SMH21935,14.748590891249062
SMH21940,4.853942044016569
SMH21944,6.280495179610469
SMH21947,9.413354984990297
SMH21949,16.36013577632237
SMH21950,8.076786774487323
SMH21968,24.998891050687067
SMH21969,31.484996707566154
SMH21970,25.888689400274988
SMH21973,14.691978923513322
SMH21978,16.6201
SMH21987,54.24090853067394
SMH21997,12.29674378505355
SMH22001,12.541848767125751
SMH22024,18.794586216097784
SMH22028,28.7924882369173
SMH22045,19.565891031988418
SMH22052,2.5889573468314726
SMH22055,26.463846619746057
SMH22056,25.610023071483546
SMH22058,28.801178076444025
SMH22064,19.296604010282962
SMH22068,1.0634267949495881
SMH22078,2.1587660348552853
SMH22085,9.452678238936432
SMH22086,10.56647488788189
SMH22088,17.606524455419795
SMH22090,30.307164902798288
SMH22091,14.005727215446422
SMH22092,28.337528865418363
SMH22094,28.457548529389843
SMH22110,13.815688721748966
SMH22115,19.12409802846984
SMH22119,24.733190194950073
SMH22124,23.978138713378147
SMH22138,28.611624654473594
SMH22144,3.6182778750328657
SMH22145,12.870099999999999
SMH22160,15.880731895253206
SMH22168,21.0101
SMH22169,19.3599
SMH22174,9.811060714825466
SMH22175,23.03113057332706
SMH22179,20.531543866302336
SMH22188,18.65824805295892
SMH22199,1.7146245855680502
SMH22211,20.549147847872256
SMH22213,0.5658841784492569
SMH22218,16.600559978595694
SMH22223,8.61811496010624
SMH22229,10.3399
SMH22238,2.9840049374653876
SMH22239,0.5951396419250703
SMH22248,3.784780966101472
SMH22251,2.6484644138005473
SMH22254,45.030491541692214
SMH22260,29.7299
SMH22272,26.2699
SMH22276,10.200182010515864
SMH22287,10.720298493721867
SMH22288,10.85678643058677
SMH22293,18.780214993194903
SMH22295,66.15565473407051
SMH22299,21.62003503638401
SMH22301,16.105510421826125
SMH22304,21.33007988180581
SMH22305,25.890842840372756
SMH22312,10.09839959686994
SMH22317,13.026481979705453
SMH22318,8.000972301892238
SMH22320,22.031325763382636
SMH22323,24.328651041301832
SMH22327,23.9051
SMH22328,42.092832580840465
SMH22343,13.997935557474348
SMH22352,16.241998371832825
SMH22370,2.45458354323112
SMH22377,35.608061669498355
SMH22395,12.071765496020198
SMH22421,23.170686205192226
SMH22447,17.04011965710794
SMH22448,16.071428181350818
SMH22467,40.778391459309745
SMH22486,1.6481920248535582
SMH22488,2.4876814023544345
SMH22503,40.45999897092185
SMH22893,18.79829666108407
SMH22895,49.71583373921336
SMH22913,18.04284574878296
SMH22921,24.545236317822923
SMH22927,9.140120415189308
SMH22930,20.249157393100397
SMH22934,19.477290253708624
SMH22935,17.863801968606786
SMH22936,17.43650374400569
SMH22938,19.669743629862012
SMH22939,17.960642727398167
SMH22940,19.80102765402618
SMH22941,18.065212178482206
SMH22942,15.053569145494716
SMH22951,16.81980224767571
SMH22953,19.834927554617806
SMH23088,2.921732090103254
SMH23108,15.7599
SMH23111,32.565607465063664
SMH23113,0.570823077373896
SMH23114,19.023575766597993
SMH23127,17.7201
SMH23128,24.9101
SMH23145,15.210913343476342
SMH23165,0.0
SMH23185,13.771865448273918
SMH23201,1.2081497991004913
SMH23206,16.170316726154716
SMH23208,12.46135559305896
SMH23216,0.5704356233464066
SMH23219,9.9747669081256
SMH23231,2.9625469611975763
SMH23238,0.015294785525489
SMH23405,3.148468616216496
SMH23425,15.686522623388893
SMH23427,16.488764221849145
SMH23444,17.251507744439024
SMH23446,14.497111064397878
SMH23453,2.3561327229446993
SMH23456,1.243389835356536
SMH23468,14.253619888939781
SMH23471,11.941652916375745
SMH23485,1.8695027361405763
SMH23491,2.7594355220083484
SMH23492,2.3630700527676867
SMH23511,1.7457582108116367
SMH23512,3.307396717702252
SMH23515,14.726346245200876
SMH23520,2.0099077421268907
SMH23531,3.0596842573707463
SMH23537,1.0868022440438518
SMH23539,0.03052043542265892
SMH23551,2.9549273685171356
SMH23554,2.850154256548892
SMH23587,2.085468050139622
SMH23588,6.170194961821052
SMH23592,53.108573625177996
SMH23647,13.847562145193171
SMH23648,21.311347132676808
SMH23649,1.5522215795566496
SMH23668,1.4923937481752225
SMH23705,1.2319458857477317
SMH23707,1.1899802403964852
SMH23729,2.16406711668237
SMH23737,15.248613726512449
SMH23744,13.768443463267172
SMH23756,12.984574201219957
SMH23764,16.761657546903812
SMH23766,6.586065493130852
SMH23766_2,4.593408154525008
SMH23766_3,6.140197769512238
SMH23775,14.191944713374413
SMH23776,11.22186473200202
SMH23777,4.833576330984265
SMH23778,12.386778631891753
SMH23779,15.016758994614214
SMH23788,16.829354923771565
SMH23790,18.96605506010555
SMH23799,9.758308425219475
SMH23802,15.960042317091409
SMH23803,16.891554969211263
SMH23808,18.691992904300257
SMH23810,15.02336914119009
SMH23811,28.23902703781638
SMH23820,10.749925331584242
SMH23826,22.248884261016176
SMH23831,13.413741275705654
SMH23834,3.101568717360493
SMH23838,7.8073495878776065
SMH23845,19.9101
SMH23855,14.62215319324074
SMH23887,30.025796489338127
SMH23892,12.664356020605894
SMH23894,20.081528180936548
SMH23899,26.681432154560717
SMH23908,15.4443525220209
SMH23928,17.899014501889447
SMH23946,20.940119906285076
SMH23947,14.90881414580369
SMH23968,25.445306830848878
SMH24003,40.1269186729183
SMH24005,18.618208278814535
SMH24012,11.563702201044169
SMH24037,23.616470723152034
SMH24042,21.263644731703835
SMH24075,29.89652415459061
SMH24076,18.367026345787355
SMH24082,39.611800320884086
SMH24093,18.22093967002167
SMH24103,14.62188028327487
SMH24104,20.722252051669663
SMH24107,14.306203538941087
SMH24108,17.39434715406707
SMH24109,40.06058565205876
SMH24112,24.762121195575425
SMH24116,22.053302913364153
SMH24119,24.25007981872291
SMH24124,22.099420240642708
SMH24129,11.505290675150212
SMH24130,16.350916277233075
SMH24133,18.05581914693223
SMH24154,38.94638200365991
SMH24158,30.63481765751045
SMH24162,29.47126671273532
SMH24164,14.253453107144644
SMH24165,27.589511447055116
SMH24166,31.80925311613734
SMH24181,26.44598003857004
SMH24182,24.18417724568751
SMH24193,19.401391849696864
SMH24197,29.03919993342653
SMH24198,36.091113071691495
SMH24210,24.153916573985093
SMH24222,13.08598682009322
SMH24227,25.29132714204398
SMH24237,20.950304260732587
SMH24257,34.88255941502537
SMH24258,37.824039438972235
SMH24261,36.26877951337316
SMH24262,14.435750773793366
SMH24281,15.914394988277598
SMH24283,12.026110754636628
SMH24290,17.850751924146664
SMH24310,17.669900000000002
SMH24312,31.327604792246245
SMH24333,21.65928410191607
SMH24334,21.013810772236056
SMH24335,20.030135546579174
SMH24343,18.33505031838373
SMH24350,1.1236041122009002
SMH24352,28.81235052435361
SMH24392,20.015519075177487
SMH24393,22.827221364714703
SMH24394,20.593469977227667
SMH24409,13.191665535213833
SMH24411,12.93018022402492
SMH24419,32.4018345065956
SMH24453,8.201191139840477
SMH24454,7.571445970329448
SMH24456,13.47026210286824
SMH24462,28.40163563421738
SMH24465,18.8066824093486
SMH24467,21.16444719533555
SMH24472,21.1601
SMH24486,11.661922461447144
SMH24500,22.653884771379463
SMH24503,20.758299806891777
SMH24525,18.314546725247272
SMH24553,27.95682208876282
SMH24554,28.167064321550303
SMH24563,33.91770121890087
SMH24565,14.91544042513702
SMH24567,3.9099419729660236
SMH24567_2,4.057372754853431
SMH24568,5.957898223808444
SMH24569,30.032675706263824
SMH24583,14.159619589581297
SMH24586,16.031740422704807
SMH24594,25.340311827796135
SMH24609,15.202866724628507
SMH24664,21.660166898285706
SMH24665,10.6259
SMH24666,29.781527566586725
SMH24680,1.7825109721900891
SMH24681,0.8910733845699601
SMH24683,12.7201
SMH24687,13.826105095553075
SMH24723,13.560206534149629
SMH24726,39.44904424863418
SMH24749,15.80019720528787
SMH24753,33.75461380938208
SMH24756,13.911776737033719
SMH24764,18.250989782777026
SMH24765,18.306218865957796
SMH24769,16.800268166258196
SMH24780,2.2712671833035274
SMH24788,17.6701
SMH24817,15.87021512719399
SMH24818,31.506714938441178
SMH24839,8.5001
SMH24874,4.52752416846721
SMH24884,4.269746038434352
SMH24898,15.70209628929093
SMH24907,35.2799
SMH24910,0.44720698559648875
SMH24915,3.991887045120839
SMH24916,37.0199
SMH24917,21.3389
SMH24920,12.9701
SMH24937,18.59558485123507
SMH24939,10.655953134666932
SMH24940,6.131839497074867
SMH24958,19.372121549475803
SMH24959,34.7099
SMH24963,15.70540127294387
SMH24967,18.40269387206026
SMH24971,15.500573396161247
SMH24987,19.305654958912562
SMH24992,20.9899
SMH24997,12.01539373333585
SMH24999,20.21367497783165
SMH25001,24.05290161953514
SMH25011,32.05848691561014
SMH25014,47.5699
SMH25024,10.070233193125082
SMH25025,16.097653791654942
SMH25027,14.1402362863968
SMH25030,19.557849724416332
SMH25036,18.89858772338005
SMH25041,20.587608855892427
SMH25050,28.392911541285592
SMH25054,19.32495168137551
SMH25074,12.718994575116469
SMH25082,29.37808503227871
SMH25092,15.956880657878822
SMH25093,27.798967639706127
SMH25112,19.4791742773396
SMH25135,28.93994681624797
SMH25142,27.06188937062644
SMH25199,38.859899999999996
SMH25200,2.1543773808073334
SMH25204,32.699256838057096
SMH25205,24.682403007168634
SMH25208,27.493843610133894
SMH25209,24.06094854727638
SMH25210,27.142931017330135
SMH25219,9.400638210617274
SMH25224,23.388335165235002
SMH25225,23.51743857948533
SMH25227,40.90373065646409
SMH25230,20.9399
SMH25231,20.05573323466151
SMH25241,4.237939930490632
SMH25242,23.47694375011908
SMH25245,3.533278460988805
SMH25248,17.1054182773944
SMH25253,23.867878516875734
SMH25265,17.825483617361208
SMH25266,11.91645817080676
SMH25273,21.34560640404687
SMH25276,4.068899533300338
SMH25277,2.652401310869336
SMH25283,34.24248443759537
SMH25289,25.296185653687225
SMH25300,23.27197382223814
SMH25303,25.050495658444483
SMH25330,34.506370733641674
SMH25347,33.8899
SMH25350,27.153454735085468
SMH25355,24.757032056318657
SMH25374,27.06206525152971
SMH25377_2,28.294721235648836
SMH25383,32.89767856292977
SMH25384,31.66078239751112
SMH25388,24.983676812871632
SMH25391,18.525435975932616
SMH25397,18.243114823474684
SMH25400,30.602794442961347
SMH25402,8.704848476253991
SMH25403,43.80439152320184
SMH25406,22.57620531452467
SMH25407,28.851782586089797
SMH25408,25.270672582278657
SMH25410,23.175068145469442
SMH25411,1.8972592379338853
SMH25412,5.355335068538255
SMH25417,24.626523503844176
SMH25420,29.49728693864781
SMH25426,19.440661390084692
SMH25433,12.509684664766862
SMH25434,72.45301775588297
SMH25436,20.222029206472875
SMH25444,14.06530019655306
SMH25449,11.863629339156319
SMH25452,3.729772532206434
SMH25453,36.23809213353634
SMH25459,16.92277780913489
SMH25460,26.37317158599188
SMH25462,35.190585542548106
SMH25469,0.3735288160826943
SMH25470,25.96347842949634
SMH25494,35.127505068344355
SMH25495,12.177115556347808
SMH25497,8.499128768077847
SMH25501,8.3001
SMH25507,15.853213367972938
SMH25509,27.364393770659568
SMH25512,23.6001
SMH25514,8.21115330411907
SMH25516,25.079272076468833
SMH25517_2,9.164665328165158
SMH25523,35.31331512540053
SMH25526,34.88044619331958
SMH25527,14.901385537172812
SMH25528,15.39142416169815
SMH25535,14.83988541406919
SMH25536,36.22957118805722
SMH25538,15.953689670786598
SMH25540,1.2502682366323805
SMH25541,35.40158494073002
SMH25543,32.600419415578145
SMH25553,8.487678849583872
SMH25554,8.859659750180434
SMH25555,16.874773673386727
SMH25563,37.299899999999994
SMH25566,14.807301979481299
SMH25573,19.337297003421256
SMH25578,20.316290985607452
SMH25585,17.881555421046055
SMH25592,20.90204200896857
SMH25604,18.737895475970156
SMH25607,26.84010759513814
SMH25609,38.0849
SMH25612,18.76237825258503
SMH25614,18.742288604849357
SMH25617,27.0899
SMH25618,5.142340982341379
SMH25621,6.120548286815147
SMH25634,1.6884291883360403
SMH25638,8.23826947728086
SMH25643,2.019562899428432
SMH25650,4.997574517986923
SMH25655,10.882142479002944
SMH25657,10.486551490293566
SMH25662,6.170132243345181
SMH25674,13.254734154084645
SMH25678,24.997041654734254
SMH25683,2.9161884235485465
SMH25687,2.7093144491331262
SMH25690,10.120607883570434
SMH25692,5.0999712104985075
SMH25694,11.070603320167365
SMH25711,12.4601
SMH25717,4.587876241133954
SMH25722,8.531503054638588
SMH25729,16.45296355961481
SMH25730,13.229134744737815
SMH25733,13.934483799706573
SMH25752,18.6677545711771
SMH25754,4.981598208024925
SMH25762,18.976570846373676
SMH25768,16.24359939623004
SMH25770,13.723788976016195
SMH25775,19.167964000862256
SMH25776,16.748384215919323
SMH25778,7.837152945565152
SMH25785,16.863859901776344
SMH25787,17.777551813387547
SMH25792,18.089397405613816
SMH25797,13.048692348018683
SMH25799,11.768524425872176
SMH25800,11.699115503990445
SMH25802,11.752353812254597
SMH25805,10.90040334830198
SMH25812,9.9399
SMH25823,20.050726042138628
SMH25834,15.940130940676998
SMH25835,16.168858446263236
SMH25836,15.080351736601667
SMH25844,14.252401770003846
SMH25845,22.877344201852335
SMH25850,13.5099
SMH25855,15.800166794428451
SMH25856,13.450198174406593
SMH25859,15.450369927048204
SMH25862,14.736588830852915
SMH25887,21.553514847497333
SMH25891,14.73810435094321
SMH25893,11.895597827273544
SMH25894,16.0899
SMH25896,12.75277644904509
SMH25900,13.335775043884453
SMH25902,25.719194909885985
SMH25904,14.2501
SMH25905,11.164079256479939
SMH25906,12.535447940280301
SMH25907,11.630138576273595
SMH25926,26.781107429049463
SMH25928,25.188990316264004
SMH25930,16.736071710006307
SMH25943,17.776334816539826
SMH25947,21.875128193476662
SMH25950,17.501180716343598
SMH25969,11.287935339297924
SMH25989,33.481671513948896
SMH26065,33.20470002104821
SMH26154,21.644417399278623
SMH26155,32.68808311337213
SMH26160,17.79638367755763
SMH26239,11.346957996098386
SMH26259,13.582909099359782
SMH26260,16.478756083449262
SMH26275,25.166176633246735
SMH26277,23.554533856152307
SMH26279,22.568766625607765
SMH26283,34.70040900699409
SMH26289,20.723406173528595
SMH26310,31.65789777393216
SMH26333,8.007854880924222
SMH26338,28.165469689302537
SMH26346,23.480648356755996
SMH26348,19.927339398604353
SMH26352,34.65989999999999
SMH26358,25.516722397735123
SMH26376,18.0499
SMH26382,18.041078654023146
SMH26391,16.699050413890955
SMH26397,60.80842350679666
SMH26404,18.791762781452743
SMH26411,20.81081065107209
SMH26418,22.60331052110105
SMH26423,25.249625387778657
SMH26435,15.499843064744878
SMH26437,71.37795609477946
SMH26439,15.270434824986419
SMH26443,29.13349571165453
SMH26444,29.580099999999998
SMH26446,9.42969899407983
SMH26448,26.240099999999998
SMH26455,21.62177419237146
SMH26456,26.852047754000452
SMH26466,42.4801
SMH26471,27.7433442222468
SMH26472,13.718067840341405
SMH26474,15.583404754339748
SMH26477,15.687016551255244
SMH26480,26.545518690876168
SMH26488,24.12758920799897
SMH26499,20.748570339760256
SMH26502,13.797175241334958
SMH26510,14.411760261008514
SMH26511,9.13950216666324
SMH26514,12.618290121261055
SMH26596,33.074463533974914
SMH26647,21.91128881863589
SMH26663,36.22464079312411
SMH26666,22.038338905046558
SMH26670,22.0540767838055
SMH26675,17.703992633021503
SMH26688,18.980176606681095
SMH26689,2.2065134364940606
SMH26702,1.350971596873919
SMH26704,6.133267007007741
SMH26709,17.155901141001934
SMH26714,37.73498613162843
SMH26745,14.181707567828736
SMH26748,33.59581074313566
SMH26753,39.67511493331992
SMH26755,27.46568772705095
SMH26756,19.096610056188954
SMH26762,23.2920873165467
SMH26766,14.775948858861394
SMH26771,1.3440594955450753
SMH26774,2.1806775194048154
SMH26776,19.05003501911203
SMH26778,21.31812284508019
SMH26779,20.743732575708535
SMH26782,0.0
SMH26785,15.430980250649387
SMH26792,16.8299
SMH26799,16.071385846245498
SMH26803,17.6575962528119
SMH26834,17.39721842937591
SMH26835,23.727123119708324
SMH26839,11.030235338243788
SMH26842,1.8523988885902845
SMH26843,1.8685091130656892
SMH26848,0.9664999520224444
SMH26857,12.166310665477802
SMH26859,24.853622669886168
SMH26862,27.830170305444746
SMH26892,2.478375839015845
SMH26907,31.918588793743808
SMH26911,30.25275476600614
SMH26914,24.61375163021975
SMH26917,13.915481827987978
SMH26933,12.370854269303013
SMH26936,26.3501
SMH26937,31.1899
SMH26942,5.3919310835079575
SMH26943,0.6658123431220584
SMH26944,8.820233383983897
SMH26945,45.86367889331656
SMH26946,0.6642656227515369
SMH26947,0.68325064882877
SMH26948,0.6085740185774726
SMH26965,12.000923153409126
SMH26971,17.19114541826491
SMH26973,2.2309153619724196
SMH26978,7.1174766272611105
SMH26980,21.50055200909182
SMH26986,20.183021485589343
SMH26991,21.675242897182443
SMH26999,15.429810902743533
SMH27002,0.3906959919136862
SMH27018,5.129817131379534
SMH27019,39.436018337269076
SMH27024,1.0268565424497549
SMH27028,26.067772522216718
SMH27033,38.149202606120895
SMH27041,7.532715646854293
SMH27060,1.0296208979932673
SMH27066,19.369739343553093
SMH27084,9.483540054317935
SMH27093,11.40993191914948
SMH27099,22.914050749220834
SMH27107,8.150418245564667
SMH27117,24.636767960739657
SMH27118,13.474484390099054
SMH27121,8.644521361542417
SMH27127,4.907748311008316
SMH27130,2.4345106402499073
SMH27132,9.351177359178434
SMH27141,17.234733415379168
SMH27143,12.310147812403365
SMH27164,22.141265277895698
SMH27198,37.3301
SMH27200,14.17369122424547
SMH27201,17.3101
SMH27203,13.715372019812914
SMH27212,11.440370546904912
SMH27213,9.675749034234114
SMH27217,13.420221032793158
SMH27235,22.02179536903563
SMH27237,21.17909897220325
SMH27245,44.43732204177424
SMH27249,22.96386848813927
SMH27271,20.211751746049565
SMH27284,16.091383607901392
SMH27289,24.448738829389328
SMH27317,16.469156646999362
SMH27320,23.963520574819096
SMH27321,67.26010000000001
SMH27322,16.929091374167285
SMH27327,68.40966117774104
SMH27328,11.9601
SMH27328a,8.410492058075445
SMH27345,4.478040358543692
SMH27355,24.370154810846415
SMH27361,24.80054299880438
SMH27362,10.466572252957693
SMH27368,16.442982907819328
SMH27370,23.587591456365118
SMH27372,1.694387902681051
SMH27373,1.8230863606097256
SMH27374,22.27914989200511
SMH27375,20.108290318506302
SMH27376,25.160733111604827
SMH27381,21.112228286548557
SMH27383,13.420328565508168
SMH27394,6.607652509625302
SMH27395,13.959900000000001
SMH27396,16.841318346814752
SMH27401,24.673396937741945
SMH27402,17.915003580535558
SMH27403,19.240099999999998
SMH27405,27.232192339702543
SMH27409,22.14010188052397
SMH27416,16.62829387021724
SMH27426,5.913519208443015
SMH27428,5.67790466645797
SMH27431/47753,25.305784803773363
SMH27432,29.6101
SMH27441,16.139695747751308
SMH27442,14.080333164146916
SMH27448,2.3261497766943955
SMH27457,4.310513113988215
SMH27459,13.401167965255866
SMH27462,27.3401
SMH27465,18.120180638787986
SMH27470,48.49020563160598
SMH27472,17.601466256774266
SMH27477,17.24489673955853
SMH27504,2.1303617150929672
SMH27505,3.4440664005245045
SMH27512,24.235615690126544
SMH27521,13.42846978466031
SMH27541,29.1901
SMH27542,15.414195643903339
SMH27544,13.567938224553039
SMH27550,11.278064903577363
SMH27553,17.445434434840436
SMH27554,8.371968584271087
SMH27555,7.8160818968692105
SMH27556,23.105756372809132
SMH27571,17.661662902289187
SMH27572,33.24112803415985
SMH27574,19.19102132393641
SMH27576,19.962312041401525
SMH27578,10.36024023071106
SMH27601,24.098944013986312
SMH27606,23.34012722790891
SMH27610,26.573832523003833
SMH27612,14.593876790457875
SMH27621,15.260840615867124
SMH27633,14.534065513978714
SMH27634,16.760322351888163
SMH27635,16.14048693742493
SMH27636,15.870770985384752
SMH27637,10.597830126918112
SMH27646,15.0801
SMH27647,13.401276484339977
SMH27650,15.518699775988962
SMH27652,13.748991334211189
SMH27661,8.249513307558875
SMH27662,9.068870517155858
SMH27663,10.612950704675299
SMH27664,8.688293062053733
SMH27701,18.090546596499877
SMH27707,12.387640377004757
SMH27712,4.838564443046016
SMH27722,15.57978554429403
SMH27726,27.748809626604036
SMH27731,21.652470044633873
SMH27749,18.106110029085787
SMH27752,9.559085335182344
SMH27755,11.500261006696626
SMH27756,16.192115731119344
SMH27764,12.435686892616523
SMH27771,18.095512785743125
SMH27775,27.412972495438595
SMH27787,19.8402202791346
SMH27792,14.770058476108055
SMH27810,12.507365024416387
SMH27821,25.0489245821057
SMH27830,25.835418531663322
SMH27832,24.772173480616758
SMH27840,32.321680061626594
SMH27858,19.226911582254772
SMH27875,31.30756139918074
SMH27887,10.15515021486976
SMH27888,20.080099999999998
SMH27895,21.786731419177865
SMH27917,18.901817438769555
SMH27918,27.7801
SMH27925,19.324784972639893
SMH27931,11.343223014513764
SMH27938,7.5896294076288955
SMH27949,7.419968353662861
SMH27958,13.702186579853254
SMH27966,1.119412188136359
SMH27968,19.870953944155033
SMH27970,10.8199
SMH27977,15.0201
SMH27979d,12.590288086363191
SMH27979u,13.923392427226437
SMH27981,20.348228179724906
SMH27982,23.669900000000002
SMH27984,11.631080456691478
SMH27992,21.894654845411438
SMH27993,43.00445428132541
SMH27995,1.300605331271775
SMH28006,24.301159020995787
SMH28007,20.77841552735694
SMH28013,0.3719362046840464
SMH28016,24.344430567195154
SMH28017,18.584107541560023
SMH28023,21.306700904044707
SMH28029,40.87843335939467
SMH28030,20.999482598665953
SMH28031,19.059012208582217
SMH28046,19.219566411774277
SMH28050,1.9890764020409217
SMH28053,31.45215441514091
SMH28054,15.420112781594206
SMH28068,7.957032739256607
SMH28094,17.173074830316708
SMH28096,1.672191155371153
SMH28135,13.128506690419634
SMH28141,19.05107577765934
SMH28145,18.390662731473704
SMH28164,9.017687357750603
SMH28180,29.170168907722832
SMH28181,6.080979168847751
SMH28182,6.522740141379557
SMH28183,1.2518845083247871
SMH28202,15.04412882122018
SMH28205,4.504032851284784
SMH28214,33.10311511044397
SMH28222,21.999705684137247
SMH28225,16.797947617358183
SMH28235,24.320613204387907
SMH28236,16.22410668976205
SMH28249,13.105493956784667
SMH28250,18.93738060190094
SMH28251,26.38927661789509
SMH28256,12.34011241147731
SMH28264,23.70568923511511
SMH28268,12.767551826879128
SMH28282,22.599758443163758
SMH28296,17.548771619977476
SMH28305,6.163238290084672
SMH28314,21.419370988880146
SMH28316,13.879900000000001
SMH28334,63.621074207751434
SMH28338,17.601567777976477
SMH28346,19.35493193812048
SMH28347,22.060994910840957
SMH28348,26.247039063366714
SMH28352,24.93606637665599
SMH28365,20.672480083938314
SMH28366,19.8401
SMH28376,1.6959954154367676
SMH28378,16.730951824530358
SMH28385,15.770153685841183
SMH28388,28.747201775143125
SMH28390,24.26034695927781
SMH28393,23.8201
SMH28395,29.20421803630445
SMH28403,28.460171867284686
SMH28404,47.9999
SMH28410,65.80073254439259
SMH28412,19.000350068101667
SMH28413,12.147732979024068
SMH28419,18.6992225661128
SMH28423,28.3399017100055
SMH28428,23.42138091393563
SMH28444,28.540135245430648
SMH28449,28.3501
SMH28452,19.197925318718795
SMH28461,17.392539565956127
SMH28464,27.789637169040006
SMH28467,8.022136456565796
SMH28478,0.47295660940077566
SMH28480,25.859313868920285
SMH28487,11.595895318511614
SMH28489,13.715901002680598
SMH28490,15.315774033700102
SMH28491,1.9761747365265365
SMH28496,1.0286286503099014
SMH28500,14.198360471363957
SMH28507,8.701653598503222
SMH28509,8.500012258004375
SMH28511,18.70132074549242
SMH28515,22.175191656015485
SMH28518,22.336939597761905
SMH28519,14.813885128098697
SMH28542,12.640392774505326
SMH28545,12.378820496015194
SMH28549,49.01998599834131
SMH28566,14.81722550829673
SMH28590,40.60796493174911
SMH28592,20.169834369426397
SMH28597,1.2826967627528592
SMH28599,1.4057769531104065
SMH28603,20.587035655504195
SMH28605,26.950126435670654
SMH28606,25.33788890125878
SMH28607,1.72581558393603
SMH28608,5.2462748329214985
SMH28609,50.83772733004553
SMH28612,21.424525769566053
SMH28613,17.530464604190513
SMH28614,16.28810298047501
SMH28615,19.412412268550526
SMH28623,3.6038815390652115
SMH28628,1.3386090701179563
SMH28633,3.3313618345991967
SMH28659,28.053820516374202
SMH28665,23.821929604664238
SMH28667,26.683775501819056
SMH28683,17.151196500048428
SMH28685,14.312876271397814
SMH28700,4.801442527733637
SMH28704,17.2301
SMH28706,14.76014014169544
SMH28720,12.735317888630949
SMH28721,12.706527537659058
SMH28722,13.5399
SMH28725,19.887373155789547
SMH28728,21.11541661171112
SMH28731,10.661382098338313
SMH28736,11.5799
SMH28739,18.380375399746853
SMH28740,16.640938411626067
SMH28745,0.652993517973868
SMH28749,3.5148696238532224
SMH28750,7.329033025873394
SMH28760,12.03343898174944
SMH28764,5.689089432682438
SMH28775,16.395089703743242
SMH28782,0.33304467807188687
SMH28787,2.717718167488732
SMH28797,17.653516088397126
SMH28807,26.678787508432173
SMH28808,34.747884135973244
SMH28815,14.89955989873951
SMH28819,16.698562136437165
SMH28821,15.909172676840571
SMH28844,19.116597116114693
SMH28849,1.9661232947623972
SMH28854,17.051176340217584
SMH28857,22.383072995348854
SMH28859,10.150531805659453
SMH28868,41.718954758521406
SMH28873,21.8799
SMH28875,21.8433707923795
SMH28885,13.16106445348813
SMH28886,13.5199
SMH28887,16.9501
SMH28895,15.9801816548127
SMH28923,27.81081992695334
SMH28950,26.71495545976982
SMH28954,17.94108768889533
SMH28956,17.83211177155615
SMH28984,13.400658580507955
SMH28985,27.23105715807232
SMH28988,15.665853111871868
SMH29010,19.098832300792658
SMH29016,42.28428916038156
SMH29043,3.0945385450278344
SMH29045,25.51276302886247
SMH29053,21.528369519141783
SMH29426,24.595103170627354
SMH29435,21.664229212571364
SMH29436,17.940486398575356
SMH29438,16.987653125576976
SMH29439,16.10484618374658
SMH29447,15.90530372166894
SMH29465,12.01037289304697
SMH29468,20.901989107215492
SMH29480,29.514802433992976
SMH29489,23.82719539268942
SMH29503,22.726548227467045
SMH29504,24.689477502663447
SMH29506,22.39136217293253
SMH29659,12.616210547270466
SMH29663,41.299899999999994
SMH29745,13.703543420434125
SMH29747,12.975346538905377
SMH29962,47.38682483368301
SMH29977,1.7484142753195342
SMH29987,16.76009491683682
SMH30003,13.48219144091102
SMH30036,12.584997448130085
SMH30050,2.180170139483409
SMH30075,12.329989571901285
SMH30114,3.3903928219935997
SMH30117,14.57725596233572
SMH30118,17.122169783098098
SMH30130,0.030432919040322304
SMH30132,1.0484262199446475
SMH30136,14.338462727710954
SMH30140,21.833530803244017
SMH30145,15.951226268484275
SMH30149,0.6077367638277651
SMH30167,17.67270241765371
SMH30210,13.729481814288715
SMH30212,23.153289907780838
SMH30241,1.0110572698419602
SMH30254,1.422691771915603
SMH30260,13.601383845438779
SMH30261,23.45499508016215
SMH30264,15.488324574965409
SMH30271,0.8078769163871573
SMH30289,1.4663800082672722
SMH30292,1.6127044542095286
SMH30294,0.9112905558619528
SMH30323,20.170215504084197
SMH30324,20.14019280063328
SMH30329,21.677245226681553
SMH30331,29.3001
SMH30333,17.049656920720757
SMH30356,21.786342406207375
SMH30358,12.823253051129013
SMH30360,12.267713586272087
SMH30369,13.789076950601789
SMH30370,16.80870310749422
SMH30372,8.5304447931688
SMH30373,5.7639576574058236
SMH30386,30.653198710319497
SMH30389,18.746784411255884
SMH30392,17.30808903581787
SMH30399,13.567255724026044
SMH30413,14.322662897175167
SMH30426,9.445574298352534
SMH30434,19.57125992602234
SMH30435,19.833662419427114
SMH30441,10.373084006229469
SMH30452,6.650826981700222
SMH30470,14.603115638468754
SMH30478,17.60961236219849
SMH30502,11.815388792606559
SMH30542,18.989331684500513
SMH30576,14.194617924699934
SMH30587,13.6062563124873
SMH30589,21.9099
SMH30608,12.38946075511234
SMH30609,14.807321169549384
SMH30618,20.850658160027752
SMH30634,26.701104767421747
SMH30672,39.90706949680083
SMH30680,14.954754422885802
SMH30684,12.542570815873205
SMH30688,27.659625070007124
SMH30689,14.410195393574169
SMH30690,12.669452626581775
SMH30691,29.966822746453023
SMH30726,34.78216423069945
SMH30768,22.07811988998189
SMH30778,34.14111973257677
SMH30785,15.681764170103722
SMH30787,15.460791880480752
SMH30790,12.663320535121859
SMH30797,30.4301
SMH30798,18.328365152054502
SMH30801,23.70664083589635
SMH30803,19.81028714558988
SMH30804,13.602079085561844
SMH30810,17.107692620362663
SMH30818,23.057570402836113
SMH30820,20.193571315799744
SMH30824,33.63758163807449
SMH30834,16.527246377973967
SMH30840,10.170470404488839
SMH30842,12.240939007850951
SMH30843,13.202443294915344
SMH30844,18.03335574172497
SMH30845,17.87076365297861
SMH30851,14.60145451913538
SMH30860,17.76867585918226
SMH30862,20.749458957763583
SMH30870,29.7955695241769
SMH30871,28.821302786781917
SMH30875,27.791203400878807
SMH30879,12.410545820221989
SMH30880,12.33658021533784
SMH30884,14.856727198316122
SMH30888,35.355049301539545
SMH30906,16.56616394834192
SMH30918,14.06463543325712
SMH30924,26.611059214371437
SMH30941,11.270552124755024
SMH30964,11.64592496598437
SMH30975,11.5299
SMH30982,15.931771105665792
SMH30990,21.230538535090453
SMH30999,17.300713660557456
SMH31010,13.337863910968432
SMH31013,17.58315157889696
SMH31024,15.2201
SMH31027,18.988287107162677
SMH31028,19.520708653835918
SMH31030,18.02510219680743
SMH31067,28.49471541819949
SMH31083,15.130970454472982
SMH31085,43.829899999999995
SMH31086,14.8899
SMH31088,23.24093760885461
SMH31090,22.90017575076255
SMH31130,20.699801962850234
SMH31141,11.925989158910264
SMH31148,22.538705907537008
SMH31149,15.394174731139454
SMH31169,19.264911831313274
SMH31189,23.82165121966645
SMH31203,10.492986827883094
SMH31204,25.323704090564622
SMH31205,25.394871278522686
SMH31206,25.34050053354865
SMH31207,41.71434732605223
SMH31215,19.0601
SMH31216,21.551452765013956
SMH31217,22.541304805522373
SMH31218,33.66670978518846
SMH31223,30.270552116945407
SMH31224,31.156616558386705
SMH31225,27.50625974148126
SMH31231,9.029810227984687
SMH31232,14.675544435651332
SMH31235,15.757758883426604
SMH31248,26.36297319082135
SMH31250,0.3207410519857292
SMH31259,28.45081093029672
SMH31267,21.832015196357602
SMH31286,13.125781890617592
SMH31288,13.31335098377088
SMH31298,0.6286040669618993
SMH31338,10.8201
SMH31339,12.735908855416056
SMH31351,1.5262221723843306
SMH31354,26.025121413613512
SMH31360,13.342861336639592
SMH31370,0.0
SMH31373,35.3701
SMH31375,32.780100000000004
SMH31414,16.21080666438334
SMH31431,13.360769789680873
SMH31472,43.53726035911744
SMH31475,31.784652729615395
SMH31490,14.018711421443852
SMH31493,16.21669451307256
SMH31494,14.582171854822763
SMH31497,30.666811495095423
SMH31509,17.1474180434708
SMH31526,19.072157752260942
SMH31548,26.487161567343616
SMH31552,15.037808064717538
SMH31559,14.541910579038916
SMH31576,12.864179855456541
SMH31607,10.390218278175913
SMH31636,7.247279563422007
SMH31667,18.21669094390658
SMH31687,23.1901
SMH31700,16.001621526611743
SMH31704,16.80275597449318
SMH31707,21.861156278842216
SMH31713,44.95048624458301
SMH31715,1.7703943591962328
SMH31722,8.257619865542368
SMH31723,14.140104912165762
SMH31728,12.931676306376945
SMH31732,16.266789696042142
SMH31740,22.24831529872785
SMH31741,18.951009753780763
SMH31742,48.18101338018237
SMH31752,13.881833651860783
SMH31755,13.076053493285237
SMH31756,13.774990301657251
SMH31759,18.008828026920057
SMH31799,18.42454852227719
SMH31806,28.181993498799045
SMH31816,29.40112119176837
SMH31833,36.88529746649829
SMH31861,24.10160026417424
SMH31868,35.36268462436466
SMH31869,11.75102539386689
SMH31932,33.14977594347722
SMH31933,26.9899
SMH31934,25.928025370299842
SMH31935,23.62208083005982
SMH31940,33.60399188881624
SMH31949,27.414200458254435
SMH31955,13.658970979039763
SMH31957,25.04176960308605
SMH31980,3.710400531642267
SMH31981,17.6101
SMH31988,24.41706044206041
SMH31991,18.47733285130468
SMH31992,19.119225015534887
SMH32002,24.188317306296177
SMH32007,9.607031481186008
SMH32014,16.202259551099267
SMH32019,30.88159129467185
SMH32020,27.50332150797787
SMH32022,3.678008402311886
SMH32026,27.69400712364358
SMH32027,19.62945703633991
SMH32028,19.149473791812426
SMH32039,34.29975073048546
SMH32040,24.224775223988743
SMH32043,30.8053356590949
SMH32049,46.52542603310643
SMH32062,29.356145278979323
SMH32127,21.078025255519385
SMH32135,19.778395015038384
SMH32138,25.447845091339307
SMH32154,31.034003449834316
SMH32155,10.98164398609331
SMH32156,23.44777668561517
SMH32178,23.02459729647294
SMH32185,12.3851
SMH32187,12.4999
SMH32190,14.3999
SMH32191,7.901503705105883
SMH32195,12.250720471120676
SMH32197,19.948900000000002
SMH32199,19.6319320846834
SMH32204,17.576342354321504
SMH32208_2,11.11682781956537
SMH32211,14.090204140424841
SMH32213,10.039574240434385
SMH32223,30.60014322159044
SMH32225,29.77657696075952
SMH32230,0.0
SMH32243,27.859421404839967
SMH32254,4.263320139315827
SMH32258,24.787368638880686
SMH32259,6.882832424491324
SMH32262,27.7901
SMH32264,27.752860590108355
SMH32272,23.794984817619273
SMH32274,25.179571683273174
SMH32275,31.50583406808784
SMH32277,44.40752693749765
SMH32278,32.97084905691197
SMH32287,9.777157789298078
SMH32296,15.520715568656808
SMH32298,20.86025052435229
SMH32299,26.006852969010566
SMH32305,24.661908097586156
SMH32307,25.63011878269714
SMH32310,16.982140999238247
SMH32318,18.87027307983891
SMH32335,20.14518928767344
SMH32336,28.10161041498146
SMH32348,4.238862278851396
SMH32359,21.8701
SMH32360,27.132062198175547
SMH32363,18.486629373274912
SMH32364,17.886496981650673
SMH32371,6.5052373177826155
SMH32396,4.018473169761253
SMH32400,1.9655383444078631
SMH32405,10.712153936756629
SMH32406,10.76942091939357
SMH32409,12.861756991023057
SMH32410,5.227798612912847
SMH32432,5.124283162737607
SMH32434,12.568762763077762
SMH32439,14.339581297485966
SMH32442,14.614279852725259
SMH32448,20.36927757326066
SMH32455,7.3478204839477845
SMH32456,8.006751196648052
SMH32464,13.80979106322878
SMH32470,6.006861552733086
SMH32471,8.33627474552693
SMH32487,16.122349914379583
SMH32490,6.572039119125941
SMH32501,44.186625942544204
SMH32524,4.946774027966816
SMH32525,18.2260919123558
SMH32534,27.8499
SMH32535,14.408993134764234
SMH32538,14.450150610173708
SMH32540,16.461203601108142
SMH32547,13.329403948838385
SMH32561,12.709621729051767
SMH32562,13.480220003178214
SMH32563,13.471559829133607
SMH32574,15.840683667139094
SMH32575,10.245646015608699
SMH32576,10.915388329990165
SMH32578,28.7301
SMH32580,4.8702118989422605
SMH32585,14.796423850962562
SMH32602,16.859145554093132
SMH32603,17.127147020102548
SMH32604,21.118389822821147
SMH32615,15.270716221957002
SMH32616,11.709133739001329
SMH32617,28.03529593007012
SMH32618,15.748764521184617
SMH32624,19.46407860293658
SMH32631,10.737806037142597
SMH32644,10.460903408444157
SMH32649,14.911236427413968
SMH32652,19.254543696876468
SMH32656,17.724880174244557
SMH32659,17.442623777080783
SMH32660,15.20805977274165
SMH32663,27.149677566547357
SMH32665,18.68728053303266
SMH32667,17.150551604127582
SMH32670,47.438573222952776
SMH32680,16.1101
SMH32683,25.99667933508836
SMH32696,31.2492938064411
SMH32702,25.102980535965983
SMH32707,27.548276075423225
SMH32714,27.01857803967128
SMH32717,15.1799
SMH32718,16.4001
SMH32728,12.74092027433938
SMH32735,19.219296671872975
SMH32744,14.943499258855315
SMH32749,16.6601
SMH32765,10.271013322104903
SMH32819,40.14335438840487
SMH32862,42.238457743228196
SMH32955,18.38232779092771
SMH33040,7.475208823365058
SMH33041,2.6809961229096757
SMH33042,2.744472589969656
SMH33044,14.833557957916678
SMH33054,27.250867424895404
SMH33057,29.52303900458721
SMH33058,7.5799732029377305
SMH33065,12.362453654953224
SMH33071,20.325119023745525
SMH33072,16.57771809962298
SMH33074,17.452852101366787
SMH33087,17.172902952311603
SMH33092,7.227126707772017
SMH33105,21.08129332895743
SMH33108,26.839648609108075
SMH33111,27.833311740067764
SMH33130,12.431344193456958
SMH33135,23.0999
SMH33136,18.36797199069224
SMH33138,15.464533300360092
SMH33153,12.221165224556547
SMH33161,15.025698084578849
SMH33169,21.881230028151002
SMH33174,23.43716153975585
SMH33177,16.130572962199416
SMH33183,8.461523673079505
SMH33184,46.843830672926074
SMH33185,1.8808456547415018
SMH33186,2.2898302565886945
SMH33191,7.7067842213309214
SMH33197,47.68773729528118
SMH33198,13.125067178864951
SMH33201,28.698383724312734
SMH33213,28.0701
SMH33227,39.05769990130234
SMH33229,17.959341816193486
SMH33230,43.882410803980505
SMH33243,12.233161129307083
SMH33246,34.78468077924512
SMH33249,27.820216528033484
SMH33261,16.26339554659546
SMH33264,22.731395554405644
SMH33274,42.437751101410214
SMH33275,25.905871178439085
SMH33333,15.711925988232323
SMH33353,2.8690279827555862
SMH33356,23.81575596889737
SMH33362,14.710206213882579
SMH33370,15.50031519302313
SMH33379,20.009686057356276
SMH33391,28.9499
SMH33392,5.179982452462221
SMH33396,19.71502906618431
SMH33401,23.549315958888165
SMH33404,19.602520138241818
SMH33411,1.5141941090675095
SMH33417,2.959942399900598
SMH33418,19.1799
SMH33420,20.715861134239145
SMH33421,26.5101
SMH33429,25.492803174923786
SMH33433,5.9235064885561854
SMH33437,19.922605977138478
SMH33440,3.6514779128665555
SMH33442,3.4253657809326024
SMH33449,36.480190807664094
SMH33451,17.593369134584552
SMH33452,29.650954277624727
SMH33455,32.64456932093421
SMH33456,26.78712398450548
SMH33462,31.805731621169887
SMH33467,29.80373185106731
SMH33471,16.231050109989845
SMH33478,2.213688942963901
SMH33490,7.834171161374537
SMH33491,0.9049343405737673
SMH33493,5.0808714077247314
SMH33496,15.761216948254745
SMH33500,20.82172759030754
SMH33504,24.3601
SMH33506,23.698262081324827
SMH33509,21.73269171089379
SMH33512,23.609595025302326
SMH33518,6.43978696614697
SMH33524,12.242210261086962
SMH33525,12.864578746288393
SMH33532,19.758190332046922
SMH33536,19.922073401021347
SMH33541,35.970278982203794
SMH33543,34.844587533138444
SMH33544,17.412644977351338
SMH33552,3.423824687593218
SMH33554,48.11905090676227
SMH33572,1.6426307716078345
SMH33584,1.0223997161168623
SMH33585,22.155742637071718
SMH33591,28.263321297125835
SMH33594,18.597182362593642
SMH33604,22.175459223790675
SMH33607,25.780583518242246
SMH33614,28.735470954632323
SMH33620,37.55710592722617
SMH33626,25.431150476293332
SMH33655,15.93967119847173
SMH33656,28.53954594693083
SMH33670,20.30049929708445
SMH33687,21.510508477977588
SMH33690,27.4799
SMH33698,45.640100000000004
SMH33700,1.4412788082065005
SMH33705,4.0285766190370875
SMH33718,2.020970613571131
SMH33721,13.424178647385473
SMH33730,17.889232493146807
SMH33743,20.490574175223294
SMH33751,1.373098734033158
SMH33756,27.273021730964047
SMH33767,20.69419077315596
SMH33773,37.42055034226055
SMH33779,0.7432346987650356
SMH33793,7.121562822720206
SMH33794,25.392838546973742
SMH33801,27.863030194181633
SMH33802,26.218837862068984
SMH33804,29.537436333693293
SMH33808,38.71478430387349
SMH33839,24.58019969336845
SMH33866,20.42787878702883
SMH33872,24.204892787248497
SMH33886/33919,19.78477918043464
SMH33886/33919_2,19.60438628026802
SMH33892,2.648730748037866
SMH33896,19.322035383888586
SMH33910,3.841886614485609
SMH33914,1.388760579301774
SMH33921,16.608666434928562
SMH33929,16.598639440289233
SMH33935,7.573362750337538
SMH33940,21.5201
SMH33948,17.617293602215852
SMH33967,10.169506039936543
SMH33976,0.9139448940247535
SMH33978,8.891718729572947
SMH33985,2.6136749852297165
SMH33988,15.60322870247882
SMH33991,15.310330668307056
SMH33992,18.369564142858653
SMH33994,15.268898124723911
SMH33998,13.44634348702655
SMH34006,9.795569224954324
SMH34010,23.90065008831244
SMH34012,21.912445648677085
SMH34014,21.55705384754752
SMH34019,21.65192369458579
SMH34030,18.670224892743
SMH34031,8.199800539778218
SMH34034,13.740236314234549
SMH34037,22.109440234866568
SMH34039,13.155627195171515
SMH34063,9.402092145671677
SMH34117,22.485698585966855
SMH34121,36.4547994741373
SMH34122,7.777946885429342
SMH34127,19.423934807569804
SMH34131,18.255939854036484
SMH34136,3.4611124037958594
SMH34139,8.516360799105746
SMH34140,4.332069430904616
SMH34144,5.082389823293309
SMH34146,3.4024188355181195
SMH34147,3.678819386640038
SMH34158,14.633041222417303
SMH34159,19.81989017168642
SMH34162,31.931731520652388
SMH34163,29.0699
SMH34176,30.80112017793656
SMH34185,26.5301
SMH34187,20.536569015774216
SMH34188,10.170895092534922
SMH34190,8.366338519839701
SMH34194,24.357826315477226
SMH34195,39.72395296864731
SMH34210,46.7582804980794
SMH34226,14.788717128086297
SMH34228,10.674901080539838
SMH34229,12.527042942593138
SMH34231,14.945244121014852
SMH34232,20.91205201136052
SMH34238,1.276525617562608
SMH34245,25.75269609623387
SMH34249,30.121224174214515
SMH34250,4.701053790458855
SMH34251,15.4499
SMH34252,17.056420823260023
SMH34254,15.4399
SMH34256,14.623669195494053
SMH34263,23.008927029148516
SMH34265,22.09137725155945
SMH34284,9.626260359868231
SMH34288,30.90929839147042
SMH34319,23.836037352665898
SMH34343,29.415846537322192
SMH34346,37.8301
SMH34357,28.23856548863673
SMH34359,29.153785471488387
SMH34373,18.332656729871903
SMH34374,18.35538978287768
SMH34385,14.044729808676328
SMH34387,12.760207677338151
SMH34390,28.421106023999585
SMH34398,13.209229772196753
SMH34403,13.896588840301813
SMH34405,13.239612816882595
SMH34413,18.62119224703509
SMH34427,0.7553757140295303
SMH34428,17.28200355051964
SMH34444,9.349832177201819
SMH34462,25.304008906797307
SMH34485,20.240008625385215
SMH34486,20.31024381170641
SMH34493,23.316297021129316
SMH34494,14.91879116734597
SMH34495,16.964092368846533
SMH34496,6.101256790185132
SMH34497,26.771701821250723
SMH34498,26.533103598552415
SMH34500,18.27893092630266
SMH34505,22.121101575270693
SMH34507,31.370038503222112
SMH34513,32.252849815152416
SMH34517,16.90164036320818
SMH34525,22.918959649353106
SMH34526,26.981140160218317
SMH34534,16.527092685316077
SMH34540,12.892051441575532
SMH34541,17.739941496157925
SMH34545,32.894163354806764
SMH34549,7.131837851036367
SMH34556,23.815444104171227
SMH34558,12.214096353415936
SMH34561,50.469899999999996
SMH34564,35.108180362773865
SMH34577,13.798848553027444
SMH34579,27.37596877016214
SMH34591,32.116808173667636
SMH34621,25.566368118863934
SMH34631,29.9601
SMH34655,25.862771276372307
SMH34681,29.685057674244906
SMH34690,33.152540729192495
SMH34692,8.750140142951055
SMH34693,20.770182907640084
SMH34709,21.46768603015328
SMH34711,10.733093747200629
SMH34713,19.580538187841803
SMH34716,27.451098159364676
SMH34731,9.407673720095811
SMH34736,11.184992452810274
SMH34742,9.414172117536843
SMH34744,11.479458186947458
SMH34750/41517,23.498264366119574
SMH34752,27.610765518324378
SMH34766,1.118284106711943
SMH34794,1.6218791630449734
SMH34806,23.132814691489816
SMH34807,23.475790411286535
SMH34821,25.45605065015499
SMH34822,1.7383590287512964
SMH34826,31.397046694728807
SMH34842,17.140613928011604
SMH34845,21.984445775748405
SMH34847,17.156697122573934
SMH34857,29.910093018328315
SMH34858,31.42725832889647
SMH34861,1.1169273242952331
SMH34863,0.0
SMH34864,18.55008230604153
SMH34866,19.22580648280028
SMH34891,5.022418117906124
SMH34901,17.190700584269052
SMH34909,1.456030259103711
SMH34919,1.2805759159209154
SMH34922,18.624709124715757
SMH34926,16.160883589652375
SMH34945,14.79748076094898
SMH34946,16.482113558916343
SMH34948,14.290363361143276
SMH34949,21.03075029808135
SMH34954,10.3320395230642
SMH34962,16.69296349276179
SMH34963,14.719139554627137
SMH34968,1.7062821828018127
SMH34973,22.28023872557297
SMH34975,11.8399
SMH35002,13.215690467709544
SMH35006,16.890332315323732
SMH35021,14.511402149484223
SMH35022,2.874128103065314
SMH35067,18.750123554731708
SMH35099,21.740770901125572
SMH35104,21.911687919376853
SMH35107,1.509962127106145
SMH35131,12.620031184753085
SMH35133,15.3501
SMH35137,17.963219032100646
SMH35142,21.744248180598944
SMH35144,22.532901690841257
SMH35148,10.769198656295025
SMH35154,20.34635113293751
SMH35155,24.403535242265843
SMH35157,13.4101
SMH35158,26.731999807869954
SMH35162,19.392807938384934
SMH35168,21.995117192358144
SMH35171,19.06426719018998
SMH35174,41.94004042775986
SMH35194,40.22234606440578
SMH35215,13.720235359509775
SMH35222,18.640615841606273
SMH35225,19.80054829543037
SMH35243,27.887067215511095
SMH35244,44.842641325808316
SMH35245,21.552758925635683
SMH35246,28.246913072114843
SMH35265,42.14102563558454
SMH35266,18.017744929085787
SMH35269,27.803601946712675
SMH35283,26.35504599197047
SMH35284,14.027565374886535
SMH35296,5.485592637421706
SMH35297,4.542528397518426
SMH35300,2.9045453881956864
SMH35324,12.234205275265277
SMH35325,11.817238051034815
SMH35330,5.8672206210218505
SMH35334,19.222991850783412
SMH35336,10.213820328499198
SMH35342,6.758893505872199
SMH35367,2.365787297202208
SMH35368,1.2955497239649978
SMH35372,45.31431729004644
SMH35386,24.122699146075746
SMH35393,23.12509894144342
SMH35411,41.30142329393093
SMH35419,12.142180120205788
SMH35422,29.652525296954618
SMH35423,29.29745750341978
SMH35424,10.689232364821304
SMH35426,12.713425622407899
SMH35427,1.6946316477110535
SMH35429,47.52067311779531
SMH35432,15.995143398755745
SMH35433,14.97616594479804
SMH35434,17.26200610669256
SMH35438,46.55512865126913
SMH35443,0.678116654543979
SMH35449,3.826178328211407
SMH35451,15.373872749729735
SMH35452,0.7332859789486541
SMH35463,15.791638437194171
SMH35464,20.857290594735993
SMH35471,20.42621724135344
SMH35473,14.937450114911973
SMH35474,24.31129385262654
SMH35480,12.230344464567954
SMH35482,29.048215457600094
SMH35486,10.544095806250409
SMH35494,10.135597257857608
SMH35497,9.242366304998345
SMH35498,19.10827885774924
SMH35503,17.922846213845787
SMH35512,21.40862042635488
SMH35526,20.113114555584826
SMH35532,16.6899
SMH35535,20.171598406718008
SMH35544,5.463892762554651
SMH35545,2.9974522633555427
SMH35547,15.201623918929883
SMH35549,23.597770672077438
SMH35565,13.566000492473446
SMH35568d,22.51158816098845
SMH35569,57.30359352942561
SMH35570,16.1646520568195
SMH35579,17.1761047609557
SMH35591,12.97707540536887
SMH35597,10.244105819269492
SMH35599,6.954979951826857
SMH35601,24.85018146592935
SMH35603,7.955272593767389
SMH35614,0.36505474961869566
SMH35615,7.704369202713807
SMH35618,0.9250579433538562
SMH35623,4.103573698176904
SMH35625,41.354258040035475
SMH35641,26.458924526962853
SMH35642,28.418398240070605
SMH35643,28.83025039259652
SMH35644,29.00011175854033
SMH35648,29.6501
SMH35657,11.855717063910024
SMH35665,13.70861989080014
SMH35669,18.243134459169788
SMH35680,11.0099
SMH35681,10.613741515988826
SMH35682,14.337873633317427
SMH35690,21.200034308637413
SMH35703,16.885516440520412
SMH35705,13.131266992669186
SMH35706,12.35095747106025
SMH35708,13.80243033623705
SMH35712,25.1801
SMH35713,23.669900000000002
SMH35714,12.918702433683558
SMH35715,7.98974900486751
SMH35717,11.583599857104458
SMH35719,27.6762767968805
SMH35720,25.3230456391782
SMH35729,27.715868997825662
SMH35738,41.258486187181234
SMH35752,13.080647695138776
SMH35770,16.962789734271844
SMH35777,22.804409191943858
SMH35819,39.66904371326022
SMH35822,19.229924818345992
SMH35838,12.266152304057282
SMH35848,16.29355107514217
SMH35849,14.672564705871128
SMH35853,18.557951873650765
SMH35877,33.306408652255534
SMH35913,12.844783502768642
SMH35921,0.0
SMH36268,20.50014723911098
SMH36293,27.171912760688926
SMH36300,13.985140062447844
SMH36304,14.745427793558541
SMH36309,12.714366205625772
SMH36311,13.97369480309997
SMH36313,13.256956003904442
SMH36322,23.531246326090788
SMH36326,19.67834753818657
SMH36327,18.47776216397304
SMH36332,14.95204275712194
SMH36333,25.18629472863484
SMH36337,21.158837015287205
SMH36338,22.23760049795063
SMH36496,32.98218975029737
SMH36501,16.310902421354136
SMH36502,17.35774317138272
SMH36509,16.3499
SMH36519,0.0
SMH36522,2.127838663985539
SMH36530,9.832251816987991e-05
SMH36532,0.0
SMH36558,11.992268439850431
SMH36570,1.955973898896058
SMH36585,14.662921772088751
SMH36607,2.657900194952797
SMH36626,15.01233080088986
SMH36633,32.024302842396146
SMH36640,14.482170245144726
SMH36834,1.408088742791572
SMH36836,2.8507139784319135
SMH36842,16.471667556178836
SMH36843,20.430701036635227
SMH36844,16.31909921140663
SMH36855,0.5366388704508981
SMH36863,0.9993942804790735
SMH36865,18.575360477926242
SMH36866,16.897279720985395
SMH36867,16.244171761114835
SMH36871,2.5135651450385224
SMH36912,3.4198406464350377
SMH36934,1.5505774982913136
SMH36959,2.034957783393323
SMH36962,2.4587550237751
SMH36977,13.928409440550272
SMH36993,0.9272887870002975
SMH37030,20.891803255081175
SMH37045,0.0
SMH37046,8.763190788795512
SMH37055,14.282760066966482
SMH37104,24.112014782424843
SMH37108,14.469023490226686
SMH37116,1.1068498507059328
SMH37133,0.685289950470211
SMH37155,1.3380994387626242
SMH37157,3.798802200196188
SMH37162,14.709567571754944
SMH37164,14.745399358224207
SMH37167,15.131906185297172
SMH37168,23.696633617476156
SMH37171,24.978144374819493
SMH37186,4.360092580354454
SMH37189,9.842566965840026
SMH37191,6.078248839706211
SMH37205,12.205279555174474
SMH37206,16.04090785773364
SMH37213,9.541356423518053
SMH37215,5.242437952247295
SMH37224,14.805279177295246
SMH37226,12.917767363502984
SMH37229,11.682765412517263
SMH37230,12.650562523164972
SMH37231,10.85318451556207
SMH37236,16.357434961134242
SMH37239,10.148874647022843
SMH37249,10.896671655674721
SMH37252,19.491060094361295
SMH37262,19.060200555447633
SMH37286,36.988948361429365
SMH37316,24.4476149113555
SMH37333,40.225694083918015
SMH37337,17.0066335665016
SMH37399,13.040115089781146
SMH37404,14.034135173816605
SMH37405,15.031658355524753
SMH37418,17.914999458440963
SMH37446,9.52656542243608
SMH37472,36.084126226525484
SMH37491,14.107771945924272
SMH37510,21.611306138008665
SMH37513,15.496817021000982
SMH37514,14.656761915778478
SMH37535,19.133308828632636
SMH37558,16.542792758705588
SMH37562,13.506283687130129
SMH37563,33.01166410208051
SMH37571,30.420147434581644
SMH37573,43.221173478118466
SMH37574,17.11173709669596
SMH37578,20.110318455143496
SMH37581,21.66988231397653
SMH37582,16.670888133170337
SMH37584,18.980949934063364
SMH37585,15.102674352043245
SMH37588,24.24524531911973
SMH37590,17.87923473421978
SMH37593,24.023391423017273
SMH37595,21.70916124888989
SMH37612,18.275615217827838
SMH37650,27.02197714184084
SMH37653,30.675582145960863
SMH37676,13.41482234122536
SMH37680,36.90339923505703
SMH37690,27.89058757882963
SMH37696,13.071849384126665
SMH37697,13.828985206423813
SMH37698,24.1701
SMH37703,37.61458899808172
SMH37708,19.38373015121848
SMH37727,18.010844169012532
SMH37728,13.700111724324028
SMH37741,15.491082137963911
SMH37749,13.082019668255471
SMH37750,24.324932817851902
SMH37757,13.200745692934966
SMH37758,16.473437174063243
SMH37764,16.18017620741147
SMH37768,11.280764336489922
SMH37780,16.12028376996568
SMH37785,14.367293758186644
SMH37792,31.890309344865237
SMH37820,28.162092219552534
SMH37827,18.397362792889957
SMH37833,18.808491652861367
SMH37844,34.5801
SMH37849,18.034003761393198
SMH37850,17.3899
SMH37854,22.460610814288188
SMH37876,15.348090404344145
SMH37877,15.980263441223492
SMH37889,11.63503900098317
SMH37896,22.136208153643906
SMH37903,22.153890906302784
SMH37904,68.75350292811682
SMH37906,19.469585633414837
SMH37907,28.939402785631454
SMH37911,13.351604187685458
SMH37913,18.072418643432872
SMH37915,11.09061218766072
SMH37951,20.749399309395283
SMH37968,20.587650315518545
SMH37977,12.72885492487878
SMH37978,18.10504883146314
SMH37979,18.571944390208934
SMH37980,21.808546755495836
SMH38011,16.5482409602115
SMH38014,7.540760712635484
SMH38016,42.74833797468995
SMH38055,12.724347843630113
SMH38056,5.989501101553874
SMH38075,34.08185318304099
SMH38119,35.8301
SMH38121,22.43946271236736
SMH38136,15.282304863821182
SMH38142,12.51361535057235
SMH38161,33.31762795291816
SMH38170,33.162149139223345
SMH38173,19.3701
SMH38180,34.07462906763604
SMH38188,18.314350808530094
SMH38190,16.857984167665286
SMH38230,36.76256287106126
SMH38237,19.625623451148414
SMH38253,6.581320745462014
SMH38255,13.890110796962198
SMH38258,21.53209604882634
SMH38319,22.28550045066768
SMH38402,34.4899
SMH38409,21.403661361811796
SMH38411,14.6001
SMH38412,13.464262539479002
SMH38414,23.648987140178754
SMH38416,22.268708563898755
SMH38427,13.962079102865651
SMH38431,19.054745292676508
SMH38443,12.544757000994275
SMH38447,18.481003174507194
SMH38449,22.22060886258282
SMH38455,18.876520178897536
SMH38455o,18.80148112656576
SMH38457,2.552860997357028
SMH38464,66.75485164155316
SMH38471,37.509834315995796
SMH38482,32.52707911433248
SMH38486,16.294538075450124
SMH38494,16.452737896342363
SMH38495,18.101404689332277
SMH38502,17.92961395084871
SMH38505,12.244363749808798
SMH38530,11.324980118754905
SMH38540,28.30216755471977
SMH38547,16.207706018873875
SMH38548,17.65096163490224
SMH38598,25.35103100166365
SMH38599,34.577195621868285
SMH38608,27.459992597703675
SMH38609,15.114893438686103
SMH38612,11.241687620157638
SMH38673,3.23999371685883
SMH38675,27.07020607010849
SMH38687,25.4001
SMH38689,28.071465508349583
SMH38692,13.963036083794751
SMH38701,7.913515180212153
SMH38703,13.910620295678505
SMH38718,37.18234281318465
SMH38724,23.867128714818367
SMH38726_2,2.1729990805200092
SMH38728,7.839777653551851
SMH38729,8.294281035904353
SMH38736,18.839126963811715
SMH38738,17.791393160409175
SMH38748,16.25323318213274
SMH38755,38.2601
SMH38756,26.0001
SMH38758,19.57096512440039
SMH38759,5.501949522128405
SMH38764,15.023691213245478
SMH38767,16.885527201239118
SMH38768,21.016076047672925
SMH38775,19.803067215402464
SMH38776,29.754207863663225
SMH38794,42.50487489422326
SMH38806,25.761689149374114
SMH38840,39.06402097580279
SMH38866,36.313845691091174
SMH38870,20.1807075207837
SMH38881,11.865639695923463
SMH38885,27.849058127515192
SMH38897,28.047369553199328
SMH38898,24.243456087225688
SMH38914,26.71858839483836
SMH38918,28.73617037781115
SMH38929,20.08281063572538
SMH38934,27.06535180341936
SMH38940,30.654712906258474
SMH38941,30.640287027382655
SMH38948,25.47782844487538
SMH38949,28.069215857703256
SMH38951,22.705325341364237
SMH38955,13.15730639983611
SMH38963,25.82971471933706
SMH38966,28.530482539090514
SMH38967,13.3301
SMH38969,0.9380673364648399
SMH38972,13.098047617310257
SMH38975,20.424920582975645
SMH38982,17.15248305402828
SMH38982o,34.90962977930485
SMH38992,16.690128213372333
SMH38995,30.433605615394363
SMH38999,15.175132446239905
SMH39000,28.54237051882261
SMH39014,43.59758474427551
SMH39016,17.004516575219945
SMH39017,17.922585208664167
SMH39027,0.8858356020421503
SMH39028,11.5001
SMH39032,22.350151053359873
SMH39041,13.378488973333123
SMH39044,24.34811204370866
SMH39046,2.719795849531903
SMH39047,29.55739030481831
SMH39049_2,6.750416433029467
SMH39064,19.301555082694374
SMH39070,13.5399138672081
SMH39071,13.070260954707065
SMH39073,35.509749192752736
SMH39077,29.84273401362829
SMH39089,28.79124657691423
SMH39094,5.6430376415650665
SMH39100,19.30056387217394
SMH39101,18.791559302819962
SMH39115,23.3261366630695
SMH39117,31.5501
SMH39118,15.852144050075736
SMH39122,34.839691216904086
SMH39126,20.43478828014345
SMH39130,16.988823612258173
SMH39134,18.77838713662551
SMH39137,19.384424645774473
SMH39141,19.204488359454636
SMH39142,15.519249384245938
SMH39145,24.5399
SMH39147,4.656213567606664
SMH39148,5.919921432732895
SMH39159,4.637673314408277
SMH39164,2.297417924517477
SMH39184,26.969298642156804
SMH39185,3.8472359722095306
SMH39192,11.123481255927754
SMH39195,0.8216189429336513
SMH39203,19.367888321883083
SMH39204,2.847883790709467
SMH39206,21.96480375878864
SMH39211,14.425988379514312
SMH39216,9.953019280225305
SMH39217,13.043862111050947
SMH39218,12.132575761644368
SMH39219,4.13617167509568
SMH39225,11.02883535709853
SMH39229,9.109197205815613
SMH39235,18.456100461825102
SMH39251,6.692365377411977
SMH39254,6.020002878540016
SMH39272,12.453545149592927
SMH39273,4.82323153481059
SMH39275,19.26697963506346
SMH39279,23.541188987057865
SMH39297,25.158258378770533
SMH39298,31.2101
SMH39299,10.561527595972384
SMH39301,12.37835758022807
SMH39303,9.100116181550561
SMH39312,12.612938039053502
SMH39313,11.488339414919803
SMH39315,12.302145643276855
SMH39317,19.036023618517675
SMH39323,21.427432296697457
SMH39340,21.04023923182049
SMH39349,14.655179688506387
SMH39360,11.180496556720588
SMH39362,7.334597559225475
SMH39376,20.18348906542377
SMH39379,17.840022988515965
SMH39382,15.967606476708472
SMH39388a,14.316756595571398
SMH39390,12.549391757379658
SMH39400,24.8901
SMH39401,15.027550354813613
SMH39403,16.26312802675372
SMH39412,25.899530242053483
SMH39413,27.30254544639016
SMH39419,18.440447198396296
SMH39421,11.950237756833271
SMH39427,33.70971517657591
SMH39436,29.025686340695096
SMH39438,21.491251185389224
SMH39451,19.91269907921457
SMH39464,13.793264301464827
SMH39468,36.420100000000005
SMH39469,21.538735145731515
SMH39475,16.63068375089957
SMH39482,16.104895542953614
SMH39486,14.9400696599307
SMH39487,9.579182904745883
SMH39490,10.949777719794445
SMH39492,10.177619508263485
SMH39496,8.168182661542545
SMH39536,33.879542553037155
SMH39537,27.656996140726115
SMH39554,44.01370006436689
SMH39599,25.306044016997745
SMH39602,25.974724480898722
SMH39673,21.965141907813255
SMH39677,18.653481861888665
SMH39745,29.436818031371075
SMH39748,29.694474466914222
SMH39768,17.680285250306113
SMH39769,18.019551472390255
SMH39779,15.71739031363224
SMH39781,15.723930584649631
SMH39787,3.5112555083503723
SMH39791,19.440037735025037
SMH39795,32.524398059022786
SMH39796,20.282604985672783
SMH39802,24.990248714384432
SMH39807,10.213902086423417
SMH39816,32.380100000000006
SMH39818,24.725979093120216
SMH39821,17.200183386558102
SMH39825,14.041072806963898
SMH39830,12.60270774309007
SMH39831,12.5701
SMH39834,44.96674774970591
SMH39836,15.483957203568771
SMH39841,19.04781053501651
SMH39851,18.236956870121638
SMH39853,22.79043329830649
SMH39859,22.038505107487055
SMH39860,26.959894067044033
SMH39862,16.654238394416623
SMH39868,17.36695485771208
SMH39869,25.59074165567151
SMH39870,25.72053771860568
SMH39882,53.178913653180146
SMH39899,18.06566111717695
SMH39910,17.5499
SMH39912,22.140500606719936
SMH39913,21.457579504317415
SMH39914,22.7699
SMH39915,20.7612244289135
SMH39916,18.505286650570824
SMH39925,16.4599
SMH39926,68.03202749370382
SMH39932,15.025488221296389
SMH39933,25.127461507921975
SMH39935,11.637707352091963
SMH39938,20.9512033504789
SMH39939,13.666674658742282
SMH39945,24.203274490685324
SMH39947,25.04186532781064
SMH39951,21.53973536386992
SMH39954,18.75975393891496
SMH39955,14.508157849209535
SMH39956,17.977085177982083
SMH39957,16.290387059274956
SMH39975,3.061382338481026
SMH39979,14.430888262429548
SMH39980,33.2501
SMH39990,14.620962587194237
SMH40077,2.8816826613530706
SMH40080,23.990088158797384
SMH40086,20.350455102665496
SMH40089,17.916886070264148
SMH40095,9.419094633017924
SMH40097,11.862581858232204
SMH40110,2.272339183826934
SMH40111,18.791098067548653
SMH40115,18.107624343189677
SMH40123,22.947062815000333
SMH40130,22.608940605384433
SMH40152,26.996150608006303
SMH40162,1.0088168314092463
SMH40164,4.357509454764899
SMH40186,20.859008001465046
SMH40191,15.753941530882154
SMH40202,1.591686465396883
SMH40214,38.27787835486442
SMH40215,34.26132873709555
SMH40218,35.830153821670166
SMH40220,31.416151299503426
SMH40221,10.209636213826503
SMH40226,31.96244366213731
SMH40227,22.395279704240487
SMH40228,18.920306297694687
SMH40231,19.878554025251404
SMH40232,2.894712213524137
SMH40261,3.411799085206451
SMH40273,16.509900000000002
SMH40284,31.719905639315783
SMH40295,12.93970463550481
SMH40296,3.8355287080669633
SMH40297,1.9731436268860998
SMH40305,18.504803639035075
SMH40311,17.4887784845576
SMH40318,34.62484690360157
SMH40323,1.9473269874837764
SMH40324,33.67361114031104
SMH40326,14.538276021209697
SMH40327,15.922088077431496
SMH40336,7.44407477239713
SMH40341,13.931582924963703
SMH40345,24.895306957837434
SMH40355,26.005593540169173
SMH40380,1.0372062482813105
SMH40390,21.75021739758942
SMH40391,33.54453548255572
SMH40396,8.99704557829044
SMH40397,32.184591070996206
SMH40402,25.553351626068043
SMH40404,27.906091795743812
SMH40417,7.7429596524406
SMH40420,8.257781685541765
SMH40424,29.637306920762597
SMH40425,34.21852467759032
SMH40426,33.9400735652935
SMH40431,8.312298262731701
SMH40432,5.481399899783539
SMH40434,9.336510187389615
SMH40435,46.73731685477409
SMH40450,5.411846979326015
SMH40468,15.872155987837711
SMH40469,15.202159859455907
SMH40484,24.904282590453846
SMH40485,1.2622513954029486
SMH40488,2.4880192679987188
SMH40491,1.7099366259641573
SMH40496,0.97435609177036
SMH40503,28.40668975192841
SMH40551,4.334165975025906
SMH40564,9.3164396242786
SMH40571,10.01133964349528
SMH40573,10.474061718747295
SMH40577,14.558327945339414
SMH40581,13.599939600391528
SMH40595,2.865619151210475
SMH40596,36.81326618649622
SMH40599,7.540187981969009
SMH40605,10.164708020917125
SMH40606,12.572172399829626
SMH40610,11.86038308802189
SMH40626,11.993635929987551
SMH40636,12.87014844388705
SMH40637,13.013240858034457
SMH40650,9.484025086784964
SMH40658,13.22518280920609
SMH40670,3.004644338991322
SMH40678,41.80869774603604
SMH40696/54077,18.439867981749387
SMH40696/54077_2,18.331867459852553
SMH40701,17.8992803146723
SMH40716,27.953028714021315
SMH40728,14.990727736394518
SMH40730,25.1101
SMH40737,11.080618591684217
SMH40740,32.94592710307526
SMH40745,3.314440705485663
SMH40751,18.006538761615214
SMH40753,24.715482104980854
SMH40754,23.417386616490404
SMH40759,14.85892062395796
SMH40761,17.16309836977073
SMH40763,10.432615589467865
SMH40766,18.0001
SMH40770,7.828977721006886
SMH40779,10.298397223264791
SMH40781,15.807405184309875
SMH40786,22.89606582649256
SMH40790,23.09450424988227
SMH40791,19.653583056266427
SMH40796,13.436074342823074
SMH40797,10.007350987141603
SMH40799,16.155321858733334
SMH40801,16.290167306872803
SMH40804,16.675056248695338
SMH40805,35.703503713080934
SMH40832,9.370242495943321
SMH40844/54226,22.424050760132836
SMH40848,13.40652104386405
SMH40863,14.807826692015507
SMH40874,21.496842950289196
SMH40875,19.253158503182224
SMH40880,20.531836117451135
SMH40888,24.2801
SMH40893,34.80483530167242
SMH40906,5.022369623778068
SMH40910,19.717571141279866
SMH40913,9.210430322518274
SMH40917,15.374071174367332
SMH40920,8.651056136974526
SMH40921,10.6251
SMH40924,9.6099
SMH40941,11.20610528447878
SMH40942,17.1801
SMH40943,9.18044135355914
SMH40946,17.3300641383681
SMH40948,21.73946104191296
SMH40959,27.77664735320216
SMH40966,12.832145563473727
SMH40974,15.759228458027156
SMH40975,17.3801
SMH40976,22.61099193144081
SMH40977,20.14576354576112
SMH40979,18.947066893400503
SMH40988,8.504849104742114
SMH40989,10.4799
SMH40993,36.56495145562018
SMH40995,20.756463762791633
SMH41005,12.342468877803835
SMH41013,26.26299808222401
SMH41046,6.987611279108937
SMH41049,23.28107039791626
SMH41071,20.70364813270314
SMH41072,19.566353380173233
SMH41075,6.637174543843482
SMH41078,14.65022390473371
SMH41079,5.523515913106719
SMH41086,16.02029089177647
SMH41096,22.9197864922932
SMH41109,30.259900000000002
SMH41112,11.011105429605127
SMH41116,11.471312537886497
SMH41126,13.13082144975803
SMH41142,15.29063707661224
SMH41150,14.5501
SMH41152,27.993111792758327
SMH41168,18.955536898794676
SMH41170,8.880607086929183
SMH41180,12.459902195589589
SMH41187,17.80123360300465
SMH41189,9.111533253139228
SMH41198,11.745634320990746
SMH41216,23.800695826944846
SMH41222,25.03303556145085
SMH41223,6.329588839258273
SMH41224,2.5259652153290966
SMH41241,16.0201
SMH41254,9.598922540636584
SMH41255,15.854527003019392
SMH41257,10.395943116720936
SMH41262,15.740576515721694
SMH41279,22.25668641086448
SMH41287,24.64516218304886
SMH41292,37.878162127946126
SMH41300,27.1001
SMH41306,27.147148712721354
SMH41318,9.59432998368175
SMH41322,13.20589157406093
SMH41325,11.079809154105202
SMH41327,19.600291486446928
SMH41330,7.375351357127917
SMH41335,18.95932894642643
SMH41337,28.523754079214616
SMH41338,30.435310193221557
SMH41340,31.440405840472565
SMH41354,11.713754496132786
SMH41356,13.670985089132401
SMH41358,15.732232914414004
SMH41380,26.204982485759473
SMH41381,26.64007373805974
SMH41399,29.792101857045477
SMH41406,16.082348453107738
SMH41409,21.65455300124689
SMH41410,21.900554921333764
SMH41415,25.409617428603873
SMH41416,25.344837318655117
SMH41417,25.395379279377778
SMH41419,26.011980153909487
SMH41420,24.210115689825905
SMH41424,25.68313922606191
SMH41433,16.388740608202074
SMH41434,34.22043500959423
SMH41444,26.106480115237467
SMH41445,32.98621696611456
SMH41467,33.359100000000005
SMH41469,28.316447988597947
SMH41483,11.567919092661004
SMH41484,7.800375484848231
SMH41485,10.248779215019919
SMH41488,28.2999
SMH41491,18.741584866421725
SMH41493,32.492707027778266
SMH41494,32.558117587042474
SMH41508,19.354015478603717
SMH41518,51.91639578130365
SMH41522,30.479922934479863
SMH41526,31.430509464156334
SMH41536,10.6801
SMH41543,21.304704423795044
SMH41546,16.726102998991692
SMH41563,10.068642350438587
SMH41573,18.974261349786328
SMH41588,1.3133862928195956
SMH41601,4.179309613690073
SMH41602,27.5299
SMH41605,22.015021328066446
SMH41610,25.903392141577122
SMH41630,17.12757510884412
SMH41634,13.568944170370075
SMH41637,26.431666503555498
SMH41647,23.35036750265318
SMH41650,1.5489873128227658
SMH41652,22.45424630761739
SMH41656,12.84337034259922
SMH41658,10.604395183762051
SMH41659,21.974063818316857
SMH41662,1.590587878943142
SMH41680,16.3299
SMH41695,18.4401
SMH41696,21.890150354915356
SMH41707,24.937151324865482
SMH41729,1.4497526731813337
SMH41731,27.519876604650097
SMH41732,28.430253585927147
SMH41736,24.449932858407323
SMH41745,1.853964486067984
SMH41747,21.811690266239196
SMH41749,21.00129500037901
SMH41757,23.94027215609359
SMH41767,14.509981735036341
SMH41772,31.12968438352567
SMH41775,26.143935102501015
SMH41783,12.779161138288199
SMH41792,5.7373495374727375
SMH41793,28.9699
SMH41796,2.6015182658984934
SMH41800,8.231859184758385
SMH41801,0.9716138293551898
SMH41825,22.1801
SMH41832,19.44912994002234
SMH41836,18.037094930763523
SMH41837,0.3857682666578347
SMH41838,1.3718782857097886
SMH41846,23.805825382616966
SMH41849,27.197971246792797
SMH41853,20.7301
SMH41862,15.622855963756406
SMH41892,0.0
SMH41899,17.623111364129088
SMH41926,20.1299
SMH41931,38.89694751587146
SMH41937,10.238603470119118
SMH41957,21.07151126247409
SMH41959,14.610244622480007
SMH41966,24.508043493559065
SMH41967,16.4192870479065
SMH41971,16.249928758098882
SMH41974,18.727189826756216
SMH41975,20.030855477878475
SMH41976,23.281777446598497
SMH41983,20.186696366389548
SMH41987,19.962248760464448
SMH41990,19.40433042613058
SMH41999,19.18971691335721
SMH42002,44.93040315678667
SMH42003,29.920403494581972
SMH42007,24.055035014378415
SMH42030,41.062661520886564
SMH42042,27.665989831668817
SMH42048,23.99192782485703
SMH42057,13.650175468654204
SMH42061,6.737930823549852
SMH42063,28.348123102127886
SMH42067,31.86881739600471
SMH42073,21.49506315485193
SMH42074,15.672439481610926
SMH42075,17.190936589575735
SMH42083,22.87567896266807
SMH42086,64.85286145936641
SMH42092,20.657524686362233
SMH42099,26.77938033446694
SMH42100,9.079978108123473
SMH42104,26.114638121027518
SMH42109,16.097837345402944
SMH42117,16.939013451842566
SMH42127,8.633278224137074
SMH42134,28.88066477996683
SMH42139,18.0199
SMH42165,13.1580152003934
SMH42171,17.664307748140395
SMH42173,16.876070012833168
SMH42182,14.44161965662107
SMH42195,22.270349156373523
SMH42196,24.200680167161714
SMH42200,21.311154657357086
SMH42218,40.67234806365971
SMH42223,18.8801
SMH42230,12.542945712939513
SMH42245,19.219791523303954
SMH42250,3.544071143419501
SMH42252,19.02737810532421
SMH42253,0.6406925682017413
SMH42254,12.123497208197048
SMH42258,0.0
SMH42262,0.0
SMH42269,13.951587398490991
SMH42279,21.853674611943866
SMH42280,21.520837192333403
SMH42286,15.0101
SMH42295,56.36084204474517
SMH42302,14.54029033089419
SMH42312,37.805439853371375
SMH42313,27.64045406112004
SMH42315,58.778051628844125
SMH42317,21.075852852184614
SMH42318,22.582958236695934
SMH42327,30.989417658331124
SMH42331,48.78784417407761
SMH42337,12.596387117082903
SMH42342,16.15225264586832
SMH42348,4.324434170725368
SMH42349,4.219048524653376
SMH42370,19.978015411446748
SMH42371,16.9401
SMH42375,20.50735684755082
SMH42379,12.296767146478848
SMH42397,15.361904030034928
SMH42411,32.47730560861683
SMH42415,45.0101
SMH42429,17.880486309920876
SMH42439,11.05612742410469
SMH42440,1.8946991963999849
SMH42441,3.526156270313887
SMH42445,0.6518388798242409
SMH42449,2.6024670473690357
SMH42453,41.57097034522312
SMH42457,15.870508365782559
SMH42461,11.981482739119235
SMH42465,24.635134532745564
SMH42473,18.679976092725834
SMH42474,27.146007897363965
SMH42489,13.025902680002526
SMH42490,14.72696620029543
SMH42495,20.40038603379359
SMH42496,20.453208385258595
SMH42499,18.3999
SMH42501,11.545576996799861
SMH42506,2.2989796843374624
SMH42513,15.063570133910334
SMH42517,21.365144001355894
SMH42528,22.197154244483343
SMH42533,11.118817450371743
SMH42534,19.772920099436256
SMH42547,27.90417451523492
SMH42548,19.275627090260812
SMH42554,15.27110833388738
SMH42563,41.94089191346517
SMH42566,7.16241251535541
SMH42601,26.5601
SMH42603,14.127645233234134
SMH42608,18.71036161643995
SMH42625,14.304290684840087
SMH42650,20.85437334696482
SMH42653,1.126652293293172
SMH42672,1.6236462774282332
SMH42701,0.0
SMH42718,2.25321636380973
SMH43121,20.092340831537676
SMH43133,31.57698332355558
SMH43134,15.06751749389732
SMH43154,15.95279928914724
SMH43160,25.296397181938524
SMH43178,26.365345239697874
SMH43182,19.420831361989148
SMH43381,1.3252517975773785
SMH43387,1.547141654418846
SMH43414,17.45125457358052
SMH43441,1.380549003822813
SMH43625,0.8269101877331404
SMH43634,5.063873627591555
SMH43641,20.101493100066648
SMH43642,17.445878570509993
SMH43651,14.242055146620709
SMH43656,16.77492392353867
SMH43657,0.911738725769797
SMH43679,0.8321568661153989
SMH43690,17.63692165924996
SMH43703,37.8301
SMH43709,18.93413228334437
SMH43713,26.351671031444127
SMH43726,1.0116857044789898
SMH43729,23.52089207738161
SMH43755,5.164110763240423
SMH43762,1.3871450283928328
SMH43765,3.859995029733258
SMH43767,7.037813674345406
SMH43858,14.957372512881394
SMH43909,10.030270270525728
SMH43960,2.1257822793104517
SMH43962,2.5871684389255254
SMH43976,14.623348121750187
SMH43981,10.328465217983954
SMH43982,19.299424574892285
SMH43986,35.0101
SMH44000,12.954645928120195
SMH44006,14.501235829436087
SMH44008,8.638758509834092
SMH44011,44.285493768811335
SMH44014,14.46398435968944
SMH44017,13.568178008891199
SMH44018,12.693656582772707
SMH44019,31.8999
SMH44032,13.34313216032485
SMH44040,8.1833470695318
SMH44041,10.190204174049116
SMH44043,17.7201
SMH44050,14.715679625632006
SMH44067,30.5501
SMH44070,10.003204273231503
SMH44072,9.032792404631317
SMH44078,11.552567181809424
SMH44080,14.152622429727447
SMH44084,19.52025993271755
SMH44094,12.760001068622266
SMH44104,14.000670134454184
SMH44107,32.83156297989627
SMH44108,37.0553816166885
SMH44109,12.652458819844743
SMH44112,9.321817272108008
SMH44124,15.350328521505203
SMH44127,24.42195569318471
SMH44128,13.0801
SMH44138,16.510596771720394
SMH44165,20.570205411050182
SMH44166,17.364662897006983
SMH44194,19.528621418787957
SMH44223,21.14050630913887
SMH44238,16.49398670097025
SMH44257,30.0001
SMH44282,34.83388332259885
SMH44283,33.571472775161496
SMH44287,31.978572155447807
SMH44292,12.315200916509815
SMH44295,26.535242397258823
SMH44298,13.065446140520303
SMH44333,11.744719920981531
SMH44335,20.481937392809435
SMH44342,28.383907301222955
SMH44373,13.8401
SMH44374,28.94351734977521
SMH44379,17.900713258062183
SMH44380,29.363144199713624
SMH44380o,18.69258274350804
SMH44382,33.7301
SMH44387,33.3770515981429
SMH44392,20.0401
SMH44394,22.13234968233487
SMH44396,24.030355375177606
SMH44397,32.584997839885986
SMH44400,14.690419017515808
SMH44414,20.113010121726404
SMH44415,19.951140694812597
SMH44432,17.69861899445234
SMH44433,14.083784817702028
SMH44434,20.97010404478273
SMH44437,26.026768939395527
SMH44442,43.81165950680406
SMH44449,28.51331198312743
SMH44452,15.89627185426015
SMH44461,19.0101
SMH44462,24.81415089322684
SMH44463,28.536799264898004
SMH44465,12.661686749505469
SMH44467,12.571574928077316
SMH44475,40.18252424581496
SMH44486,27.1501
SMH44491,20.871119432542258
SMH44498,14.651365273593031
SMH44501,19.790164468034625
SMH44502,16.818234168159705
SMH44514,24.0301
SMH44519,35.679899999999996
SMH44528,6.7272899926767735
SMH44545,13.360145972304359
SMH44556,14.95030463767922
SMH44572,10.738148381014724
SMH44590,19.49167942834606
SMH44601,23.5299
SMH44616,14.6601
SMH44617,21.450895763656476
SMH44618,21.865377852175136
SMH44619,29.14661397338147
SMH44633,29.47980917207164
SMH44640,26.52567030855517
SMH44646,8.844117803499252
SMH44658,12.458940645354785
SMH44659,28.277209008330335
SMH44678,13.8899
SMH44681,13.9901
SMH44682,12.99011299030208
SMH44714,20.18384356308941
SMH44723,29.07634146652775
SMH44725,29.385952047056186
SMH44733,27.290788383954766
SMH44738,14.758991973290959
SMH44744,16.5716203749142
SMH44745,17.578426797885264
SMH44755,14.716216017073538
SMH44756,22.24767120155508
SMH44765,11.08769580466416
SMH44772,16.054880044448808
SMH44801,15.089596270945595
SMH44823,18.120299084873302
SMH44824,17.760023234985354
SMH44825,17.095473809946995
SMH44832,32.344248775403805
SMH44864,3.438495638865077
SMH44866,20.2601
SMH44894,37.259899999999995
SMH44902,6.283159604388181
SMH44903,2.8453687888353865
SMH44906,16.69220810636822
SMH44910,19.816008753193554
SMH44936,18.7843356091722
SMH44946,12.911041070780996
SMH44967,23.707780483678924
SMH45023,15.597734275071188
SMH45052,16.78032166670583
SMH45054,12.996408212355803
SMH45055,17.882727845310658
SMH45065,4.530386479060403
SMH45084,20.6101
SMH45105,31.919492575226748
SMH45108,43.21001047356819
SMH45128,28.45139372905114
SMH45148,15.998480860943257
SMH45150,19.121469409371457
SMH45163,16.499464132598085
SMH45173,22.88132448863643
SMH45179,12.622029852110758
SMH45204,27.412251700737286
SMH45220,12.931112454673876
SMH45237,15.690788205415936
SMH45242,11.68791738517688
SMH45263,8.622205084711899
SMH45280,23.23010315831714
SMH45281,13.30123654364004
SMH45282,12.20020932191109
SMH45293,18.50335785520147
SMH45298,20.030277808024213
SMH45301,22.500614694817834
SMH45305,22.414806848638086
SMH45306,22.79770938127014
SMH45309,21.81594788545963
SMH45311,17.986339467059224
SMH45312,19.1999
SMH45326,12.07955115676452
SMH45328,41.0801
SMH45333,6.64770041219108
SMH45343,21.896884809933958
SMH45345,24.730350881308823
SMH45350,16.034029402231212
SMH45351,10.399626223964495
SMH45361,19.154663681112446
SMH45362,19.708139013035485
SMH45372,18.46168627738197
SMH45376,12.645769199704535
SMH45379,36.871814274422064
SMH45394,15.603771972318745
SMH45396,11.518561440740214
SMH45406,16.865740902057524
SMH45414,14.786237754469632
SMH45419,13.312967015825572
SMH45425,13.723081046869305
SMH45463,29.3901
SMH45470,11.961137070381739
SMH45476,0.310678314929281
SMH45480,38.96820050733449
SMH45481,28.104624823604446
SMH45484,33.384105844611184
SMH45527,34.88510613627986
SMH45546,32.13069205943522
SMH45547,27.024436664209468
SMH45551,0.850342859553137
SMH45557,34.85716027667972
SMH45562,2.59265864047247
SMH45582,20.4601
SMH45583,28.80635149202446
SMH45589,4.417378434886764
SMH45590,13.961189579073132
SMH45595,23.30090411917888
SMH45606,22.251695950763846
SMH45614,23.087590914307913
SMH45631,20.87448179620667
SMH45632,9.678961130882591
SMH45636,22.771536514397113
SMH45647,31.811779258420895
SMH45652,55.635837886120356
SMH45674,25.928497552153132
SMH45677,28.557337128855643
SMH45700,34.12894773339354
SMH45708,24.220320970532455
SMH45709,28.21138083150192
SMH45709o,28.359165924665295
SMH45714,26.942520433094074
SMH45721,24.9801
SMH45726,30.25032455784979
SMH45732,29.185756613985582
SMH45736,36.63628714650976
SMH45740,31.63025120011484
SMH45745,18.32897979685752
SMH45752,25.519835736467435
SMH45757,24.56489054604976
SMH45768,12.275044679415377
SMH45769,24.365568811621063
SMH45771,9.481774926314191
SMH45775,12.165062707222077
SMH45776,13.540829548737298
SMH45778,11.794053779679322
SMH45782,13.336654633053794
SMH45790,11.450472291947754
SMH45792,45.60709555936908
SMH45804,16.47247484609659
SMH45835,49.11322600425899
SMH45840,11.390794522771433
SMH45849,16.546541616097926
SMH45853,30.7799
SMH45855,4.3440564485282325
SMH45866,24.564469246494944
SMH45868,25.534039114341205
SMH45874_2,19.586396365255936
SMH45885,29.801786579220575
SMH45887,16.996488806386612
SMH45888,15.869094213216645
SMH45901,22.6572988092206
SMH45906,3.7062368280186515
SMH45925,21.578196778051016
SMH45926,21.73183251672949
SMH45946,17.723561959838605
SMH45951,5.374653617908203
SMH45959,25.278750677219755
SMH45964,5.303990088537786
SMH45969,5.6431690873532006
SMH45980,10.301227874415225
SMH45981,9.647627970653183
SMH46003,40.91246358279816
SMH46004,1.4734258126326312
SMH46012,5.108693545379106
SMH46013,10.52836188207391
SMH46031,5.593722949365781
SMH46038,9.460298918513091
SMH46048,19.94933402270769
SMH46053,8.620827282190536
SMH46054,4.57085751605357
SMH46060,7.0820895145311455
SMH46061,21.580269834384538
SMH46073,6.291040206757947
SMH46074,43.281930347644916
SMH46076,4.731117035360146
SMH46080,4.775824665621597
SMH46082,17.959350120660716
SMH46083,21.835378284149236
SMH46091,24.553024933307327
SMH46094,22.571635435421186
SMH46104,24.08170594623332
SMH46105,16.000298873165146
SMH46107,6.815605306886534
SMH46110,12.969589097957407
SMH46113,12.207387457120502
SMH46122,14.995346191648972
SMH46129,21.521059954667603
SMH46134,4.63156990355107
SMH46138,9.844621618289763
SMH46140,16.724510431926163
SMH46162,14.797638018456569
SMH46169,18.2750447272505
SMH46177,12.009560677052727
SMH46186,20.922219736760383
SMH46192,22.293126059176714
SMH46199,19.950235325318825
SMH46214,5.397692902663995
SMH46215,4.614590376000092
SMH46218,12.039595603238528
SMH46221,15.3401
SMH46227,25.66582978148439
SMH46238,33.10014843894699
SMH46244,23.598160228991482
SMH46245,21.562079933618026
SMH46247,26.667174517073992
SMH46254,12.468385676632252
SMH46256,26.427846296525274
SMH46265,21.40595961204553
SMH46272,21.029530918818764
SMH46273,14.112505822038719
SMH46277,17.94119307491718
SMH46281,3.667055168129008
SMH46302,8.759192634115935
SMH46470,33.60604146191266
SMH46475,17.441860380892948
SMH46578,31.701369013754864
SMH46591,24.081121677549113
SMH46600,30.757331243386666
SMH46609,25.391099999999998
SMH46622,9.93471823800212
SMH46627,15.264869190015354
SMH46631,14.275811091619506
SMH46632,14.659964407753561
SMH46634,32.22891482927999
SMH46637,29.504173890915823
SMH46643,19.7799
SMH46644,21.410910541371187
SMH46647,29.020692824680822
SMH46648,32.887143676266064
SMH46653,20.074561052085514
SMH46660,17.34646199625505
SMH46661,12.992816098543386
SMH46669,27.410869418723582
SMH46672,25.342642307901308
SMH46675,15.376448445951752
SMH46676,17.7099
SMH46682,17.021556098924034
SMH46688,52.72812443453323
SMH46693,13.623291397397454
SMH46710,22.72870051716814
SMH46712,21.879833805411252
SMH46714,19.983189391770672
SMH46717,25.27977543494692
SMH46721,8.89198137032064
SMH46727,8.095865514277198
SMH46729,39.240648836633866
SMH46736,18.0751
SMH46745,7.653019184842547
SMH46746,7.926904337205865
SMH46749,25.50783967519765
SMH46756,23.504310544769545
SMH46769,19.85786528497937
SMH46770,20.595415688705465
SMH46771,21.459202797976793
SMH46772,22.082763404294738
SMH46773,13.497330508957202
SMH46774,19.605325811461764
SMH46779,32.32471095566724
SMH46780,32.7835583793983
SMH46781,26.362584713629477
SMH46784,27.184763861521976
SMH46786,28.619870045862353
SMH46793,17.77127063379993
SMH46800,18.946750288838906
SMH46801,32.655638674428374
SMH46806,29.86275098007962
SMH46870,25.48042675319791
SMH46901,35.57909704852967
SMH46902,29.197226927116766
SMH46908,10.500196467510921
SMH46909,3.941050862107205
SMH46910,7.7409980607785736
SMH46911,11.700123876683385
SMH46917,33.9343446310769
SMH46921,11.972710358842324
SMH46925,4.9230482043099135
SMH46939,21.420963232520535
SMH46943,36.39744239783708
SMH46944,20.234877933791864
SMH46952,20.688019576634154
SMH46965,3.1724101832232607
SMH46968,21.385266361616477
SMH46986,3.849094486742226
SMH46987,3.853263694817419
SMH46988,0.9314943933514632
SMH46990,0.31643438928058343
SMH46995,30.284565427211398
SMH46996,20.933733088127106
SMH47004,28.005523242679228
SMH47009,28.528234763093536
SMH47019,34.45275343065367
SMH47043,18.899180391070114
SMH47045,0.13935975407688272
SMH47048,17.011055606825863
SMH47061,23.174235551940335
SMH47066,23.297128417122785
SMH47068,14.830734305780485
SMH47077,18.36935786997002
SMH47078,24.495244962267304
SMH47085,15.31481615594728
SMH47095,3.2671481627515475
SMH47109,26.137692803078465
SMH47110,33.34327237293422
SMH47115,12.375206854593483
SMH47116,16.902043882064618
SMH47118,35.07974711669588
SMH47121,15.997407165263418
SMH47135,26.81909474475632
SMH47138,9.60590348376952
SMH47152,1.7844787973564884
SMH47157,25.334953767041473
SMH47158,0.9196632575634127
SMH47161,26.34774784038616
SMH47169,29.742874496185607
SMH47170,30.93305571006879
SMH47188,30.1399
SMH47193,19.71357498252838
SMH47199,29.589924610816304
SMH47201,12.490198758573797
SMH47204,4.835669473903017
SMH47207,16.969174116262796
SMH47215,1.4172401332432996
SMH47221,26.52801062834657
SMH47229,0.8275800963366666
SMH47230,14.560188672459418
SMH47239,10.472844589692944
SMH47250,44.167877985317254
SMH47256,16.428517963245184
SMH47261,17.519574649441527
SMH47265,0.9107702198622403
SMH47272,5.21027358453801
SMH47273,1.4855799378229348
SMH47278,16.180354713684217
SMH47286,17.010756925304715
SMH47290,3.986162532408727
SMH47296,1.308042069760382
SMH47309,29.82630759365948
SMH47313,29.88953493074323
SMH47317,31.37389326495184
SMH47328,4.512891082510411
SMH47344,0.6476386678713577
SMH47349,28.880034281584955
SMH47355,13.916075646376221
SMH47365,9.773330488780575
SMH47366,11.84146192108015
SMH47367,9.9401
SMH47372,10.215302346370684
SMH47373,4.6516558664975705
SMH47391,15.243490410180948
SMH47392,15.430120362871552
SMH47394,20.90165788655253
SMH47403,9.6801
SMH47404,8.801747276714895
SMH47406,23.488958172193858
SMH47407,11.470192623055304
SMH47423,11.127802116061327
SMH47438,15.30997432589465
SMH47440,20.240586565687593
SMH47449,16.82022279199123
SMH47463,7.261557822721884
SMH47467,9.479481043814728
SMH47473,15.170930250052965
SMH47476,0.0
SMH47477,1.1249131273613564
SMH47480,5.762189725694873
SMH47488,8.124651557124503
SMH47489,29.172687569801365
SMH47502,30.71888145458906
SMH47503,20.405940559051192
SMH47509,20.88898353827281
SMH47515,23.322495297868855
SMH47527,12.73748478705578
SMH47533,16.560810104310093
SMH47534,23.839420064541294
SMH47562,8.777792009804315
SMH47570,11.009182255747186
SMH47579,30.997131236617367
SMH47582,17.086850632746327
SMH47588,16.260267199869936
SMH47604,13.655072317489239
SMH47608,11.772567152550293
SMH47614,17.325938865707784
SMH47632,38.54477033329261
SMH47636,12.529506837632361
SMH47637,16.255228596662004
SMH47653,11.348021590734836
SMH47656,10.086673022690098
SMH47660,3.299509080984869
SMH47662,3.4767327894186
SMH47666,4.182234408981424
SMH47667,4.038667974022324
SMH47670,19.300137711895
SMH47679,17.411386678188073
SMH47681,18.80006772817579
SMH47685,17.537336960648744
SMH47690,2.3525808528682433
SMH47691,31.572827198915007
SMH47692,30.570959046389596
SMH47696,18.768258232725426
SMH47697,22.760975612322415
SMH47698,20.1499861698939
SMH47699,21.37046839194952
SMH47701,18.6899
SMH47711,13.514645652591874
SMH47714,7.650665421321936
SMH47722,9.229243936533214
SMH47725,13.1101
SMH47727,22.141396664938178
SMH47729,16.41629229170605
SMH47730,18.84039488932462
SMH47735,13.6301
SMH47738,23.30724376676048
SMH47739,24.72624803804098
SMH47743,33.31684470393196
SMH47744,24.976277755303897
SMH47749,5.508217221361287
SMH47752/54395,25.740969510105984
SMH47755,13.940786535563248
SMH47765,13.211018811535565
SMH47767,22.951750001415277
SMH47774,15.362895997357153
SMH47788,5.9219279977363115
SMH47791,19.8401
SMH47800,13.515949556757185
SMH47801,0.8645263398018499
SMH47807,5.663406200916753
SMH47809,14.742681882296495
SMH47814,16.583025979289623
SMH47823,33.82536731434639
SMH47839,22.641878272096083
SMH47841,32.8422070360778
SMH47845,2.433046493397213
SMH47864,6.310719339885669
SMH47870,29.941741653799266
SMH47873,17.120508581370714
SMH47882,4.943624129114381
SMH47897,12.020503639488686
SMH47913,12.251655626797431
SMH47920,14.10567243458823
SMH47925,15.972620538591793
SMH47926,9.883602297193429
SMH47930,16.023566430494082
SMH47931,15.18041980872728
SMH47932,15.528409157156554
SMH47943,18.70180158119814
SMH47945,17.4
SMH47946,19.873207270454515
SMH47948,22.508832881253674
SMH47950,13.136658605954105
SMH47952,16.81888105221384
SMH47960,20.476227734327416
SMH47969,14.073127272387351
SMH47971,15.150717218776869
SMH47986,14.720107073851352
SMH47988,12.802556713360234
SMH47990,12.99206681433068
SMH47992,12.33355837722885
SMH47993,15.478409491209279
SMH47996,16.010077352309196
SMH47999,14.023697700306101
SMH48002,12.586624092476388
SMH48006,30.918576107154372
SMH48012,16.69705187807262
SMH48013,16.203888787082903
SMH48017,27.84024507740095
SMH48018,10.9235270771566
SMH48019,18.479388708591276
SMH48021,17.610925266012664
SMH48022,23.043963428010862
SMH48024,25.635665346499955
SMH48028,25.506614991331492
SMH48032,42.01056571427221
SMH48037,21.208385809056466
SMH48046,8.936023650513569
SMH48048,8.488970732374586
SMH48049,10.145627107490654
SMH48052,20.298248639027175
SMH48065,9.79725641343208
SMH48068,9.687922958377928
SMH48077,19.316241852811
SMH48078,19.068360939012603
SMH48079,17.289411230266168
SMH48082,25.639531479613822
SMH48089,32.200100000000006
SMH48093,21.480156777200236
SMH48099,11.309631040794798
SMH48105,24.334066635046486
SMH48124,22.790765264691032
SMH48132,23.690363536442362
SMH48164,27.089122132046384
SMH48167,18.089322217525584
SMH48177,27.39059686521175
SMH48189,27.6079540826643
SMH48197,8.907351411838782
SMH48203,32.98625229601221
SMH48211,14.220370248006574
SMH48222,35.27341933326077
SMH48225,27.203497453210023
SMH48233,48.091937367513
SMH48241,26.7399
SMH48244,14.503130261295412
SMH48247,43.623980638834446
SMH48252,11.444496746645061
SMH48255,9.837883104214578
SMH48272,1.0712385313014834
SMH48277,22.406827235398858
SMH48283,18.719546789183173
SMH48284,11.768674285270087
SMH48285,14.840869716219402
SMH48289,22.3401
SMH48302,12.731751117967665
SMH48304,14.961292721004629
SMH48306,26.057567428783365
SMH48308,1.3173614854048301
SMH48322,20.038566186224756
SMH48328,0.8053111922691731
SMH48330,15.852503926885568
SMH48332,25.205372334674244
SMH48344,0.9714297988801359
SMH48350,15.910171633587847
SMH48358,1.8270901107659
SMH48360,19.263192184973327
SMH48364,6.099699192975024
SMH48365,17.70700971048394
SMH48367,14.760375920374244
SMH48387,7.343543413964376
SMH48388,8.35572255115398
SMH48389,0.0
SMH48398,21.983707449165678
SMH48414,17.436293673173648
SMH48415,18.066236227091956
SMH48419,8.845825714730635
SMH48420,0.6494741459215163
SMH48424,22.1799
SMH48433,12.624669302493698
SMH48442,10.964697592165058
SMH48445,12.552372539931943
SMH48446,13.43390244916732
SMH48448,10.581136306236456
SMH48449,23.804582506810696
SMH48450,21.60838302055922
SMH48456,16.546432007424166
SMH48459,19.129919619522326
SMH48464,12.3901
SMH48468,27.0301
SMH48481,33.341203857973234
SMH48482,1.1391085356118733
SMH48491,32.00981015871339
SMH48518,22.35246836175007
SMH48520,6.168730634866242
SMH48521,23.701976989687388
SMH48522,18.98505030141274
SMH48529,18.98116034738534
SMH48539,20.64631848538896
SMH48553,13.944168019717305
SMH48564,17.831531407702798
SMH48570,18.640178005219205
SMH48572,20.989641767470513
SMH48574,17.4301
SMH48575,21.141261356780323
SMH48582,17.42119554545414
SMH48614,13.4201
SMH48626,15.801336322417491
SMH48628,19.3985501950091
SMH48632,8.987160040586739
SMH48634,14.880280171989511
SMH48636,64.9053298142274
SMH48640,11.99025706788748
SMH48653,21.010295215934406
SMH48660,11.698658507666268
SMH48672,19.640858237950404
SMH48675,22.310134954707728
SMH48678,17.438763608566717
SMH48679,20.315185800981283
SMH48680,27.021768165108032
SMH48690,0.0
SMH48697,28.6099
SMH48702,15.9401
SMH48710,28.370252708282393
SMH48711,19.350134384166537
SMH48712,10.670310769993286
SMH48713,42.16209344747115
SMH48731,13.33046050326102
SMH48742,20.85590888592703
SMH48745,14.252909618558578
SMH48752,23.652309846447945
SMH48757,24.461289950140213
SMH48764,18.981214264048486
SMH48773,27.321986895252667
SMH48776,65.21827827157048
SMH48780,15.890817090786323
SMH48781,15.88719639286613
SMH48795,22.947542526853184
SMH48805,25.3901
SMH48807,15.375897636514761
SMH48809,5.9767447082951595
SMH48828,14.020154876280024
SMH48839,48.68386217239775
SMH48862,19.71217190936536
SMH48865,1.4849167130321779
SMH48878,38.013539058146726
SMH48880,45.715595291471075
SMH48883,17.811535855253375
SMH48884,18.315378707387545
SMH48887,39.179326252762735
SMH48895,15.66054914236328
SMH48899,0.0
SMH48900,1.2426070772483424
SMH48902,11.071626975235468
SMH48904,10.322851659195063
SMH48916,15.804951319831208
SMH48932,25.42168100249818
SMH48933,13.394221881377888
SMH48938,21.020643880882446
SMH48939,14.07477489614818
SMH48940,11.928818300886158
SMH48946,14.21279272331485
SMH48948,13.406679048596523
SMH48949,3.990839446257241
SMH48951,15.000133524758773
SMH48966,20.923789963406186
SMH48989,19.843784005807986
SMH49002,14.768086469493587
SMH49003,14.955309814166949
SMH49005,13.609350676604311
SMH49008,14.401696526306495
SMH49009,17.610925984402947
SMH49010,23.445179053440413
SMH49011,56.64764295348154
SMH49018,8.51395542812269
SMH49023,11.478870395357882
SMH49026,13.35172137890879
SMH49036,17.47461205894488
SMH49037,32.01263579700383
SMH49046,11.311658808642626
SMH49049,24.485569858796705
SMH49050,7.208812179653306
SMH49051,7.6122702681416055
SMH49053,13.456522295025966
SMH49056,19.561160182716872
SMH49065,0.43532163003367913
SMH49068,1.6575409176172176
SMH49071,0.8646208286521273
SMH49072,1.2755994367591392
SMH49076,2.676755916097526
SMH49087,26.537803086743054
SMH49091,10.30127568495548
SMH49105,12.166739170956054
SMH49111,25.335157421162364
SMH49115,16.191939624716092
SMH49116,14.607534868882752
SMH49123,10.7201
SMH49131,14.332627554166608
SMH49139,19.947959091406638
SMH49142,12.345769562797578
SMH49151,12.37934833828942
SMH49152,21.04021369583279
SMH49163,18.271044065825457
SMH49187,12.640626735230938
SMH49188,11.730566281553878
SMH49202,18.3038153837626
SMH49235,27.002519419736394
SMH49240,17.086516773224496
SMH49262,22.287353353494996
SMH49270,15.57272866966916
SMH49308,36.249905281257014
SMH49323,22.2901
SMH49735,20.423841197861506
SMH49736,15.403938824886328
SMH49738,23.556906892034156
SMH49751,16.315792369843898
SMH49759,13.51553740105355
SMH49764,19.67439085968011
SMH49766,16.801820318286104
SMH49771,29.8701
SMH49780,17.999182094680258
SMH49843,0.699315610342388
SMH49936,19.864402262417677
SMH49941,11.195094367779372
SMH49956,2.222345729287224
SMH49962,9.887565829558298e-05
SMH49987,14.934708682659377
SMH50012,17.5670429099652
SMH50020,8.472028565530152
SMH50060,18.53073754719564
SMH50250,1.340501501784923
SMH50287,14.948948201656883
SMH50293,1.7593177261441837
SMH50295,3.077929424024998
SMH50309,14.046660882856347
SMH50316,13.550302479926762
SMH50321,0.6761941208067126
SMH50325,4.949412970066336
SMH50334,15.92148245771605
SMH50339,1.43844084929622
SMH50343,24.305967217413627
SMH50346,20.3099
SMH50354,14.276878619850283
SMH50368,2.9276790674220026
SMH50371,2.4558519674616868
SMH50378,1.1140922327801988
SMH50399,1.2718205705168835
SMH50404,3.7498631915048755
SMH50405,14.052584452510002
SMH50426,49.569452695223816
SMH50464,1.489797300167175
SMH50491,4.690478712665713
SMH50557,0.0
SMH50560,0.0
SMH50563,0.8353962729335482
SMH50580,2.5608641113028616
SMH50591,15.35990788896066
SMH50593,19.12306056894164
SMH50595,32.40576701148178
SMH50596,9.006785887171464
SMH50597,10.347978953319483
SMH50614,15.671147251295727
SMH50620,4.768033810406653
SMH50623,16.202083408444985
SMH50625,7.612229174537684
SMH50626,3.719576397128354
SMH50630,5.480172154706385
SMH50633,4.230907061443295
SMH50651,12.572688918316429
SMH50654,22.58088091453736
SMH50655,17.721769191529003
SMH50660,13.685835353981103
SMH50661,13.19791525245608
SMH50674,28.9299
SMH50678,8.768447961519552
SMH50679,22.3001
SMH50682,9.929476659939573
SMH50685,8.275358073541975
SMH50688,16.216009877484115
SMH50701,16.473150090807735
SMH50702,40.07594173387158
SMH50704,17.04187466797505
SMH50726,22.256746092495284
SMH50747,20.47688455284412
SMH50795,13.7139141568347
SMH50796,14.74515905887958
SMH50803,11.639866788921339
SMH50809,20.1601
SMH50810,22.9623106055505
SMH50811,21.407611038767385
SMH50815,15.803947978613685
SMH50816,17.933477916303552
SMH50820,30.449264043147053
SMH50830,13.168390317008916
SMH50833,18.0399
SMH50869,19.0001
SMH50870,28.912768261841727
SMH50874,11.862313367136009
SMH50877,26.081979278966365
SMH50896,15.15385276029049
SMH50900,15.134034814079131
SMH50917,31.826603555587482
SMH50933,20.428549440022643
SMH50958,16.471787016566452
SMH50964,13.5388950269422
SMH50972,20.482058282255633
SMH50978,15.590215132841871
SMH50981,32.96191895239166
SMH50982,15.361964806522447
SMH50983,16.720940822438322
SMH50991,25.471899589081893
SMH50992,21.900479298392064
SMH51000,33.195897065175615
SMH51001,18.4301
SMH51005,17.290286875718472
SMH51010,19.451949979019524
SMH51018,12.181545959825073
SMH51019,18.17741337253001
SMH51025,13.790221595161308
SMH51026,23.761002841682753
SMH51029,15.553941295739499
SMH51036,30.81632030715244
SMH51051,25.161533586116693
SMH51053,15.9201
SMH51061,35.469899999999996
SMH51065,38.380100000000006
SMH51073,26.12196375162378
SMH51076,39.985047149373145
SMH51080,18.86527725381353
SMH51090,18.96806466816446
SMH51108,12.040957510892529
SMH51111,20.55637718707645
SMH51112,15.255106021137161
SMH51126,11.85850098173464
SMH51137,13.720110545834267
SMH51138,15.951444471781237
SMH51140,13.344770412348531
SMH51142,12.964809978165057
SMH51143,14.100213381347373
SMH51144,36.56816299039261
SMH51156,24.54066591604647
SMH51161,15.635992925048695
SMH51162,15.27426134754241
SMH51170,12.971898694816144
SMH51185,11.021572089923177
SMH51193,12.701579507430122
SMH51202,19.506035626915857
SMH51203,17.65128163953429
SMH51204,13.136595683356733
SMH51207,21.9299
SMH51208,31.15033529123437
SMH51242,15.634332568491374
SMH51246,17.39139030885533
SMH51254,13.471370063005168
SMH51260,13.342210279316078
SMH51261,14.68702935995254
SMH51300,29.018132370418584
SMH51305,11.274856774976882
SMH51309,8.135493960618213
SMH51316,20.759256723988916
SMH51325,22.032093947084768
SMH51332,19.223243817411543
SMH51335,15.363056476116913
SMH51345,14.440981782732319
SMH51355,27.77966527769721
SMH51367,21.08064922230649
SMH51368,17.816541134672367
SMH51370,13.594331588263483
SMH51373,17.65257061965985
SMH51380,18.96456692271272
SMH51402,17.700298356638804
SMH51403,16.925295917393854
SMH51412,27.630740749965163
SMH51416,20.94012781580485
SMH51423,20.5101
SMH51424,4.41044542137749
SMH51425,44.99028079406709
SMH51426,23.741063443843615
SMH51428,29.16442849025455
SMH51442,14.277576758063823
SMH51464,14.037780411145437
SMH51465,7.7567645484996515
SMH51467,2.448802250984339
SMH51475,9.691642771160643
SMH51487,23.18609391183695
SMH51490,13.873342333611568
SMH51498,6.584519053526423
SMH51502,11.089632943613333
SMH51531,44.74844626468724
SMH51576,13.5001
SMH51577,15.790343413502933
SMH51591,2.648629363624356
SMH51597,10.906069051886647
SMH51608,33.6501580923682
SMH51613,14.1601
SMH51626,15.568785199874345
SMH51634,19.2301
SMH51680,36.64654361780104
SMH51688,14.491653050447642
SMH51690,25.245110598795122
SMH51726,23.590444107189104
SMH51729,14.007375399684872
SMH51746,19.368816048690135
SMH51747,9.864301018274409
SMH51756,30.0099047210722
SMH51764,18.891973233236406
SMH51820,8.38831006480381
SMH51834,0.342395277370139
SMH51842,16.820253929508738
SMH51864,16.770201512408825
SMH51879,60.44335791881644
SMH51892,10.917784806693062
SMH51894,3.3451108660647213
SMH51902,20.28872682895046
SMH51903,15.40061781394452
SMH51909,39.85871707212986
SMH51912,45.64787795779343
SMH51915,29.818818068565804
SMH51925,25.45623036936002
SMH51952,28.970847922491274
SMH51955,21.869167240233214
SMH51956,16.628458242951027
SMH51960,29.120647208544383
SMH51963,16.368023678097153
SMH51977,11.283476804220573
SMH51978,15.658641795434477
SMH51995,14.100538801326014
SMH52026,10.422631795125689
SMH52028,51.11836061797037
SMH52030,11.050679205146494
SMH52091,26.035234643633988
SMH52105,34.5147180000544
SMH52111,28.145018088835933
SMH52112,22.373170289478082
SMH52115,24.229808107645248
SMH52128,13.950333633095955
SMH52129,21.660438634359622
SMH52130,41.40111148251272
SMH52144,13.01770184853995
SMH52149,3.9121405606295396
SMH52152,19.3699
SMH52153,1.3715198306747514
SMH52161,19.001839450144764
SMH52168,24.3201
SMH52180,16.466588488056782
SMH52183,31.538038061956556
SMH52184,9.32548929036522
SMH52193,53.84911969291194
SMH52202,18.452265305239628
SMH52211,54.21652069988859
SMH52216,25.069051173112026
SMH52251,31.056162091296756
SMH52259,30.4503137704856
SMH52260,17.660583885547513
SMH52263,20.243441192122376
SMH52272,28.999382875826576
SMH52273,26.11755910508828
SMH52282,26.913976772767615
SMH52287,25.360405089739317
SMH52291,30.100672236019758
SMH52298,23.083444269109677
SMH52316,19.771763738261363
SMH52329,23.810036869990487
SMH52332,1.6494623527263998
SMH52333,15.500493742170153
SMH52334,26.969844929160786
SMH52335,13.101610151370387
SMH52342,11.562728159277714
SMH52344,24.596220058222425
SMH52346,21.439993721334112
SMH52352_2,8.909867240503445
SMH52353,17.997141865332857
SMH52355,11.85866596645483
SMH52358,26.2299
SMH52359,73.76658483461927
SMH52372,35.0001
SMH52376,17.392768421926867
SMH52377,0.6135911864444332
SMH52381,14.638919650478465
SMH52382,30.89500658641234
SMH52393,21.197587726642624
SMH52394,17.670118121609853
SMH52408,16.907044427628385
SMH52411,18.872479503781975
SMH52412,26.554104036079785
SMH52422,24.75133748912103
SMH52424,24.197425545422842
SMH52428,30.3201
SMH52432,30.89019766780445
SMH52441,22.58106278424861
SMH52445,35.01099872490076
SMH52446,17.16778060818193
SMH52448,15.866567450486489
SMH52467,15.7201
SMH52470,35.85215643705025
SMH52478,6.048142969099672
SMH52481,6.115787914078612
SMH52511,17.87408973730883
SMH52513,16.219302497968346
SMH52521,28.55843661914249
SMH52529,6.828403039130341
SMH52535,9.00838600403255
SMH52537,10.89005532711226
SMH52549,21.23848211442163
SMH52556,15.380288369915148
SMH52565,14.018020459696636
SMH52568,17.07232345296314
SMH52573,5.056541063173651
SMH52577,17.251470669579934
SMH52579,1.1459183903804266
SMH52582,11.71234180185871
SMH52590,15.988466904085188
SMH52598,12.3099
SMH52601,5.650935099436121
SMH52602,7.866356198932513
SMH52602o,14.336594903063661
SMH52604,2.7442607988338077
SMH52614,6.816124622200221
SMH52620,12.760781967224538
SMH52626,17.942936123222562
SMH52627,4.960763028992951
SMH52629,42.49240344195759
SMH52632,4.569116905497532
SMH52635,4.894752301872957
SMH52642,14.318127522699648
SMH52643,13.780153865663873
SMH52647,13.928938043245395
SMH52648,17.26598864235747
SMH52650,23.7501
SMH52656,22.551059620591463
SMH52662,9.9726548859499
SMH52666,8.226000598232865
SMH52667,5.224582287529336
SMH52676,13.555237076310675
SMH52686,10.381319007969502
SMH52690,14.816062060895007
SMH52693,26.609492190409625
SMH52703,17.39219860884785
SMH52706,20.83966991375474
SMH52712,18.54123675708835
SMH52713,19.05842756775148
SMH52715,18.051842961771044
SMH52719,17.089915931669815
SMH52720,18.336866335529493
SMH52723,16.78666979551383
SMH52732,17.220011162240745
SMH52735,22.429131350092554
SMH52736,15.42645647882836
SMH52737,31.145692613625204
SMH52755,13.204500666339843
SMH52761,21.774149717493415
SMH52762,26.891100703173365
SMH52767,15.060965165992817
SMH52780,10.042804743324108
SMH52784,16.6399
SMH52797,14.919253313114208
SMH52799,12.760938534778841
SMH52800,16.085354006834706
SMH52803,5.537332880950033
SMH52821,19.492159163759645
SMH52825,23.78324874587731
SMH52830,24.909260217404352
SMH52843,13.606376336057
SMH52848,17.3899
SMH52854,18.444091052753933
SMH52859,12.193249260351969
SMH52863,16.04714969964768
SMH52872,12.282143240487198
SMH52873,11.233006066124192
SMH52995,42.22513952049245
SMH53079,16.734895276538495
SMH53081,19.974094608064973
SMH53085,22.07936738317275
SMH53158,13.019574307520102
SMH53159,13.618329171167083
SMH53160,14.982030279045567
SMH53161,17.600974367440237
SMH53162,10.210547710255248
SMH53169,21.669217043627796
SMH53172,1.1198144396963259
SMH53176,25.528504481207378
SMH53189,15.327495593717886
SMH53193,8.750560642519286
SMH53196,16.18077319757458
SMH53200,13.333923040712893
SMH53209,24.10549562613663
SMH53218,19.6999
SMH53224,31.851108022692138
SMH53232,7.542646569559664
SMH53245,26.553663441507297
SMH53252,18.678539485509198
SMH53256,26.724912839637643
SMH53261,16.54614891925772
SMH53267,33.65989999999999
SMH53273,17.75600129471166
SMH53276,55.20849707803268
SMH53278,27.63775753114914
SMH53279,51.04462032387342
SMH53281,15.703483377703574
SMH53286,16.501806908063738
SMH53293,15.13545007454682
SMH53295,17.24065843455012
SMH53299,22.7701
SMH53303,28.7362028684582
SMH53306,17.240205808845502
SMH53308,17.310129747389993
SMH53323,22.906037580007197
SMH53326,28.951907706219906
SMH53334,3.1685539307159254
SMH53335,3.3672224075331987
SMH53343,2.2354997871704683
SMH53361,65.2499
SMH53364,29.975778308049406
SMH53366,14.905930289479457
SMH53370,15.95558021857013
SMH53371,23.571088482887465
SMH53374,27.87281156192882
SMH53375,39.9807069130279
SMH53380,8.7405104856814
SMH53384,19.70967274491681
SMH53388,16.87373254510804
SMH53395,21.5549989552738
SMH53399,12.209668674640772
SMH53404,19.795570226291584
SMH53408,24.939980338350942
SMH53424,38.854783187281605
SMH53494,28.577212158835508
SMH53507,35.586372776795905
SMH53510,18.35212877538773
SMH53511,17.382859262006
SMH53512,11.433805528452899
SMH53519a,20.441850522255592
SMH53530,5.466257770273585
SMH53531,2.9818030647637537
SMH53532,3.7733212656535016
SMH53534,17.15760218666047
SMH53537,22.622267264153567
SMH53547,40.2499
SMH53557,11.285427700253924
SMH53560,19.48653160123002
SMH53562,30.867717004831526
SMH53564,28.553381994548644
SMH53573,35.454115757148685
SMH53577,25.2801
SMH53581,31.371558832898298
SMH53582,20.056343245396082
SMH53583,2.9570817598567
SMH53584,4.154836288594853
SMH53601,24.20759771309059
SMH53602,24.823462580014265
SMH53614,12.024159747193085
SMH53615,36.04667729941818
SMH53620,22.419241731495894
SMH53627,28.204288542345246
SMH53633,18.354390141337365
SMH53643,0.0
SMH53644,35.13278192139939
SMH53654,18.595358072768867
SMH53655,19.77547426568671
SMH53670,1.6427379280648764
SMH53674,21.944628933026365
SMH53675,34.72815044567315
SMH53677,2.991801292957364
SMH53679,11.758448629693381
SMH53707,34.292712299978334
SMH53709,18.094975945326574
SMH53712,37.53210900216589
SMH53717,34.25596135827366
SMH53720,18.763413058517585
SMH53724,22.67034383188816
SMH53726,7.1356299540097705
SMH53734,21.020646626987677
SMH53747,1.2288888091063215
SMH53748,26.53202161079745
SMH53753,20.754657283855146
SMH53755,16.263541597270162
SMH53758,1.0305790625258124
SMH53760,17.73464327834836
SMH53762,1.4858731274444732
SMH53769,15.351068330563983
SMH53780,15.1999
SMH53782,29.01794769002511
SMH53788,0.5264769186414886
SMH53792,1.426826989192461
SMH53794,29.256463976249925
SMH53795,28.11850166569562
SMH53811,13.291696786065437
SMH53821,25.431855903269252
SMH53823,13.636969717742852
SMH53827,33.082269288867295
SMH53845,1.2200820189962924
SMH53847,0.0
SMH53863,1.064795286285982
SMH53882,13.483314750272285
SMH53887,21.72322716144842
SMH53896,1.1069930975186488
SMH53899,23.980475879053834
SMH53902,22.23944530776518
SMH53922,20.48933497512902
SMH53924,25.17175131233569
SMH53932,11.936708026089129
SMH53936,1.3158564927581602
SMH53941,21.00241971276104
SMH53943,3.5039231239816564
SMH53952,1.0984551792442545
SMH53956,20.76627861607056
SMH53966,8.534752370513374
SMH53976,0.25993496561034546
SMH53979,28.002967811992207
SMH53981,23.8001452359405
SMH53994,25.50555963430977
SMH53996,0.4491362858387018
SMH53999,18.379618772385864
SMH54001,34.93015770130407
SMH54002,23.4201
SMH54004,14.720467101444783
SMH54008,27.657037955693703
SMH54011,28.82238913796164
SMH54016,29.265361169787038
SMH54019,28.51729801311959
SMH54032,13.200209319361061
SMH54037,27.607014791953915
SMH54038,8.331458808719475
SMH54048,18.94099283264756
SMH54052,8.435359090583185
SMH54068,3.8218303481328397
SMH54075,7.75375226084202
SMH54076,20.68565408966871
SMH54079,12.060779685478458
SMH54082,16.663288353078443
SMH54083,16.224431747823107
SMH54087,16.383424066430692
SMH54093,4.130752604256777
SMH54097,11.157605505087837
SMH54108,31.960601577748445
SMH54113,22.379303332773247
SMH54117,9.947423831539565
SMH54127,1.7626517255711405
SMH54131,2.914499401905127
SMH54134,17.763842168506237
SMH54136,46.123352003357326
SMH54139,12.047476574693928
SMH54153,13.350112041124145
SMH54155,23.985907671529596
SMH54159,12.111988036778218
SMH54163,20.72882278803113
SMH54173,20.551836674473712
SMH54175,17.499525656162078
SMH54180,10.254712560019286
SMH54185,23.610567772364895
SMH54196,11.420244997408975
SMH54214,14.561094856947213
SMH54230,21.054097463379748
SMH54231,24.51562044333572
SMH54239,15.093972997406956
SMH54244,14.070170480410987
SMH54265,18.654787587845234
SMH54266,19.483063251657946
SMH54268,22.01245416557986
SMH54270,22.13602979301462
SMH54278,25.124274257499323
SMH54286,5.199087733357231
SMH54288,21.35952260091344
SMH54289,8.38365319890417
SMH54290,6.450946746494696
SMH54300,6.457449200182708
SMH54307,9.447752578011718
SMH54310,9.266675561965947
SMH54316,16.571928958924534
SMH54319,28.832737899879344
SMH54323,9.43603227339675
SMH54334,28.36647839449964
SMH54355,22.170144207748027
SMH54364,6.521678411223435
SMH54366,13.389029702003121
SMH54367,21.18771157142848
SMH54368,23.23280634454739
SMH54371,8.308554785319156
SMH54373,25.313964871662936
SMH54376,42.16819023346737
SMH54394,16.62218802635295
SMH54396,21.38113442408698
SMH54398,16.2799
SMH54402,36.399040307138954
SMH54409,15.811152461870153
SMH54415,44.561747561283674
SMH54418,19.859173880722246
SMH54419,10.423027868455408
SMH54421,29.90716352187777
SMH54425,19.066026865764865
SMH54426,19.1401
SMH54427,12.180068511305585
SMH54430,23.957715965850117
SMH54431,23.93043340374424
SMH54438,18.266266036851718
SMH54441,11.979091573399531
SMH54445_2,2.4793740911237894
SMH54447,16.234873422210264
SMH54448,42.33619262823579
SMH54449,25.340749679516232
SMH54450,25.729753112438683
SMH54453,29.765906541711352
SMH54457,19.182293354204887
SMH54458,19.803291325195538
SMH54459,20.140210026844876
SMH54460,22.828210278996348
SMH54465,20.129095027621453
SMH54467,27.181092125242884
SMH54468,21.52557157265758
SMH54471,8.874041007495356
SMH54476,19.534012961176526
SMH54479,19.80451125158547
SMH54483,38.8899
SMH54484,31.896565669189364
SMH54486,20.628950534778255
SMH54492,20.30360615716505
SMH54497,15.252233060376954
SMH54498,15.245456323657827
SMH54498_2,15.236963403737828
SMH54499,70.15822917057716
SMH54500,43.74575695984828
SMH54501,41.86056387112774
SMH54502,47.00612877575148
SMH54503,44.49465414145408
SMH54506,2.441626010147431
SMH54507,27.875023554189724
SMH54510,29.43005150293513
SMH54513,11.528578037455812
SMH54514,31.296137189272496
SMH54515,34.130100000000006
SMH54527,42.14512797767382
SMH54531,44.34010000000001
SMH54532,43.10010590024161
SMH54533,43.7901
SMH54549,18.810960763815906
SMH54552,20.063552319094097
SMH54553,10.6644559382693
SMH54554,36.1509055319855
SMH54555,35.96085627138798
SMH54555_2,35.957714413821364
SMH54556,34.95155432975176
SMH54557,34.39129633148734
SMH54558,35.37070400560682
SMH54559,33.63531497429079
SMH54560,33.34969928425334
SMH54560_2,33.46149532593097
SMH54561,33.370141947139544
SMH54562,32.969194477508076
SMH54563,34.11065067560894
SMH54565,2.4564647685300445
SMH54565_2,3.087152875375657
SMH54565_3,3.202421180020587
SMH54566,26.134229106073363
SMH54568/54569,26.493582804069135
SMH54571,16.831716236953113
SMH54584,7.90718661487503
SMH54586,35.19464898348204
SMH54588,29.340994671969668
SMH54626,27.387245977109615
SMH54647,17.343435998632195
SMH54657,18.991859176009918
SMH54658,19.1899
SMH54697,18.28573242111407
SMH54707,32.38122209955563
SMH54707o,8.943577970222899
SMH54731,22.49030567524177
SMH54738,8.561070798302548
SMH54767,20.665212599190596
SMH54768,30.132110049260202
SMH54775,35.86256272926816
SMH54789,19.038291076774968
SMH54816,20.7601
SMH54825,9.366075870870702
SMH54826,6.654394786182823
SMH54827,24.595753799620745
SMH54828,1.7595717080262263
SMH54829,9.466703618882608
SMH54831,11.812116010202306
SMH54832,11.224794854376382
SMH54833,12.212768705340565
SMH54834,15.03251506629665
SMH54836,24.4299
SMH54837,22.17822823951962
SMH54838,20.50463494756449
SMH54839,17.30364258661041
SMH54840,0.9110751813563436
SMH54842,16.363925930657977
SMH54846,27.81215948346823
SMH54850,26.41458764020001
SMH54851,23.503933272495708
SMH54852,22.948831532825324
SMH54853,27.856189557424827
SMH54854,33.55675988867377
SMH54855,15.09012837245973
SMH54856,11.938656216130335
SMH54857,29.880373301658317
SMH54858,7.076790746642366
SMH54859,7.65785428259112
SMH54860,8.259788064906584
SMH54862,25.909351734185947
SMH54869,0.3502103257949666
SMH54870,15.901242444714413
SMH54879,3.122981177105196
SMH54881,2.7913111303363873
SMH54885,7.2016405057237325
SMH54886,7.447897736216848
SMH54887,8.956726684939238
SMH54888,9.885732321987865
SMH54889,10.328066648948106
SMH54890,10.717915039136956
SMH54891,11.503858514340918
SMH54892,11.676554904396557
SMH54895,15.012260651451076
SMH54897,17.93217516350355
SMH54898,3.7918797216436433
SMH54899,3.911325399497292
SMH54900,17.44421737258821
SMH54901,21.958514966342516
SMH54902,20.086404271393498
SMH54903,19.600378509296345
SMH54905,20.461843539745942
SMH54906,9.71234448969125
SMH54908,21.509478670416527
SMH54909,19.852657374209265
SMH54911,4.273391612896158
SMH54912,4.42272294383476
SMH54917,16.528
SMH54917b,16.638
SMH55204,37.59428026621815
SMH60685,54.727805275626984
SMH61085,27.529656728541852
SMH61885,26.64311446693357
SMH62452,40.08525230645657
SMH62453,71.4305160946611
SMH62463,20.597410977220765
SMH62467,29.447422578969785
SMH62471,30.295469508272923
SMH62476,26.8201
SMH62481,40.56855396361628
SMH62482,35.440253015211695
SMH62488,25.144860606668892
SMH62494,40.85354223497053
SMH62495,42.4301
SMH62496,42.878044781674674
SMH62497,30.549413441152858
SMH62498,26.523445570171674
SMH62505,30.818713682657588
SMH62506,28.1201
SMH62507,21.324659311542042
SMH62516,31.389514351433643
SMH62517,38.11660024038272
SMH62520,30.613533505317616
SMH62522,28.546001192194044
SMH62526,31.58352589224443
SMH62527,43.01972976963781
SMH62538,31.331358532682557
SMH62539,28.445573710846904
SMH62540,30.2199
SMH62541,34.210100000000004
SMH62543,30.513647094046288
SMH62544,37.600160240290386
SMH62554,28.16347978409948
SMH62561,33.60980569322368
SMH62562,42.43398207739325
SMH62563,29.06395135483259
SMH62564,33.001183451791626
SMH62565,29.057255953951703
SMH62566,29.52959142965178
SMH62573,34.15989999999999
SMH62582,41.84010000000001
SMH63889,23.7299
SMH64688,12.4001
SMH65489,7.117900000000001
SMH65492,5.7330095996693675
SMH65493,20.920281755578813
SMH65494,4.58300280132946
SMH65496,4.207742042202007
SMH65497,22.3901
SMH65498,22.65026800903391
SMH65499,23.69013798489376
SOT012601B,2.7643368386656553
SOT012606,22.30316675807246
SOT012608,5.197755296306752
SOT060002,0.28274156143552753
SOT132001,2.4815959775447647
SOT132003,2.8358769852232997
SOT132003X,9.685013355920091e-05
SOT132003Y,4.461396722619818
SOT132003Z,9.832607611315325e-05
SOT135001,2.6157811131842212
SOT135002,2.2893888495594146
SOT135003,2.0060320288914633
SOT135004,2.015418969537114
SOT135005,2.1740606792201778
SOT135006,2.2471795599817197
SOT135007,2.3213578506234898
SOT135014,1.9819001477414244
SOT136001,5.3578463093026265
SOT136003,3.9296196432385555
SOT136004,3.616706257783936
SOT136005,3.2948669723797206
SOT136006,2.9475101072485668
SOT136007,3.9189562137131295
SOT136008,3.5113137309424545
SOT136009,3.3797880069990525
SOT136012,6.847854299090967
SOT136013,0.0005196164129301906
SOT136014,9.941777534550056e-05
SOT136015,5.640011310577393
SOT136018,0.0
SOT139001,6.058851398143489
SOT139002,5.932158998507743
SOT139003,5.792419830000588
SOT139004,5.660808154999595
SOT139005,5.536706436332059
SOT139006,5.381761196911457
SOT139007,6.417172428842516
SOT139008,6.4303441272239885
SOT139009,6.407637456646539
SOT139010,8.706360843413991
SOT140003,6.77636613438925
SOT140004,6.462842322485013
SOT140006,6.211914087815886
SOT140007-ORF,5.363386175414389
SOT140008,5.4719452321662425
SOT140009,5.856371737700628
SOT140010,6.660009358948455
SOT140012,6.615987932414154
SOT143001,2.618569913148831
StAubinDivChamber,7.405559062738105
TUSC-1,15.93
TUSC-2,15.11
TUSC-4,9.931577400098186
VER-1,21.28
VER-10,12.0
VER-11,11.8
VER-13,8.66
VER-2,19.78
VER-3,16.68
VER-4,17.78
VER-5,16.818495939623183
VER-6,18.22
VER-7,19.95
VER-8,13.944351763331849
VER-9,14.5
Violet1,12.276018142700195
Violet2,0.0
Violet3,0.0
Violet4,0.0
VioletForcemain,16.81152634460654
VR02_DS,25.0999
VR10Junction,0.0
VR15_Dam,44.523292457546
VR15_DivChamber,45.529924270780626
VR15DropShaft,60.0001
WILM-1,12.55327116317831
WILM-2,11.903866025075972
WILM-3,10.84548055604341
WILM-4,10.207947549440682
WWMH07315,16.168658125888996
WWMH12014,38.6299
WWMH21172,14.369584686166984
WWMH21237,25.292831571586927
WWMH24985,44.927698686610086
WWMH26674,40.5741
WWMH27725,9.8201
WWMH27774,16.678861931203876
WWMH33408,27.02175253102733
WWMH39964,30.703809636134714
WWMH45100,38.68349989305699
WWMH45541,38.369899999999994
WWMH47390,18.4601
049_DRO,44.35308564192201
050A_RRO,14.153085641921962
101A,8.252085641922008
101A_2,8.252085641922008
102A,13.099000000000046
102A2,14.599000000000046
103A,12.164999999999964
103A2,14.687000000000012
104A,19.115731897927503
105A,11.075304517051336
106A,13.975968209706139
107A/B052,18.05308564192194
108A,6.365799445697803
109A,3.943085641922039
11R-9_D,0.0
21286_OMID_D,0.0
23016_OMID_D,0.0
23116_OMID_D,0.0
23211_OMID_D,0.0
23486_OMID_D,0.0
23555_OMID_D,0.0
24036_OMID_D,0.0
24120_OMID_D,0.0
29936,0.5575959354597716
29-95_D,0.0
3300_D,0.0
34091,0.0
3423,0.7857912652600555
3529_D,0.0
3553_D,0.0
4000_OAK_D,0.0
43_D,0.0
5879_D,0.0
9MD-10_D,0.0
9MD-12_D,0.0
9MD-16_D,0.0
9MD-2_D,0.0
9MD-21_D,0.0
9MD-22_D,0.0
9MD-24-2_D,0.0
9MD-29_D,0.0
9MD-30_D,0.0
9MD-31_D,0.0
9MD-32_D,0.0
9MD-33_D,0.0
9MD-34_D,0.0
9MD-34A_D,0.0
9MD-34B_D,0.0
9MD-35_D,0.0
9MD-35A_D,0.0
9MD-35B_D,0.0
9MD-36_D,0.0
9MD-36A_D,0.0
9MD-37_D,0.0
9MD-38A_D,0.0
9MD-38B_D,0.0
9MD-38C_D,0.0
9MD-39_D,0.0
9MD-39A_D,0.0
9MD-40_D,0.0
9MD-41_D,0.0
9MD-42A_D,0.0
9MD-43_D,0.0
9MD-44_D,0.0
9MD-45_D,0.0
9MD-46_D,0.0
9MD-47_D,0.0
9MD-48_D,0.0
9MD-49_D,0.0
9MD-50_D,0.0
9MD-51_D,0.0
9MD-52_D,0.0
9MD-53_D,0.0
9MD-7_D,0.0
9MD-9_D,0.0
AcaciaRTB_Outfall,2.309575053521548
B001,19.277112821199125
B003A,6.254494576311572
B003B,6.254494576311572
B004,12.97399964766521
B005,4.494888288719835
B006,3.1757994456977485
B007,3.3454282492130005
B009,6.4321436652413695
B010,6.187722975891802
B012,4.241277540110104
B014,3.445968209706166
B015,5.145968209706098
B016,3.210782611463742
B017,7.694584640005246
B018,7.824460907843559
B019,8.647003098845744
B020,9.388904113116496
B021,11.633842247035659
B022,7.426755634522465
B023,12.397396811253884
B024,4.7832235862276775
B025,7.75487713617531
B026,3.283493566474249
B027,2.2083079682319067
B028,3.3564977701993257
B029,4.467228357817362
B030,6.351812827911772
B031,3.532543415529858
B032,4.121347061909773
B033,4.005566238195229
B034,2.7968950026232733
B035,5.072808237145864
B036,8.360283119097517
B038,5.450648412906617
B039,15.04197717733473
B040,3.118488588667333
B041,12.507795612813425
B042A,2.6926284818940758
B042B,2.6926284818940758
B044,4.881694971448496
B045,13.781694971448474
B046,3.7230856419220117
B049,3.373085641921989
B050,10.853085641922007
B054,13.414999999999964
B056/57/58,15.105000000000018
B056/57/58VentIn,15.105000000000018
B059A,5.2816949714484736
B059B,14.481694971448519
B060/61/62,22.625
B060/61/62VentIn,22.625
B063,5.829000000000065
B064,14.925000000000068
B065,16.125
B065VentIn,16.125
B067/68,16.059999999999945
B067/68VentIn,16.059999999999945
B070/69,21.495000000000005
B071,10.199999999999932
B072,19.534999999999968
B072VentIn,19.534999999999968
B077,15.569999999999936
B077VentIn,15.569999999999936
B079,2.689999999999941
B080,12.459999999999923
B080VentIn,12.459999999999923
B081,12.16199999999992
B081VentIn,12.16199999999992
B082,13.184999999999945
B085,12.205000000000041
B085VentIn,12.205000000000041
B087,13.110000000000014
BEA-10_D,0.0
BEI-18_D,0.0
BEI-20_D,0.0
BEI-22_D,0.0
BEI-24_D,0.0
BEI-25_D,0.0
BEI-26_D,0.0
BEI-27_D,0.0
BEI-28_D,0.0
BEI-29_D,0.0
BEI-3_D,0.0
BEI-4_D,0.0
BEI-9_D,0.0
BER-10_D,0.0
BER-13_D,0.0
BER-15_D,0.0
BER-16_D,0.0
BER-24_D,0.0
BER-30_D,0.0
BER-34_D,0.0
BER-4_11R-1_D,0.0
BER-46_D,0.0
BER-5_D,0.0
BER-7_D,0.0
BER-8_D,0.0
BER-9_D,0.0
BirminghamRTB_Outfall,2.04195382969523
BLAT-1_D,0.0
BLAT-12_D,0.0
BLAT-13_D,0.0
BLAT-4_D,0.0
BLAT-6_D,0.0
BLAT-7_D,0.0
BLAT-8_D,0.0
BLAT-9_D,0.0
BloomfieldRTB_Outfall,0.0
BRIT-4_D,0.0
Chapaton_Outfall,9.725663543897213
CUSH-3_D,0.0
DAV-6_D,0.0
DN1087_D,0.0
DN1216_D,0.0
DN1237_D,0.0
DN1240_D,0.0
DN1510_D,0.0
DN16275_D,0.0
DN2019_D,0.0
DN2023_D,0.0
DN2030_D,0.0
DN20323_D,0.0
DN20324_D,0.0
DN20325_D,0.0
DN20327_D,0.0
DN20328_D,0.0
DN20329_D,0.0
DN20330_D,0.0
DN2044_D,0.0
DN2049_D,0.0
DN20560_D,0.0
DN20565_D,0.0
DN20567_D,0.0
DN20610_D,0.0
DN20621_D,0.0
DN20676_D,0.0
DN2220_D,0.0
DN2240_D,0.0
DN2285_D,0.0
DN2305_D,0.0
DN23849_D,0.0
DN310_D,0.0
DN40600_D,0.0
DN40602_D,0.0
DN40604_D,0.0
DN40801_D,0.0
DN610_D,0.0
DN6104_D,0.0
DN705_D,0.0
DN710_D,0.0
DN810_D,0.0
DN850_D,0.0
DN906_D,0.0
DN920_D,0.0
DN923_D,0.0
DN925_D,0.0
DN9290_D,0.0
DN9291_D,0.0
DN9292_D,0.0
DN9293_D,0.0
DN9294_D,0.0
DN9295_D,0.0
DN9301_D,0.0
DN9350_D,0.0
DN9351_D,0.0
DN9352_D,0.0
DN9353_D,0.0
DN9354_D,0.0
DN9355_D,0.0
DN9356_D,0.0
DN9357_D,0.0
DN9358_D,0.0
DN93582_D,0.0
DN9359_D,0.0
DNOF005,0.5836860821839598
DNOF101,1.3904953967760896
DNOF102,2.009999999999991
DNOF103a,2.8999999999999773
DNOF103b,2.8999999999999773
DNOF104a,0.0
DNOF104b,0.0
DNOF106,0.18458918369839772
DNOF108,0.268602213324249
DNOF113,7.523085641921966
DNOF114,9.533085641921957
DNOF116,7.233085641922003
DNOF117,4.20308564192203
DNOF1597,8.303085641921939
DNOF2330,0.0
DON-3_D,0.0
EPNE-14_D,0.0
EPNE-16_D,0.0
EPNE-22_D,0.0
FairviewP28-P31,7.014494576311563
FO_RVSDS_RTB_DearbornHgts_3_D,0.6293399909334264
FO_RVSDS_RTB_Inkster_1_MH2,0.0
FO_RVSDS_RTB_Middlebelt_MH2,0.9357209474296041
FO_RVSDS_RTB_Redford_1_SB,0.0
FRZ-1_D,0.0
FRZ-10_D,0.0
FRZ-11_D,0.0
FRZ-12_D,0.0
FRZ-13_D,0.0
FRZ-14_D,0.0
FRZ-15_D,0.0
FRZ-2_D,0.0
FRZ-3_D,0.0
FRZ-4_D,0.0
FRZ-5_D,0.0
FRZ-6_D,0.0
FRZ-7_D,0.0
FRZ-8_D,0.0
FRZ-9_D,0.0
GASC-4_D,0.0
GPS-16_D,0.0
GPS-20_D,0.0
Greenfield_PS_SSO,0.0
GWK_4030_D,0.0
GWK_4040_D,0.0
GWK_4050_D,0.0
GWK_4060_D,0.0
GWK_4070_D,0.0
GWK_4090_D,0.0
GWK_4110_D,0.0
GWK_4120_D,0.0
GWK_4130_D,0.0
GWK_5030_D,0.0
GWK_5080_D,0.0
GWK_5160_D,0.0
GWK_5243_D,0.0
GWK_5270_D,0.0
GWK_5280_D,0.0
GWK_6010_D,0.0
GWK_6030_D,0.0
GWK_6050_D,0.0
GWK_6120_D,0.0
GWK_6200_D,0.0
GWK_6210_D,0.0
GWK_6220_D,0.0
GWK_6230_D,0.0
GWK_6240_D,0.0
GWK_6260_D,0.0
GWK_6310_D,0.0
GWK_6320_D,0.0
GWK_6340_D,0.0
GWK_6350_D,0.0
GWK_6360_D,0.0
GWK_6370_D,0.0
GWK_8208,0.0
HarperWoods_D,0.0
Input_LC001_San_DearbornHgts_D,0.0
Input_LC002_San_DearbornHgts_D,0.0
Input_LC003_San_DearbornHgts_320_D,0.0
Input_LC003_San_DearbornHgts_3209_D,0.0
Input_LC003_San_DearbornHgts_323_D,0.0
Input_LC003_San_DearbornHgts_3239_D,0.0
Input_LC003_San_DearbornHgts_325_D,0.0
Input_LC003_San_DearbornHgts_3259_D,0.0
Input_LC003_San_DearbornHgts_330_D,0.0
Input_LC003_San_DearbornHgts_3309_D,0.0
Input_LC003_San_DearbornHgts_333_D,0.0
Input_LC003_San_DearbornHgts_3339_D,0.0
Input_LC003_San_DearbornHgts_335_D,0.0
Input_LC005_San_DearbornHgts_D,0.0
Input_LC006_San_DearbornHgts_D,0.0
Input_LC008_San_DearbornHgts_D,0.0
Input_LC014_San_DearbornHgts_D,0.0
Input_LC015_San_DearbornHgts_105_D,0.0
Input_LC015_San_DearbornHgts_110_D,0.0
Input_LC015_San_DearbornHgts_125_D,0.0
Input_LC015_San_DearbornHgts_1259_D,0.0
Input_LC015_San_DearbornHgts_135_D,0.0
Input_LC015_San_DearbornHgts_1359_D,0.0
Input_LC015_San_DearbornHgts_137_D,0.0
Input_LC015_San_DearbornHgts_140_D,0.0
Input_LC015_San_DearbornHgts_220_D,0.0
Input_LC015_San_DearbornHgts_235_D,0.0
Input_LC015_San_DearbornHgts_238_D,0.0
Input_LC015_San_DearbornHgts_240_D,0.0
Input_LC015_San_DearbornHgts_2409_D,0.0
Input_LC015_San_DearbornHgts_245_D,0.0
Input_LC015_San_DearbornHgts_2459_D,0.0
Input_LC015_San_DearbornHgts_250_D,0.0
Input_LC015_San_DearbornHgts_255_D,0.0
Input_LC015_San_DearbornHgts_270_D,0.0
Input_LC015_San_DearbornHgts_273_D,0.0
Input_LC015_San_DearbornHgts_275_D,0.0
Input_LC015_San_DearbornHgts_280_D,0.0
Input_LC015_San_DearbornHgts_285_D,0.0
Input_LC015_San_DearbornHgts_290_D,0.0
Input_LC015_San_DearbornHgts_295_D,0.0
Input_LC015_San_DearbornHgts_405_D,0.0
Input_LC015_San_DearbornHgts_4059_D,0.0
Input_LC015_San_DearbornHgts_410_D,0.0
Input_LC015_San_DearbornHgts_510_D,0.0
Input_LC015_San_DearbornHgts_515_D,0.0
Input_LC015_San_DearbornHgts_520_D,0.0
Input_LC018_San_DearbornHgts_D,0.0
Input_LC019_San_DearbornHgts_D,0.0
Input_LC020_San_DearbornHgts_D,0.0
Input_LC021_San_DearbornHgts_D,0.0
Input_LC023_San_Inkster_D,0.0
Input_LC024_San_DearbornHgts_D,0.0
Input_LC025_San_DearbornHgts_D,0.0
Input_LC026_San_GardenCity_D,0.0
Input_LC026_San_Westland_D,0.0
Input_LC027_San_GardenCity_D,0.0
Input_LC027_San_Westland_D,0.0
Input_LC028_San_Inkster_D,0.0
Input_LC028_San_Westland_D,0.0
Input_LC029_San_Inkster_D,0.0
Input_LC030_San_Inkster_D,0.0
Input_LC032_San_Inkster_D,0.0
Input_LC033_San_Inkster_D,0.0
Input_LC033_San_Westland_D,0.0
Input_LC034_San_Inkster_D,0.0
Input_LC034_San_Westland_D,0.0
Input_LC035_San_Inkster_D,0.0
Input_LC036_San_Inkster_D,0.0
Input_LC037_San_Inkster_D,0.0
Input_LC038_San_Inkster_D,0.0
Input_LC039_San_Inkster_D,0.0
Input_LC040_San_Inkster_D,0.0
Input_LC041_San_Inkster_D,0.0
Input_LC042_San_Inkster_D,0.0
Input_LC044_San_Inkster_D,0.0
Input_LC046_San_Inkster_D,0.0
Input_LC047_San_Inkster_D,0.0
Input_LC049_San_Inkster_D,0.0
Input_LC051_San_Inkster_D,0.0
Input_LC052_San_Inkster_D,0.0
Input_LC053_San_Inkster_D,0.0
Input_LC054_San_Inkster_D,0.0
Input_LC055_San_Inkster_D,0.0
Input_LC056_San_Inkster_D,0.0
Input_LC057_San_Inkster_D,0.0
Input_LC058_San_Livonia_D,0.0
Input_LC059_San_Livonia_D,0.0
Input_LC060_San_Livonia_D,0.0
Input_LC061_San_Livonia_D,0.0
Input_LC062_San_Livonia_D,0.0
Input_LC063_San_Livonia_D,0.0
Input_LC064_San_Livonia_D,0.0
Input_LC065_San_Livonia_D,0.0
Input_LC066_San_Livonia_D,0.0
Input_LC067_San_Livonia_D,0.0
Input_LC068_San_Livonia_D,0.0
Input_LC069_San_Livonia_D,0.0
Input_LC070_San_Livonia_D,0.0
Input_LC071_San_Livonia_D,0.0
Input_LC072_San_Livonia_D,0.0
Input_LC073_San_Livonia_D,0.0
Input_LC074_San_Livonia_D,0.0
Input_LC074_San_Westland_D,0.0
Input_LC075_San_Livonia_D,0.0
Input_LC076_San_Livonia_D,0.0
Input_LC077_San_Livonia_D,0.0
Input_LC078_San_Livonia_D,0.0
Input_LC079_San_Livonia_D,0.0
Input_LC080_San_Livonia_D,0.0
Input_LC081_San_Livonia_D,0.0
Input_LC082_San_Livonia_D,0.0
Input_LC083_San_Livonia_D,0.0
Input_LC084_San_Livonia_D,0.0
Input_LC085_San_Livonia_D,0.0
Input_LC086_San_Livonia_D,0.0
Input_LC087_San_Livonia_D,0.0
Input_LC088_San_Livonia_D,0.0
Input_LC089_San_Northville_D,0.0
Input_LC090_San_Northville_D,0.0
Input_LC091_San_Northville_D,0.0
Input_LC092_San_Northville_D,0.0
Input_LC093_San_Northville_D,0.0
Input_LC093_San_NorthvilleTwp_D,0.0
Input_LC094_San_Northville_D,0.0
Input_LC094_San_NorthvilleTwp_D,0.0
Input_LC095_San_Northville_D,0.0
Input_LC096_San_Novi_01_D,0.0
Input_LC096_San_Novi_02_D,0.0
Input_LC096_San_Novi_03_D,0.0
Input_LC096_San_Novi_04_D,0.0
Input_LC096_San_Novi_05_D,0.0
Input_LC096_San_Novi_06_D,0.0
Input_LC096_San_Novi_07_D,0.0
Input_LC096_San_Novi_08_D,0.0
Input_LC096_San_Novi_09_D,0.0
Input_LC096_San_Novi_10_D,0.0
Input_LC096_San_Novi_11_D,0.0
Input_LC096_San_Novi_12_D,0.0
Input_LC096_San_Novi_13_D,0.0
Input_LC096_San_Novi_14_D,0.0
Input_LC096_San_Novi_15_D,0.0
Input_LC096_San_Novi_16_D,0.0
Input_LC096_San_Novi_17_D,0.0
Input_LC096_San_Novi_18_D,0.0
Input_LC096_San_Novi_19_D,0.0
Input_LC096_San_Novi_20_D,0.0
Input_LC096_San_Novi_21_D,0.0
Input_LC096_San_Novi_22_D,0.0
Input_LC096_San_Novi_23_D,0.0
Input_LC096_San_Novi_24_D,0.0
Input_LC096_San_Novi_25_D,0.0
Input_LC096_San_Novi_26_D,0.0
Input_LC096_San_Novi_27_D,0.0
Input_LC096_San_Novi_28_D,0.0
Input_LC096_San_Novi_29_D,0.0
Input_LC096_San_Novi_30_D,0.0
Input_LC096_San_Novi_31_D,0.0
Input_LC096_San_Novi_32_D,0.0
Input_LC096_San_Novi_33_D,0.0
Input_LC096_San_Novi_34_D,0.0
Input_LC096_San_Novi_35_D,0.0
Input_LC096_San_Novi_36_D,0.0
Input_LC096_San_Novi_37_D,0.0
Input_LC096_San_Novi_38_D,0.0
Input_LC096_San_Novi_39_D,0.0
Input_LC096_San_Novi_40_D,0.0
Input_LC096_San_Novi_41_D,0.0
Input_LC096_San_Novi_42_D,0.0
Input_LC096_San_Novi_43_D,0.0
Input_LC096_San_Novi_44_D,0.0
Input_LC096_San_Novi_45_D,0.0
Input_LC096_San_Novi_46_D,0.0
Input_LC096_San_Novi_47_D,0.0
Input_LC096_San_Novi_48_D,0.0
Input_LC096_San_Novi_49_D,0.0
Input_LC097_San_Plymouth_D,0.0
Input_LC098_San_Plymouth_D,0.0
Input_LC099_San_Plymouth_D,0.0
Input_LC100_San_Plymouth_D,0.0
Input_LC101_San_Plymouth_D,0.0
Input_LC104_San_RedfordTwp_D,0.0
Input_LC105_San_Livonia_D,0.0
Input_LC105_San_RedfordTwp_D,0.0
Input_LC107_San_RedfordTwp_D,0.0
Input_LC108_San_RedfordTwp_D,0.0
Input_LC109_San_RedfordTwp_D,0.0
Input_LC110_San_RedfordTwp_D,0.0
Input_LC111_San_RedfordTwp_D,0.0
Input_LC112_San_RedfordTwp_D,0.0
Input_LC116_San_RedfordTwp_D,0.0
Input_LC117_San_RedfordTwp_D,0.0
Input_LC118_San_RedfordTwp_D,0.0
Input_LC119_San_RedfordTwp_D,0.0
Input_LC120_San_RedfordTwp_D,0.0
Input_LC122_San_RedfordTwp_D,0.0
Input_LC123_San_RedfordTwp_D,0.0
Input_LC124_San_RedfordTwp_D,0.0
Input_LC125_San_RedfordTwp_D,0.0
Input_LC126_San_RedfordTwp_D,0.0
Input_LC127_San_Romulus_D,0.0
Input_LC128_San_Romulus_D,0.0
Input_LC129_San_Romulus_D,0.0
Input_LC130_San_Romulus_D,0.0
Input_LC131_San_Romulus_D,0.0
Input_LC132_San_Romulus_D,0.0
Input_LC133_San_Romulus_D,0.0
Input_LC134_San_Romulus_D,0.0
Input_LC135_San_Romulus_D,0.0
Input_LC136_San_VanBurenTwp_D,0.0
Input_LC137_San_Wayne_D,0.0
Input_LC138_San_Wayne_D,0.0
Input_LC139_San_Wayne_D,0.0
Input_LC140_San_Wayne_D,0.0
Input_LC141_San_Wayne_D,0.0
Input_LC142_San_Wayne_D,0.0
Input_LC143_San_Wayne_D,0.0
Input_LC144_San_Wayne_D,0.0
Input_LC145_San_Wayne_D,0.0
Input_LC146_San_Wayne_D,0.0
Input_LC147_San_Wayne_D,0.0
Input_LC148_San_Wayne_D,0.0
Input_LC149_San_Wayne_D,0.0
Input_LC150_San_Wayne_D,0.0
Input_LC151_San_Wayne_D,0.0
Input_LC152_San_Wayne_D,0.0
Input_LC153_San_Wayne_D,0.0
Input_LC154_San_Wayne_D,0.0
Input_LC155_San_Wayne_D,0.0
Input_LC156_San_Wayne_D,0.0
Input_LC157_San_Wayne_D,0.0
Input_LC158_San_Wayne_D,0.0
Input_LC159_San_Wayne_D,0.0
Input_LC160_San_Wayne_D,0.0
Input_LC161_San_Wayne_D,0.0
Input_LC162_San_Westland_D,0.0
Input_LC163_San_Westland_D,0.0
Input_LC164_San_Westland_D,0.0
Input_LC165_San_Westland_D,0.0
Input_LC166_San_Westland_D,0.0
Input_LC167_San_Westland_D,0.0
Input_LC168_San_Westland_D,0.0
Input_LC169_San_Westland_D,0.0
Input_LC170_San_Westland_D,0.0
Input_LC171_San_Westland_D,0.0
Input_LC172_San_Westland_D,0.0
Input_LC173_San_Westland_D,0.0
Input_LC174_San_Westland_D,0.0
Input_LC175_San_Westland_D,0.0
Input_LC176_San_Westland_D,0.0
Input_LC177_San_Westland_D,0.0
Input_LC178_San_Westland_D,0.0
Input_LC179_San_Westland_D,0.0
Input_LC180_San_Westland_D,0.0
Input_LC181_San_Westland_D,0.0
Input_LC182_San_Westland_D,0.0
Input_LC183_San_Wayne_D,0.0
Input_LC183_San_Westland_D,0.0
Input_LC184_San_Wayne_D,0.0
Input_LC184_San_Westland_D,0.0
Input_LC185_San_Wayne_D,0.0
Input_LC185_San_Westland_D,0.0
Input_LC186_San_Westland_D,0.0
Input_LC187_San_Westland_D,0.0
Input_LC188_San_Westland_D,0.0
Input_LC189_San_Westland_D,0.0
Input_LC190_San_Westland_D,0.0
Input_LC191_San_Westland_D,0.0
Input_LC192_San_Westland_D,0.0
Input_LC200_San_Wayne_D,0.0
Input_LC201_San_Wayne_D,0.0
Input_LC202_San_Northville_D,0.0
Input_LC203_San_Northville_D,0.0
Input_LC204_San_Westland_D,0.0
JCT-1392_D,0.0
JCT-1690_D,0.0
JCT-1716_D,0.0
JFI-1_D,0.0
JFI-10_D,0.0
JFI-11_D,0.0
JFI-12_D,0.0
JFI-13_D,0.0
JFI-14_D,0.0
JFI-15_D,0.0
JFI-16_D,0.0
JFI-17_D,0.0
JFI-18_D,0.0
JFI-19_D,0.0
JFI-2_D,0.0
JFI-20_D,0.0
JFI-22_D,0.0
JFI-23_D,0.0
JFI-25_D,0.0
JFI-26_D,0.0
JFI-27_D,0.0
JFI-3_D,0.0
JFI-30_D,0.0
JFI-31_D,0.0
JFI-36_D,0.0
JFI-37_D,0.0
JFI-38_D,0.0
JFI-39_D,0.0
JFI-4_D,0.0
JFI-5_D,0.0
JFI-6_D,0.0
JFI-7_D,0.0
JFI-8_D,0.0
JFI-9A_D,0.0
JFI-9B_D,0.0
JFR-11_D,0.0
JFR-18_D,0.0
JFR-21_D,0.0
JFR-25_D,0.0
JFR-26_D,0.0
JFR-28_D,0.0
JFR-29_D,0.0
JFR-3_D,0.0
JFR-30_D,0.0
JFR-31_D,0.0
JFR-34_D,0.0
JFR-36_D,0.0
JFR-4_D,0.0
JFR-40_D,0.0
JFR-42_D,0.0
JFR-43_D,0.0
JFR-46_D,0.0
JFR-47_D,0.0
JFR-49_D,0.0
JFR-5_D,0.0
JFR-50_D,0.0
JFR-51_D,0.0
JFR-52_D,0.0
JFR-54_D,0.0
JFR-55_D,0.0
JFR-56_D,0.0
JFR-57_D,0.0
JFR-58_D,0.0
JFR-59_D,0.0
JFR-60_D,0.0
JFR-62_D,0.0
JFR-64_D,0.0
JFR-65_D,0.0
JFR-68_D,0.0
JFR-7_D,0.0
JFR-70_D,0.0
JFR-71_D,0.0
JFR-72_D,0.0
JFR-73_D,0.0
JFR-74_D,0.0
JFR-75_D,0.0
JFR-77_D,0.0
JFR-78_D,0.0
JFR-79_D,0.0
JFR-8_D,0.0
JFR-83_D,0.0
JFR-84_D,0.0
JFR-85_D,0.0
JFR-86_D,0.0
JFR-88_D,0.0
JFR-90_D,0.0
JFR-91_D,0.0
JFR-92_D,0.0
JFR-93_D,0.0
JFR-94_D,0.0
JFR-95_D,0.0
JFR-96_D,0.0
KARM-1_D,0.0
KARM-10_D,0.0
KARM-2_D,0.0
KARM-3_D,0.0
KARM-4_D,0.0
KARM-5_D,0.0
KARM-6_D,0.0
KARM-7_D,0.0
KARM-8_D,0.0
KARM-9_D,0.0
LAMB-4_D,0.0
Local_LC046_1407,0.0
Local_LC046_1501,0.0
Local_VanBurenDiversion,0.0
m3000-SOT14_D,0.0
m3020-SOT136010_D,0.0
m3020-SOT136010_D2,0.0
m3090-SOT13_D,0.0
M39_Hubbard_D,0.0
Martin_Outfall,9.20996252676673
MDOT_M102-01_D,0.0
MDOT_M102-02_D,0.0
MDOT_M102-03_D,0.0
MDOT_M102-04_D,0.0
MDOT_M102-05_D,0.0
MDOT_M102-06_D,0.0
MDOT_M102-07_D,0.0
MDOT_M102-08_D,0.0
MDOT_M102-09_D,0.0
MIDDD_DS_Cl_D,0.0
MIDDD_US_Cl_D,0.0
Milk_River_Outfall,3.2256635438972125
MR-1020_D,0.0
MR-1040_D,0.0
MRD-17_D,0.0
MRD-18_D,0.0
MRD-19_D,0.0
MRD-20_D,0.0
MRD-21_D,0.0
MRD-22_D,0.0
MRD-23_D,0.0
MRD-28_D,0.0
MRD-29_D,0.0
MRD-30_D,0.0
MRD-31_D,0.0
MRD-32_D,0.0
MRD-33_D,0.0
MRD-34_D,0.0
MRD-35_D,0.0
MRD-36_D,0.0
MRD-37_D,0.0
MRD-41_D,0.0
MRD-43_D,0.0
MRD-45_D,0.0
MRD-46_D,0.0
MRD-47_D,0.0
MRD-48_D,0.0
MRD-49_D,0.0
MRD-50_D,0.0
MRD-51_D,0.0
MRD-53_D,0.0
MRD-54_D,0.0
MRD-55_D,0.0
MRD-57_D,0.0
MRD-59_D,0.0
MRD-60_D,0.0
MRD-63_D,0.0
NER-10_D,0.0
NER-13_D,0.0
NER-18_D,0.0
NER-19_D,0.0
NER-2_D,0.0
NER-21_D,0.0
NER-24_D,0.0
NER-25_D,0.0
NER-26_D,0.0
NER-3_D,0.0
NER-32_D,0.0
NER-33_D,0.0
NER-35_D,0.0
NER-36_D,0.0
NER-37_D,0.0
NER-39_D,0.0
NER-4_D,0.0
NER-49_D,0.0
NER-5_D,0.0
NER-51_D,0.0
NER-52_D,0.0
NER-55_D,0.0
NER-58_D,0.0
NER-59_D,0.0
NER-6_D,0.0
NER-61_D,0.0
NER-73_D,0.0
NER-76_D,0.0
NER-8_D,0.0
NER-9_D,0.0
NORM-4_D,0.0
NWR-12_D,0.0
NWR-25_D,0.0
NWR-29_D,0.0
NWR-33_D,0.0
NWR-34_D,0.0
NWR-36_D,0.0
NWR-39_D,0.0
NWR-42_D,0.0
NWR-6_D,0.0
NWRC-10_D,0.0
NWRC-11_D,0.0
NWRC-12_D,0.0
NWRC-2_D,0.0
NWRC-7_D,0.0
OF_GPF,2.3629814641327584
OF_WCS1,8.503085641921984
OUT_OCS2_OMID,0.0
OUT_RCS1_OMID,0.0
OUT_STS1_OMID,0.0
OUT_STS2_OMID,0.0
OUT_STS3_OMID,0.0
OUT_STS4_OMID,0.0
OUT_SYS1_OMID,0.0
OUT_SYS2_OMID,0.0
OUT_UTS1_OMID,0.0
Outfallto8MileDrain,0.0
PIP-3_D,0.0
PLEA-4_D,0.0
PL-EFF-2_D,0.0
PS_GPK_D,0.0
RAU-3_D,0.0
RC27001A_D,0.0
REIN-4_D,0.0
RVSDS_CSO_07_(M14),0.8672310002547227
RVSDS_CSO_08_(M13),0.9642938476490963
RVSDS_CSO_11_(L42),0.7938505478169199
RVSDS_CSO_12_(L43),0.0
RVSDS_CSO_13_(L41),0.0
RVSDS_CSO_18_(009),0.0
RVSDS_CSO_18_(L-46),0.0
RVSDS_CSO_39_(U05),0.0
RVSDS_CSO_40_(U03),0.0
RVSDS_CSO_41_(U04),0.0
RVSDS_CSO_42_(U11),0.0
RVSDS_CSO_43_(U09),0.0
RVSDS_CSO_44_(U10),0.0
RVSDS_CSO_45_(U02),0.0
RVSDS_CSO_46_(U01),0.0
RVSDS_CSO_55_(M22),0.0
RVSDS_CSO_56_(M21),0.0
RVSDS_CSO_57_(M25),0.0
RVSDS_CSO_59_(M24),0.0
RVSDS_RTB_DearbornHgts_3,2.630800640627379
RVSDS_RTB_Inkster_1,0.41535743939236486
RVSDS_RTB_Redford_1,0.0
SAX-4_D,0.0
SCHR-4_D,0.0
SFIT0084_D,0.0
SFIT0312_D,0.0
SHAK-3_D,0.0
SMH23425_D,0.0
SMH30810_D,0.0
SMH62452_D,0.0
SOT132001_D,0.0
SOT132006_D,0.0
SOT135001_D,0.0
SOT135002_D,0.0
SOT135003_D,0.0
SOT135004_D,0.0
SOT135005_D,0.0
SOT135006_D,0.0
SOT135014_D,0.0
SOT136003_D,0.0
SOT136004_D,0.0
SOT136005_D,0.0
SOT136006_D,0.0
SOT136007_D,0.0
SOT139005_D,0.0
SOT140003_D,0.0
SOT140004_D,0.0
SOT140006_D,0.0
SOT143001_D,0.0
STS3_OMID_D,0.0
TUSC-4_D,0.0
WILM-4_D,0.0
1795-14,0.0
1795-24,79.5
1795-25,79.5
1795-26,79.5
1795-28,79.5000991821289
1795-29,79.5
1795-30,79.5
1795-31,79.5
20001,14.163415799241864
20001_D,63.75508685477531
20005,70.45292101187451
200100,9.53064339105767
200200,17.27077050837827
200300,12.682605295038709
21286_OMID,0.2820775225125244
23016_OMID,0.4139563580882458
23116_OMID,0.6319234962753952
23211_OMID,0.19732524294600537
23486_OMID,0.16461424334187336
23555_OMID,0.6883661089983811
24036_OMID,0.2619540854286112
24120_OMID,0.31320479968070536
2701,10.373820453474597
2702,3.147969181607496
29920,5.599281411358751
29930,3.5102707718320496
29932,0.7621972034779743
3009,43.950316905445945
3010,43.85
4000_OAK,34.6
4010_OAK,21.140186974609453
5879,27.750952368905715
6011A_OAK,33.96291215389333
6011B_OAK,33.95013421095865
6013A_OAK,34.384224288681324
6013D_OAK,33.908835925132884
6040,14.726328575415739
7003,32.5400267052746
7031A_OAK,34.75337752542126
7031B_OAK,34.72194393059846
7033A_OAK,35.331000830024735
7033D_OAK,34.814332563655256
8DR-1,46.52269148427135
8DR-24,33.25651691608978
8DR-27,33.727595740121316
8DR-30,29.987759064731833
8DR-35,28.923957242537192
8DR-69,26.851787163909336
9MD-1,10.519373274767226
9MD-1B,21.62802225835211
9MD-24-1B,12.27917601101531
9MD-24-2,13.99779384458748
9MD-27,15.683210531831005
9MD-28,16.308006601805104
9MD-L1,10.802750015449263
9MD-L2,10.488745678388803
AcaciaRegChamber,4.989788078895566
AcaciaRTB,33.18178318696398
AerationBasin,21.477976816046848
AP3408,6.9778072511543
B1_Chamber,27.26210302831675
BC_DblStor,22.822471859749406
BC_EastBarrStor,22.800422213772947
BelleIsleWetWell,19.971377509785633
BirminghamRTB,42.465945963066716
BlmfldRegChamber,6.099560679723464
BloomfieldRTB,32.976713374080546
BonHeurWetWell,2.0405353378865065
CC_EffluentPt,22.225809670428127
CCForebay,21.61970442259588
Chamber11,25.250938353132344
Chamber11d,76.07629646281842
Chamber12,21.386202179694617
Chamber12_2,21.221150258785677
Chamber25,16.989726036602296
Chamber8,8.885231955918497
ChapatonBasinDrain,6.561589958092707
ChapatonCanal,9.973652559805192
ChapatonRTB,19.900914741187748
CS-4_Upstream_OMID,6.147185978815532
CS-5_Downstream_OMID,2.7381609441140347
CS-5_Upstream_OMID,3.1588456383554204
CS-6_Downstream_OMID,4.362786613309135
CS-6_Upstream_OMID,4.643578730930415
CS-7_Downstream_OMID,2.364301220333414
CS-7_Upstream_OMID,2.6640580593647925
CS-8_Downstream_OMID,1.5627770061191768
CS-8_Upstream_OMID,2.1489342889756013
CS-9_Upstream_OMID,3.0705936869845996
D11,12.63
D11d,9.14833835774305
D12,14.44
D13,11.519106288252889
D14,10.85
D16,6.671011174326735
D20,17.779761388500777
D21,9.605141270543786
D22,10.180030966033481
D24,10.97674670146391
D25,9.02
D26,12.35
D27,11.615763761323084
D28,10.37015653777976
D29,11.01551409634084
D3,5.260797195544535
D30,14.924734351354907
D32,7.339199713001745
D34,9.694357240805122
D35,9.911142834393022
D36,17.97064553520945
D37,7.970988296948267
D38,15.513647130515835
D39,18.70572019847355
D40,10.86720599726075
D41,18.88368034094367
D42,12.787605548981674
D44,3.9146555792369737
D45,13.970980508792767
D59,15.477572993979763
D6,8.56658130803843
D7,11.27
DN106,6.717490210689036
DN1593310,2.0795018468074633
DN1595,9.387284297500308
DN1596,7.304473281233945
DN200113,0.6881490786245863
DN200120,1.1795018044503953
DN200122,0.8613199616078405
DN200125,0.5432855154176957
DN200140,0.044934486339871245
DN200141,1.0871722222026698
DN200145,0.6507910346818084
DN200150,1.5207478254642564
DN20060,32.285788489399664
DN20079,159.5463765683026
DN200805,0.22519202925107196
DN200806,1.1880528570479618
DN200843,1.1942070425207345
DN200844,1.408874150519486
DN200845,2.042048177024979
DN200846,1.6540540158382342
DN200853,0.9943502840669273
DN200854,0.8770982783565933
DN200855,0.546187081712765
DN200856,1.4984273349589379
DN200906,3.5065426899826475
DN200910,3.8497672078452405
DN200915,3.077229670131568
DN200918,2.070967500302079
DN200920,0.9881013483753884
DN200925,0.39235205436422316
DN2009294,0.5053259890467987
DN2009300,0.5860939869499022
DN2009301,0.9236352919755701
DN200935,0.7963701149666771
DN2009350,0.5058326326187494
DN2009351,0.5461550431346258
DN2009352,1.0890842607560705
DN2009353,0.6258046840134992
DN2009354,0.793781850749376
DN2009355,0.7052373220406214
DN2009356,0.7964236975997883
DN2009357,0.7335014505727244
DN2009359,1.219760313417272
DN201151,1.0348471091270488
DN201152,0.9459309880874296
DN201153,1.1494924752470637
DN201222,0.8720730481284826
DN201223,0.9687358475108636
DN201251,1.0928616008289502
DN201252,1.2283719283818662
DN201311B,1.2779707976435546
DN201314B,1.273018161014022
DN201485B,1.6383933650625753
DN201489,0.6496896340085971
DN201501,1.1176278474396604
DN201502,0.9606715571831149
DN201503,1.1176278474396604
DN201504,0.47087377431110367
DN201510,0.5798865262873971
DN201515,1.8725121494641037
DN201516,3.675716901396066
DN201530,0.7080561371910966
DN201535,0.6718076088464437
DN201536,3.8287296381428124
DN201555,0.7081863505375954
DN201600,3.723423149804476
DN201601,2.4428426723159933
DN201602,1.6221104460682465
DN201603,1.4304974524318366
DN201604,1.722988987766335
DN201606,1.5225171799410102
DN201700,1.1890095643061973
DN201701,5.39188278533134
DN201702,5.188308919448842
DN201703,5.582419168917734
DN201704,2.406806366026079
DN201705,1.7754950176834217
DN201706,8.921173899018946
DN201710,0.8497990917963087
DN201716,16.936812397659892
DN201720,18.645191141639483
DN201725,12.518653416587073
DN201726,1.5266249286390914
DN201732,8.23825615712083
DN201735,10.59189010521597
DN201736,5.767930323258696
DN201737,8.314555080958922
DN201738,8.317755251672125
DN201748,14.659989526582248
DN201750,18.864632343875112
DN201751,0.42345974838125144
DN201756,12.18428672451628
DN201757,7.702066616590313
DN201759,9.250348961543235
DN201760,17.301953958703404
DN201761,15.09177388416132
DN201763,4.1736145029127805
DN201764,10.03967548724988
DN201765,6.560572111278454
DN201766,16.362126324451744
DN201776,5.464986855525156
DN201777,8.378736501519267
DN201778,6.917782050872262
DN201787,4.673367655159046
DN201788,8.380358232643545
DN201789,17.429597192736423
DN201794,6.703507047699992
DN201796,7.993336584966439
DN201798,8.022381372243334
DN201798B,7.990081846844539
DN202604,0.4738073369213026
DN202606,0.9289521466057225
DN202700,0.9976157844111154
DN202704,15.018407079313683
DN202705,0.8531816714328077
DN202706,12.786960169392
DN202710,1.148578994117306
DN202716,33.420835767221625
DN202720,31.329833227209715
DN202725,32.91728136050117
DN202726,0.9644325448397102
DN202732,32.46129852729721
DN202735,30.67114889394741
DN202736,15.076884716941528
DN202737,14.963787456614178
DN202738,14.752116941739438
DN202748,11.254834445247573
DN202750,25.521984432172616
DN202751,15.913216575185295
DN202756,25.40336295266473
DN202757,15.533396398910837
DN202759,13.708960886158652
DN202760,29.383095165889017
DN202761,6.407015093342274
DN202763,14.196653076653003
DN202764,28.466115059710305
DN202765,13.419731306593206
DN202776,14.432024180911329
DN202777,11.880128014827232
DN202778,13.244209653124068
DN202786,15.482190156917582
DN202787,13.810057342404978
DN202788,11.460509111785445
DN202794,12.144408171272907
DN202796,15.709174965699903
DN202798,11.759206003933912
DN202798B,12.344064335554513
DN203100,2.4367071093162225
DN203101,1.3861369759826916
DN203110,3.457396117807113
DN203111,18.4334821039048
DN203150,0.6110207265644083
DN203151,0.7755297571116788
DN203160,1.0638029765292765
DN203161,0.8908316332557209
DN203171,0.3939165166234436
DN203211,0.8831566867730039
DN20322,13.724745667774677
DN203220,1.1926217586144894
DN203300,2.104060227994662
DN204200,2.7462019135069395
DN204300,2.0691396776094226
DN204301,0.9893499236219692
DN204303,1.0234399969098495
DN204350,0.37662064536748285
DN204351,1.0660363730143847
DN204353,0.9779465960607525
DN205100,2.6696338261643957
DN205200,0.8144127959187736
DN20533,9.748448789065947
DN20535,9.628659154920602
DN205350,3.8698220476911143
DN20570,2.9226814509157943
DN20618,12.179937075465038
DN20623,0.0
DN207100,2.952983252506842
DN207251,2.0584982087081967
DN207261,1.2816158905478838
DN207361,1.1994090156995165
DN207370,1.5204523782703445
DN207371,1.023896561474044
DN207380,1.279378063614701
DN207381,0.7953690656578806
DN207430,0.8343374333181373
DN207431,0.9109956801777659
DN207451,0.9722262286671526
DN207461,1.0760887939147228
DN207471,1.0174951768864569
DN207480,2.5015722730496837
DN207500,1.045253599212899
DN207501,0.7659305495709186
DN207550,0.3962924893354841
DN207551,0.7659305495709905
DN208401,0.8862998291326536
DN208403,0.3294490264135387
DN208631,1.119303333221339
DN208632,0.6260603176737904
DN208633,0.7764005463352777
DN208651,0.9924879644151066
DN208653,0.521162017030584
DN209450,0.7191943327689321
DN209451,0.7755911485958251
DN209992,1.522455674356257
DN209993,1.7116471565048341
DN209995,0.7449524632414999
DN210997,1.2441960067886861
DN210998,0.693123635022098
DN210999,0.80633584370369
DN213060,2.352695836945317
DN213070,0.9533251285922959
DN213080,3.0514820041260986
DN213110,1.0300213726743355
DN213120,1.775251070785988
DN213130,1.1405485000498166
DN213140,1.659389121515447
DN213143B,1.9824320603446135
DN213150,3.13646993538248
DN213160,3.3101700741630475
DN213250,1.9093699624824831
DN213350,1.4488744600265173
DN213360,2.2356368112838405
DN213370,2.547522553487604
DN214100,0.9588584654168599
DN214151,1.8927082326419096
DN214200,2.249827490297168
DN214251,1.809540827507501
DN214301,1.772697155706351
DN214321,1.385337412673379
DN214331,0.9644214064022045
DN214340,2.133918239995894
DN214341,1.5538196126724502
DN214350,1.8504150152086192
DN214351,0.9718773930706397
DN214361,0.9352772856228768
DN214371,1.3799779548048772
DN214401,1.178906272112048
DN214411,1.914576616467012
DN214421,1.3446815838260107
DN214451,1.3388433665762212
DN214471,1.3693114174758598
DN214500,1.5189451646949061
DN214501,1.3825364475675552
DN214511,1.105855978692913
DN214521,1.5475785255433498
DN214531,1.5207441052630555
DN214550,2.050712150729789
DN214551,0.9718533534797572
DN214561,1.5049768116798998
DN214571,1.497293705671329
DN214581,1.490083997559242
DN214600,0.31706168008870506
DN214601,0.8964355011427696
DN214611,1.1768567503741012
DN214651,0.6893478179520194
DN214701,2.2164061706734417
DN214710,0.7447625046104778
DN214730,0.5714953283997186
DN214740,0.819243476712777
DN214751,1.8065341511540942
DN214770,0.6805394630234678
DN214780,2.6164493247891554
DN214800,2.0573823121899544
DN214850,1.7708123322383917
DN214901,1.811397492368519
DN214910,2.4984178690514116
DN216050,1.2788633934224172
DN216051,0.43940305509124533
DN217400,0.6241969714671621
DN217404,0.3354022493366201
DN217405,0.33540224933660046
DN217406,1.2043303694381804
DN217410,1.0138714598090952
DN217430,0.02086703656671897
DN217440,0.7569070366245687
DN217441,0.5700762966090976
DN217442,0.4662138249912343
DN217443,0.9600654167067506
DN217450,7.278810297528138
DN217750,0.8538445531333225
DN217751,1.2501329116390194
DN217752,6.177845166487678
DN217801,0.7944686571051074
DN217802,1.0894208427030314
DN217811,0.6047983369993928
DN217812,1.4580029435581279
DN217840,0.7796174437396444
DN217930,0.43161203749895494
DN217931,0.4316120237568145
DN217932,0.9442279989995155
DN217933,1.1632942453202868
DN217934,1.6233829501275456
DN217935,1.2673979088634544
DN221001,1.1708800514038558
DN221011,0.6499861740327062
DN221021,0.9381990302148153
DN221031,0.6272743993181911
DN221041,1.106328842985786
DN221050,2.237805447371726
DN221051,0.5888010596787365
DN224000,0.8859246261607059
DN224010,0.5005510058864403
DN224020,1.6860629112443026
DN224050,3.895362070101519
DN224060,0.5544715202208121
DN224070,1.7491282315436103
DN224080,1.1190027821807647
DN224090,1.4198944005892504
DN224100,0.9623471409553739
DN224110,3.599521973187284
DN225001,19.260102900214967
DN227400,0.8508545790546154
DN227401,0.8508546094060109
DN227402,0.8508550166492743
DN227403,0.6699912517390162
DN227410,0.675289367828195
DN227411,0.832262196497018
DN227412,0.8322621984302288
DN227413,0.8322621866580664
DN227430,0.8726451645290889
DN227431,0.9216068338773129
DN227432,0.8895872434542751
DN227440,0.852194048250919
DN227441,0.8490749620324517
DN227442,0.8490749101427393
DN227443,0.7407909566980051
DN227450,15.072706969351845
DN227451,0.8490439199063103
DN227750,0.5346438588440648
DN227751,0.6342932690500227
DN227752,7.84178955233692
DN227800,0.6423128360628954
DN227801,0.7080793398640746
DN227802,0.4475510439255391
DN227810,0.5515349341686968
DN227811,0.6396967304601011
DN227840,0.6654662436374658
DN227841,0.7644831804016123
DN227842,0.7644831799086766
DN227843,11.446453167504737
DN227844,10.547814301851993
DN227930,0.6343147132229605
DN227931,0.6079781535308979
DN227932,10.806115146516063
DN227933,10.611030573194423
DN227934,7.232760504789456
DN227935,10.623040475882842
DN23130,2.609545324102009
DN231310,2.5184586663136326
DN231320,3.1701430650161626
DN231330,1.952241183068478
DN231340,2.9268283405302578
DN231350,1.5304187062767385
DN231360,3.047831915490181
DN231510,0.35383041580512253
DN231511,0.8914210025392552
DN231520,0.35383041580512253
DN231521,0.9049037027603399
DN231530,1.6847260012703758
DN231531,1.0750385924904031
DN231710,1.4461001019671023
DN231711,1.3321908816094572
DN231720,0.8099303532192359
DN231730,1.041076014976607
DN231740,0.7203546960849534
DN231741,1.056748323915852
DN233010,1.3867663361325415
DN233020,1.1684505323373133
DN233030,1.9014342990669304
DN233040,1.783069433004342
DN233050,1.1684505323373133
DN233060,0.9229812966528881
DN233070,1.5706259689542075
DN233080,1.5428625626201584
DN240811,0.7172452815742301
DN240821,1.0853949931321405
DN240830,2.3984135673052496
DN240841,0.8234005441223373
DN240851,1.0060793289616217
DN240861,0.9966396880059132
DN240871,1.0750180127955105
DN240881,0.9073466590344539
DN242011,1.1540168345481177
DN242021,1.3525954125108428
DN242031,1.3330718049270867
DN243000,3.1819028036686268
DN243001,1.1687000070334808
DN243002,0.8715851172530862
DN243003,0.5677471650315049
DN243011,0.9250601711155003
DN243013,0.6131996194786897
DN243021,0.9800446445720316
DN243022,0.7059736964459684
DN243023,0.8016255847546783
DN243510,0.4786959460553949
DN243511,1.1085182957105593
DN243520,0.37689241630483983
DN243521,1.1085182957105446
DN243523,1.568773985586423
DN243530,1.1581163954893001
DN243531,1.2251374765726741
DN243533,0.7811649171678032
DN243540,0.3932639051333696
DN243541,1.2110592910769755
DN243543,0.8169248919271965
DN244000,0.9874382592263629
DN244001,1.297444202779357
DN244010,1.104436037760248
DN244011,0.950902216616345
DN244012,0.9519191593466967
DN244022,1.3602612671573844
DN244023,1.2741651846396889
DN244030,1.2144546574751607
DN244031,1.2409418403194565
DN244032,0.19604604028388617
DN244033,0.6480700249892091
DN244041,1.2251374765726741
DN245000,0.7449898547134279
DN245001,1.0099273758148897
DN245011,0.9638538547149093
DN245021,0.9638538547148613
DN245030,1.49801306205124
DN245031,1.099076436395571
DN245500,1.6001375623899987
DN245501,1.2536583872124902
DN245510,1.5553483334672746
DN245511,1.1587899353734805
DN245520,1.0143974992094604
DN245521,1.244597389422844
DN245530,0.47406878650809214
DN245531,1.2318892620165716
DN245540,0.39285401062720215
DN245541,1.0925660186303006
DN251500,2.5257345811650445
DN251501,0.27711612058120116
DN251510,2.8460499855876202
DN251520,2.0913549534165163
DN251521,0.7934088711716081
DN261030,0.8899745311686234
DN261031,1.066207510553756
DN270910,2.3760759983742554
DN270920,2.341249943215657
DN271010,2.9075550318099967
DN271011,1.1574666328747893
DN271500,2.278613299487035
DN271510,1.888338026255469
DN271520,1.6607053548620287
DN271540,2.377817489728063
DN271550,2.6204267354662063
DN271560,2.4313670201894597
DN271570,2.6567543230930246
DN271610,0.8927555022207319
DN271710,2.358267673542461
DN271711,0.6834414214649847
DN271721,1.1882341735342061
DN271730,0.9445638771194695
DN271731,0.8197602789389854
DN271741,1.1030803547475565
DN273511,1.2907875340152324
DN273521,1.1063921155196406
DN275010,2.0158907774519577
DN275011,0.79073931210104
DN275021,0.9797994335905118
DN275030,0.5732875646457194
DN275031,0.6669417838481158
DN275040,0.5049086440438151
DN275041,0.6319763475565403
DN275051,1.004048614759395
DN275061,0.6135032628509633
DN275071,0.9287002538376176
DN275081,1.0380192922515004
DN275250,1.460380346349392
DN275251,1.0351166185916294
DN275311,1.000091788848213
DN275320,1.9479556375072173
DN275321,0.8788982210135711
DN275361,1.3635437386624152
DN275371,1.3499145461570996
DN275450,0.7768683512801712
DN275451,1.1087380870993493
DN275460,1.5057919486246711
DN275461,0.40809460821338767
DN275470,0.9309198970157413
DN275471,1.2117667032526822
DN275501,1.1831936834959138
DN275511,1.0515474488445422
DN276010,1.3623059950209204
DN276021,0.7521192830422236
DN276030,0.5200304982376809
DN276031,0.6458356316555584
DN281500,1.098528459484506
DN281501,0.8918299987060531
DN281511,0.8859023220844795
DN281521,0.7439374674821386
DN281531,0.9630497311200952
DN281550,0.5915996190577275
DN281551,0.8636700264739405
DN284011,1.2435519692121253
DN284013,0.6873189408174427
DN284021,0.9746619251190957
DN284031,0.8918299987059495
DN284041,0.7439374674820523
DN284043,0.5858169195355283
DN286311,1.1707679265771547
DN286312,0.9467213583671976
DN286320,0.3147258870399458
DN286321,1.4736359240321337
DN286511,1.2709483802946409
DN286513,0.8614536067915326
DN286520,1.616013972698501
DN286521,0.8992911294581718
DN286523,0.4580576557420026
DN286530,0.908967963883329
DN286531,0.9266392971607884
DN286533,0.8610641739122524
DN296810,0.6226521769543127
DN296811,3.1598519610058844
DN296823,1.4420996680644533
DN296824,0.2528183934527858
DN296826,1.0202838925295392
DN296848,0.5617077182170332
DN296849,2.4824287729976753
DN296850,0.7640921069127924
DN296851,1.2723582749588473
DN297823,0.80879094226547
DN297824,1.6894725080665687
DN297825,0.2062223104177776
DN297826,1.5540400948390918
DN31,123.24914116287206
DN331210,1.3525581002734608
DN331420,2.2510512981436177
DN331430,2.214622715696043
DN331440,2.743261980147313
DN332010,1.411703655919867
DN339330,1.758575319991305
DN341511,2.086927070253356
DN341521,2.0768649033290516
DN34250,2.2366134265351745
DN342510,3.299693882559568
DN342520,3.327233876201742
DN343210,1.6050477319205068
DN343211,1.307829954486993
DN343221,1.171954088052158
DN343240,1.6338775386331066
DN343241,1.5871237634548663
DN343251,1.1712920153294644
DN343260,1.6467108453910702
DN343261,1.3256639913570454
DN343331,1.4031427880531293
DN346511,0.8127397859135479
DN346521,0.9751720420805644
DN346531,0.9577916290371005
DN346541,1.193700363684798
DN347510,2.0356790521740593
DN347511,1.7780048675868283
DN347521,1.6668104599073104
DN347531,1.7831635866818014
DN347541,1.8226855825114034
DN347710,1.1882640637786661
DN41,9.862363010418981
DN928,0.4469500777779316
DN929,0.5890220375136209
DN953011,1.089159640860695
DN953020,2.001026400315534
DN953021,0.7408184506208111
DN953511,1.1797641884652883
DN953521,1.1709819854264456
DN953531,1.1797641884652301
DN953541,1.0837292314119664
DN953551,1.154961815858715
DN954011,1.1366385118658962
DN954021,1.1521716638521389
DN954031,1.1894891335741995
DN954211,1.0537463270238239
DN954221,1.0140236097857094
DN954231,1.3497186767306966
DN954241,1.737120350992304
DN954511,1.0280159212186022
DN954521,0.6995312904419002
DN954531,1.2593024713762868
DN954541,1.490818882401912
DN955011,1.1776496428401468
DN955020,1.091069629229412
DN955021,1.4773948111116613
DN989,17.128643387232827
DNC4_CaptureShafts,68.49492356179752
DNC7_TreatmentShaft,123.51392021089455
DNC8_TreatmentShaft,142.60917744044065
DR02_DS,21.71366011725791
DR02_US,22.38
DrainControlChamber,20.97594185558961
DSScreen5-16,22.99616192073332
EPNE-14,22.53
GPI-16,7.572300492017618
GPI-17,7.358260564621432
GPS-CookRoadPS,0.8462548758920407
GPS-CSO-A,0.42648427232608693
GPS-Regulator-DS,0.541302319096344
GPS-Regulator-US,0.6168366241858618
GWK_205110,18.823956049450913
GWK_205195,0.9474291967536904
GWK_205197,13.54468496214118
GWK_205198,12.54836469914116
GWK_205199,9.239102569309964
GWK_205250,15.663805305083624
GWK_205251,4.0096986175945055
GWK_206060,5.629782988072339
GWK_206080,6.571956434635148
GWK_206120,5.2038252510238525
GWK_206140,6.7848968424404354
GWK_206170,5.840838826356455
GWK_206190,6.660129627095742
GWK_206241,10.804056688006707
GWK_206270,16.69641009638006
GWK_207050,6.660163627179198
GWK_207053,0.8631796183434846
GWK_207070,47.26286082501723
GWK_4100,21.01150527300716
GWK_4110,20.411173949807598
GWK_4150,26.73867651135454
GWK_82055,30.569626893473618
GWK_8206,28.927806885686472
GWK_82061,38.64741885205362
GWK_82062,28.139837767022676
GWK_82063,28.384382262080216
GWK_82064,28.663989108402788
HarperWoodsDiversionChamber,4.032918222516363
HoffmanWetWell,21.0
I375_Monroe,8.033264215848284
I75_7Mile,40.38
I75_Cameron,28.22
I75_Canfield,38.91
I75_Carpenter,8.940220504160365
I75_Clark,8.026553728617277
I75_Dragoon,8.03553511328803
I75_Ferry,49.73
I75_Grand,50.36
I75_GrandRiver,40.72
I75_Holbrook,9.508794749739867
I75_I375,53.16
I75_Junction,8.061803175400689
I75_Nevada,33.76
I75_StateFair,27.38
I75_Waterman,31.67
I75_Wheelock,8.048905635520455
I75_Wilkins,9.01882722258046
I94_14th,8.518078052158405
I94_28th,36.06
I94_Cadieux,34.38
I94_Cadillac,38.07
I94_Central,8.033594662792307
I94_Conner,12.1896629058432
I94_Dickerson,9.00406193339878
I94_Harper,8.517579151625712
I94_Hecla,39.54
I94_Howell,8.51238190007675
I94_Junction,8.030469388156437
I94_M10,45.95
I94_Martin,37.65
I94_Outer,38.32
I94_Seneca,40.75
I94_Whittier,35.49
I94_Wyoming,8.51829069887364
InfluentShaft1,44.64492411351445
InfluentShaft2,46.1366603535053
InfluentShaft3,42.73447147575597
InfluentShaft4,47.913665660106716
InfluentShaft5,46.4616890308173
Input_Dummy_LC026,0.26835183120273676
Input_Dummy_LC028,1.9666097774456213
Input_Dummy_LC029,0.5707587175836603
Input_Dummy_LC033,0.03193144448544771
Input_Dummy_LC034,0.09541986430697097
Input_Dummy_LC045,1.6401166684727126
Input_Dummy_LC049,0.27390416143753726
Input_Dummy_LC093,0.06464367124207787
Input_Dummy_LC094,0.06832067452205137
Input_Dummy_LC105,2.344156508446705
Input_Dummy_LC107,0.6318043194244737
Input_Dummy_LC116,2.1807046650279838
Input_Dummy_LC120,0.9567061240371251
Input_Dummy_LC183,0.1848651431519613
Input_Dummy_LC185,0.10687472960969394
Input_LC001_San_DearbornHgts,0.03238858707495388
Input_LC002_San_DearbornHgts,0.038680058718563795
Input_LC003_San_DearbornHgts_320,0.032774528186379964
Input_LC003_San_DearbornHgts_3209,0.007224066942908426
Input_LC003_San_DearbornHgts_323,0.009617578001226298
Input_LC003_San_DearbornHgts_3239,0.017134946630462618
Input_LC003_San_DearbornHgts_325,0.007215319323515504
Input_LC003_San_DearbornHgts_3259,0.03705902057481701
Input_LC003_San_DearbornHgts_330,0.009610325127232335
Input_LC003_San_DearbornHgts_3309,0.05027881367021693
Input_LC003_San_DearbornHgts_333,0.02011794180356679
Input_LC003_San_DearbornHgts_3339,0.027807431292781272
Input_LC003_San_DearbornHgts_335,0.0164201111493918
Input_LC004_Com_DearbornHgts,6.081953804060712
Input_LC005_San_DearbornHgts,0.020198329161097497
Input_LC006_San_DearbornHgts,0.04886588889294807
Input_LC007_Com_DearbornHgts,9.935618044602885
Input_LC008_San_DearbornHgts,0.06368552747947687
Input_LC009_Com_DearbornHgts,5.7288493051822496
Input_LC010_Com_DearbornHgts,26.471229507683336
Input_LC011_Com_DearbornHgts,40.18102088106344
Input_LC012_Com_DearbornHgts,29.581147354620303
Input_LC013_Com_DearbornHgts,40.192593699699266
Input_LC014_San_DearbornHgts,0.02346117699996734
Input_LC015_San_DearbornHgts_105,0.013494830371130289
Input_LC015_San_DearbornHgts_110,0.06647429440192704
Input_LC015_San_DearbornHgts_125,0.033777555995573194
Input_LC015_San_DearbornHgts_1259,0.026715927958696838
Input_LC015_San_DearbornHgts_135,0.0340317384060074
Input_LC015_San_DearbornHgts_1359,0.03206351126465483
Input_LC015_San_DearbornHgts_137,0.02727929868070511
Input_LC015_San_DearbornHgts_140,0.013912440073124865
Input_LC015_San_DearbornHgts_220,0.008187151019908074
Input_LC015_San_DearbornHgts_235,0.018143503025963948
Input_LC015_San_DearbornHgts_238,0.01780920318645399
Input_LC015_San_DearbornHgts_240,0.017008308294261556
Input_LC015_San_DearbornHgts_2409,0.01700670738210846
Input_LC015_San_DearbornHgts_245,0.023297719808010313
Input_LC015_San_DearbornHgts_2459,0.01347381802476634
Input_LC015_San_DearbornHgts_250,0.017852001990815925
Input_LC015_San_DearbornHgts_255,0.015353553600141935
Input_LC015_San_DearbornHgts_270,0.014228186233081724
Input_LC015_San_DearbornHgts_273,0.016477392964491036
Input_LC015_San_DearbornHgts_275,0.01867158740550818
Input_LC015_San_DearbornHgts_280,0.0017471123495350791
Input_LC015_San_DearbornHgts_285,0.01922406860586243
Input_LC015_San_DearbornHgts_290,0.010534085091627728
Input_LC015_San_DearbornHgts_295,0.018957101465330167
Input_LC015_San_DearbornHgts_405,0.010549997071611587
Input_LC015_San_DearbornHgts_4059,0.02230884290523163
Input_LC015_San_DearbornHgts_410,0.010540841073125362
Input_LC015_San_DearbornHgts_510,0.019486717554399693
Input_LC015_San_DearbornHgts_515,0.022316279748688175
Input_LC015_San_DearbornHgts_520,0.016119997919855543
Input_LC016_Com_DearbornHgts,1.716817665915058
Input_LC017_Com_DearbornHgts,1.6029781753738428
Input_LC018_San_DearbornHgts,0.026901110741120463
Input_LC019_San_DearbornHgts,0.019276447113277584
Input_LC020_San_DearbornHgts,0.05174686107501422
Input_LC021_San_DearbornHgts,0.04924024543897838
Input_LC022_Com_DearbornHgts,1.3309702537659787
Input_LC023_Com_DearbornHgts,1.5165539022131362
Input_LC023_San_Inkster,0.0014459056747986555
Input_LC024_San_DearbornHgts,0.027587047867960818
Input_LC025_San_DearbornHgts,0.014826008372925397
Input_LC026_San_GardenCity,0.1529500483764127
Input_LC026_San_Westland,0.005894927216400519
Input_LC027_San_GardenCity,0.103803207833253
Input_LC027_San_Westland,0.0029012864293680067
Input_LC028_Com_Inkster,3.0022809583034893
Input_LC028_San_Inkster,0.024023206047182923
Input_LC028_San_Westland,0.022157336137161823
Input_LC029_Com_Inkster,2.0733970953468535
Input_LC029_San_Inkster,0.04265840338664663
Input_LC030_San_Inkster,0.007631911013696514
Input_LC031_Com_Inkster,1.5509028969264826
Input_LC032_San_Inkster,0.05336460512547102
Input_LC033_San_Inkster,0.027001240240916213
Input_LC033_San_Westland,0.011459245029578208
Input_LC034_San_Inkster,0.07176403832880923
Input_LC034_San_Westland,0.0451798921524118
Input_LC035_San_Inkster,0.017804149751812007
Input_LC036_San_Inkster,0.013037813393270821
Input_LC037_San_Inkster,0.01830592812850657
Input_LC038_San_Inkster,0.021551881255973057
Input_LC039_San_Inkster,0.01843473554545306
Input_LC040_San_Inkster,0.010981594868544626
Input_LC041_San_Inkster,0.007600505361888183
Input_LC042_San_Inkster,0.007748135396560779
Input_LC043_Com_Inkster,1.87222754847202
Input_LC044_San_Inkster,0.013104217315858393
Input_LC045_Com_Inkster,2.0005325285959747
Input_LC045_Stm_Inkster,2.536485669119692
Input_LC046_Com_Inkster,1.6518094873992357
Input_LC046_San_Inkster,0.04960312896439825
Input_LC047_San_Inkster,0.014931104121095697
Input_LC048_Com_Inkster,1.4787004931239447
Input_LC049_Com_Inkster,1.4457974246514698
Input_LC049_San_Inkster,0.039805323005428925
Input_LC050_Com_Inkster,1.4320652027365854
Input_LC051_San_Inkster,0.023846355841977272
Input_LC052_Com_DearbornHgts,2.236205887137424
Input_LC052_Com_Inkster,2.005756559205275
Input_LC052_San_Inkster,0.15942491629500496
Input_LC053_San_Inkster,0.0025078047200624083
Input_LC054_San_Inkster,0.013705538901243538
Input_LC055_San_Inkster,0.0018625698669373371
Input_LC056_San_Inkster,0.004218254307442037
Input_LC057_San_Inkster,0.004745466000242801
Input_LC058_San_Livonia,0.0284756007283792
Input_LC059_San_Livonia,0.01776383813284091
Input_LC060_San_Livonia,0.055795125522951516
Input_LC061_San_Livonia,0.02982267052537617
Input_LC062_San_Livonia,0.010345952370768907
Input_LC063_San_Livonia,0.021432511233731213
Input_LC064_San_Livonia,0.030120658420190558
Input_LC065_San_Livonia,0.027659453110365537
Input_LC066_San_Livonia,0.01467502303391131
Input_LC067_San_Livonia,0.018208614884725097
Input_LC068_San_Livonia,0.016498004137321026
Input_LC069_San_Livonia,0.007575842363656868
Input_LC070_San_Livonia,0.04178973696137589
Input_LC071_San_Livonia,0.0316881013278414
Input_LC072_San_Livonia,0.027707013793620415
Input_LC073_San_Livonia,0.0889929747444651
Input_LC074_San_Livonia,0.09761230644122412
Input_LC074_San_Westland,0.007901403782565684
Input_LC075_San_Livonia,0.08872427730798499
Input_LC076_San_Livonia,0.10472728649506274
Input_LC077_San_Livonia,0.2000396237865461
Input_LC078_San_Livonia,0.030053936124869902
Input_LC079_San_Livonia,0.1076801044716357
Input_LC080_San_Livonia,0.14704830607364575
Input_LC081_San_Livonia,0.1456562382773901
Input_LC082_San_Livonia,0.014813729956093001
Input_LC083_San_Livonia,0.05882993565880455
Input_LC084_San_Livonia,0.01118874988872205
Input_LC085_San_Livonia,0.011260958447095255
Input_LC086_San_Livonia,0.016813873339643015
Input_LC087_San_Livonia,0.007103141807530753
Input_LC088_San_Livonia,0.007444883398191939
Input_LC089_San_Northville,0.01753754667447225
Input_LC090_San_Northville,0.03954991089107887
Input_LC091_San_Northville,0.015888335657482475
Input_LC092_San_Northville,0.0311041885667419
Input_LC093_San_Northville,0.06280116260709531
Input_LC093_San_NorthvilleTwp,0.007542298413724965
Input_LC094_San_Northville,0.0678498409367702
Input_LC094_San_NorthvilleTwp,0.0030680413680594003
Input_LC095_San_Northville,0.038978376209872406
Input_LC096_San_Novi_01,0.04860482265995618
Input_LC096_San_Novi_02,0.027473950132972266
Input_LC096_San_Novi_03,0.0332031277036081
Input_LC096_San_Novi_04,0.01930949641700727
Input_LC096_San_Novi_05,0.018899826823847093
Input_LC096_San_Novi_06,0.02080082080456381
Input_LC096_San_Novi_07,0.09096049265135586
Input_LC096_San_Novi_08,0.0205635643621237
Input_LC096_San_Novi_09,0.008665743718544939
Input_LC096_San_Novi_10,0.011503799322732006
Input_LC096_San_Novi_11,0.00854963965303079
Input_LC096_San_Novi_12,0.010124345347998703
Input_LC096_San_Novi_13,0.02411698108648964
Input_LC096_San_Novi_14,0.020642785178533983
Input_LC096_San_Novi_15,0.005314213135469743
Input_LC096_San_Novi_16,0.00445105999699064
Input_LC096_San_Novi_17,0.024133545788257903
Input_LC096_San_Novi_18,0.02077451809014317
Input_LC096_San_Novi_19,0.006042567999028543
Input_LC096_San_Novi_20,0.061666246400350094
Input_LC096_San_Novi_21,0.006910623243657654
Input_LC096_San_Novi_22,0.0436898309529436
Input_LC096_San_Novi_23,0.025767377537656434
Input_LC096_San_Novi_24,0.010401724798744754
Input_LC096_San_Novi_25,0.010142673304668889
Input_LC096_San_Novi_26,0.027706363406520905
Input_LC096_San_Novi_27,0.2368679342587221
Input_LC096_San_Novi_28,0.018347592950410076
Input_LC096_San_Novi_29,0.010649577688831825
Input_LC096_San_Novi_30,0.13200114779708869
Input_LC096_San_Novi_31,0.01318825311881977
Input_LC096_San_Novi_32,0.005876631501304271
Input_LC096_San_Novi_33,0.1067356546516327
Input_LC096_San_Novi_34,0.01970084372369236
Input_LC096_San_Novi_35,0.02894286770274667
Input_LC096_San_Novi_36,0.014514745245583188
Input_LC096_San_Novi_37,0.08397621980692133
Input_LC096_San_Novi_38,0.2039391166765248
Input_LC096_San_Novi_39,0.020721868384876184
Input_LC096_San_Novi_40,0.014742823940547566
Input_LC096_San_Novi_41,0.02930866110692163
Input_LC096_San_Novi_42,0.08195977618168242
Input_LC096_San_Novi_43,0.06256060105173086
Input_LC096_San_Novi_44,0.00442364478530808
Input_LC096_San_Novi_45,0.02850978317996551
Input_LC096_San_Novi_46,0.03217150728453052
Input_LC096_San_Novi_47,0.010505942185449604
Input_LC096_San_Novi_48,0.01121520525501106
Input_LC096_San_Novi_49,0.058325816153014326
Input_LC097_San_Plymouth,0.039627070600591986
Input_LC098_San_Plymouth,0.027138931511611022
Input_LC099_San_Plymouth,0.07349572193995185
Input_LC100_San_Plymouth,0.013181466345557186
Input_LC101_San_Plymouth,0.13458112790869795
Input_LC104_San_RedfordTwp,0.051114026672605395
Input_LC105_Com_RedfordTwp,9.607400847745694
Input_LC105_San_Livonia,0.06429420372404554
Input_LC105_San_RedfordTwp,0.0957827004023867
Input_LC106_Com_RedfordTwp,6.387318858432279
Input_LC107_Com_RedfordTwp,7.729251639327325
Input_LC107_San_RedfordTwp,0.02135682773550171
Input_LC108_San_RedfordTwp,0.02382506309621593
Input_LC109_San_RedfordTwp,0.02779410633390817
Input_LC110_San_RedfordTwp,0.014813863611407335
Input_LC111_San_RedfordTwp,0.03497647104819675
Input_LC112_San_RedfordTwp,0.05405089873623346
Input_LC113_Com_RedfordTwp,7.22894533443916
Input_LC114_Com_RedfordTwp,10.643626196552223
Input_LC115_Com_RedfordTwp,5.773816766852175
Input_LC116_Com_RedfordTwp,14.424181154541158
Input_LC116_San_RedfordTwp,0.047121092593594996
Input_LC117_San_RedfordTwp,0.004896543370709584
Input_LC118_San_RedfordTwp,0.007432635619957978
Input_LC119_San_RedfordTwp,0.026730466256655133
Input_LC120_Com_RedfordTwp,20.268945151031005
Input_LC120_San_RedfordTwp,0.030581110921391257
Input_LC121_Com_RedfordTwp,20.121420771619793
Input_LC122_Com_RedfordTwp,38.11859320720769
Input_LC122_San_RedfordTwp,0.22177650047302916
Input_LC123_San_RedfordTwp,0.03481215352206746
Input_LC124_San_RedfordTwp,0.024566888443227103
Input_LC125_San_RedfordTwp,0.05623999129902736
Input_LC126_San_RedfordTwp,0.043650717523514376
Input_LC127_San_Romulus,0.019518776322095952
Input_LC128_San_Romulus,0.05780949461131486
Input_LC129_San_Romulus,0.07302847739185847
Input_LC130_San_Romulus,0.04889772282699449
Input_LC131_San_Romulus,0.02470383513855648
Input_LC132_San_Romulus,0.018974510881199783
Input_LC133_San_Romulus,0.05083636165940032
Input_LC134_San_Romulus,0.019558307029009958
Input_LC135_San_Romulus,0.07133080974970746
Input_LC136_San_VanBurenTwp,0.26331049887628327
Input_LC137_San_Wayne,0.040052540274149145
Input_LC138_San_Wayne,0.02311404248859373
Input_LC139_San_Wayne,0.025725963477059854
Input_LC140_San_Wayne,0.052603247811606246
Input_LC141_San_Wayne,0.02369730338360232
Input_LC142_San_Wayne,0.039089087802903474
Input_LC143_San_Wayne,0.004934542178390133
Input_LC144_San_Wayne,0.01182454366702866
Input_LC145_San_Wayne,0.00894276078516847
Input_LC146_San_Wayne,0.6276400688127244
Input_LC147_San_Wayne,0.053460032456379356
Input_LC148_San_Wayne,0.05215918325096659
Input_LC149_San_Wayne,0.036542111726558725
Input_LC150_San_Wayne,0.028715921621229795
Input_LC151_San_Wayne,8.457032617569528
Input_LC152_San_Wayne,0.006685373120718853
Input_LC153_San_Wayne,0.017536556238288918
Input_LC154_San_Wayne,0.004219097399667483
Input_LC155_San_Wayne,0.017328766850573864
Input_LC156_San_Wayne,0.025108882859906277
Input_LC157_San_Wayne,0.012768743752704778
Input_LC158_San_Wayne,0.1910360112400506
Input_LC159_San_Wayne,0.016156278859334343
Input_LC160_San_Wayne,0.02221587676911699
Input_LC161_San_Wayne,0.050487917964881085
Input_LC162_San_Westland,0.012259543686349489
Input_LC163_San_Westland,0.015625923828467198
Input_LC164_San_Westland,0.026862615246679704
Input_LC165_San_Westland,0.008517844658287211
Input_LC166_San_Westland,0.023171460301108907
Input_LC167_San_Westland,0.013931232781203656
Input_LC168_San_Westland,0.007121186456908665
Input_LC169_San_Westland,0.013532665714847163
Input_LC170_San_Westland,0.008519525919468824
Input_LC171_San_Westland,0.0037080400758208133
Input_LC172_San_Westland,0.003965921639398103
Input_LC173_San_Westland,0.012314999826989335
Input_LC174_San_Westland,0.2147651918986818
Input_LC175_San_Westland,0.007311392834130538
Input_LC176_San_Westland,0.034576447962330684
Input_LC177_San_Westland,0.00992958140676449
Input_LC178_San_Westland,0.03246211790945376
Input_LC179_San_Westland,0.031825902267660716
Input_LC180_San_Westland,0.011842269954695173
Input_LC181_San_Westland,0.03562940084323077
Input_LC182_San_Westland,0.040268483065093744
Input_LC183_San_Wayne,0.01596861862466601
Input_LC183_San_Westland,0.16867607546487295
Input_LC184_San_Wayne,0.006904470306288246
Input_LC184_San_Westland,0.032808519953183304
Input_LC185_San_Wayne,0.004421904897863174
Input_LC185_San_Westland,0.10609239155486597
Input_LC186_San_Westland,0.1488606755147726
Input_LC187_San_Westland,0.017334123460605866
Input_LC188_San_Westland,0.024717839612682195
Input_LC189_San_Westland,0.01061361426137438
Input_LC190_San_Westland,0.05453933863364385
Input_LC191_San_Westland,0.0670148346007648
Input_LC192_San_Westland,0.017958786673916746
Input_LC193_Com_Inkster,0.7978412752608632
Input_LC199_Com_DearbornHgts,16.204099606129112
Input_LC200_San_Wayne,0.022415553332581863
Input_LC201_San_Wayne,0.003429565522429147
Input_LC202_San_Northville,0.021987229488658257
Input_LC203_San_Northville,0.015888335657482475
Input_LC204_San_Westland,0.01640077429917483
Input_LC205_San_Livonia,0.0
Input_WCAA,0.0
Input_WTUA-LR,0.0
Input_WTUA-MR,0.0
ISD001_DS,29.333779133518213
ISD001_US,30.233202354806018
ISD002_DS,24.2489696982056
ISD002_US,25.33
ISD003_DS,26.334154781041246
ISD003_US,27.826469519022133
ISD004_DS,31.283614924885924
ISD004_US,32.37
ISD005_DS,24.601442961806413
ISD005_US,25.44
ISD006_DS,35.60706767942064
ISD006_US,38.40312165911946
ISD007_DS,46.23531613438971
ISD007_US,47.248558878162996
ISD008_DS,42.55845128949393
ISD008_US,42.63579513782847
ISD009_DS,37.27725812974029
ISD009_US,37.345580945497105
ISD010_DS,25.605247564072258
ISD010_US,25.55138860076051
ISD011_DS,35.14686743670964
ISD011_US,35.53543766242358
ISD012_DS,16.47790028501109
ISD012_US,17.136473579905413
ISD013_DS,16.54169971926644
ISD013_US,16.580917227493895
J20,0.0
J21,0.0
J22,11.602533369539806
J6,0.0
J8,0.4267054018384391
JCT-1000-S,0.5229270694183508
JCT-100-S,6.320855166444581
JCT-1012-S,0.3909224328068227
JCT-1016-S,0.31551243838166315
JCT-1018-S,1.2491623154188007
JCT-1022-S,7.809191186189269
JCT-1040-S,8.632824760139684
JCT-1044-S,8.078526516151836
JCT-104-S,8.685069382311337
JCT-1052-S,6.512832099905838
JCT-1054-S,7.242730422756328
JCT-1068-S,7.9172516838502
JCT-1070-S,7.4324538615547695
JCT-110-S,6.63122729557195
JCT-1146-S,0.5619035331069286
JCT-1148-S,1.8759918706864762
JCT-1152-S,0.6320386394211841
JCT-116-S,6.83385739002796
JCT-1174,17.532859307445737
JCT-1204-S,6.587892492404793
JCT-1206-S,6.133108814934809
JCT-1228-S,6.32523133161518
JCT-1230-S,6.721242864889058
JCT-1232-S,6.926166685735728
JCT-1254-S,8.983459612977668
JCT-1270,15.393549367903042
JCT-1306-S,6.661614574847212
JCT-1324-S,6.554639149461131
JCT-1346-S,2.1034989520118996
JCT-1360-S,6.153968261957189
JCT-1364-S,0.3929886442300999
JCT-1368-S,0.44792338699581946
JCT-1384-S,7.05078347578497
JCT-1394-S,6.5192301236264605
JCT-1396-S,6.808230280271088
JCT-1400-S,6.8995940634880615
JCT-1410-S,6.743583766330358
JCT-1412-S,6.978366805216513
JCT-1416-S,7.031533921782911
JCT-1418-S,6.626769818680003
JCT-1422-S,6.82277053514332
JCT-1428-S,6.5671485993269325
JCT-1432-S,6.662783901678046
JCT-1436-S,6.455506178427525
JCT-1448-S,6.318732411798216
JCT-1462,10.322727948894332
JCT-1462-S,9.297982183887992
JCT-1470-S,7.8438264670034945
JCT-1474-S,8.694894576892896
JCT-1480-S,8.041808649634298
JCT-1482-S,6.732660526961293
JCT-1484-S,5.498977451661478
JCT-1518-S,0.22916645540118508
JCT-1520-S,0.4094569451224599
JCT-1550-S,9.259335152128223
JCT-1608-S,0.5255498138182302
JCT-160-S,6.483605062512629
JCT-1618-S,0.21557471322591792
JCT-1620-S,2.398813495441961
JCT-1622-S,0.4362325879994764
JCT-1624-S,2.4920958015081762
JCT-1628-S,0.4466719961107667
JCT-1634-S,2.151822930059338
JCT-1640-S,6.17314100925538
JCT-1660-S,6.863745531615669
JCT-1674-S,6.080645986627828
JCT-1678-S,6.036713622318068
JCT-168,3.3000064991880578
JCT-174,9.427625530650552
JCT-1748-S,2.111169238505494
JCT-1766-S,0.5747966565017097
JCT-1768-S,0.5130232788531865
JCT-1778-S,0.5751713337747247
JCT-1792-S,6.694590422929879
JCT-1796-S,6.700417907510362
JCT-1800-S,0.44283073893892083
JCT-1806-S,6.489252052194557
JCT-1808-S,6.894635698438192
JCT-1810-S,6.496152287501377
JCT-1812-S,7.019354938885309
JCT-1814-S,6.5587442375325224
JCT-1816-S,7.0611135354424555
JCT-1818-S,0.24205351026056127
JCT-1820-S,6.9275030872845
JCT-1822-S,6.203283989200568
JCT-1828-S,6.731996578732833
JCT-182-S,2.191336899990716
JCT-1838-S,6.616986134482566
JCT-1842-S,6.951066733851613
JCT-1844-S,6.4554185553333
JCT-184-S,1.9363011546484867
JCT-1858-S,6.762800842690341
JCT-1906-S,0.1957353695066616
JCT-1908-S,0.45810537041586796
JCT-1910-S,0.32213462074819954
JCT-1914-S,8.303532338709786
JCT-1916-S,7.746878507327605
JCT-1918-S,8.654140995822408
JCT-1926-S,8.312912176039575
JCT-1932-S,7.029110590639009
JCT-1942-S,6.663362685921248
JCT-1948-S,8.846810979508387
JCT-1954-S,6.094995680845639
JCT-1960-S,7.610662398844572
JCT-1964-S,7.9508447744682655
JCT-1974-S,4.98507681776791
JCT-1988-S,6.358502514672734
JCT-2002-S,6.249478583768244
JCT-2004-S,4.90685207087542
JCT-2018-S,6.418380114962326
JCT-2020-S,5.257469308752606
JCT-2082-S,0.6654051658050597
JCT-2086-S,0.42374507314037946
JCT-2092-S,2.0061220451840645
JCT-2096-S,6.027863320041053
JCT-2098-S,7.229525413430244
JCT-2104-S,1.211541316268737
JCT-2106-S,2.0760168185821133
JCT-2120-S,6.002595452244279
JCT-2170-S,6.817210673513067
JCT-2182-S,7.1851671926488425
JCT-220-S,7.581357551281047
JCT-222-S,0.19529029162287354
JCT-2268-S,6.649942492709629
JCT-2290,13.048950311521182
JCT-2298-S,6.260829445510245
JCT-2300-S,6.3512903295472425
JCT-2328-S,6.209167602492453
JCT-2336-S,8.0553796093057
JCT-2338-S,0.23499790506112866
JCT-234-S,1.85914215931918
JCT-2352-S,7.483046944152212
JCT-2356-S,6.213001412019898
JCT-2360-S,7.977252674283504
JCT-2364-S,6.597590185296587
JCT-2366-S,6.20001682247808
JCT-240-S,0.4721192620736491
JCT-2410-S,5.2452501671967715
JCT-2412-S,0.8111179368320878
JCT-242-S,1.8843096958685326
JCT-2444-S,6.942544047594643
JCT-2446-S,6.939714707321601
JCT-2448-S,6.30922357378911
JCT-2452-S,0.3655658736072383
JCT-2454-S,6.45163455869627
JCT-2456-S,7.4584462977689245
JCT-2458-S,6.14293207032167
JCT-2468-S,6.310750693622968
JCT-246-S,1.7830567530336636
JCT-2476-S,6.521489938220089
JCT-2484-S,6.59390032989441
JCT-2506-S,6.86544453062914
JCT-2540-S,0.5095418562199614
JCT-2544,12.918076490649575
JCT-2544d,11.765490349158366
JCT-2558-S,6.7671144209313105
JCT-2562-S,6.8019504609685715
JCT-2566-S,7.152436282472852
JCT-2572-S,6.67476387306224
JCT-258-S,0.5525286291647582
JCT-2594,13.056791669146552
JCT-2650-S,6.279867460565516
JCT-2654-S,0.6312198838501835
JCT-2692-S,6.294165975615449
JCT-2738-S,6.843265902916446
JCT-2748-S,0.41238278047923993
JCT-2750-S,6.654023194561528
JCT-2754-S,6.485641684323527
JCT-2756-S,7.149797138408559
JCT-2758-S,7.286699951312148
JCT-2762-S,6.711630338616209
JCT-2764-S,6.675066559674687
JCT-2766-S,6.659230722413726
JCT-2770-S,6.364804098227882
JCT-2772-S,6.418486876662073
JCT-2774-S,6.331339845961395
JCT-2800-S,7.813340930052693
JCT-2808-S,4.015595316269856
JCT-2816-S,6.146996563129482
JCT-2822-S,6.519281505263793
JCT-2842-S,0.4833620645592379
JCT-2856-S,2.531125572532445
JCT-286-S,6.47134414928046
JCT-2872-S,7.244408320167495
JCT-2882,13.445235800634883
JCT-288-S,6.863062233527279
JCT-2898-S,6.210687121218095
JCT-2908-S,0.5575316631585789
JCT-290-S,2.3254735270397733
JCT-2910-S,6.304970936371282
JCT-2912-S,0.21571117176034704
JCT-2914-S,6.519967395320942
JCT-2930-S,7.335284895366744
JCT-2932-S,5.426780731578731
JCT-294-S,6.189391591572061
JCT-2986-S,6.438066086281186
JCT-2990-S,6.923011558405266
JCT-2992-S,7.217334006888882
JCT-2994-S,6.587171308865427
JCT-2996,14.315806236501507
JCT-2998,12.960080191784709
JCT-3000,4.977849392708509
JCT-3012-S,6.1480775306795765
JCT-3014-S,6.132468394545604
JCT-3016-S,6.128321381643094
JCT-3020-S,6.95596354678759
JCT-302-S,0.49090310885958777
JCT-304-S,0.471050526906317
JCT-3050-S,6.7551185316760325
JCT-3052-S,6.036237562221727
JCT-30-S,6.774626501119075
JCT-3102,11.191611839908687
JCT-316-S,6.787852864563723
JCT-3180-S,6.546566308701271
JCT-3186-S,3.536697402789567
JCT-3188-S,3.115731414736519
JCT-3194-S,3.0724054941071275
JCT-3196-S,6.569560539412628
JCT-324-S,6.157645783877534
JCT-3254-S,6.692857348486205
JCT-326-S,6.767130696636093
JCT-330-S,6.4209093728835
JCT-336-S,6.662486159509818
JCT-3374-S,6.363012685005666
JCT-3424-S,6.3556027361177225
JCT-346-S,0.3790254768494963
JCT-3488-S,6.180480988478385
JCT-3494-S,5.090082493570337
JCT-3496-S,4.983204905213775
JCT-3514-S,6.922130769276666
JCT-3516-S,6.064714796414869
JCT-3544,9.454441731879296
JCT-3546,7.958173154289431
JCT-3570,9.665742181490966
JCT-3572,9.643928594744962
JCT-3598-S,6.508763398899722
JCT-3652,13.077140940332479
JCT-3664,12.72369253336856
JCT-3704-S,6.357674955049191
JCT-3736-S,6.58838996055152
JCT-3756-S,0.44602770234014233
JCT-3758,6.413932149275975
JCT-3770,8.507903390791002
JCT-38-S,6.7785443412989395
JCT-442-S,0.23196581768613997
JCT-454-S,6.901672206320432
JCT-464-S,6.336925982362754
JCT-468-S,0.45065676111181996
JCT-482-S,9.320397491829418
JCT-48-S,6.5954133771558325
JCT-50-S,6.829792506804306
JCT-510-S,6.7184487008244815
JCT-566-S,0.21453147769913872
JCT-572-S,0.5528317666019882
JCT-574-S,1.9161425513134833
JCT-582-S,1.8503834021723544
JCT-608-S,6.870084545815503
JCT-60-S,6.386686968755736
JCT-616-S,6.644695954146741
JCT-618-S,6.830329013175865
JCT-648-S,8.207409210879852
JCT-654-S,0.3792408655131645
JCT-690,15.864373271135168
JCT-694-S,6.620556411776478
JCT-698-S,6.360047663938646
JCT-730-S,1.9069840195602685
JCT-732-S,0.505438340320236
JCT-734-S,8.064597414046919
JCT-754-S,6.279208437833109
JCT-756-S,7.083999696504835
JCT-764-S,0.4165697956257809
JCT-770,21.771690171198085
JCT-776,4.957161834862887
JCT-787,10.095917947438299
JCT-789,10.246561867240503
JCT-791,11.234311168829807
JCT-795,12.543448880436483
JCT-801,19.06644041210295
JCT-802-S,7.575678321858634
JCT-814-S,3.001061530761741
JCT-817,17.17416153884263
JCT-819,16.921315188541577
JCT-828-S,6.4764349561712065
JCT-830-S,6.435370100107171
JCT-846-S,2.4260911470578517
JCT-848-S,6.63477898631262
JCT-858-S,7.216771876292514
JCT-864-S,6.760786839075514
JCT-868-S,6.451176124853339
JCT-876-S,7.186830451131918
JCT-878-S,6.254156867455341
JCT-880-S,6.49154912210005
JCT-886-S,6.508804005027541
JCT-888-S,6.754713255531893
JCT-890,16.97432531454973
JCT-896-S,6.366509179737413
JCT-900-S,6.727703088068408
JCT-910-S,6.6787583031917315
JCT-924-S,7.310069567899555
JCT-932-S,6.545744262818449
JCT-944,16.274317942295518
JCT-94-S,7.150528891585683
JCT-951,6.419303031968392
JCT-953,12.765786281472788
JCT-955,13.464932363993661
JCT-959,11.3254890129354
JCT-969,18.618802799274782
JCT-96-S,6.295141170355109
JCT-973,14.626907271251191
JCT-975,17.348736859619287
JCT-977,13.934103759211542
JCT-979,17.67441354121776
JCT-986-S,0.22636981983694487
JCT-996-S,9.600392227844953
JeffersonGateJunction,10.100759180995205
JFI-1,16.452082646779367
JFI-4,11.409520606803916
JFI-70,3.9799793767341733
JFI-9A,10.807127664854626
JFI-9B,10.183876915032585
JFR-10,10.958881803196284
JFR-23,10.270516059510715
JFR-24,9.83992885734073
JFR-67,7.363055673987459
KerbyDischarge,10.96453942376468
KerbyDischarge1,18.14808374872931
KerbyDischarge2,18.14808374872931
KerbyDischarge3,18.14808374872931
KerbyDischarge4,3.000091791152954
KerbyDischarge5,0.0
KerbyMagmeter,21.25
KerbyWetWell,11.502338454569237
LathrupEQWetwell,0.5
LathrupTank,0.0
LathrupTankInlet,2.2863813051135375
Local_LC003_&_LC015_DHLI-MH1-03,5.924014280684537
Local_LC003_&_LC015_DHLI-MH1-03A,5.925646384388179
Local_LC020_&_LC021_DHLI-MH2-03,8.864323840435373
Local_LC020_&_LC021_DHLI-MH2-04,8.868377983821633
Local_LC113_Reg_MH01,8.97908917502395
M10_1,10.11
M10_2nd,35.16319473271841
M10_Bagley,34.33
M10_Bethune,10.500343115122227
M10_Calvert,34.61
M10_Chicago,41.14
M10_Edison,40.61
M10_Eudid,34.25
M10_Forest,33.55
M10_GrandRiver,34.51
M10_Holmer,7.028258328307999
M10_I75,38.02
M10_Kentucky,34.11
M10_Linwood,7.011354829234049
M10_M8,7.533058010714173
M10_Milwaukee,34.58
M10_Oakman,8.017541052733305
M10_Puritan,46.22
M10_SantaRosa,33.82
M10_Selden,31.47
M10_Woodingham,34.3
m3001-SOCEND,15.599362716078138
M39_Hubbard,33.8
M8_2nd,6.141823269723787
M8_Dequindre,18.324626967648555
M8_Hamilton,12.857707175175468
M8_JosCampau,34.98
M8_Oakland,7.476845286715372
M8_Woodward,7.292398753185792
MarterDiversion,15.846642249089783
MarterWetWell,18.732857078674407
MartinDrainEffluent1,8.024823527294966
MartinRTB,12.294741333990109
MayflowerWetWell,9.17730029402992
ME3409,0.20056607903283225
MH_2,0.4370476008571993
MH_3,0.032672477808396605
MH4,23.23
MH68,7.5131096930598975
MIDDD_DS_Clintondale_OMID,1.6891865408664697
MIDDD_US_Clintondale_OMID,1.25573364512457
MilkRiverConnection,5.256089751169743
MilkRiverDewatering1,0.946838006509507
MilkRiverDischarge1,2.3733296439257763
MilkRiverSanitary,1.2776327590167162
ML_059,20.371061380158388
ML_062,23.253607953729336
ML_066D,4.862739093706688
ML_066W,3.161374794549997
ML_067W,3.1605949108996567
ML_069,11.45948219996605
ML_072,11.180746145693345
ML_075,6.4145262151709925
ML_077W,3.272842883878761
ML_079W,6.224470174151804
MR-1000,46.65695821919749
MR-1020,34.18628942056579
MR-1040,27.62
MR-12,25.20927223782224
MR-13,37.158782804484176
MR-2020,29.27
MR-21,14.740232353345963
MR-21020,38.43407105174654
MR-21040,41.43653080789427
MR-22,14.541531637932968
MR-22020,37.25741939496956
MR-23,15.01675969375184
MR-24,15.01675969375184
MR-25,5.462661747321444
MR-26,14.541531637932968
MR-27,4.759863247785178
MR-37,8.119440256936798
MR-38,8.119440256936798
MRD-8,15.008531240677645
NESPS_DC,29.74297845573126
NESPS_WW,18.887402210753137
P1_4,30.29682344666614
P2_4,27.02003113816347
P3_4,27.000099182128906
P4_4,27.000099182128906
P5_4,30.355500125084156
P6_4,30.30612045573614
P7_4,30.30612045573614
P8_4,27.0
PC1_2,11.974306789479716
PC13,39.51161528347154
PC14,39.51235125223282
PC15,39.51201182451173
PC16,39.51201182451173
PC17,40.81754004689759
PC3_4,11.958592416866384
PC5_6,11.945979069833378
PC7_8,11.970930294232154
PC9_10,12.001211020793313
PCI-10B_Sta.218+84_MH_OMID,1.3118938601887242
PCI-11_Sta.007+61_MH_OMID,0.7684462379704374
PCI-11_Sta.013+62_MH_OMID,0.7558448206220512
PCI-11_Sta.018+88_MH_OMID,0.7669454597513825
PCI-11_Sta.048+55_MH_OMID,0.47344099041404897
PCI-11_Sta.062+34_MH_OMID,0.7107291076323529
PCI-11A_Sta.020+74_MH_OMID,0.6162712516917817
PCI-7_Sta.096+53_MH_OMID,2.711008362746127
PS_Bluehill_SAN,48.5
PS_Bluehill_ST,63.14
PS_Conner,31.01209314577069
PS_Fairview,28.93796103177948
PS_Fischer,50.53439339540016
PS_Freud,61.952956231793095
PS_GPF,39.2
PS_GPK,1.3655841422291934
PS_Oakwood,60.52385424529234
PS_Woodmere,53.458282437879646
PS1_Discharge,12.922901840738035
PS2_AeratedEffluentChannel,13.473512903272866
PS2_InfluentChannel,21.958192197164674
R10,22.212172190452947
R20,18.062424564383754
R21,15.149964413034574
R3,7.456612940212722
R36D,17.563684954266886
R38,16.72342274684145
R5,6.836866809899069
R7,12.718741119450534
RC-S-2_OMID,0.01402241083832766
RioVistaWetWell,10.00103307826995
RTB_7Mile,30.315634411525267
RTB_BelleIsle,17.59318711964528
RTB_ConnerCreek,44.105420567645524
RTB_HS,18.556151317537854
RTB_Oakwood,9.521149331703782e-05
RTB_PF,34.654222607949904
RVSDS_CSO_02_(M33)_Div,2.5076635369212505
RVSDS_CSO_02_(M33)_Reg,0.2462096509695741
RVSDS_CSO_03_(M18A)_Div,4.1433034157583695
RVSDS_CSO_03_(M18A)_Div_Old,0.4404969147578657
RVSDS_CSO_03_(M18A)_Reg2,0.23220538487783432
RVSDS_CSO_04_(M16)_Div,3.53785457965509
RVSDS_CSO_04_(M16)_Reg,0.2625120899389868
RVSDS_CSO_05_(M15)_Div,4.697708221860413
RVSDS_CSO_05_(M15)_Reg,0.3321660275575614
RVSDS_CSO_06_(M17)_Div,1.1211839570368354
RVSDS_CSO_06_(M17)_Div_Old,0.25806930576712384
RVSDS_CSO_06_(M17)_Reg1,0.2378338004710062
RVSDS_CSO_06_(M17)_Reg2,0.16072016111789916
RVSDS_CSO_06_(M17)_Weir,1.1170901726018632
RVSDS_CSO_08_(M13)_BWG,1.3575405515628727
RVSDS_CSO_08_(M13)_Div,2.9004747251434058
RVSDS_CSO_08_(M13)_Reg,3.171718001098335
RVSDS_CSO_09_Div,0.38834606298707475
RVSDS_CSO_10_(M19)_Div,1.5120299015325647
RVSDS_CSO_13_(L41)_Div,4.245173749705043
RVSDS_CSO_18_(L46)_Div,3.42653667537879
RVSDS_CSO_36_(U06)_Div,11.303697215597735
RVSDS_CSO_36_(U06)_Reg,2.9918484832953034
RVSDS_CSO_36_(U06)_Weir,9.741025256976801
RVSDS_CSO_37_(U07)_Div,8.59
RVSDS_CSO_37_(U07)_Reg,4.45219084554169
RVSDS_CSO_37_(U07)_Weir,9.67
RVSDS_CSO_38_(U08)_Div,12.35791872014632
RVSDS_CSO_38_(U08)_Reg,5.292560236818579
RVSDS_CSO_38_(U08)_Weir,14.618007476299315
RVSDS_CSO_39_(U05)_Div,2.719947342750375
RVSDS_CSO_39_(U05)_Reg,9.16579937795451
RVSDS_CSO_40_(U03)_Div,2.885391355160972
RVSDS_CSO_40_(U03)_Reg,0.39936422158695617
RVSDS_CSO_41_(U04)_Div,2.82847805300877
RVSDS_CSO_41_(U04)_Reg,0.4078693855299653
RVSDS_CSO_42_(U11)_Div,4.781082717842788
RVSDS_CSO_42_(U11)_Reg,2.643213999503752
RVSDS_CSO_43_(U09)_Div,3.244490199435701
RVSDS_CSO_43_(U09)_Reg,2.278947306058642
RVSDS_CSO_44_(U10)_Div,2.3898292572970115
RVSDS_CSO_44_(U10)_Reg,0.5216522739748466
RVSDS_CSO_46_(U01)_Div,2.922791287766649
RVSDS_CSO_50_(L36)_Div,0.36793854773307744
RVSDS_CSO_52_(L35)_Div,0.13942246124460014
RVSDS_CSO_55_(M22)_Div,0.5296626787733101
RVSDS_CSO_55_(M22)_Reg,0.697896940567946
RVSDS_CSO_56_(M21)_BWG,3.1001000154663334
RVSDS_CSO_56_(M21)_Div,0.39737573202975784
RVSDS_CSO_56_(M21)_Reg2,0.32226594637728406
RVSDS_CSO_57_(M25)_Div,0.4249364337027477
RVSDS_CSO_57_(M25)_Reg,0.9191822934949228
RVSDS_CSO_58_(M20)_Div,0.7485529310307744
RVSDS_CSO_58_(M20)_Reg,0.5468403641844266
RVSDS_EQ_Livonia_B1,9.99977855826728e-05
RVSDS_EQ_Livonia_B2,9.99977855826728e-05
RVSDS_EQ_Livonia_DC,3.601030788594585
RVSDS_EQ_Livonia_Influent1,0.3963942806113102
RVSDS_EQ_Livonia_IT,1.5000993013381958
RVSDS_EQ_Livonia_WetWell,7.946158850639087
RVSDS_EQ_Wayne,0.0
RVSDS_EQ_Wayne_Chamber,4.834414152968492
RVSDS_EQ_Wayne_WetWell,0.0
RVSDS_INT_LRIR_IX_MH9-#2,3.495095360504396
RVSDS_INT_LRIR_IX_MH9-#3_DS,3.748722879613049
RVSDS_INT_LS1A_BGC,1.6975012674818406
RVSDS_INT_LS1A_DischargeBox_1,14.011628125118438
RVSDS_INT_LS1A_DischargeBox_2,0.0
RVSDS_INT_LS1A_DischargeBox_3,3.633124526968225
RVSDS_INT_LS1A_JC1_High,2.910220829599316
RVSDS_INT_LS1A_JC1_Low,2.255468630887639
RVSDS_INT_LS1A_OF-MH3,2.167975237785523
RVSDS_INT_LS1A_WetWell,8.949524208822018
RVSDS_INT_LV_MH12,6.42769035820004
RVSDS_INT_LV_MH15,7.444072879600579
RVSDS_INT_LV_MH36,4.81094472066894
RVSDS_INT_MasterControl,4.168015456264149
RVSDS_INT_MasterControl_SluiceGate,2.924882578507683
RVSDS_INT_MRIR_I_JC1-18A,20.07218698377916
RVSDS_INT_MRIR_II_JC2-08,4.994560130722782
RVSDS_INT_MRIR_II_JC2-08A_A,2.6078013972478633
RVSDS_INT_MRIR_II_JC2-08A_B,2.870093516563696
RVSDS_INT_MRIR_II_JC2-35,2.9446755005688554
RVSDS_INT_MRIR_II_JC2-36,2.343695269036031
RVSDS_INT_MRIR_II_JC2-38_DS,5.786850545830346
RVSDS_INT_MRIR_II_JC2-38_HighPipe,2.9605347345792543
RVSDS_INT_MRIR_II_JC2-38_US,5.872465629251241
RVSDS_INT_MRIR_III_JC3-13,1.4586106086071018
RVSDS_INT_MRIR_III_JC3-16,1.5213887198818323
RVSDS_INT_MRIR_III_JC3-21,1.466402037448447
RVSDS_INT_MRIR_III_JC3-37,1.4874631383713735
RVSDS_INT_MRIR_III_MH3-38,1.2357843891257072
RVSDS_INT_MRIR_IV_JC4A-03A,0.14764656003224896
RVSDS_INT_MRIR_IV_MH4A-01,0.1732345962270915
RVSDS_INT_MRIR_IV_MH4A-02,0.14682270085594978
RVSDS_INT_MRIR_IV_MH4A-03,2.8722358253565408
RVSDS_INT_MRIR_IV_MH4A-04,2.872317327255474
RVSDS_INT_MRIR_IV_MH4A-05,0.176217495600874
RVSDS_INT_MRIR_IV_MH4A-07,0.1475140556415977
RVSDS_INT_MRIR_IV_MH4A-16A,0.2800129361762318
RVSDS_INT_MRIR_IV_MH4A-16B,1.458216042052477
RVSDS_INT_MRIR_IV_MH4A-16C,0.8963440632640705
RVSDS_INT_MRIR_IV_MH4A-17A,0.22000064062762353
RVSDS_INT_MRIR_IV_MH4A-28,5.02035951614469
RVSDS_INT_MRIR_IV_MH4A-29,5.0203595161442305
RVSDS_INT_MRIR_IV_MH4A-34,1.272340157065381
RVSDS_INT_MRIR_VA_MH5A-01,1.2775134256837761
RVSDS_INT_MRIR_VA_MH5A-01A,0.770860231601161
RVSDS_INT_MRIR_VA_MH5A-04,8.575926946917201
RVSDS_INT_MRIR_VA_MH5A-05,8.637664011512687
RVSDS_INT_MRIR_VA_MH5A-15,5.3895132389975515
RVSDS_INT_MRIR_VA_MH5A-16,5.418657531591078
RVSDS_INT_MRIR_VA_MH5A-32,4.160333053699604
RVSDS_INT_MRIR_VA_MH5A-33,4.19483139990626
RVSDS_INT_MRIR_VA_MH5A-47,5.140106022952215
RVSDS_INT_MRIR_VA_MH5A-48,5.178506298963056
RVSDS_INT_MRIR_VC_JC5C-04,0.9108462369148387
RVSDS_INT_MRIR_VC_JC5C-16,1.345473453894849
RVSDS_INT_MRIR_VC_MH5C-02,8.61294474807655
RVSDS_INT_MRIR_VC_MH5C-03,8.695034764272679
RVSDS_INT_MRIR_VI_MH6-02,9.672995631129567
RVSDS_INT_MRIR_VI_MH6-03,9.696559687668985
RVSDS_INT_MRIR_VI_MH6-05A,6.339781917624052
RVSDS_INT_MRIR_VI_MH6-05B,6.356173172140556
RVSDS_INT_MRIR_VI_MH6-09,6.988689725399748
RVSDS_INT_MRIR_VI_MH6-10,7.015041862857508
RVSDS_INT_MRPIE_IV_MH4-1784.5,1.3706069990922913
RVSDS_INT_MRPIE_IV_MH4-2296.1,0.4636540295960606
RVSDS_INT_MRPIE_VI_MH6-20637.99,13.482076254843484
RVSDS_INT_MRPIE_VI_MH6-SARASOTA1,13.24142567184191
RVSDS_INT_NAI_I_MH1-10,1.398050370081583
RVSDS_INT_NAI_I_MH1-26,1.1049491503612594
RVSDS_INT_NAI_I_MH1-27,0.8107277069499517
RVSDS_INT_NAI_I_MH1-55,1.0269065898136929
RVSDS_INT_PWI_IA_MH1A-SiphonDS_NoID,8.62125298038129
RVSDS_INT_PWI_IA_MH1A-SiphonUS_NoID,8.622329060318084
RVSDS_INT_RVI_IV_JC4-01,16.53738799059003
RVSDS_INT_RVI_IV_MH4-Ford-NorthChamber,14.594185831217576
RVSDS_INT_RVI_IV_MH4-Ford-SouthChamber,14.570095183630599
RVSDS_INT_RVI_IX_MH9-SiphonA-EastChamber,4.442504493760119
RVSDS_INT_RVI_IX_MH9-SiphonA-WestChamber,4.443582494171967
RVSDS_INT_RVI_V_MH5-Michigan-NorthChamber,10.693339110072905
RVSDS_INT_RVI_V_MH5-Michigan-SouthChamber,12.915167554733051
RVSDS_INT_RVI_V_MH5-SiphonA-EastChamber,11.62601686242942
RVSDS_INT_RVI_V_MH5-SiphonA-WestChamber,12.197164721312156
RVSDS_INT_RVI_V_MH5-SiphonB-EastChamber,10.036378627341769
RVSDS_INT_RVI_V_MH5-SiphonB-WestChamber,10.781756231973354
RVSDS_INT_RVI_VI_DC6-01,4.474578682293096
RVSDS_INT_RVI_VII_MH7-01,3.526709788611604
RVSDS_INT_RVI_VII_MH7-14A,4.684836421662405
RVSDS_INT_RVI_VII_MH7-14B,4.279124256623634
RVSDS_INT_RVI_VII_MH7-22,5.367214007569542
RVSDS_INT_RVI_VII_MH7-Beech-NorthChamber,14.763030564110807
RVSDS_INT_RVI_VII_MH7-Beech-SouthChamber,14.542673796856597
RVSDS_INT_RVI_VIII_JC8-27,1.3758467644354626
RVSDS_INT_RVI_XII_MH12-12,1.5404900903738095
RVSDS_INT_RVI_XII_MH12-SiphonA-NorthChamber,16.438083989759882
RVSDS_INT_RVI_XII_MH12-SiphonA-SouthChamber,16.49922194141484
RVSDS_INT_RVI_XII_MH12-SiphonB-E.SiphonChamber,9.44127730620833
RVSDS_INT_RVI_XII_MH12-SiphonB-W.SiphonChamber,9.402462222370247
RVSDS_INT_RVI_XIII_MH13-SiphonA-EastChamber,13.41056797501232
RVSDS_INT_RVI_XIII_MH13-SiphonA-WestChamber,14.002474540612305
RVSDS_INT_RVI_XIII_MH13-SiphonB-EastChamber,7.625043594627552
RVSDS_INT_RVI_XIII_MH13-SiphonB-WestChamber,8.077671541491181
RVSDS_INT_RVI_XV_JC15-18_High,0.7538824677829685
RVSDS_INT_RVI_XV_JC15-18_Low,3.546979503888819
RVSDS_INT_RVI_XV_MH15-SiphonA-EastChamber,6.979991369052193
RVSDS_INT_RVI_XV_MH15-SiphonA-WestChamber,7.486628212053377
RVSDS_INT_RVI_XVI_JC16-11_High,0.6256346022432864
RVSDS_INT_RVI_XVI_JC16-11_Low_(R53),1.4097975313436857
RVSDS_INT_RVI_XVI_MH16-SiphonA-EastChamber,6.269709331719206
RVSDS_INT_RVI_XVI_MH16-SiphonA-WestChamber,6.317347639185112
RVSDS_INT_WI_W_DC21,0.7984565397510848
RVSDS_INT_WIE_MH3794,5.121869567134929
RVSDS_INT_WIE_MH3890,5.1462453842704985
RVSDS_INT_WIE_MH4431,5.278225615812836
RVSDS_INT_WIE_MH4505,5.2988015855318045
RVSDS_INT_WIE_MH5582,5.035731127775296
RVSDS_INT_WIE_MH5692,5.062523522414724
RVSDS_RTB_DearbornHgts_3_BC1,15.504647168710235
RVSDS_RTB_DearbornHgts_3_BC2,15.47947541098722
RVSDS_RTB_DearbornHgts_3_BC3,15.501522581103341
RVSDS_RTB_DearbornHgts_3_BWG,2.6358201821581133
RVSDS_RTB_DearbornHgts_3_D,0.0011295321164652705
RVSDS_RTB_DearbornHgts_3_Dummy,15.003504410719916
RVSDS_RTB_DearbornHgts_3_ET,2.8375459071110205
RVSDS_RTB_DearbornHgts_3_IT,3.5232544387327254
RVSDS_RTB_DearbornHgts_3_JC1,10.10348743182998
RVSDS_RTB_DearbornHgts_3_SE,2.6298662883863235
RVSDS_RTB_DearbornHgts_3_WW,20.146174135796308
RVSDS_RTB_DearbornHgts_4_JC1,7.195559842315419
RVSDS_RTB_DearbornHgts_4_JC2,7.15512064844868
RVSDS_RTB_DearbornHgts_4_MH9,1.7035478264489057
RVSDS_RTB_DearbornHgts_II_JC3,6.4014821421182155
RVSDS_RTB_DearbornHgts_II_JC4,5.994543163606853
RVSDS_RTB_DearbornHgts_II_JC5,5.632802082521538
RVSDS_RTB_DearbornHgts_II_JC6,5.119382402835346
RVSDS_RTB_DearbornHgts_II_JC7,3.0260812227021026
RVSDS_RTB_DearbornHgts_II_MHM03A,1.4747586409469013
RVSDS_RTB_Inkster_1_BC1,16.138565656135185
RVSDS_RTB_Inkster_1_BC2,16.138565656135185
RVSDS_RTB_Inkster_1_BWG,0.5252605835267208
RVSDS_RTB_Inkster_1_BWG2,0.9590595185445265
RVSDS_RTB_Inkster_1_ET,0.8750963007793457
RVSDS_RTB_Inkster_1_FFC,14.180981761453701
RVSDS_RTB_Inkster_1_IT,6.152075559683331
RVSDS_RTB_Inkster_1_JC1,0.8890278999489218
RVSDS_RTB_Inkster_1_JC2,3.014444749589723
RVSDS_RTB_Inkster_1_MH2,2.9135297163410696
RVSDS_RTB_Inkster_1_WW,12.049299192848306
RVSDS_RTB_Inkster_2_JC1,4.572848764862517
RVSDS_RTB_Inkster_2_JC2,2.105281974384486
RVSDS_RTB_Inkster_2_JC3,1.1841198599583738
RVSDS_RTB_Inkster_2_JC4,1.5592874323044308
RVSDS_RTB_Inkster_2_JC5,1.5247797740874067
RVSDS_RTB_Inkster_2_JohnDaly_PS,6.631237246567661
RVSDS_RTB_Middlebelt_BWGS,0.0
RVSDS_RTB_Middlebelt_EB,15.811111091256633
RVSDS_RTB_Middlebelt_EC,0.0
RVSDS_RTB_Middlebelt_EJS,0.0
RVSDS_RTB_Middlebelt_IC,15.814212408841506
RVSDS_RTB_Middlebelt_IJS,4.31098025006116
RVSDS_RTB_Middlebelt_WB,15.809095630037753
RVSDS_RTB_Middlebelt_WW,26.80076742994126
RVSDS_RTB_Redford_1_BWG,9.997094457503408e-05
RVSDS_RTB_Redford_1_Effluent,0.00010010298865381628
RVSDS_RTB_Redford_1_Flume,9.998887253459543e-05
RVSDS_RTB_Redford_1_SB,5.438543370432422
RVSDS_RTB_Redford_1_SC,9.98402974801138e-05
RVSDS_RTB_Redford_1_WW,27.204631514087122
RVSDS_RTB_Redford_2_JC1,20.088433177636695
RVSDS_RTB_Redford_2_JC2,19.738901136788932
RVSDS_RTB_Redford_2_JC3,19.39
RVSDS_RTB_Redford_BC1,0.8981902003288269
RVSDS_RTB_Redford_BC2,0.8981902003288269
RVSDS_RTB_Redford_SC,0.0
SCH00005,6.841542752201379
SCH00015,7.086239729114565
SCH00021,3.157512384696763
SCH00033,16.915
SCH00043,9.343055434192497
SCH00044,9.338346925574228
SCH00049,11.491451556772237
SCH00053,8.706789243852347
SCH00056,24.360497331522367
SCH00058,12.311721773523075
SCH00059,6.7434657134024025
SCH00066,10.047113139346553
SCH02083,10.1
SDF_BabyCreekInfluent,23.928106767553587
SDF_Leib,16.629587634341874
SDF_StAubin,13.463829438572276
SDF_USBabyCreekScreen1-4,23.366433479530585
SDF_USBabyCreekScreen5-16,23.553312904870616
SFIT0010,31.48
SFIT0041,25.57
SFIT0042,30.32954593438101
SFIT0043,30.64595708023088
SFIT0048,34.08042035050681
SFIT0051,34.24502609252522
SFIT0052,29.90735963368578
SFIT0054,25.54
SFIT0058,30.72278887423432
SFIT0059,10.139204329202864
SFIT0060,29.97
SFIT0188,19.874210063366192
SFIT0189,13.67120041849672
SFIT0210,20.301451094662937
SFIT0308,12.363329129558512
SFIT0437,17.476508113084726
SFIT0445,1.2963427243925665
SFIT0472,17.652205601166365
SFIT0474,19.491300989813475
SFIT0499,20.043275588685923
SFIT0504,20.26876935424528
SFIT0514,20.288576643094757
SFIT0516,20.396171840308746
SFIT0523,8.15
SFIT0524,8.363295351649978
SFIT0526,21.729639230819366
SFIT0531,21.632789889938252
SFIT0533,6.820988675905545
SFIT0534,7.708996216177812
SFIT0537,16.70925262635025
SFIT0553,22.5879994487759
SFIT0554,11.84855911819723
SFIT0560,22.600734976319284
SFIT0567,2.3839791872673857
SFIT0568,22.622641084925284
SFIT0594,22.711585205289154
SFIT0609,25.204240717749812
SFIT0610,14.609795705851212
SFIT0615,14.228455125659515
SFIT0628,22.945
SFIT0653,24.842930931616245
SFIT0661,25.086386025036873
SFIT0662,25.56514328694587
SFIT0667,25.8169433291026
SFIT0678,26.144481714954683
SFIT0683,26.4187858939053
SFIT0686,26.584820137469688
SFIT0695,26.741276633602588
SFIT0698,27.543238906078802
SFIT0701,27.688803649434796
SFIT0707,27.756864262541278
SFIT0708,27.91910804829208
SFIT0714,27.83642326569273
SFIT0715,28.054078903159322
SFIT0719,28.36589378875823
SFIT0791,29.157790236441983
SFIT0793,29.726329681008252
SFIT0810,30.18001359424659
SFIT08722,15.375197739451796
SFIT09792,26.784697358987668
SFIT1200,10.829848352650764
SFIT1203,22.17
SFIT1204,20.69
SFIT1214,25.13901621308544
SFIT1216,38.756896708297354
SFIT1242,15.283222871042817
SFIT1342,28.4060833316762
SFIT1364,11.378
SFIT1409,15.467
SFIT1514,24.699330964237475
SFIT1531,27.006013123275423
SFIT1659,13.855864744800416
SFIT2145,12.424
SFIT2147,23.122343974907807
SFIT2205,22.99348867572992
SFIT2206,22.911888349263457
SFIT2208,14.222128352063107
SFIT2209,14.1139896617351
SFIT2219,112.84
SFIT2220,113.13
SFIT2362,15.880681716577783
SFIT2367,13.462662739622292
SFIT2444,26.13
SFIT2493,26.29
SFIT2506,27.929383975356778
SFIT2530,18.34
SFIT2547,9.808858267529438
SFIT2594,16.319
SFIT2619,24.28079126575133
SFIT2635,9.730666567971497
SFIT2702,9.708386965417905
SFIT2769,19.965
SFIT2839,19.99
SFIT3022,20.05612485992873
SFIT3070,20.45
SFIT3092,5.082061259441003
SFIT3093,6.779320707712522
SFIT3101,3.2254647732544806
SFIT3104,5.651930452334461
SFIT3118,13.949116770715069
SFIT3268,6.268464604846358
SFIT3384,20.02005148805437
SFIT3392,15.407597613323155
SFIT3424,17.048
SFIT3443,16.384
SFIT3482,11.723224913457587
SFIT3483,11.8057774628608
SFIT3543,1.9536964671062704
SFIT3649,3.6755422439486924
SFIT3981,39.58303823125647
SFIT4194,38.0
SFIT4231,44.15
SFIT4392,7.3212170212777945
SFIT4393,26.27208409185475
SFIT4398,27.85967563666196
SFIT4399,13.968996951727082
SFIT45805,2.275484422726347
SFIT55698,46.22224794159446
SFIT56551,12.332887595927026
SFIT56645,48.37951330992404
SFT0042,21.5
SFT0043,55.30536294498589
SMH02113,37.414027401364216
SMH04106,10.986642106406208
SMH04106_2,9.556075831857573
SMH05185,4.299111159372641
SMH05185o,3.5881848700117938
SMH05729,29.672226466362503
SMH07581,16.77242939740644
SMH12283_2,24.89
SMH12330/12331,4.696133719683965
SMH13207,24.591195102016158
SMH14104,25.509373316502213
SMH14638,11.29
SMH18279d,32.14982660817837
SMH18279u,24.772654985177482
SMH19847,26.86
SMH20768,4.0221933491450494
SMH22510,30.0843569306858
SMH23828,13.59780187433563
SMH25218,12.0592684160322
SMH25377,25.089622447728942
SMH25515,23.98867080973391
SMH25517,11.006964778120135
SMH26282,14.061627546956238
SMH26447,21.264438413258613
SMH30417,40.32487843933271
SMH30930,28.790586812413377
SMH32208,11.103567146489084
SMH32269,14.390585151102183
SMH32402,26.06746576153767
SMH33070,9.755454023092643
SMH34125,9.431543686845679
SMH34126,13.148549025763348
SMH34317,25.56190151651512
SMH35568,24.476679601523912
SMH38600,34.26318911112461
SMH38726,7.731102777388234
SMH39049,28.67361347449772
SMH39205,26.67394571596956
SMH39269,1.2376328086951136
SMH44064,13.699145348938897
SMH45655,22.892755624251286
SMH45874,17.66325282280282
SMH47520,22.147185541725683
SMH52032,22.08904506551601
SMH52352,13.75
SMH52544,12.051613393116842
SMH52599,9.402065069578285
SMH52620d,18.92
SMH54296,13.484179742478577
SMH54312,21.962153369395068
SMH54535,32.593640247146666
SMH54564,29.14
SMH54587,24.701877345886274
SMH54766,15.198468791479492
SMH54809,8.57
SMH54815,13.510157079126344
SMH54820d,74.16552832564872
SMH54820u,25.771818475939575
SMH54821d,75.58477252171934
SMH54904,18.205123710968415
SMH61886,7.618141236517111
SMH62521d,69.69815155151153
SMH62555,28.898100189630156
SMH62581,31.1293018903205
SOT132004,12.439992904663086
SOT132005,11.193573252635614
SOT132005B,9.939509618561715e-05
SOT132006,5.71602336089672
SOT136017,4.49299148461256
SOT140002,15.26902329545133
SOT140007,15.776126948736934
ST_Chrysler,7.819073250425925
ST_ElmwoodCemetery,4.642923048231987
ST_GM,4.384067402632077
ST_Oakwood,8.6
STS3_OMID,0.4614336445782774
SU1,0.7267486343736815
VioletWetWell,27.695085388229256
VR11_DS,29.312991165617674
VR11_US,30.0
WRRF_PS1,41.5
WRRF_PS2,65.7068363711851
WWMH38320,76.14102028585012
