Node ID,Max Depth (ft)
100100,3.43
100200,6.0
100300,4.52
11521,25.5
11523,29.39
11R-2,0.39
11R-3,0.89
11R-4,0.91
11R-5,0.95
11R-6,1.08
11R-7A,1.16
11R-7B,18.35
11R-9,17.97
13,22.6
16475,16.91
16741-1,10.34
16741-2,4.01
16742-1,96.95
1795-11,80.5
1795-12,80.5
1795-13,80.5
19-55,0.37
20310,25.56
20315,23.52
20316,23.18
20317,13.75
20318,13.98
20319,2.18
21285_1_OMID,0.41
21285_2_OMID,0.27
22-55,0.6
23015_2_OMID,0.25
23016_1_OMID,0.37
23091_1_OMID,0.76
23117_OMID,0.69
23118_OMID,0.36
23213_OMID,0.17
23214_OMID,0.27
23901_2_OMID,0.44
26A-55,0.93
2909-03,22.44
29910,5.49
29934,0.92
29942,9.93
29944,8.06
29946,9.19
29948,10.12
29-95,0.99
29950,9.06
29952,10.16
29954,10.87
29958,13.22
29960,13.62
3005,18.52
3205,27.96
3210,38.0
3511,1.72
3512,1.65
3513,2.8
3514,4.31
3516,7.36
3517,6.03
3518,7.54
3521,6.54
35215,8.76
3526,12.22
35263,6.08
3527,10.23
3528,11.78
3528_A,12.22
3529,17.46
3529_A,16.46
3531,13.45
3532,11.57
3533,10.13
3534,8.89
3536,7.61
3537,7.01
3541,6.26
3542,12.37
3544,6.2
35441,7.05
3545,8.02
3546,7.44
3547,6.83
3548,6.52
3549,11.37
3551,14.44
3552,16.35
3553,16.91
35-95,0.73
3600,33.83
36009,31.39
3601,20.09
36011,20.09
36013,7.93
36015,7.93
36017,0.0
36018,0.0
36019,0.0
36020,0.32
37801-01,1.54
37801-02,1.3
43,24.72
5215,20.63
5215-01,89.57
5215-02,89.58
5215-03,89.57
5215-04,89.58
5215-05,89.57
5215-06,89.58
5215-07,89.57
5215-08,85.75
5216,138.44
5217,116.06
5218,138.44
5219,86.75
5219-01,114.92
5219-02,138.44
5219-03,128.42
5219-04,138.44
5220-01,140.9
5220-02,104.85
5726-05,57.53
5731-1,61.79
5731-2,61.79
5731-3,60.54
5731-4,60.82
5732-1,80.29
5732-2,92.01
5732-3,0.0
5732-4,105.32
6015,40.91
6035,47.06
6035-01,6.83
810_OAK,14.56
8DR-10,18.61
8DR-12,19.15
8DR-13,20.49
8DR-15,21.18
8DR-17,22.11
8DR-18,22.82
8DR-19,24.52
8DR-20,25.11
8DR-21,26.05
8DR-22,27.96
8DR-25,29.79
8DR-31,27.66
8DR-32,27.68
8DR-38,27.06
8DR-40,27.06
8DR-41,27.07
8DR-42,27.07
8DR-44,27.03
8DR-44A,27.11
8DR-45,27.19
8DR-46,27.35
8DR-47,27.57
8DR-48,27.62
8DR-49,27.7
8DR-5,16.35
8DR-50,27.75
8DR-51,27.78
8DR-52,27.79
8DR-53,27.84
8DR-54,27.87
8DR-55,27.85
8DR-56,27.84
8DR-57,27.79
8DR-59,26.61
8DR-6,16.83
8DR-60,26.41
8DR-61,26.29
8DR-63,26.71
8DR-64,26.31
8DR-65,26.49
8DR-66,25.56
8DR-67,25.83
8DR-7,17.26
8DR-8,17.9
9MD-10,11.55
9MD-11,12.31
9MD-12,13.07
9MD-13,12.83
9MD-14,12.59
9MD-15,12.35
9MD-16,13.11
9MD-17,12.87
9MD-18,13.13
9MD-19,11.76
9MD-2,10.37
9MD-20,11.84
9MD-21,11.89
9MD-22,11.96
9MD-23,12.05
9MD-24-1A,11.95
9MD-25,13.8
9MD-26,14.39
9MD-29,16.36
9MD-3,10.29
9MD-30,16.3
9MD-31,16.22
9MD-32,16.84
9MD-33,17.59
9MD-34,18.21
9MD-34A,18.34
9MD-34B,18.42
9MD-35,18.43
9MD-35A,18.57
9MD-35B,18.69
9MD-36,18.78
9MD-36A,18.8
9MD-37,18.83
9MD-38,18.73
9MD-38A,18.72
9MD-38B,18.94
9MD-38C,20.12
9MD-39,21.05
9MD-39A,22.13
9MD-4,10.05
9MD-40,23.03
9MD-41,23.91
9MD-42,24.36
9MD-42A,24.08
9MD-43,24.86
9MD-44,26.18
9MD-45,27.72
9MD-46,33.16
9MD-47,33.5
9MD-48,32.42
9MD-49,33.54
9MD-5,10.81
9MD-50,33.78
9MD-51,33.74
9MD-52,33.86
9MD-53,34.41
9MD-6,10.57
9MD-7,10.33
9MD-8,10.09
9MD-9,10.85
AP3421,10.9
AP3422,0.67
BBC010,21.35
BBC010_2,21.45
BBC0C8,22.9
BBC0C8_2,22.88
BBCA10,22.09
BBCA10_2,22.29
BBCA12,19.24
BBCA12_2,19.38
BBCB10,22.16
BBCB10_2,22.32
BBCC10,22.4
BBCC10_2,22.74
BC_EffFG1,21.25
BC_EffSF2,25.51
BEA-10,19.52
BEA-11,19.1
BEA-13,16.93
BEA-14,15.54
BEA-16,14.6
BEA-17,12.78
BEA-19,12.32
BEA-2,19.46
BEA-21,12.9
BEA-23,11.8
BEA-24,14.68
BEA-25,14.2
BEA-26,13.8
BEA-3,17.24
BEA-7,21.21
BEA-8,20.19
BEA-9,19.58
BEA-9MD-1,15.72
BEI-1,4.79
BEI-10,3.09
BEI-10A,2.98
BEI-13,2.5
BEI-14,2.38
BEI-15,2.24
BEI-16,2.05
BEI-17,1.45
BEI-18,1.32
BEI-19,1.18
BEI-2,4.58
BEI-20,1.06
BEI-21,0.65
BEI-22,0.62
BEI-23,0.62
BEI-24,0.62
BEI-25,0.61
BEI-26,0.26
BEI-27,0.19
BEI-28,0.12
BEI-29,0.08
BEI-3,4.38
BEI-3A,9.6
BEI-4,4.08
BEI-4A,5.29
BEI-5,3.85
BEI-5B,3.78
BEI-5C,4.04
BEI-5E,3.96
BEI-6,3.61
BEI-6A,3.79
BEI-7,3.71
BEI-8,3.36
BEI-9,3.2
BEI-BER-2,2.79
BER-1,0.96
BER-10,0.41
BER-11,0.4
BER-12,0.41
BER-13,0.23
BER-14,0.14
BER-15,0.14
BER-16,0.24
BER-16A,0.0
BER-16B,0.0
BER-18,0.48
BER-2,0.97
BER-20,0.41
BER-21,0.2
BER-22,0.49
BER-23,0.43
BER-24,0.44
BER-25,2.77
BER-26,2.42
BER-27,2.17
BER-28,1.95
BER-29,1.73
BER-3,0.96
BER-30,1.52
BER-32,1.35
BER-34,1.27
BER-35,1.17
BER-36,1.16
BER-37,1.17
BER-38,1.16
BER-39,1.15
BER-4_11R-1,1.06
BER-40,1.17
BER-41,1.16
BER-42,0.92
BER-43,1.03
BER-44,1.03
BER-45,1.07
BER-46,0.99
BER-47,1.01
BER-5,0.84
BER-6,0.64
BER-7,0.48
BER-8,0.41
BER-9,0.41
BLAT-1,13.6
BLAT-10,19.19
BLAT-11,17.8
BLAT-12,16.41
BLAT-13,10.57
BLAT-2,23.92
BLAT-3,17.48
BLAT-4,18.1
BLAT-5,15.3
BLAT-6,15.25
BLAT-7,13.76
BLAT-8,13.49
BLAT-9,12.89
BLAT-RED-CON,15.24
BLT137019B,2.63
BluehillDSChamber,32.71
BluehillPS_Div,33.95
BonHeurDischarge1,0.79
BonHeurDischarge2,0.0
BonHeurDischarge3,1.36
BonHeurDischarge4,0.0
BonHeurOutlet1,1.54
BonHeurOutlet2,1.49
BonHeurOutlet3,1.64
BOU-11,20.37
BOU-2,24.25
BOU-4,30.5
BOU-5,25.7
BOU-6,29.1
BOU-7,28.52
BOU-8,25.21
BOU-9,23.65
BRIT-1,10.23
BRIT-2,10.38
BRIT-4,8.78
BypassGateDS,16.03
CCDWMH11,3.66
CCRegulator_DS,22.32
Chamber1,29.76
Chamber13,11.72
Chamber14,12.38
Chamber15,41.26
Chamber16,41.55
Chamber17,3.55
Chamber2,29.86
Chamber23,19.48
Chamber3,27.72
Chamber33,35.57
Chamber4,27.63
Chamber44,20.63
Chamber45,19.14
Chamber46,17.01
Chamber53,21.27
ChapatonIntermediate1,23.55
ChapatonSanitaryDischarge1,89.0
ChapatonSanitaryDischarge2,70.97
ChapatonSanitaryDischarge2A,30.59
ChapatonSanitaryDischarge3,36.89
ChapatonSanitaryDischarge4,8.6
ChapatonStormDischarge1,2.34
ChapatonStormDischarge2,36.5
ChapatonStormDischarge3,36.5
CM1,2.83
CM2,3.01
CM3,14.75
CM4,13.27
CM5,21.72
CON_Discharge10u,116.26
CON_Discharge11u,159.13
CON_Discharge12u,104.32
CON_Discharge1u,77.45
CON_Discharge2u,67.47
CON_Discharge3u,67.47
CON_Discharge4u,77.45
CON_Discharge5u,74.1
CON_Discharge6u,67.47
CON_Discharge7u,0.0
CON_Discharge8u,0.0
CON_Discharge9u,159.13
CON_DischargeD,38.14
CON_DischargeD2,81.35
CON_SanDisChamber,42.92
CUSH-1,16.58
CUSH-3,6.87
DAV-1,22.79
DAV-3,18.4
DAV-4,18.53
DAV-6,8.63
DN1000,0.87
DN100113,0.24
DN100120,0.46
DN100122,0.31
DN100125,0.18
DN100140,0.0
DN100141,0.41
DN100145,0.23
DN100150,0.49
DN1006,0.06
DN1007,0.07
DN1008,0.07
DN100805,0.05
DN100806,0.48
DN100843,0.82
DN100844,0.63
DN100844B,0.56
DN100845,0.67
DN100846,0.7
DN100853,0.7
DN100854,0.36
DN100854B,0.32
DN100855,0.19
DN100856,0.64
DN1009,0.12
DN100906,1.27
DN100910,1.38
DN100915,1.03
DN100918,0.67
DN100920,0.39
DN100925,0.12
DN1009294,0.17
DN1009300,0.2
DN1009301,0.34
DN100935,0.29
DN1009350,0.17
DN1009351,0.19
DN1009352,0.42
DN1009353,0.22
DN1009354,0.29
DN1009355,0.25
DN1009356,0.29
DN1009357,0.26
DN1009359,0.45
DN101,1.68
DN1010,0.09
DN101151,0.4
DN101152,0.36
DN101153,0.46
DN101222,0.32
DN101223,0.37
DN101251,0.42
DN101252,0.49
DN101311B,0.42
DN101314B,0.39
DN1014,0.02
DN101485B,0.62
DN101489,0.23
DN1015,0.07
DN101501,0.42
DN101502,0.36
DN101503,0.42
DN101504,0.15
DN101510,0.2
DN101515,0.58
DN101516,0.93
DN101530,0.26
DN101535,0.24
DN101536,0.98
DN101555,0.26
DN101600,1.76
DN101601,1.09
DN101602,0.69
DN101603,0.58
DN101604,0.75
DN101606,0.63
DN101700,0.47
DN101701,2.11
DN101702,1.76
DN101703,2.22
DN101704,0.54
DN101705,0.75
DN101706,2.12
DN101710,0.32
DN101716,1.89
DN101720,2.03
DN101725,2.07
DN101726,0.63
DN101732,1.07
DN101735,1.55
DN101736,1.04
DN101737,1.94
DN101738,1.93
DN101748,2.91
DN101750,3.38
DN101751,0.13
DN101756,1.75
DN101757,1.37
DN101759,1.66
DN101760,2.57
DN101761,1.8
DN101763,0.48
DN101764,1.35
DN101765,0.93
DN101766,3.55
DN101776,1.01
DN101777,1.6
DN101778,1.51
DN101787,0.79
DN101788,1.68
DN101789,2.07
DN101794,1.33
DN101796,1.72
DN101798,1.43
DN101798B,1.71
DN1019,0.02
DN102,1.75
DN1020,0.06
DN1024,0.02
DN1025,0.05
DN10252,0.0
DN1026,0.05
DN102604,0.16
DN102606,0.36
DN102700,0.4
DN102704,1.74
DN102705,0.33
DN102706,1.28
DN102710,0.47
DN102716,2.92
DN102720,2.39
DN102725,2.85
DN102726,0.38
DN102732,2.81
DN102735,2.26
DN102736,1.71
DN102737,1.71
DN102738,1.66
DN102748,0.98
DN102750,1.8
DN102751,1.87
DN102756,1.6
DN102757,1.79
DN102759,1.87
DN102760,2.86
DN102761,0.66
DN102763,2.02
DN102764,2.73
DN102765,1.78
DN102776,1.9
DN102777,1.41
DN102778,1.43
DN102786,2.37
DN102787,1.85
DN102788,1.49
DN102794,1.61
DN102796,1.88
DN102798,0.97
DN102798B,1.13
DN103100,0.67
DN103101,0.5
DN103110,1.13
DN103130,0.76
DN103150,0.21
DN103151,0.27
DN103160,0.35
DN103161,0.33
DN103171,0.12
DN103211,0.32
DN103220,0.38
DN103300,0.73
DN104200,0.91
DN104300,0.55
DN104301,0.36
DN104303,0.91
DN104303B,0.33
DN104350,0.11
DN104351,0.4
DN104353,0.67
DN104353B,0.36
DN105,2.88
DN105100,0.76
DN105200,0.28
DN105350,0.93
DN1067,0.02
DN1068,0.02
DN1069,0.04
DN1070,0.01
DN107100,0.96
DN107251,0.58
DN107261,0.5
DN107361,0.47
DN107370,0.54
DN107371,0.4
DN107380,0.42
DN107381,0.29
DN107430,0.3
DN107431,0.34
DN107451,0.37
DN107461,0.42
DN107471,0.39
DN107480,0.7
DN107500,0.35
DN107501,0.28
DN107550,0.12
DN107551,0.28
DN1084,0.44
DN108401,0.32
DN108403,0.34
DN108403B,0.11
DN10841,0.73
DN10842,0.64
DN1085,0.64
DN1086,1.02
DN10861,0.59
DN108631,0.37
DN108632,0.36
DN108633,0.65
DN108633B,0.26
DN108651,0.37
DN108653,0.47
DN108653B,0.18
DN1087,0.59
DN109450,0.25
DN109451,0.28
DN109992,0.63
DN109993,0.73
DN109995,0.29
DN1100,0.04
DN1105,0.03
DN11051,0.0
DN1106,0.02
DN1107,0.03
DN1108,0.02
DN1109,0.02
DN110997,0.51
DN110998,0.25
DN110999,0.3
DN1110,0.04
DN1111,0.04
DN1112,0.03
DN1113,0.03
DN1114,0.02
DN1120,0.07
DN1121,0.05
DN1122,0.04
DN1123,0.03
DN1124,0.03
DN1125,0.0
DN113,1.34
DN113060,1.08
DN113070,0.37
DN113080,1.13
DN113110,0.36
DN113120,0.59
DN113130,0.38
DN113140,0.53
DN113143B,0.71
DN113150,1.22
DN113160,1.3
DN113250,0.66
DN113350,0.45
DN113360,0.75
DN113370,0.92
DN114100,0.38
DN114151,0.72
DN114200,1.01
DN114251,0.68
DN114301,0.66
DN114321,0.55
DN114331,0.36
DN114340,0.8
DN114341,0.65
DN114350,0.72
DN114351,0.36
DN114361,0.34
DN114371,0.56
DN114401,0.46
DN114411,0.82
DN114421,0.54
DN114451,0.53
DN114471,0.55
DN114500,0.49
DN114501,0.55
DN114511,0.4
DN114521,0.62
DN114531,0.62
DN114550,0.73
DN114551,0.35
DN114561,0.61
DN114571,0.61
DN114581,0.6
DN114600,0.09
DN114601,0.34
DN114611,0.48
DN114651,0.24
DN114701,0.91
DN114710,0.28
DN114730,0.2
DN114740,0.31
DN114751,0.67
DN114770,0.25
DN114780,0.78
DN114800,0.76
DN114850,0.73
DN114901,0.77
DN114910,0.75
DN115,1.4
DN1151,1.01
DN1152,0.87
DN1153,0.77
DN1156,0.1
DN1157,0.05
DN1158,0.06
DN1159,0.05
DN1160,0.05
DN116050,0.53
DN116051,0.14
DN1161,0.04
DN1162,0.04
DN1163,0.04
DN1164,0.03
DN1165,0.02
DN1166,0.01
DN1172,0.01
DN1173,0.0
DN1174,0.03
DN117400,0.22
DN117404,0.1
DN117405,0.1
DN117406,0.47
DN117410,0.39
DN117430,0.0
DN117440,0.28
DN117441,0.2
DN117442,0.15
DN117443,0.36
DN117450,1.58
DN1175,0.08
DN1176,0.09
DN1177,0.09
DN117750,0.31
DN117751,0.5
DN117752,1.21
DN1178,0.08
DN117801,0.29
DN117802,0.43
DN117811,0.21
DN117812,0.6
DN117840,0.29
DN1179,0.08
DN117930,0.14
DN117931,0.14
DN117932,0.35
DN117933,0.35
DN117934,0.43
DN117935,0.37
DN1180,0.08
DN1181,0.07
DN1182,0.07
DN1183,0.04
DN1184,0.03
DN1185,0.02
DN1186,0.01
DN1187,0.04
DN1190,0.0
DN120,1.06
DN1205,0.05
DN1210,0.05
DN121001,0.37
DN121011,0.22
DN121021,0.31
DN121031,0.22
DN121041,0.35
DN121050,0.6
DN121051,0.2
DN1215,0.05
DN1216,0.05
DN1217,0.0
DN1218,0.0
DN1219,0.0
DN122,1.02
DN1221,0.61
DN1222,0.61
DN1223,0.46
DN1231,0.09
DN1233,0.1
DN1235,0.1
DN1237,0.08
DN1238,0.08
DN1239,0.07
DN1240,0.07
DN124000,0.24
DN124010,0.16
DN124020,0.34
DN124050,0.59
DN124060,0.18
DN124070,0.35
DN124080,0.38
DN124090,0.32
DN124100,0.26
DN124110,0.55
DN125,0.83
DN125001,4.13
DN1251,0.82
DN1252,1.01
DN127400,0.32
DN127401,0.32
DN127402,0.32
DN127403,0.24
DN127410,0.24
DN127411,0.32
DN127412,0.32
DN127413,0.32
DN127430,0.34
DN127431,0.36
DN127432,0.34
DN127440,0.32
DN127441,0.32
DN127442,0.32
DN127443,0.27
DN127450,2.1
DN127451,0.32
DN127750,0.18
DN127751,0.23
DN127752,0.81
DN127800,0.23
DN127801,0.26
DN127802,0.14
DN127810,0.19
DN127811,0.23
DN127840,0.24
DN127841,0.28
DN127842,0.28
DN127843,1.4
DN127844,1.27
DN127930,0.22
DN127931,0.21
DN127932,1.07
DN127933,1.15
DN127934,0.73
DN127935,1.07
DN1305,7.2
DN1306,6.01
DN1307,5.08
DN1308,4.01
DN1310,3.24
DN1311,2.67
DN1312,2.52
DN13121,2.36
DN1313,2.61
DN131310,0.7
DN131320,0.97
DN131330,0.53
DN131340,0.86
DN131350,0.45
DN131360,0.98
DN1314,2.56
DN13141,2.63
DN13142,2.65
DN13143,2.46
DN13144,1.59
DN1315,2.38
DN131510,0.11
DN131511,0.32
DN131520,0.11
DN131521,0.31
DN131530,0.48
DN131531,0.4
DN1316,2.21
DN1317,2.35
DN131710,0.44
DN131711,0.54
DN131720,0.29
DN131730,0.4
DN131740,0.25
DN131741,0.4
DN1320,1.75
DN13201,0.99
DN1325,0.83
DN1330,0.39
DN13301,0.37
DN133010,0.42
DN133020,0.37
DN133030,0.62
DN133040,0.56
DN133050,0.37
DN133060,0.32
DN133070,0.47
DN133080,0.47
DN1335,1.82
DN1336,2.01
DN1337,1.77
DN1385,1.53
DN1392,4.29
DN1393,4.74
DN1394,6.4
DN140,2.01
DN1405,10.03
DN140811,0.25
DN140821,0.42
DN140830,0.68
DN140841,0.3
DN140851,0.38
DN140861,0.38
DN140871,0.42
DN140881,0.34
DN1410,7.09
DN1412,5.94
DN1414,5.56
DN1415,4.89
DN14151,1.75
DN14152,1.14
DN142,0.78
DN142011,0.44
DN142021,0.54
DN142031,0.53
DN1423,5.01
DN1424,4.9
DN1425,4.77
DN1427,3.75
DN1428,3.71
DN143,0.28
DN1430,3.65
DN143000,0.95
DN143001,0.45
DN143002,0.52
DN143003,0.39
DN143003B,0.2
DN143011,0.32
DN143013,0.54
DN143013B,0.21
DN143021,0.35
DN143022,0.54
DN143023,0.68
DN143023B,0.27
DN1432,3.13
DN14321,3.47
DN14322,3.46
DN14323,3.45
DN14324,3.42
DN14325,3.36
DN14326,3.34
DN1433,3.36
DN1434,3.19
DN1435,3.08
DN143510,0.16
DN143511,0.42
DN143520,0.11
DN143521,0.42
DN143523,1.65
DN143523B,0.28
DN143530,0.35
DN143531,0.45
DN143533,0.64
DN143533B,0.26
DN143540,0.12
DN143541,0.45
DN143543,0.67
DN143543B,0.27
DN14361,2.77
DN1437,2.87
DN1440,2.87
DN144000,0.32
DN144001,0.49
DN144010,0.34
DN144011,0.31
DN144012,0.63
DN144022,1.26
DN144023,1.23
DN144023B,0.32
DN144030,0.37
DN144031,0.46
DN144032,0.08
DN144033,0.56
DN144033B,0.22
DN144041,0.45
DN1441,2.87
DN1442,2.75
DN1445,2.67
DN1447,2.6
DN145,0.63
DN1450,2.54
DN145000,0.26
DN145001,0.38
DN145011,0.35
DN145021,0.35
DN145030,0.58
DN145031,0.39
DN1451,2.33
DN1452,2.39
DN1453,2.25
DN1455,2.1
DN145500,0.48
DN145501,0.47
DN145510,0.46
DN145511,0.42
DN145520,0.33
DN145521,0.47
DN145530,0.15
DN145531,0.46
DN145540,0.12
DN145541,0.4
DN14561,2.03
DN1457,2.06
DN1458,1.79
DN1460,1.53
DN1461,0.73
DN1463,1.03
DN1465,1.04
DN14651,1.11
DN14652,0.97
DN14653,0.94
DN14654,0.81
DN1467,2.43
DN1468,2.28
DN1470,2.27
DN1471,2.93
DN1472,2.56
DN1473,2.53
DN1474,2.14
DN1475,2.08
DN14751,1.9
DN14752,1.64
DN14753,1.44
DN14754,1.01
DN1477,2.17
DN14771,2.01
DN14772,1.05
DN1478,1.85
DN1479,1.67
DN1480,1.66
DN1485,2.06
DN1486,1.32
DN1487,1.34
DN1488,0.79
DN1489,1.38
DN1490,0.53
DN1491,0.37
DN1492,0.41
DN14920,0.46
DN1493,3.42
DN1493310,0.77
DN1495,9.49
DN1496,7.51
DN1497,7.48
DN1498,7.51
DN1499,7.42
DN150,0.99
DN1501,1.0
DN1502,0.81
DN1503,0.68
DN1504,0.33
DN1505,5.66
DN1510,5.21
DN1513,3.13
DN1515,2.64
DN151500,0.73
DN151501,0.07
DN151510,0.91
DN151520,0.6
DN151521,0.29
DN152,0.49
DN1520,1.82
DN1525,1.49
DN1527,1.04
DN1530,1.4
DN1535,1.41
DN1540,2.66
DN1545,1.46
DN1550,0.91
DN1555,0.47
DN156,2.01
DN157,0.24
DN158,4.91
DN1586,19.12
DN1587,7.79
DN1594,1.46
DN161030,0.3
DN161031,0.42
DN16275,10.76
DN170910,0.68
DN170920,0.67
DN171010,0.92
DN171011,0.41
DN171500,0.65
DN171510,0.54
DN171520,0.49
DN171540,0.65
DN171550,0.76
DN171560,0.7
DN171570,0.82
DN171610,0.34
DN171710,0.66
DN171711,0.24
DN171721,0.46
DN171730,0.34
DN171731,0.29
DN171741,0.42
DN173511,0.52
DN173521,0.42
DN175010,0.58
DN175011,0.29
DN175021,0.38
DN175030,0.2
DN175031,0.23
DN175040,0.17
DN175041,0.22
DN175051,0.39
DN175061,0.21
DN175071,0.35
DN175081,0.41
DN175250,0.47
DN175251,0.41
DN175311,0.39
DN175320,0.59
DN175321,0.33
DN175361,0.52
DN175371,0.52
DN175450,0.28
DN175451,0.38
DN175460,0.6
DN175461,0.13
DN175470,0.32
DN175471,0.42
DN175501,0.41
DN175511,0.41
DN176010,0.42
DN176021,0.27
DN176030,0.17
DN176031,0.23
DN181500,0.37
DN181501,0.33
DN181511,0.32
DN181521,0.26
DN181531,0.36
DN181550,0.2
DN181551,0.31
DN184011,0.49
DN184013,0.46
DN184013B,0.24
DN184021,0.36
DN184031,0.33
DN184041,0.26
DN184043,0.53
DN184043B,0.2
DN186311,0.4
DN186312,0.54
DN186320,0.09
DN186321,0.56
DN186511,0.5
DN186513,0.72
DN186513B,0.29
DN186520,0.45
DN186521,0.32
DN186523,0.43
DN186523B,0.15
DN186530,0.3
DN186531,0.33
DN186533,0.57
DN186533B,0.31
DN196810,0.22
DN196811,1.21
DN196823,1.52
DN196824,0.29
DN196824B,0.08
DN196826,0.39
DN196848,0.41
DN196849,2.59
DN196849B,0.28
DN196850,0.27
DN196851,0.46
DN197823,0.65
DN197824,1.78
DN197824B,0.28
DN197825,0.05
DN197826,0.64
DN2000,1.2
DN2001,0.99
DN20015,11.96
DN2002,0.97
DN2003,1.0
DN20030,4.31
DN20035,9.77
DN2004,1.89
DN20040,9.24
DN2005,1.94
DN20050,13.16
DN2005B,1.92
DN2006,1.63
DN20060a,14.91
DN20065,15.49
DN2007,1.4
DN20070,10.98
DN20070a,13.22
DN2008,2.59
DN20080,11.08
DN20080a,16.4
DN2009,2.41
DN20090,10.34
DN20090a,17.22
DN20091,15.94
DN20092,27.9
DN20094,17.51
DN20095,18.85
DN2009B,2.35
DN2010,2.54
DN2011,2.34
DN2012,2.1
DN20120,18.77
DN20124,17.27
DN20125,17.58
DN2013,2.77
DN20130,17.49
DN2014,2.94
DN20140,17.94
DN20145,17.86
DN20148,16.91
DN2015,2.59
DN20150,16.8
DN2015B,1.58
DN2016,2.49
DN20165,18.21
DN20167,18.82
DN2017,2.46
DN20170,19.08
DN2017B,2.44
DN2018,2.37
DN20180,21.22
DN20185,19.2
DN2019,2.27
DN20190,12.99
DN20195,20.52
DN2020,2.3
DN20200,14.24
DN2021,2.3
DN20210,18.7
DN20215,18.55
DN20217,13.04
DN2021A,2.24
DN2021B,2.24
DN2022,2.2
DN20220,18.38
DN20221,18.45
DN20222,18.07
DN20223,14.94
DN20225,17.78
DN2023,2.26
DN2024,2.26
DN20240,17.84
DN20245,17.81
DN2025,2.34
DN20250,20.94
DN20255,17.87
DN2026,2.61
DN20260,15.05
DN2027,2.9
DN20275,19.01
DN20276,18.86
DN20277,17.96
DN2028,3.27
DN20283,11.92
DN20285,13.39
DN2029,3.68
DN2030,4.15
DN20305,7.29
DN2031,4.63
DN20310,6.56
DN203102,21.88
DN203103,14.39
DN203104,14.89
DN20312,14.79
DN20313,15.54
DN203130,16.23
DN203131,15.95
DN203132,18.75
DN203133,16.28
DN203134,16.49
DN203135,17.08
DN203136,18.02
DN203137,18.66
DN203138,19.67
DN2032,5.22
DN20320,2.23
DN203201,5.11
DN20321,1.77
DN20323,23.7
DN20324,16.86
DN20325,17.34
DN20326,23.53
DN20327,19.99
DN20328,18.98
DN20329,24.0
DN2033,6.26
DN20330,25.06
DN203301,4.49
DN20331,14.36
DN20332,22.11
DN20333,27.08
DN20334,30.74
DN2034,6.18
DN20340,27.17
DN2035,6.96
DN20356,14.98
DN20357,18.2
DN20358,15.19
DN20359,17.6
DN2036,10.18
DN20360,17.21
DN20365,16.57
DN2037,12.08
DN2038,16.71
DN2039,12.71
DN20390,13.71
DN20395,13.52
DN2040,12.37
DN20400,12.88
DN20405,12.32
DN2041,11.73
DN2042,10.89
DN20420,13.42
DN20425,12.69
DN2043,10.27
DN20430,12.24
DN2044,10.86
DN20440,13.66
DN20445,12.52
DN2045,11.76
DN20450,11.67
DN2046,12.81
DN20460,13.4
DN2047,14.97
DN20470,16.67
DN20475,17.92
DN2048,16.57
DN20480,17.82
DN20485,11.33
DN2049,20.02
DN205,3.05
DN2050,20.38
DN20500,9.84
DN20501,13.41
DN20502,14.93
DN20505,10.38
DN20506,14.12
DN20508,15.88
DN2051,20.49
DN20510,10.67
DN20511,19.64
DN20514,21.56
DN20515,21.32
DN20517,15.6
DN20518,11.3
DN2052,20.18
DN20520,9.46
DN2053,20.02
DN20531,10.17
DN2054,18.75
DN20540,9.05
DN20543,8.37
DN20545,8.17
DN2055,17.54
DN20550,7.48
DN20555,5.65
DN20556,1.57
DN20559,4.02
DN2056,15.94
DN20560,2.41
DN20565,1.13
DN20567,0.81
DN2057,14.3
DN20575,0.0
DN20576,3.15
DN20580,4.39
DN20583,5.06
DN20585,10.4
DN20588,9.57
DN20590,8.62
DN20593,10.98
DN20595,11.62
DN20596,13.06
DN20597,12.59
DN20598,12.15
DN20599,11.75
DN20600,11.37
DN206001,10.01
DN206002,9.11
DN20601,3.83
DN20602,13.64
DN20603,2.91
DN20604,1.19
DN20605,8.89
DN20610,7.59
DN20612,4.02
DN20614,11.03
DN20615,4.02
DN20619,12.08
DN20620,3.72
DN20621,3.2
DN20622,0.0
DN20625,11.87
DN20626,2.66
DN20630,11.75
DN20631,7.38
DN20670,9.8
DN20675,10.87
DN20676,11.24
DN20679,10.1
DN20680,9.75
DN20683,8.47
DN20684,8.18
DN20685,7.86
DN20687,6.43
DN20690,5.98
DN20691,10.47
DN20692,4.26
DN20694,12.11
DN20695,10.38
DN20698,13.8
DN20699,7.5
DN207,0.9
DN20700,7.01
DN20703,6.26
DN20705,5.56
DN20710,11.85
DN20715,3.63
DN20800,7.97
DN20805,7.48
DN210,0.55
DN2101,0.47
DN21016,13.71
DN21017,42.2
DN21018,44.33
DN21019,27.09
DN2102,0.41
DN2103,1.09
DN2104,1.01
DN2105,1.07
DN2205,0.05
DN2210,0.08
DN2215,0.08
DN2220,0.08
DN2225,0.04
DN2230,0.04
DN2235,0.06
DN2240,0.07
DN2267,0.04
DN2269,0.05
DN2270,0.06
DN2275,0.05
DN2280,0.04
DN2285,0.06
DN2289,0.08
DN2305,0.06
DN2310,0.43
DN231210,0.43
DN231420,0.83
DN231430,0.83
DN231440,1.04
DN2315,0.44
DN2320,0.0
DN232010,0.43
DN2325,0.0
DN23737,0.57
DN23745,0.68
DN23803,11.38
DN23816,7.99
DN23849,19.67
DN239330,0.59
DN24065,19.12
DN241511,0.82
DN241521,0.81
DN24250,0.8
DN242510,1.0
DN242520,1.02
DN243210,0.48
DN243211,0.49
DN243221,0.44
DN243240,0.48
DN243241,0.64
DN243251,0.44
DN243260,0.48
DN243261,0.51
DN243331,0.55
DN246511,0.3
DN246521,0.38
DN246531,0.37
DN246541,0.49
DN247510,0.55
DN247511,0.65
DN247521,0.6
DN247531,0.65
DN247541,0.67
DN247710,0.48
DN253,3.03
DN254,0.99
DN256,0.67
DN258,4.57
DN260,0.46
DN263,0.47
DN27895,16.73
DN305,6.6
DN310,5.42
DN311,4.85
DN313,3.09
DN3131,1.74
DN3132,2.02
DN3133,1.61
DN3134,1.52
DN3135,1.19
DN3136,1.1
DN315,2.18
DN3151,1.06
DN3152,0.89
DN3153,0.91
DN316,1.95
DN317,1.61
DN3171,0.98
DN3172,0.93
DN3173,0.9
DN3174,0.76
DN321,2.2
DN322,1.41
DN330,1.7
DN3301,1.49
DN3302,1.33
DN3303,1.38
DN3304,1.17
DN3305,1.02
DN3306,0.85
DN3307,0.85
DN3308,0.61
DN353,6.49
DN354,4.42
DN356,3.72
DN360,0.47
DN365,0.58
DN405,4.38
DN40600,0.11
DN40601,0.11
DN40602,0.14
DN40603,0.14
DN40604,0.15
DN40605,0.16
DN40606,0.16
DN408,3.16
DN40800,0.06
DN40801,0.06
DN4081,0.58
DN4082,0.45
DN4083,1.06
DN4084,0.98
DN4085,0.88
DN4086,0.81
DN4087,1.11
DN4088,0.59
DN410,2.07
DN4101,1.15
DN415,2.27
DN417,2.13
DN420,2.16
DN4201,2.55
DN4202,1.85
DN4203,1.69
DN423,2.16
DN424,2.13
DN425,3.88
DN430,3.03
DN4300,2.62
DN4301,2.18
DN4302,1.76
DN435,1.88
DN4351,1.84
DN4352,1.76
DN4353,1.64
DN4354,1.36
DN440,1.46
DN4401,0.98
DN4402,1.1
DN4403,0.91
DN4404,0.57
DN450,1.59
DN4501,1.7
DN4502,1.64
DN4503,1.6
DN455,1.38
DN4551,1.2
DN4552,1.09
DN4553,0.87
DN4554,0.6
DN463,4.39
DN465,1.8
DN466,1.51
DN480,0.63
DN485,1.05
DN510,4.58
DN511,3.29
DN515,2.9
DN5151,1.73
DN5152,1.12
DN520,0.33
DN563,4.59
DN564,1.33
DN570,2.02
DN580,0.41
DN605,2.76
DN610,0.58
DN6101,0.57
DN6102,0.63
DN6103,0.6
DN6104,0.14
DN667,0.86
DN669,0.97
DN685,0.35
DN705,8.53
DN709,8.42
DN7091,1.77
DN7092,0.83
DN710,8.23
DN715,8.0
DN7150,1.95
DN7151,1.75
DN7152,1.65
DN7153,1.45
DN7154,2.0
DN7155,1.79
DN71555,0.46
DN7156,4.77
DN7157,3.35
DN716,7.82
DN7161,0.33
DN717,7.68
DN7171,1.02
DN7172,0.82
DN7173,0.76
DN7174,0.67
DN720,7.63
DN723,5.19
DN725,5.0
DN735,3.83
DN7351,0.81
DN7352,0.56
DN7353,0.0
DN736,3.61
DN737,3.18
DN738,3.22
DN743,1.48
DN745,1.15
DN746,1.13
DN747,1.13
DN748,1.18
DN749,0.66
DN7491,0.14
DN7492,0.14
DN7493,0.33
DN750,3.86
DN7502,0.85
DN7503,0.6
DN7504,0.38
DN7505,0.75
DN7506,0.66
DN7508,0.62
DN7511,0.95
DN7525,3.12
DN7530,3.26
DN75301,0.6
DN75302,0.76
DN7531,3.13
DN7532,3.04
DN7535,2.96
DN75351,1.27
DN75352,1.05
DN75353,0.97
DN75354,0.76
DN75355,0.64
DN7536,2.46
DN7537,2.4
DN7540,2.24
DN75401,0.89
DN75402,0.78
DN75403,0.65
DN7542,2.05
DN75421,1.42
DN75422,1.35
DN75423,1.24
DN75424,1.17
DN7543,1.66
DN7545,1.76
DN75451,1.8
DN75452,1.45
DN75453,0.93
DN75454,0.82
DN7547,1.2
DN755,1.94
DN7550,1.13
DN75510,0.45
DN759,4.24
DN760,1.2
DN7601,0.89
DN7602,0.58
DN7603,0.5
DN779,3.77
DN790,0.89
DN795,8.97
DN805,7.81
DN810,6.42
DN815,4.89
DN8150,4.64
DN8151,4.15
DN8152,3.67
DN8153,3.23
DN8155,5.23
DN820,2.99
DN823,2.1
DN825,2.67
DN840,2.36
DN8401,2.42
DN8402,2.44
DN8403,2.45
DN8404,2.48
DN845,2.36
DN846,1.94
DN847,1.88
DN848,1.88
DN849,1.83
DN850,1.57
DN852,1.21
DN853011,0.43
DN853020,0.66
DN853021,0.27
DN853511,0.45
DN853521,0.45
DN853531,0.45
DN853541,0.41
DN853551,0.44
DN854011,0.41
DN854021,0.42
DN854031,0.45
DN854211,0.36
DN854221,0.35
DN854231,0.52
DN854241,0.71
DN854511,0.35
DN854521,0.24
DN854531,0.45
DN854541,0.57
DN855,1.28
DN855011,0.41
DN855020,0.36
DN855021,0.56
DN863,1.28
DN8631,1.91
DN8632,1.74
DN865,1.67
DN8651,1.79
DN8652,1.71
DN8653,1.63
DN870,1.56
DN887,13.72
DN888,4.21
DN893,1.78
DN895,0.61
DN905,4.64
DN906,3.97
DN910,3.55
DN911,2.46
DN912,2.0
DN915,1.8
DN918,1.42
DN920,0.91
DN923,0.49
DN925,0.54
DN927,0.47
DN9290,0.07
DN9291,0.07
DN9292,0.05
DN9293,0.27
DN9294,0.25
DN9295,0.05
DN930,0.45
DN9300,0.59
DN9301,0.63
DN9302,0.42
DN933,1.37
DN9331,1.41
DN935,1.27
DN9350,0.48
DN9351,0.81
DN9352,0.59
DN9353,1.35
DN9354,1.06
DN93541,0.03
DN93542,0.0
DN93543,0.0
DN9355,1.0
DN9356,1.05
DN9357,0.74
DN9358,0.58
DN93580,0.02
DN93581,0.04
DN93582,0.03
DN9359,0.6
DN940,0.19
DN945,0.53
DN97,1.43
DN98,1.44
DN988,3.9
DN990,17.32
DN994,0.46
DN995,6.17
DN997,0.66
DN998,0.74
DN999,0.81
DNNE_04,15.02
DNNE_05,15.53
DNNE_07,10.03
DNNE_08,24.08
DNNE_08a,16.25
DNNE_09,15.44
DNNE_09a,15.06
DNNE_1,23.06
DNNE_10,20.31
DNNE_11,17.34
DNNE_12,21.93
DNNE_12a,23.14
DNNE_1a,23.55
DNNE_6,17.73
DNNE_6a,16.02
DNNE2,17.81
DNNE2a,19.77
DON-1,17.8
DON-3,7.63
DS_BackwaterGates,23.23
DS_Woodmere,37.53
DSScreen1-4,23.7
Dummy1,0.0
Dummy2,0.0
DUMMY3030N,3.02
EPNE-10,23.62
EPNE-11,22.93
EPNE-12,22.72
EPNE-16,13.25
EPNE-17,12.95
EPNE-18,12.87
EPNE-19,11.93
EPNE-2,23.71
EPNE-20,11.87
EPNE-21,11.77
EPNE-22,11.3
EPNE-3,23.85
EPNE-4,23.73
EPNE-5,24.36
EPNE-6,24.33
EPNE-7,23.93
EPNE-8,24.48
EPNE-9,24.33
EPNE-ST-1,19.61
EPNE-ST-2,19.07
EPNE-ST-3,18.83
EPNE-ST-4,18.59
EPNE-ST-5,18.3
EPNE-ST-6,18.01
EPNE-ST-7,17.71
EPNE-ST-8,17.42
EPNE-ST-9,18.07
epSFIT44709,0.54
epSFIT46447,1.52
epSFIT52599,16.38
epSFIT61228,12.53
epSFIT62375,12.56
epSMH00157,14.89
epSMH00663,21.21
epSMH00907,14.26
epSMH01185,1.83
epSMH01470,16.13
epSMH01638,11.0
epSMH01960,11.65
epSMH02011,10.67
epSMH02199,19.14
epSMH02664,13.23
epSMH02677,13.97
epSMH03488,13.13
epSMH03538,4.09
epSMH03755,19.42
epSMH03757,11.8
epSMH03869,1.03
epSMH04069,16.45
epSMH04371,19.08
epSMH04392,16.62
epSMH04493,20.39
epSMH04728,11.37
epSMH04777,2.92
epSMH04861,1.21
epSMH05128,0.99
epSMH05871,26.59
epSMH06092,7.72
epSMH06098,7.36
epSMH06547,18.76
epSMH06649,33.22
epSMH06885,20.49
epSMH07162,1.68
epSMH07205,1.76
epSMH07255,4.07
epSMH07322,11.22
epSMH07354,12.6
epSMH07357,1.39
epSMH07368,16.98
epSMH07440,13.63
epSMH07775,6.46
epSMH07818,16.63
epSMH07839,15.44
epSMH08166,1.76
epSMH08197,9.27
epSMH08218,17.5
epSMH08358,22.08
epSMH08488,14.55
epSMH08954,12.21
epSMH09205,13.83
epSMH09206,16.34
epSMH09230,12.03
epSMH09257,1.6
epSMH09711,16.36
epSMH09714,18.26
epSMH09720,13.53
epSMH09753,25.17
epSMH10061,1.8
epSMH10325,12.58
epSMH10521,0.49
epSMH10694,16.98
epSMH11012,19.27
epSMH11091,16.79
epSMH11163,16.22
epSMH12034,9.26
epSMH12057,21.64
epSMH12059,27.61
epSMH12311,26.18
epSMH12468,11.25
epSMH12639,15.94
epSMH12733,13.48
epSMH13872,8.58
epSMH13945,14.7
epSMH13951,1.92
epSMH14058,1.39
epSMH14233,11.78
epSMH14290,13.57
epSMH14298,13.09
epSMH14374,13.31
epSMH14392,14.53
epSMH14490,0.67
epSMH14790,0.72
epSMH15747,14.87
epSMH15901,1.04
epSMH16595,11.66
epSMH16860,12.05
epSMH17128,1.42
epSMH17309,16.45
epSMH17414,10.93
epSMH17533,23.14
epSMH17613,19.65
epSMH17753,17.69
epSMH18118,0.65
epSMH18185,1.17
epSMH18288,1.01
epSMH18290,1.24
epSMH19077,10.95
epSMH19288,12.52
epSMH19302,9.98
epSMH19354,16.13
epSMH19636,18.16
epSMH19645,25.92
epSMH19692,10.1
epSMH20230,14.85
epSMH20319,1.77
epSMH20480,16.21
epSMH20574,13.61
epSMH20693,12.38
epSMH20720,11.46
epSMH21015,11.7
epSMH21339,18.95
epSMH21347,5.18
epSMH21519,0.53
epSMH21549,16.26
epSMH21620,13.85
epSMH22420,11.95
epSMH22497,0.55
epSMH23174,0.94
epSMH23464,0.42
epSMH23476,0.92
epSMH23748,18.18
epSMH24038,19.23
epSMH24053,19.61
epSMH24097,11.75
epSMH24177,13.38
epSMH24501,12.9
epSMH24562,1.16
epSMH24746,2.87
epSMH24801,1.33
epSMH24814,1.16
epSMH24961,0.93
epSMH25510,27.27
epSMH25542,10.22
epSMH25796,13.15
epSMH26370,17.57
epSMH26450,21.72
epSMH26478,22.02
epSMH26958,16.79
epSMH26959,17.17
epSMH26983,1.26
epSMH27103,8.97
epSMH27188,2.05
epSMH27197,13.96
epSMH27257,11.99
epSMH27293,18.51
epSMH27494,2.56
epSMH27588,13.42
epSMH27590,12.19
epSMH27598,12.04
epSMH27618,11.66
epSMH27619,7.96
epSMH27620,13.67
epSMH27671,0.99
epSMH27673,0.95
epSMH27676,9.96
epSMH27683,1.75
epSMH27768,25.99
epSMH27940,12.1
epSMH27991,9.0
epSMH28036,17.62
epSMH28244,15.9
epSMH28384,17.05
epSMH28495,12.22
epSMH28527,15.47
epSMH28709,12.93
epSMH28710,11.96
epSMH28765,9.83
epSMH28955,14.58
epSMH29491,26.39
epSMH29701,12.68
epSMH29750,11.63
epSMH29751,13.89
epSMH29755,0.68
epSMH29992,10.4
epSMH30035,11.58
epSMH30267,11.56
epSMH30281,2.18
epSMH30508,19.48
epSMH30606,16.28
epSMH30675,13.34
epSMH31004,11.47
epSMH31040,18.91
epSMH31164,0.55
epSMH31287,12.95
epSMH31527,1.1
epSMH31566,1.5
epSMH31959,29.52
epSMH32265,29.15
epSMH32387,1.68
epSMH32980,23.65
epSMH33720,15.99
epSMH33750,2.09
epSMH33864,20.69
epSMH33934,3.55
epSMH33952,0.77
epSMH34000,1.69
epSMH34087,16.5
epSMH34208,1.13
epSMH34316,11.78
epSMH34336,12.24
epSMH34362,13.16
epSMH34369,15.07
epSMH34388,13.67
epSMH34459,3.13
epSMH34471,11.92
epSMH34553,27.24
epSMH34607,14.84
epSMH34931,16.39
epSMH35317,0.62
epSMH35408,10.66
epSMH35766,10.0
epSMH35873,0.91
epSMH35898,1.26
epSMH36498,11.11
epSMH36505,11.0
epSMH36602,11.55
epSMH36618,4.39
epSMH37056,14.06
epSMH37314,15.89
epSMH37442,17.14
epSMH37443,16.15
epSMH37520,12.62
epSMH37705,11.34
epSMH37902,13.97
epSMH37953,0.38
epSMH38203,0.36
epSMH38280,0.96
epSMH38301,0.59
epSMH38801,25.38
epSMH38849,22.3
epSMH39176,3.57
epSMH39355,10.16
epSMH39591,23.43
epSMH39829,29.48
epSMH40276,13.11
epSMH40406,16.7
epSMH40575,0.85
epSMH40579,1.04
epSMH40608,14.13
epSMH40639,11.37
epSMH40729,1.1
epSMH40732,0.96
epSMH40736,1.25
epSMH40775,0.75
epSMH40835,13.95
epSMH40858,14.54
epSMH40872,17.56
epSMH40881,17.71
epSMH41126,2.26
epSMH41136,12.73
epSMH42363,13.35
epSMH42365,12.25
epSMH42469,19.95
epSMH42635,16.01
epSMH43389,0.89
epSMH43735,0.91
epSMH44145,16.64
epSMH44243,11.77
epSMH44280,14.6
epSMH44329,18.95
epSMH44446,19.81
epSMH44593,14.27
epSMH44625,17.38
epSMH45188,0.49
epSMH45219,0.43
epSMH45978,12.7
epSMH46043,11.45
epSMH46170,11.45
epSMH46744,37.09
epSMH47090,14.42
epSMH47144,13.88
epSMH47400,11.3
epSMH47413,11.55
epSMH47441,12.03
epSMH47558,1.07
epSMH47778,10.37
epSMH47880,11.13
epSMH47890,12.78
epSMH47987,7.6
epSMH47989,11.06
epSMH48243,8.82
epSMH48261,15.57
epSMH48280,0.62
epSMH48377,21.79
epSMH48825,7.31
epSMH49106,23.29
epSMH49198,13.54
epSMH49749,17.58
epSMH50005,0.82
epSMH50014,13.92
epSMH50260,2.07
epSMH50288,10.11
epSMH50338,13.18
epSMH50427,1.71
epSMH50953,25.4
epSMH50959,11.35
epSMH50979,9.69
epSMH51044,9.98
epSMH51110,7.95
epSMH51615,1.36
epSMH51769,0.26
epSMH52139,24.49
epSMH52433,20.5
epSMH52435,17.67
epSMH52668,10.18
epSMH52747,13.62
epSMH53083,18.56
epSMH53213,19.1
epSMH53352,25.1
epSMH53779,12.88
epSMH53883,21.3
epSMH54181,0.98
epSMH54221,14.84
epSMH54254,23.69
epSMH54653,5.56
FCEMH01,18.32
FCEMH02,22.15
FCEMH03,19.66
FCEMH04,23.4
FCEMH05,21.02
FCEMH06,20.22
FCEMH07,20.06
FCEMH08,19.06
FCEMH09,18.76
FCEMH10,18.86
FCEMH11,19.01
FCEMH12,18.71
FCEMH13,18.75
FCEMH14,18.69
FCEMH15,19.32
FCEMH16,18.25
FCEMH17,18.08
FJ1,0.23
FRZ-1,3.1
FRZ-10,3.68
FRZ-11,3.56
FRZ-12,3.15
FRZ-13,2.98
FRZ-14,2.55
FRZ-15,1.88
FRZ-2,3.25
FRZ-3,3.14
FRZ-4,3.2
FRZ-5,3.01
FRZ-6,3.53
FRZ-7,3.25
FRZ-8,3.13
FRZ-9,3.58
GASC-1,10.39
GASC-2,9.88
GASC-4,8.9
GPI-02,22.54
GPI-03,32.35
GPI-04,32.55
GPI-05,23.81
GPI-06,11.34
GPI-07,23.62
GPI-08,24.35
GPI-09,31.49
GPI-10,21.02
GPI-11,24.85
GPI-12,31.12
GPI-13,24.67
GPI-14,23.96
GPI-15,27.92
GPS-1,0.58
GPS-10,0.58
GPS-11,0.71
GPS-12,0.68
GPS-13,0.6
GPS-14,0.52
GPS-15,0.52
GPS-16,0.52
GPS-17,0.53
GPS-18,0.39
GPS-19,0.32
GPS-2,0.58
GPS-20,0.32
GPS-3,0.58
GPS-4,0.58
GPS-5,0.58
GPS-6,0.58
GPS-7,0.58
GPS-8,0.58
GPS-9,0.58
GPS-MeterChamber,9.44
GWK_105110,9.72
GWK_105195,0.37
GWK_105197,6.28
GWK_105198,6.74
GWK_105199,3.51
GWK_105250,7.55
GWK_105251,1.14
GWK_106060,1.58
GWK_106080,1.87
GWK_106120,0.97
GWK_106140,1.61
GWK_106170,1.37
GWK_106190,1.74
GWK_106241,2.56
GWK_106270,2.66
GWK_107050,1.89
GWK_107051,1.53
GWK_107053,0.33
GWK_107070,7.7
GWK_207051,8.84
GWK_4010,40.48
GWK_4020,38.35
GWK_4030,36.47
GWK_4040,34.68
GWK_4050,33.53
GWK_4060,32.85
GWK_4070,32.65
GWK_4080,32.66
GWK_4085,27.99
GWK_4090,22.3
GWK_4120,21.18
GWK_4130,19.87
GWK_4140,29.42
GWK_5010,38.38
GWK_5020,36.6
GWK_5030,37.93
GWK_5040,39.17
GWK_5060,37.76
GWK_5070,35.2
GWK_5080,33.7
GWK_5090,24.35
GWK_5110,34.58
GWK_5120,34.0
GWK_5130,33.72
GWK_5140,31.79
GWK_5150,32.67
GWK_5160,37.4
GWK_5165,37.23
GWK_5190,29.77
GWK_5193,28.22
GWK_5195,32.81
GWK_5220,33.1
GWK_5240,32.0
GWK_5243,22.2
GWK_5250,28.07
GWK_5270,34.3
GWK_5275,31.45
GWK_5280,27.68
GWK_5300,25.78
GWK_5310,23.47
GWK_5340,22.32
GWK_5350,22.72
GWK_6010,19.05
GWK_6020,17.74
GWK_6030,14.34
GWK_6040,17.19
GWK_6050,15.71
GWK_6060,18.97
GWK_6070,20.06
GWK_6080,16.17
GWK_6090,13.84
GWK_6100,13.78
GWK_6110,12.61
GWK_6120,20.03
GWK_6140,17.71
GWK_6150,16.98
GWK_6160,15.03
GWK_6170,12.02
GWK_6180,9.83
GWK_6190,18.19
GWK_6200,19.03
GWK_6210,20.75
GWK_6220,13.72
GWK_6230,17.72
GWK_6240,17.09
GWK_6250,17.76
GWK_6260,17.35
GWK_6270,29.29
GWK_6280,16.87
GWK_6287,28.07
GWK_6290,2.86
GWK_6300,2.76
GWK_6310,1.17
GWK_6320,1.15
GWK_6330,1.06
GWK_6340,0.35
GWK_6350,0.35
GWK_6360,33.15
GWK_6370,22.25
GWK_6380,17.47
GWK_7050,29.21
GWK_7055,26.26
GWK_7060,30.72
GWK_7063,32.32
GWK_7067,29.37
GWK_7070,25.08
GWK_7080,28.95
GWK_7090,31.57
GWK_7100,22.83
H1000,22.18
H1010,14.82
H1020,16.35
H1050,13.59
H1060,12.45
H1070,12.92
H1080,15.5
H1100,17.36
H1105,17.54
H1110,16.12
H1115,17.09
H1120,17.37
H1130,17.53
H130,28.52
H131,28.63
H140,28.83
H150,29.25
H1530,14.45
H200,30.39
H300,29.16
H3210,29.75
H3211,7.25
H3212,8.68
H3215,10.25
H3220,12.39
H3300,13.84
H3400,22.53
H3500,22.78
H3600,24.43
H3610,25.66
H3620,28.1
H3700,29.11
H3800,34.83
H3900,34.36
H400,27.86
H410,24.72
H420,19.12
H430,16.39
H4390,14.66
H44000,28.36
H4420,14.62
H4430,14.55
H4450,14.47
H4460,14.4
H4470,14.33
H4500,14.24
H4505,11.79
H4510,12.19
H4520,15.4
H4600,14.1
H4700,17.94
H4800,18.62
H4801,20.31
H4802,19.88
H4850,19.06
H4900,19.31
H500,28.23
H5000,19.38
H5010,19.47
H6000,19.67
H6010,19.27
H6020,19.13
H6030,18.93
H6040,18.56
H6050,18.38
H6055,18.21
H6060,18.14
H6070,18.02
H6100,24.94
H6110,24.17
H6300,20.11
H6400,21.62
H6405,20.63
H6410,20.19
H6415,20.69
H6416,21.74
H6417,23.33
H6420,26.39
H6440,22.76
H6450,23.21
H6460,22.46
H6500,21.66
H700,27.35
H7000,25.21
H7004,22.51
H7005,21.36
H7010,22.48
H7020,13.99
H7023,14.63
H7025,14.5
H7026,14.47
H7030,14.51
H7050,13.34
H710,27.97
H7100,13.45
H7150,14.76
H716,13.05
H720,29.78
H7200,16.39
H725,14.26
H730,11.9
H7300,14.27
H7350,12.13
H800,33.99
H8000,24.8
H8005,24.9
H8006,25.29
H801,28.89
H8010,23.91
H8050,25.46
H810,20.65
H8100,24.4
H8150,17.39
H820,15.98
H8200,19.09
H8210,19.22
H825,9.87
H826,7.91
H830,11.04
H8300,15.53
H8310,11.2
H8315,10.18
H8400,14.36
H8410,10.92
H8415,9.4
H8500,23.6
H8600,24.85
H8700,25.66
H8800,27.35
H8801,13.21
H8810,26.01
H8815,25.58
H900,24.61
H9200,21.94
H9300,22.76
H950,15.78
H955,15.93
HAR-11,15.88
HAR-12,15.93
HAR-13,15.72
HAR-14,17.25
HAR-15,14.83
HAR-16,14.76
HAR-18,14.48
HAR-19,14.63
HAR-2,13.54
HAR-20,10.01
HAR-21,6.24
HAR-3,13.41
HAR-4,16.54
HAR-5,14.96
HAR-6,11.86
HAR-7,12.75
HAR-8,12.22
HAR-9,11.2
HEL-10,6.22
HEL-2,12.77
HEL-3,12.74
HEL-4,13.92
HEL-5,14.48
HEL-6,16.39
HEL-7,14.54
HEL-8,14.1
HEL-9,6.65
Hoffman1,90.1
Hoffman2,0.0
Hoffman3,0.0
HRSDS_INT_NSTS_I_MH1-01,1.09
HRSDS_INT_NSTS_I_MH1-02,1.01
HRSDS_INT_NSTS_I_MH1-03,1.04
HRSDS_INT_NSTS_I_MH1-04,0.93
HRSDS_INT_NSTS_I_MH1-05,0.94
HRSDS_INT_NSTS_I_MH1-06,0.94
HRSDS_INT_NSTS_I_MH1-07,0.96
HRSDS_INT_NSTS_I_MH1-08,0.69
HRSDS_INT_NSTS_I_MH1-09,0.86
HRSDS_INT_NSTS_I_MH1-10,0.8
HRSDS_INT_NSTS_I_MH1-11,0.66
HRSDS_INT_NSTS_I_MH1-12,0.71
HRSDS_INT_NSTS_I_MH1-13,1.0
HRSDS_INT_NSTS_I_MH1-14,0.99
HRSDS_INT_NSTS_I_MH1-15,0.99
HRSDS_INT_NSTS_I_MH1-16,1.17
HRSDS_INT_NSTS_I_MH1-17,0.82
HRSDS_INT_NSTS_I_MH1-18,0.49
HRSDS_INT_NSTS_I_MH1-19,1.11
HRSDS_INT_NSTS_I_MH1-20,1.07
HRSDS_INT_NSTS_I_MH1-21,0.93
HRSDS_INT_NSTS_I_MH1-22,0.92
HRSDS_INT_NSTS_I_MH1-23,0.94
HRSDS_INT_NSTS_I_MH1-24,0.45
HRSDS_INT_NSTS_I_MH1-25,1.02
HRSDS_INT_NSTS_I_MH1-26,0.95
HRSDS_INT_NSTS_I_MH1-27,0.93
HRSDS_INT_NSTS_I_MH1-28,0.92
HRSDS_INT_NSTS_I_MH1-BT,0.75
HRSDS_INT_NSTS_II_MH2-29,1.18
HRSDS_INT_NSTS_II_MH2-30,0.92
HRSDS_INT_NSTS_II_MH2-31,0.91
HRSDS_INT_NSTS_II_MH2-32,0.92
HRSDS_INT_NSTS_II_MH2-33,0.91
HRSDS_INT_NSTS_II_MH2-34,0.9
HRSDS_INT_NSTS_II_MH2-35,0.9
HRSDS_INT_NSTS_II_MH2-36,0.89
HRSDS_INT_NSTS_II_MH2-37,0.89
HRSDS_INT_NSTS_II_MH2-38,0.9
HRSDS_INT_NSTS_II_MH2-39,0.89
HRSDS_INT_NSTS_II_MH2-40,0.89
HRSDS_INT_NSTS_II_MH2-41,0.9
HRSDS_INT_NSTS_II_MH2-42,0.89
HRSDS_INT_NSTS_II_MH2-43,0.9
HRSDS_INT_NSTS_II_MH2-44,0.84
HRSDS_INT_NSTS_II_MH2-45,0.83
HRSDS_INT_NSTS_II_MH2-46,0.82
HRSDS_INT_NSTS_II_MH2-47,0.82
HRSDS_INT_NSTS_II_MH2-48,0.79
HRSDS_INT_NSTS_II_MH2-49,0.79
HRSDS_INT_NSTS_II_MH2-50,0.79
HRSDS_INT_NSTS_II_MH2-51,0.79
HRSDS_INT_NSTS_II_MH2-52,0.79
HRSDS_INT_NSTS_II_MH2-53,0.78
HRSDS_INT_NSTS_II_MH2-54,0.79
HRSDS_INT_NSTS_II_MH2-55,0.78
HRSDS_INT_NSTS_II_MH2-56,0.78
HRSDS_INT_NSTS_II_MH2-57,0.44
HRSDS_INT_NSTS_II_MH2-58,0.4
HRSDS_INT_NSTS_II_MH2-59,0.39
HRSDS_INT_NSTS_II_MH2-60,0.43
HRSDS_INT_NSTS_II_MH2-61,0.44
HRSDS_INT_NSTS_II_MH2-62,0.4
HRSDS_INT_NSTS_II_MH2-63,0.4
HRSDS_INT_NSTS_II_MH2-64,0.41
HRSDS_INT_NSTS_II_MH2-65,0.38
HRSDS_INT_NSTS_II_MH2-66,0.38
HRSDS_INT_NSTS_II_MH2-67,0.4
HRSDS_INT_NSTS_II_MH2-68,0.37
HRSDS_INT_NSTS_II_MH2-69,0.35
HRSDS_INT_NSTS_II_MH2-70,0.33
HRSDS_INT_NSTS_II_MH2-71,0.33
HRSDS_INT_NSTS_II_MH2-72,0.33
HRSDS_INT_NSTS_II_MH2-73,0.35
HRSDS_INT_NSTS_II_MH2-74,0.32
HRSDS_INT_NSTS_II_MH2-75,0.32
HRSDS_INT_NSTS_II_MH2-76,0.32
HRSDS_INT_NSTS_II_MH2-77,0.32
HRSDS_INT_NSTS_II_MH2-78,0.32
HRSDS_INT_NSTS_II_MH2-79,0.32
HRSDS_INT_NSTS_II_MH2-80,0.53
HRSDS_INT_NSTS_II_MH2-81,0.68
HRSDS_INT_NSTS_II_MH2-82,0.55
HRSDS_INT_NSTS_II_MH2-82_BT,0.59
HRSDS_INT_NSTS_II_MH2-83,0.54
HRSDS_INT_NSTS_II_MH2-84,0.53
HRSDS_INT_NSTS_II_MH2-85,0.53
HRSDS_INT_NSTS_II_MH2-86,0.53
HRSDS_INT_NSTS_II_MH2-87,0.44
HRSDS_INT_NSTS_II_MH2-88,0.44
HRSDS_INT_NSTS_II_MH2-89,0.44
HRSDS_INT_NSTS_II_MH2-90,0.44
HRSDS_INT_NSTS_II_MH2-91,0.44
HRSDS_INT_NSTS_II_MH2-92,0.44
HRSDS_INT_NSTS_II_MH2-93,0.43
HRSDS_INT_NSTS_II_MH2-93A,0.44
HRSDS_INT_NSTS_II_MH2-93B,0.52
HRSDS_INT_NSTS_II_MH2-94,0.44
HRSDS_INT_NSTS_II_MH2-95,0.35
HRSDS_INT_NSTS_II_MH2-96,0.36
HRSDS_NTE1_I_MH1-01,0.57
HRSDS_NTE1_I_MH1-02,0.57
HRSDS_NTE1_I_MH1-03,0.53
HRSDS_NTE1_I_MH1-04,0.74
HRSDS_NTE1_I_MH1-05,0.7
HRSDS_NTE1_I_MH1-06,0.73
HRSDS_NTE1_I_MH1-07,0.59
HRSDS_NTE1_I_MH1-08,0.59
HRSDS_NTE1_I_MH1-08_BT,0.59
HRSDS_NTE1_I_MH1-09,0.59
HRSDS_NTE1_I_MH1-10,0.59
HRSDS_NTE1_I_MH1-11,0.59
HRSDS_NTE1_I_MH1-12,0.59
HRSDS_NTE1_I_MH1-13,0.59
HRSDS_NTE1_I_MH1-14,0.6
HRSDS_NTE1_I_MH1-15,0.55
HRSDS_NTE1_I_MH1-16,0.56
HRSDS_NTE1_I_MH1-17,0.55
HRSDS_NTE1_I_MH1-18,0.55
HRSDS_NTE1_I_MH1-19,0.55
HRSDS_NTE1_I_MH1-20,0.55
HRSDS_NTE1_I_MH1-21,0.49
HRSDS_NTE1_I_MH1-22,0.52
HRSDS_NTE1_I_MH1-23,0.44
HRSDS_NTE1_I_MH1-24,0.44
HRSDS_NTE1_I_MH1-25,0.44
HRSDS_NTE1_I_MH1-26,0.44
HRSDS_NTE1_I_MH1-27,0.44
HRSDS_NTE1_I_MH1-27_NewMH1,0.44
HRSDS_NTE1_I_MH1-27_NewMH2,0.44
HRSDS_NTE1_II_MH2-28,0.43
HRSDS_NTE1_II_MH2-29,0.43
HRSDS_NTE1_II_MH2-30,0.67
HRSDS_NTE1_II_MH2-31,0.62
HRSDS_NTE1_II_MH2-32,0.6
HRSDS_NTE1_II_MH2-33,0.59
HRSDS_NTE1_II_MH2-34,0.42
HRSDS_NTE1_II_MH2-35,0.48
HRSDS_NTE1_II_MH2-36,0.46
HRSDS_NTE1_II_MH2-37,0.44
HRSDS_NTE1_II_MH2-38,0.31
HRSDS_NTE1_II_MH2-38_NewMH,0.63
HRSDS_NTE1_II_MH2-39,0.39
HRSDS_NTE1_II_MH2-40,0.34
HRSDS_NTE1_II_MH2-41,0.32
HRSDS_NTE1_II_MH2-42,0.37
HRSDS_NTE1_II_MH2-43,0.33
HRSDS_NTE1_II_MH2-44,0.35
HRSDS_NTE1_II_MH2-45,0.27
HW-2,27.0
HW-3,4.01
HW-4,28.0
HW-5,30.0
HW-6,17.67
Input_RN_LC004_Com_DearbornHgts,1.47
Input_RN_LC007_Com_DearbornHgts,2.18
Input_RN_LC009_Com_DearbornHgts,1.37
Input_RN_LC010_Com_DearbornHgts,1.78
Input_RN_LC011_Com_DearbornHgts,0.86
Input_RN_LC012_Com_DearbornHgts,1.52
Input_RN_LC013_Com_DearbornHgts,1.06
Input_RN_LC016_Com_DearbornHgts,0.76
Input_RN_LC017_Com_DearbornHgts,0.7
Input_RN_LC022_Com_DearbornHgts,0.56
Input_RN_LC023_Com_DearbornHgts,0.65
Input_RN_LC028_Com_Inkster,1.44
Input_RN_LC029_Com_Inkster,0.94
Input_RN_LC031_Com_Inkster,0.66
Input_RN_LC043_Com_Inkster,0.83
Input_RN_LC045_Com_Inkster,0.9
Input_RN_LC045_Stm_Inkster,1.17
Input_RN_LC046_Com_Inkster,0.71
Input_RN_LC048_Com_Inkster,0.45
Input_RN_LC049_Com_Inkster,0.61
Input_RN_LC050_Com_Inkster,0.6
Input_RN_LC052_Com_DearbornHgts,1.0
Input_RN_LC052_Com_Inkster,0.89
Input_RN_LC105_Com_RedfordTwp,1.62
Input_RN_LC106_Com_RedfordTwp,0.93
Input_RN_LC107_Com_RedfordTwp,0.83
Input_RN_LC113_Com_RedfordTwp,1.3
Input_RN_LC114_Com_RedfordTwp,0.91
Input_RN_LC115_Com_RedfordTwp,1.08
Input_RN_LC116_Com_RedfordTwp,1.2
Input_RN_LC120_Com_RedfordTwp,0.92
Input_RN_LC121_Com_RedfordTwp,0.79
Input_RN_LC122_Com_RedfordTwp,2.05
Input_RN_LC193_Com_Inkster,0.3
Input_RN_LC199_Com_DearbornHgts,0.48
J1,24.22
J10,1.83
J11,26.4
J12,3.39
J13,18.27
J14,18.23
J15,3.66
J16,31.7
J165531,32.6
J165532,30.0
J17,25.55
J18,13.38
J19,12.3
J2,24.15
J23,22.83
J24,26.29
J25,25.81
J26,26.05
J27,57.64
J28,25.19
J29,13.31
J3,5.46
J30,16.15
J31,25.57
J32,14.84
J33,14.84
J34,76.5
J35,25.97
J36,22.75
J37,22.97
J38,25.95
J39,19.99
J4,0.81
J40,25.64
J41,0.0
J42,0.0
J5,0.0
J7,2.43
J9,0.17
JCT-10,1.73
JCT-100,10.2
JCT-1000,17.25
JCT-1002,20.69
JCT-1004,21.46
JCT-1008,9.03
JCT-1010,21.41
JCT-1012,19.29
JCT-1014,17.34
JCT-1016,18.22
JCT-1018,18.79
JCT-102,8.2
JCT-1022,13.06
JCT-1024,2.53
JCT-1030,2.99
JCT-1036,6.22
JCT-1038,7.37
JCT-104,6.23
JCT-1040,3.52
JCT-1044,11.91
JCT-1048,21.17
JCT-1050,38.92
JCT-1052,21.36
JCT-1054,23.11
JCT-1056,15.68
JCT-106,15.24
JCT-1060,1.42
JCT-1062,1.49
JCT-1064,16.29
JCT-1066,12.25
JCT-1068,11.79
JCT-1070,11.53
JCT-1072,2.3
JCT-1074,0.0
JCT-1076,1.61
JCT-1078,1.74
JCT-108,15.7
JCT-1080,0.31
JCT-1082,0.0
JCT-1084,2.47
JCT-1086,2.15
JCT-1088,0.55
JCT-1090,1.33
JCT-1092,1.33
JCT-1096,8.58
JCT-1098,10.36
JCT-110,30.66
JCT-1100,8.62
JCT-1102,3.64
JCT-1104,1.75
JCT-1106,1.77
JCT-1110,3.49
JCT-1112,3.93
JCT-1114,4.33
JCT-1116,4.16
JCT-1118,2.5
JCT-112,28.77
JCT-1120,2.95
JCT-1122,3.0
JCT-1124,3.8
JCT-1128,4.83
JCT-1130,2.81
JCT-1132,2.88
JCT-1136,21.22
JCT-1138,10.22
JCT-114,1.11
JCT-1142,18.66
JCT-1146,17.34
JCT-1148,19.48
JCT-1150,19.48
JCT-1152,18.82
JCT-1154,0.57
JCT-1156,0.0
JCT-1158,0.0
JCT-116,1.6
JCT-1164,5.13
JCT-1166,2.52
JCT-1168,2.2
JCT-1170,23.27
JCT-1180,8.11
JCT-1186,1.21
JCT-1188,2.35
JCT-1190,22.39
JCT-1192,32.02
JCT-1194,7.71
JCT-1196,7.36
JCT-1198,1.01
JCT-1202,0.87
JCT-1204,1.0
JCT-1206,1.12
JCT-1208,6.0
JCT-1210,6.56
JCT-1212,1.86
JCT-1214,2.41
JCT-1218,0.0
JCT-1228,18.82
JCT-1230,17.92
JCT-1232,19.98
JCT-1234,21.02
JCT-124,1.21
JCT-1240,28.79
JCT-1242,25.98
JCT-1244,12.28
JCT-1248,20.97
JCT-1250,3.06
JCT-1252,19.76
JCT-1254,21.05
JCT-1256,21.47
JCT-1258,22.98
JCT-126,1.18
JCT-1260,1.42
JCT-1264,34.31
JCT-1266,13.59
JCT-1272,24.96
JCT-1274,22.54
JCT-1276,11.57
JCT-128,1.59
JCT-1280,1.02
JCT-1282,24.15
JCT-1284,18.47
JCT-1286,17.7
JCT-1292,12.54
JCT-1294,14.47
JCT-1298,2.04
JCT-130,2.18
JCT-1300,3.9
JCT-1304,27.11
JCT-1306,21.37
JCT-1312,2.58
JCT-1314,2.29
JCT-1316,11.7
JCT-1318,5.61
JCT-1320,8.71
JCT-1322,6.21
JCT-1324,4.78
JCT-1326,4.99
JCT-1336,19.52
JCT-1340,12.59
JCT-1344,9.82
JCT-1346,16.69
JCT-1348,16.27
JCT-1350,20.94
JCT-1352,22.38
JCT-1358,0.89
JCT-1360,0.98
JCT-1362,13.94
JCT-1364,21.74
JCT-1366,20.24
JCT-1368,19.73
JCT-1370,15.09
JCT-1372,30.62
JCT-1374,30.2
JCT-1380,22.47
JCT-1382,24.68
JCT-1384,24.56
JCT-1386,12.04
JCT-1388,11.66
JCT-1390,42.69
JCT-1392,44.5
JCT-1394,22.66
JCT-1396,20.69
JCT-1398,1.32
JCT-140,1.51
JCT-1400,1.69
JCT-1402,1.57
JCT-1404,22.73
JCT-1406,15.99
JCT-1410,2.27
JCT-1412,1.85
JCT-1416,3.49
JCT-1418,14.69
JCT-142,2.21
JCT-1420,16.16
JCT-1422,2.72
JCT-1424,2.44
JCT-1426,1.3
JCT-1428,1.74
JCT-1430,1.25
JCT-1432,1.28
JCT-1434,1.11
JCT-1436,1.4
JCT-1438,1.34
JCT-1440,20.77
JCT-1442,24.09
JCT-1446,1.4
JCT-1448,1.54
JCT-1450,2.25
JCT-1452,21.99
JCT-1454,23.78
JCT-1458,1.53
JCT-1460,1.37
JCT-1468,18.91
JCT-1470,13.63
JCT-1472,16.68
JCT-1474,10.7
JCT-1478,5.66
JCT-1480,2.95
JCT-1482,17.62
JCT-1484,3.97
JCT-1486,13.84
JCT-1488,13.76
JCT-1490,19.82
JCT-1492,18.99
JCT-1496,20.05
JCT-150,13.19
JCT-1508,18.17
JCT-1510,17.8
JCT-1514,12.95
JCT-1516,15.11
JCT-1518,15.47
JCT-152,2.1
JCT-1520,18.06
JCT-1528,12.48
JCT-1534,14.01
JCT-1536,14.17
JCT-154,2.09
JCT-1542,4.46
JCT-1544,5.83
JCT-1546,2.84
JCT-1548,2.24
JCT-1550,3.84
JCT-1552,3.02
JCT-1554,10.22
JCT-1558,1.72
JCT-156,12.81
JCT-1560,0.0
JCT-1564,2.0
JCT-1568,5.47
JCT-1570,4.75
JCT-1572,3.29
JCT-1574,2.96
JCT-1576,2.94
JCT-1578,6.55
JCT-158,12.93
JCT-1580,3.26
JCT-1582,8.14
JCT-1584,4.08
JCT-1586,4.13
JCT-1588,4.1
JCT-1590,2.92
JCT-1592,3.11
JCT-1594,7.87
JCT-1596,6.89
JCT-1598,11.41
JCT-16,5.4
JCT-160,2.21
JCT-1602,11.22
JCT-1608,18.79
JCT-1610,18.44
JCT-1611,16.97
JCT-1612,17.98
JCT-1614,22.79
JCT-1616,21.92
JCT-1618,18.05
JCT-162,2.17
JCT-1620,18.39
JCT-1622,17.94
JCT-1624,18.91
JCT-1626,36.35
JCT-1628,18.57
JCT-1630,11.42
JCT-1632,11.58
JCT-1634,21.83
JCT-1636,9.35
JCT-1638,15.08
JCT-1640,16.75
JCT-1644,1.22
JCT-1646,14.93
JCT-1656,2.5
JCT-1658,2.59
JCT-1660,13.47
JCT-1662,36.56
JCT-1666,13.63
JCT-1668,13.21
JCT-1674,2.17
JCT-1676,9.38
JCT-1678,2.55
JCT-1690,24.6
JCT-1698,13.44
JCT-170,4.08
JCT-1700,3.63
JCT-1704,18.99
JCT-1704a,18.56
JCT-1706,6.26
JCT-1708,0.0
JCT-1710,0.0
JCT-1716,26.17
JCT-1718,13.43
JCT-172,9.07
JCT-1722,24.65
JCT-1724,12.54
JCT-1726,12.76
JCT-1728,5.65
JCT-1734,11.8
JCT-1736,2.19
JCT-1742,3.46
JCT-1744,6.13
JCT-1748,15.48
JCT-1750,18.0
JCT-1752,1.48
JCT-1754,12.34
JCT-1756,17.48
JCT-1758,19.91
JCT-1760,15.52
JCT-1762,17.05
JCT-1764,22.81
JCT-1768,15.45
JCT-1770,3.78
JCT-1778,15.89
JCT-178,16.76
JCT-1780,15.68
JCT-1782,2.39
JCT-1784,2.39
JCT-1788,47.39
JCT-1790,21.88
JCT-1792,32.18
JCT-1796,22.45
JCT-18,12.02
JCT-180,16.72
JCT-1800,15.82
JCT-1802,16.02
JCT-1804,26.02
JCT-1806,26.86
JCT-1808,23.78
JCT-1810,24.97
JCT-1812,15.64
JCT-1814,29.17
JCT-1816,27.06
JCT-1818,16.65
JCT-182,31.44
JCT-1820,1.27
JCT-1822,1.61
JCT-1826,16.46
JCT-1828,2.15
JCT-1830,1.98
JCT-1832,1.63
JCT-1834,33.02
JCT-1836,32.25
JCT-1838,4.37
JCT-184,26.49
JCT-1840,2.09
JCT-1842,2.55
JCT-1844,2.39
JCT-1846,7.82
JCT-1848,7.44
JCT-1850,1.73
JCT-1852,19.07
JCT-1856,10.33
JCT-1858,1.91
JCT-186,13.4
JCT-1860,15.32
JCT-1862,15.75
JCT-1864,23.97
JCT-1868,12.85
JCT-1872,14.11
JCT-1874,13.61
JCT-1878,0.95
JCT-188,13.91
JCT-1880,0.95
JCT-1882,3.03
JCT-1894,11.56
JCT-1896,5.35
JCT-1898,14.86
JCT-190,42.58
JCT-1902,27.96
JCT-1906,15.02
JCT-1908,19.22
JCT-1910,19.15
JCT-1912,23.17
JCT-1914,12.71
JCT-1916,12.91
JCT-1918,18.4
JCT-192,43.33
JCT-1920,0.0
JCT-1924,0.0
JCT-1926,2.3
JCT-1928,12.02
JCT-1930,3.6
JCT-1932,1.13
JCT-1936,2.81
JCT-1938,3.3
JCT-1940,2.9
JCT-1942,3.04
JCT-1946,5.87
JCT-1948,2.48
JCT-1950,1.99
JCT-1952,2.0
JCT-1954,10.39
JCT-1956,13.97
JCT-196,16.63
JCT-1960,19.31
JCT-1962,18.38
JCT-1964,20.48
JCT-1966,19.91
JCT-1968,21.17
JCT-1970,20.93
JCT-1972,21.3
JCT-1974,10.87
JCT-1976,9.27
JCT-198,4.39
JCT-1984,21.77
JCT-1986,28.17
JCT-1988,25.42
JCT-1992,10.49
JCT-1998,9.57
JCT-20,11.91
JCT-200,4.6
JCT-2000,10.9
JCT-2002,1.4
JCT-2004,3.06
JCT-2010,15.98
JCT-2012,7.78
JCT-2014,3.35
JCT-2018,2.79
JCT-202,9.59
JCT-2020,3.13
JCT-2024,8.6
JCT-2026,2.48
JCT-2028,1.71
JCT-2032,6.57
JCT-2034,6.58
JCT-2038,1.61
JCT-204,0.89
JCT-2040,1.5
JCT-2042,1.39
JCT-2044,1.37
JCT-2046,1.78
JCT-2050,3.01
JCT-2052,2.13
JCT-2056,2.06
JCT-2058,2.59
JCT-206,0.84
JCT-2062,4.66
JCT-2066,2.17
JCT-2068,2.15
JCT-2074,2.48
JCT-2076,2.65
JCT-2078,2.02
JCT-208,1.17
JCT-2080,2.05
JCT-2082,22.58
JCT-2086,15.53
JCT-2088,14.61
JCT-2090,17.43
JCT-2096,19.63
JCT-2098,4.26
JCT-210,1.39
JCT-2100,33.88
JCT-2102,18.94
JCT-2104,18.61
JCT-2106,18.97
JCT-2108,0.72
JCT-2110,1.0
JCT-2112,10.53
JCT-2114,7.06
JCT-2118,1.76
JCT-212,6.83
JCT-2120,2.29
JCT-2124,1.88
JCT-2126,27.98
JCT-2128,23.11
JCT-2130,10.43
JCT-2132,1.93
JCT-2138,22.98
JCT-214,7.13
JCT-2140,6.62
JCT-2148,24.92
JCT-2152,24.93
JCT-2154,26.21
JCT-216,3.11
JCT-2168,7.99
JCT-2169,6.63
JCT-2170,15.86
JCT-2172,13.92
JCT-2176,2.77
JCT-2178,0.3
JCT-218,3.47
JCT-2180,28.45
JCT-2182,20.75
JCT-2184,17.34
JCT-2186,21.14
JCT-2190,21.88
JCT-2194,6.32
JCT-220,12.58
JCT-2200,8.96
JCT-2202,11.34
JCT-2210,41.85
JCT-2212,43.55
JCT-2214,45.63
JCT-2216,2.74
JCT-2218,2.84
JCT-222,20.88
JCT-2220,42.97
JCT-2222,43.57
JCT-2224,13.59
JCT-2232,1.68
JCT-2234,11.84
JCT-2236,12.1
JCT-224,21.13
JCT-2242,1.36
JCT-2244,1.38
JCT-2248,28.63
JCT-2252,14.32
JCT-2254,47.41
JCT-2256,46.85
JCT-226,22.49
JCT-2260,26.88
JCT-2262,20.31
JCT-2264,7.15
JCT-2268,21.13
JCT-2270,9.73
JCT-2272,18.31
JCT-2274,24.1
JCT-2278,14.71
JCT-228,9.05
JCT-2280,4.67
JCT-2282,5.13
JCT-2286,4.97
JCT-2288,12.33
JCT-2294,13.57
JCT-2298,17.47
JCT-230,8.33
JCT-2300,13.54
JCT-2302,4.36
JCT-2304,10.46
JCT-2306,3.64
JCT-2308,1.3
JCT-2310,0.92
JCT-2312,4.4
JCT-2314,5.17
JCT-2316,2.65
JCT-2318,1.18
JCT-2324,14.43
JCT-2328,2.62
JCT-2332,5.18
JCT-2334,3.91
JCT-2336,4.02
JCT-2338,17.24
JCT-234,19.68
JCT-2340,14.17
JCT-2346,2.72
JCT-2352,4.57
JCT-2354,2.63
JCT-2356,13.57
JCT-2358,24.76
JCT-2360,17.43
JCT-2364,1.49
JCT-2366,25.38
JCT-2368,16.68
JCT-2370,26.48
JCT-2372,1.34
JCT-2382,2.84
JCT-2384,7.93
JCT-2386,0.0
JCT-2390,2.13
JCT-2396,3.88
JCT-2398,2.49
JCT-240,1.3
JCT-2400,2.15
JCT-2404,12.04
JCT-2406,11.25
JCT-2408,19.3
JCT-2410,11.24
JCT-2412,21.06
JCT-2416,21.78
JCT-242,1.33
JCT-2420,19.08
JCT-2424,17.6
JCT-2426,5.28
JCT-2428,19.7
JCT-2432,12.97
JCT-2436,0.42
JCT-2438,10.47
JCT-244,18.23
JCT-2442,2.18
JCT-2444,2.69
JCT-2446,2.26
JCT-2448,2.26
JCT-2452,24.34
JCT-2454,5.59
JCT-2456,4.11
JCT-2458,0.89
JCT-246,12.97
JCT-2460,41.12
JCT-2462,14.2
JCT-2466,20.21
JCT-2468,1.86
JCT-246A,19.35
JCT-2470,0.48
JCT-2476,12.09
JCT-2478,14.9
JCT-248,2.68
JCT-2480,13.94
JCT-2482,1.69
JCT-2484,18.38
JCT-2488,24.27
JCT-2494,15.98
JCT-2498,22.36
JCT-250,2.4
JCT-2500,21.53
JCT-2502,27.29
JCT-2506,2.1
JCT-2508,1.64
JCT-2510,1.7
JCT-2516,2.82
JCT-2518,7.38
JCT-252,2.95
JCT-2520,2.57
JCT-2522,8.06
JCT-2524,4.06
JCT-2530,22.81
JCT-2532,1.32
JCT-2534,16.47
JCT-2538,14.68
JCT-254,2.18
JCT-2540,16.12
JCT-2542,12.24
JCT-2546,20.84
JCT-2548,22.82
JCT-2554,9.52
JCT-2556,1.31
JCT-2558,4.06
JCT-2560,4.07
JCT-2562,2.0
JCT-2564,16.36
JCT-2566,1.68
JCT-2570,21.67
JCT-2572,0.98
JCT-2574,0.72
JCT-2576,13.9
JCT-2578,2.13
JCT-258,20.55
JCT-2580,2.12
JCT-2582,1.81
JCT-2584,14.72
JCT-2588,1.81
JCT-2590,19.54
JCT-2596,4.55
JCT-2598,4.12
JCT-26,0.42
JCT-260,12.75
JCT-2610,4.25
JCT-2612,22.86
JCT-2616,4.94
JCT-2620,31.73
JCT-2622,6.37
JCT-2624,13.19
JCT-2626,0.0
JCT-2628,16.56
JCT-2630,12.31
JCT-2632,5.41
JCT-2634,4.76
JCT-2638,14.79
JCT-2640,6.79
JCT-2642,1.94
JCT-2646,3.9
JCT-2650,12.94
JCT-2654,20.77
JCT-2656,11.29
JCT-2658,11.66
JCT-266,17.05
JCT-2664,19.39
JCT-2666,22.32
JCT-2676,20.06
JCT-2680,6.69
JCT-2684,0.8
JCT-2686,2.04
JCT-2690,29.37
JCT-2692,3.0
JCT-2694,1.52
JCT-2696,1.5
JCT-2698,23.81
JCT-270,1.29
JCT-2702,27.73
JCT-2710,23.25
JCT-2712,13.78
JCT-272,1.29
JCT-2720,0.0
JCT-2724,31.0
JCT-2726,14.57
JCT-2728,8.21
JCT-2730,8.46
JCT-2732,22.42
JCT-2736,19.72
JCT-2737,16.96
JCT-2738,25.25
JCT-2739,16.38
JCT-274,19.78
JCT-2740,3.49
JCT-2742,11.67
JCT-2744,20.53
JCT-2748,15.55
JCT-2750,2.13
JCT-2752,2.21
JCT-2754,2.19
JCT-2756,1.52
JCT-2758,2.3
JCT-276,19.72
JCT-2760,2.29
JCT-2762,2.36
JCT-2764,1.4
JCT-2766,1.2
JCT-2768,2.12
JCT-2770,1.98
JCT-2772,2.17
JCT-2774,2.15
JCT-2776,2.97
JCT-278,2.39
JCT-2792,11.82
JCT-2798,18.39
JCT-28,2.78
JCT-280,3.89
JCT-2800,18.14
JCT-2802,3.26
JCT-2808,1.82
JCT-2816,1.98
JCT-2818,2.22
JCT-282,37.91
JCT-2822,21.81
JCT-2824,24.27
JCT-2828,1.84
JCT-2830,1.27
JCT-2832,1.91
JCT-2834,2.22
JCT-2836,2.97
JCT-2838,4.14
JCT-284,36.75
JCT-2840,12.2
JCT-2852,30.73
JCT-2854,2.1
JCT-2856,19.62
JCT-2858,2.39
JCT-286,17.07
JCT-2860,30.2
JCT-2872,17.19
JCT-288,14.13
JCT-2880,25.5
JCT-2890,21.88
JCT-2892,11.76
JCT-2894,2.78
JCT-2896,2.34
JCT-2898,31.55
JCT-290,17.72
JCT-2902,5.64
JCT-2904,6.1
JCT-2908,16.56
JCT-2910,1.69
JCT-2912,25.92
JCT-2914,24.65
JCT-2918,1.19
JCT-2920,2.0
JCT-2922,11.84
JCT-2924,17.22
JCT-2926,17.93
JCT-2926A,16.81
JCT-2928,11.41
JCT-2930,10.84
JCT-2932,1.42
JCT-2936,22.42
JCT-2938,14.22
JCT-294,1.34
JCT-2940,0.74
JCT-2942,11.12
JCT-2944,11.22
JCT-2948,19.45
JCT-2950,5.0
JCT-2952,2.42
JCT-2954,10.75
JCT-2956,1.77
JCT-2958,1.77
JCT-296,1.17
JCT-2962,5.09
JCT-2964,13.97
JCT-2966,12.55
JCT-2972,11.21
JCT-2976,1.78
JCT-2978,3.76
JCT-2980,12.94
JCT-2984,16.77
JCT-2986,16.27
JCT-2988,16.33
JCT-2990,16.53
JCT-2992,6.88
JCT-2994,1.83
JCT-30,27.28
JCT-300,1.0
JCT-3008,2.19
JCT-3012,0.96
JCT-3014,1.19
JCT-3016,1.18
JCT-302,18.35
JCT-3020,1.24
JCT-3022,0.63
JCT-3024,0.55
JCT-3026,3.49
JCT-3028,3.43
JCT-3030,4.18
JCT-3032,3.66
JCT-3034,1.29
JCT-3036,1.57
JCT-3038,3.14
JCT-304,16.7
JCT-3040,2.86
JCT-3042,7.27
JCT-3046,2.21
JCT-3048,2.23
JCT-3050,1.38
JCT-3052,1.16
JCT-3056,1.85
JCT-3058,3.23
JCT-306,13.68
JCT-3060,4.32
JCT-3062,5.18
JCT-3064,5.22
JCT-3066,5.38
JCT-3068,2.11
JCT-3070,2.48
JCT-3072,16.55
JCT-3074,15.07
JCT-3076,18.87
JCT-3078,8.72
JCT-308,13.57
JCT-3080,7.88
JCT-3082,4.99
JCT-3084,4.37
JCT-3086,3.02
JCT-3088,3.23
JCT-3090,9.52
JCT-3092,10.66
JCT-3096,10.35
JCT-3104,11.04
JCT-3106,11.14
JCT-3110,11.56
JCT-312,28.11
JCT-3120,9.02
JCT-3122,9.61
JCT-3124,23.28
JCT-3126,25.77
JCT-3128,3.44
JCT-3130,3.53
JCT-3132,6.33
JCT-3134,10.16
JCT-3136,10.89
JCT-3138,11.79
JCT-314,23.88
JCT-3140,11.5
JCT-3142,11.45
JCT-3144,11.95
JCT-3146,11.86
JCT-3148,16.59
JCT-3150,16.2
JCT-3152,1.38
JCT-3154,1.65
JCT-3156,1.76
JCT-3158,1.82
JCT-316,25.27
JCT-3160,1.72
JCT-3162,2.47
JCT-3164,2.39
JCT-3168,27.9
JCT-3170,27.25
JCT-3172,26.25
JCT-3174,16.2
JCT-3176,5.41
JCT-3178,3.96
JCT-3180,5.46
JCT-3182,1.14
JCT-3184,0.64
JCT-3186,0.54
JCT-3188,1.16
JCT-3190,0.61
JCT-3192,0.58
JCT-3194,3.11
JCT-3196,4.33
JCT-3198,2.33
JCT-320,29.46
JCT-3200,1.8
JCT-3202,1.83
JCT-3206,2.45
JCT-3208,0.72
JCT-3210,1.62
JCT-3212,2.39
JCT-3214,6.51
JCT-3216,6.11
JCT-3218,4.73
JCT-322,28.18
JCT-3220,4.85
JCT-3222,4.57
JCT-3224,5.49
JCT-3226,5.71
JCT-3228,11.18
JCT-3230,11.72
JCT-3234,9.72
JCT-3236,8.95
JCT-324,31.35
JCT-3240,10.1
JCT-3242,12.14
JCT-3246,10.36
JCT-3252,2.38
JCT-3254,3.36
JCT-3256,1.5
JCT-326,38.58
JCT-3262,5.29
JCT-3264,3.02
JCT-3268,3.36
JCT-3270,3.42
JCT-3272,3.31
JCT-3274,3.45
JCT-3276,0.57
JCT-3278,0.52
JCT-328,18.56
JCT-3284,2.71
JCT-3286,5.91
JCT-3288,6.22
JCT-3290,5.85
JCT-3292,5.8
JCT-3294,12.41
JCT-3296,11.97
JCT-3298,3.06
JCT-330,18.43
JCT-3300,3.09
JCT-3302,1.45
JCT-3304,1.59
JCT-3306,1.4
JCT-3308,6.41
JCT-3310,5.73
JCT-3312,1.32
JCT-3314,4.38
JCT-3318,3.13
JCT-3320,3.16
JCT-3322,3.36
JCT-3326,23.89
JCT-3328,1.81
JCT-3330,1.66
JCT-3344,2.99
JCT-3346,5.77
JCT-3348,12.02
JCT-3350,12.5
JCT-3352,19.75
JCT-3354,16.91
JCT-3356,20.19
JCT-3358,0.71
JCT-336,8.04
JCT-3360,0.6
JCT-3362,2.46
JCT-3364,2.32
JCT-3366,4.55
JCT-3368,3.74
JCT-3370,5.04
JCT-3372,6.69
JCT-3374,2.62
JCT-3378,1.41
JCT-338,6.27
JCT-3380,11.02
JCT-3382,10.77
JCT-3386,2.38
JCT-3388,11.46
JCT-3390,2.5
JCT-3396,5.34
JCT-3398,7.16
JCT-34,22.73
JCT-3404,22.66
JCT-3410,11.79
JCT-3412,11.73
JCT-3414,1.24
JCT-3416,1.25
JCT-3418,0.75
JCT-3420,0.74
JCT-3424,1.76
JCT-3428,15.57
JCT-3430,19.1
JCT-3432,0.29
JCT-3434,0.72
JCT-3436,0.68
JCT-3438,0.66
JCT-344,5.55
JCT-3442,1.75
JCT-3448,3.24
JCT-3450,4.41
JCT-3452,2.99
JCT-3454,3.3
JCT-3456,3.71
JCT-346,11.23
JCT-3460,9.75
JCT-3462,9.88
JCT-3464,10.3
JCT-3466,5.71
JCT-3468,10.58
JCT-3470,2.03
JCT-3476,2.36
JCT-3476_2,11.77
JCT-348,15.54
JCT-3484,10.89
JCT-3488,1.03
JCT-3492,6.88
JCT-3494,1.35
JCT-3496,1.57
JCT-350,21.93
JCT-3502,11.91
JCT-3504,11.82
JCT-3506,1.21
JCT-3508,11.5
JCT-3510,3.22
JCT-3512,17.79
JCT-3516,2.43
JCT-3518,2.25
JCT-352,20.4
JCT-3520,2.34
JCT-3524,1.74
JCT-3526,3.7
JCT-3528,4.41
JCT-3530,3.94
JCT-3532,3.8
JCT-3534,12.24
JCT-3536,23.46
JCT-3538,4.53
JCT-354,20.88
JCT-3540,3.68
JCT-3542,3.45
JCT-3548,12.58
JCT-3550,2.69
JCT-3556,0.0
JCT-356,20.92
JCT-3560,0.61
JCT-3562,0.65
JCT-3564,11.69
JCT-3566,6.48
JCT-3568,5.09
JCT-3574,6.04
JCT-3578,2.43
JCT-3580,1.25
JCT-3582,5.77
JCT-3586,0.83
JCT-3588,1.16
JCT-3590,3.27
JCT-3596,1.64
JCT-3598,1.58
JCT-36,23.71
JCT-360,13.19
JCT-3600,4.4
JCT-3604,11.6
JCT-3606,10.89
JCT-3610,25.9
JCT-3616,8.95
JCT-3618,5.32
JCT-362,12.2
JCT-3624,11.83
JCT-3628,11.4
JCT-3632,3.43
JCT-3634,3.12
JCT-3638,5.85
JCT-364,11.05
JCT-3642,4.95
JCT-3644,2.6
JCT-3646,11.63
JCT-3648,3.29
JCT-3650,11.76
JCT-3658,13.44
JCT-366,34.85
JCT-3660,2.46
JCT-3662,4.0
JCT-3666,3.12
JCT-3668,1.95
JCT-3674,9.73
JCT-3676,5.41
JCT-368,24.25
JCT-3686,6.12
JCT-3692,15.95
JCT-3696,2.59
JCT-3698,1.87
JCT-3704,9.34
JCT-3714,0.75
JCT-372,14.38
JCT-3720,11.53
JCT-3722,2.81
JCT-3726,11.86
JCT-3732,16.23
JCT-3734,16.57
JCT-3736,24.47
JCT-374,14.87
JCT-3752,14.3
JCT-3754,18.97
JCT-3756,21.17
JCT-376,13.75
JCT-3760,18.94
JCT-3776,18.29
JCT-378,14.63
JCT-38,21.52
JCT-380,12.4
JCT-382,11.99
JCT-384,4.03
JCT-388,12.83
JCT-390,12.56
JCT-394,25.9
JCT-396,24.72
JCT-398,31.12
JCT-40,25.19
JCT-400,31.64
JCT-406,2.14
JCT-408,1.53
JCT-410,0.93
JCT-412,0.84
JCT-414,0.69
JCT-42,34.14
JCT-428,31.17
JCT-438,10.6
JCT-44,35.72
JCT-440,9.63
JCT-442,16.37
JCT-446,17.73
JCT-450,5.55
JCT-452,13.84
JCT-454,11.25
JCT-456,11.63
JCT-458,10.86
JCT-46,9.18
JCT-462,11.67
JCT-464,3.77
JCT-466,4.69
JCT-468,16.62
JCT-470,4.96
JCT-472,4.49
JCT-478,1.8
JCT-48,5.22
JCT-480,1.54
JCT-482,16.52
JCT-484,18.31
JCT-486,2.44
JCT-488,1.87
JCT-492,2.05
JCT-496,2.15
JCT-50,17.0
JCT-500,1.2
JCT-502,1.19
JCT-504,1.52
JCT-506,3.05
JCT-508,3.03
JCT-510,13.28
JCT-514,2.02
JCT-518,2.3
JCT-52,15.28
JCT-520,2.36
JCT-522,2.48
JCT-524,2.33
JCT-528,1.68
JCT-530,1.67
JCT-532,1.74
JCT-534,0.0
JCT-536,1.88
JCT-54,0.0
JCT-540,3.12
JCT-542,2.86
JCT-544,2.45
JCT-548,1.89
JCT-550,3.17
JCT-554,1.95
JCT-556,8.33
JCT-558,3.24
JCT-56,0.0
JCT-560,3.88
JCT-562,4.12
JCT-566,19.22
JCT-572,17.7
JCT-574,6.34
JCT-578,18.18
JCT-58,28.31
JCT-580,19.4
JCT-582,7.4
JCT-586,13.68
JCT-588,0.0
JCT-590,0.0
JCT-592,2.11
JCT-594,5.7
JCT-60,24.68
JCT-604,7.91
JCT-606,23.34
JCT-608,2.43
JCT-612,1.0
JCT-614,0.98
JCT-616,1.99
JCT-618,1.82
JCT-62,2.28
JCT-620,14.86
JCT-622,14.93
JCT-630,2.07
JCT-632,2.08
JCT-634,38.6
JCT-636,33.41
JCT-638,13.95
JCT-64,1.4
JCT-644,20.39
JCT-646,19.36
JCT-648,13.29
JCT-650,10.74
JCT-654,18.73
JCT-656,23.6
JCT-658,2.54
JCT-66,0.96
JCT-660,2.0
JCT-662,25.11
JCT-668,1.25
JCT-670,1.26
JCT-674,23.96
JCT-686,1.0
JCT-694,17.73
JCT-696,14.2
JCT-698,17.26
JCT-702,0.93
JCT-706,11.83
JCT-710,3.41
JCT-712,3.64
JCT-714,12.97
JCT-718,12.82
JCT-72,0.66
JCT-722,29.87
JCT-724,20.68
JCT-730,23.82
JCT-732,20.69
JCT-734,20.67
JCT-736,12.62
JCT-738,28.93
JCT-744,12.35
JCT-746,21.61
JCT-748,22.58
JCT-750,8.96
JCT-752,19.55
JCT-754,11.72
JCT-756,33.4
JCT-758,31.12
JCT-76,16.13
JCT-760,3.31
JCT-764,22.79
JCT-780,14.5
JCT-782,14.47
JCT-784,3.11
JCT-786,3.2
JCT-788,12.91
JCT-790,14.27
JCT-794,3.42
JCT-796,2.93
JCT-798,13.66
JCT-800,16.98
JCT-802,16.21
JCT-806,6.23
JCT-807,5.98
JCT-808,4.05
JCT-810,17.98
JCT-812,1.24
JCT-813,18.91
JCT-814,1.76
JCT-815,18.62
JCT-816,13.44
JCT-818,13.54
JCT-82,12.83
JCT-820,7.43
JCT-821,26.17
JCT-822,6.59
JCT-823,24.93
JCT-824,3.98
JCT-825,23.95
JCT-826,5.17
JCT-827,24.27
JCT-828,0.45
JCT-829,24.65
JCT-830,0.61
JCT-833,26.21
JCT-834,13.89
JCT-835,27.73
JCT-836,13.8
JCT-84,12.41
JCT-840,40.56
JCT-842,39.25
JCT-844,25.73
JCT-846,19.0
JCT-848,27.75
JCT-854,21.62
JCT-858,20.44
JCT-86,14.84
JCT-860,21.61
JCT-862,22.02
JCT-864,22.29
JCT-866,25.94
JCT-868,18.46
JCT-870,21.61
JCT-872,22.44
JCT-874,14.23
JCT-876,26.57
JCT-878,23.73
JCT-880,24.13
JCT-882,43.22
JCT-884,43.02
JCT-886,1.45
JCT-888,0.67
JCT-892,25.6
JCT-894,12.54
JCT-896,16.0
JCT-898,2.12
JCT-90,0.0
JCT-900,2.2
JCT-906,7.13
JCT-908,6.89
JCT-909,2.82
JCT-910,1.16
JCT-911,13.0
JCT-912,0.06
JCT-913,13.44
JCT-915,14.56
JCT-916,17.11
JCT-918,14.26
JCT-92,0.0
JCT-920,14.28
JCT-924,2.42
JCT-926,1.78
JCT-928,1.94
JCT-930,1.26
JCT-932,2.09
JCT-933,9.97
JCT-936,12.96
JCT-937,7.76
JCT-938,1.22
JCT-939,4.06
JCT-94,9.0
JCT-940,1.25
JCT-942,1.24
JCT-948,2.05
JCT-950,2.87
JCT-952,1.31
JCT-956,4.15
JCT-958,4.06
JCT-96,9.32
JCT-960,1.11
JCT-962,1.32
JCT-964,27.05
JCT-965,13.58
JCT-966,28.8
JCT-968,3.77
JCT-970,4.14
JCT-976,4.72
JCT-982,30.96
JCT-983,16.11
JCT-985,19.23
JCT-986,16.17
JCT-988,14.04
JCT-990,14.08
JCT-992,13.99
JCT-994,14.02
JCT-996,8.36
JCT-998,10.92
JeffersonDiversion,40.0
JFI-10,23.2
JFI-100,0.0
JFI-101,0.0
JFI-102,0.0
JFI-103,0.0
JFI-104,0.0
JFI-105,0.0
JFI-106,0.0
JFI-11,22.9
JFI-12,22.75
JFI-13,22.24
JFI-14,22.19
JFI-15,22.91
JFI-16,21.67
JFI-17,22.24
JFI-18,21.69
JFI-19,20.73
JFI-2,12.82
JFI-20,21.71
JFI-21,21.51
JFI-22,21.02
JFI-23,21.57
JFI-24,21.12
JFI-25,21.34
JFI-26,21.71
JFI-27,21.48
JFI-3,26.1
JFI-30,20.06
JFI-31,20.35
JFI-32,20.24
JFI-34,20.09
JFI-36,19.53
JFI-37,18.48
JFI-38,18.44
JFI-39,17.63
JFI-40,17.58
JFI-41,17.38
JFI-43,17.29
JFI-44,16.93
JFI-46,16.89
JFI-47,16.79
JFI-48,15.47
JFI-49,15.41
JFI-5,22.19
JFI-50,17.3
JFI-51,17.22
JFI-52,15.52
JFI-53,15.42
JFI-54,16.23
JFI-55,16.05
JFI-56,15.18
JFI-57,15.08
JFI-58,14.96
JFI-6,26.18
JFI-60,13.48
JFI-62,13.29
JFI-63,13.63
JFI-64,13.41
JFI-66,13.38
JFI-67,13.23
JFI-68,12.45
JFI-7,24.86
JFI-74,0.0
JFI-75,0.0
JFI-76,0.0
JFI-77,0.0
JFI-78,0.0
JFI-79,0.0
JFI-8,24.54
JFI-80,0.0
JFI-81,0.0
JFI-82,0.0
JFI-84,0.0
JFI-85,0.0
JFI-86,0.0
JFI-87,0.0
JFI-88,0.0
JFI-89,0.0
JFI-90,0.0
JFI-91,0.0
JFI-93,0.0
JFI-94,0.0
JFI-95,0.0
JFI-96,0.0
JFI-97,0.0
JFI-98,0.0
JFI-99,0.0
JFR-11,23.16
JFR-12,23.62
JFR-14,24.71
JFR-15,24.1
JFR-16,25.24
JFR-17,24.46
JFR-18,24.87
JFR-19,23.2
JFR-20,22.95
JFR-21,22.67
JFR-22,21.94
JFR-25,21.88
JFR-26,22.23
JFR-27,22.38
JFR-28,22.36
JFR-29,22.24
JFR-3,20.31
JFR-30,21.51
JFR-31,22.58
JFR-32,21.79
JFR-33,21.92
JFR-34,21.33
JFR-35,20.26
JFR-36,20.58
JFR-37,20.53
JFR-39,20.28
JFR-4,20.63
JFR-40,20.36
JFR-41,18.78
JFR-42,19.1
JFR-43,19.83
JFR-44,18.85
JFR-45,19.12
JFR-46,19.4
JFR-47,18.72
JFR-48,19.34
JFR-49,17.47
JFR-5,17.48
JFR-50,18.05
JFR-51,19.22
JFR-52,19.14
JFR-53,17.58
JFR-54,18.18
JFR-55,18.6
JFR-56,17.32
JFR-57,17.92
JFR-58,16.85
JFR-59,16.44
JFR-6,25.42
JFR-60,16.94
JFR-61,16.79
JFR-62,17.2
JFR-64,15.97
JFR-65,12.81
JFR-68,7.17
JFR-69,1.95
JFR-7,25.58
JFR-70,1.93
JFR-71,1.74
JFR-72,1.85
JFR-73,1.53
JFR-74,1.37
JFR-75,1.31
JFR-77,1.2
JFR-78,1.18
JFR-79,1.17
JFR-8,24.43
JFR-80,0.68
JFR-81,0.48
JFR-83,0.31
JFR-84,0.3
JFR-85,0.41
JFR-86,0.26
JFR-87,0.69
JFR-88,0.78
JFR-89,0.28
JFR-9,15.63
JFR-90,0.31
JFR-91,0.3
JFR-92,0.24
JFR-93,0.29
JFR-94,0.16
JFR-95,0.12
JFR-96,0.1
JFR-97,0.0
JFR-98,0.0
KARM-1,12.78
KARM-10,12.99
KARM-11,12.92
KARM-2,12.99
KARM-3,12.83
KARM-3A,12.88
KARM-4,12.94
KARM-5,12.87
KARM-6,12.84
KARM-7,12.86
KARM-8,12.92
KARM-9,12.97
KEL-1,17.19
KEL-2,17.01
KEL-3,17.66
KEL-4,17.08
KEL-5,15.63
KEL-6,16.39
KEL-7,16.09
KEL-8,15.51
KEL-9,15.46
LAMB-1,18.43
LAMB-2,17.41
LAMB-4,8.0
LathrupTankDischarge,0.0
Local_CSO_53_(L34)_MH1,0.28
Local_CSO_53_(L34)_MH2,0.23
Local_CSO_53_(L34)_MH3,0.23
Local_CSO_53_(L34)_MH4,0.23
Local_CSO_53_(L34)_MH5,0.21
Local_CSO_53_(L34)_MH6,0.21
Local_CSO_53_(L34)_MH7,0.21
Local_CSO_53_(L34)_MH8,0.21
Local_CSO_53_(L34)_MH9,0.21
Local_LC001_MH01,0.27
Local_LC001_MH02,0.14
Local_LC001_MH03,0.14
Local_LC002_BT,1.0
Local_LC002_MH01,0.08
Local_LC002_MH02,0.16
Local_LC002_MH03,0.15
Local_LC003_&_LC015_DHLI-MH1-01,1.45
Local_LC003_&_LC015_DHLI-MH1-01A,1.61
Local_LC003_&_LC015_DHLI-MH1-02,1.13
Local_LC003_&_LC015_DHLI-MH1-03B,0.56
Local_LC003_&_LC015_DHLI-MH1-04,0.48
Local_LC003_&_LC015_DHLI-MH1-05,0.45
Local_LC003_315,0.32
Local_LC003_320,0.21
Local_LC003_323,0.17
Local_LC003_325,0.3
Local_LC003_330,0.24
Local_LC003_333,0.4
Local_LC003_335,0.11
Local_LC003_MH01,0.25
Local_LC003_MH02,0.22
Local_LC003_MH03,0.2
Local_LC003_MH04,0.23
Local_LC003_MH05,0.22
Local_LC003_MH06,0.22
Local_LC003_MH07,0.22
Local_LC003_MH08,0.22
Local_LC003_MH09,0.19
Local_LC003_MH10,0.3
Local_LC004_Reg_MH01,0.82
Local_LC005_MH01,0.05
Local_LC005_MH02,0.07
Local_LC006_MH01,0.12
Local_LC006_MH02,0.12
Local_LC007_&_LC199_MH01,4.36
Local_LC007_&_LC199_Reg_MH01,0.74
Local_LC008_MH01,0.19
Local_LC008_MH02,0.19
Local_LC009_MH01,2.37
Local_LC009_Reg_TP01,0.43
Local_LC010_MH01,3.7
Local_LC010_MH02,3.07
Local_LC011_MH01,4.07
Local_LC012_MH01,1.62
Local_LC012_Reg_MH01,0.59
Local_LC012_Reg_TP01,0.5
Local_LC013_MH1,0.92
Local_LC013_TP1,2.56
Local_LC014_MH01,0.13
Local_LC014_MH02,0.11
Local_LC014_MH03,0.1
Local_LC015_120,0.3
Local_LC015_125,0.6
Local_LC015_130,0.46
Local_LC015_135,0.41
Local_LC015_137,0.35
Local_LC015_140,0.3
Local_LC015_220,0.54
Local_LC015_223,0.26
Local_LC015_225,0.2
Local_LC015_230,0.13
Local_LC015_235,0.12
Local_LC015_238,0.46
Local_LC015_240,0.35
Local_LC015_245,0.33
Local_LC015_250,0.22
Local_LC015_255,0.26
Local_LC015_260,0.25
Local_LC015_270,0.22
Local_LC015_272,0.16
Local_LC015_273,0.12
Local_LC015_275,0.13
Local_LC015_280,0.1
Local_LC015_285,0.17
Local_LC015_290,0.14
Local_LC015_295,0.14
Local_LC015_405,0.22
Local_LC015_410,0.08
Local_LC015_505,0.1
Local_LC015_510,0.15
Local_LC015_515,0.16
Local_LC015_520,0.18
Local_LC015_DHLI-MH1-06,0.52
Local_LC015_DHLI-MH1-09,0.45
Local_LC015_DHLI-MH1-11,0.56
Local_LC015_DHLI-MH1-13,0.45
Local_LC015_DHLI-MH1-15,0.33
Local_LC015_DHLI-MH1-17,0.26
Local_LC015_DHLI-MH1-19,0.24
Local_LC015_DHLI-MH1-21,0.24
Local_LC015_DHLI-MH1-23,0.22
Local_LC015_DHLI-MH1-25,0.22
Local_LC015_DHLI-MH1-27,0.21
Local_LC015_MH0578.8,0.68
Local_LC015_MH0961.3,0.63
Local_LC015_MH1366.3,0.61
Local_LC015_MH1826.3,0.61
Local_LC015_MH2240.5,0.62
Local_LC015_MH2636.5,0.61
Local_LC015_MH2940.8,0.61
Local_LC015_MH3194.3,0.53
Local_LC015_MH3408.3,0.54
Local_LC015_MH3431.6,0.51
Local_LC015_Reg_MH0169.0,0.77
Local_LC016_MH01,3.73
Local_LC016_MH02,4.65
Local_LC016_MH03,0.7
Local_LC016_MH04,1.93
Local_LC016_TP01,4.88
Local_LC017_Reg_MH01,8.45
Local_LC017_Reg_MH02,6.2
Local_LC018_MH01,0.06
Local_LC018_MH02,0.06
Local_LC019_BT,2.04
Local_LC019_MH01,0.0
Local_LC019_MH02,0.08
Local_LC019_MH03,0.22
Local_LC019_MH04,0.07
Local_LC020_&_LC021_BT,2.31
Local_LC020_&_LC021_DHLI-MH2-01,4.47
Local_LC020_&_LC021_DHLI-MH2-02,1.18
Local_LC020_&_LC021_DHLI-MH2-04A,0.16
Local_LC020_&_LC021_DHLI-MH2-05,0.23
Local_LC020_&_LC021_DHLI-MH2-06,0.19
Local_LC020_&_LC021_DHLI-MH2-07,0.25
Local_LC020_&_LC021_DHLI-MH2-08,0.19
Local_LC020_&_LC021_DHLI-MH2-09,0.21
Local_LC020_&_LC021_DHLI-MH2-09A,0.12
Local_LC020_&_LC021_MH01,0.54
Local_LC020_&_LC021_MH02,0.09
Local_LC020_&_LC021_MH03,0.09
Local_LC020_&_LC021_MH04,0.09
Local_LC020_&_LC021_MH05,5.15
Local_LC020_&_LC021_MH06,5.15
Local_LC020_&_LC021_MH07,0.11
Local_LC020_&_LC021_MH08,0.09
Local_LC020_&_LC021_MH09,0.09
Local_LC020_&_LC021_MH10,0.09
Local_LC020_&_LC021_MH11,0.09
Local_LC020_&_LC021_MH12,0.17
Local_LC021_DHLI-MH2-11,0.12
Local_LC021_DHLI-MH2-12,0.15
Local_LC021_DHLI-MH2-13,0.14
Local_LC021_DHLI-MH2-14,0.13
Local_LC021_DHLI-MH2-15,0.13
Local_LC021_DHLI-MH2-16,0.15
Local_LC021_DHLI-MH2-17,0.16
Local_LC021_DHLI-MH2-17A,0.12
Local_LC021_DHLI-MH2-18,0.16
Local_LC021_DHLI-MH2-19,0.14
Local_LC021_MH01,0.11
Local_LC021_MH02,0.12
Local_LC021_MH03,0.12
Local_LC021_MH04,0.12
Local_LC021_MH05,0.12
Local_LC021_MH06,0.12
Local_LC021_MH07,0.12
Local_LC021_MH08,0.12
Local_LC022_Reg_BT,2.64
Local_LC022_Reg_MH01,0.47
Local_LC022_Reg_MH02,1.14
Local_LC026_&_LC192_MerrimanTS_MH01,0.88
Local_LC026_&_LC192_MerrimanTS_MH02,0.84
Local_LC026_&_LC192_MerrimanTS_MH03,0.8
Local_LC026_MerrimanTS_MH01,0.87
Local_LC026_MerrimanTS_MH02,0.83
Local_LC026_MerrimanTS_MH03,0.85
Local_LC027_MH02,0.04
Local_LC027_MH03,0.31
Local_LC027_MH04,1.06
Local_LC027_MiddlebeltTS_MH01,1.03
Local_LC027_Reg_MH01,1.11
Local_LC028_MH01,3.57
Local_LC028_Reg_MH01,0.8
Local_LC028_Reg_MH02,0.94
Local_LC046_1405,0.83
Local_LC046_1406,0.84
Local_LC046_1408,1.45
Local_LC046_1410,1.45
Local_LC046_1415,1.26
Local_LC046_14-C-0045,0.8
Local_LC046_14-C-0195,1.32
Local_LC046_14-C-0220,1.49
Local_LC046_1502,0.34
Local_LC046_1503,1.29
Local_LC046_1505,0.57
Local_LC046_1510,0.7
Local_LC046_1515,0.73
Local_LC046_1517,0.4
Local_LC046_1599,1.65
Local_LC046_1610,1.46
Local_LC073_MH01,0.55
Local_LC074_&_LC191_MH01,0.56
Local_LC074_&_LC191_MH02,0.48
Local_LC074_&_LC191_MH03,0.49
Local_LC074_&_LC191_MH04,0.48
Local_LC074_&_LC191_MH05,0.48
Local_LC074_MH01,0.45
Local_LC074_MH02,0.45
Local_LC074_MH03,0.46
Local_LC074_MH04,0.45
Local_LC075_MH01,0.32
Local_LC075_MH02,0.52
Local_LC079_&_LC080_L5MR_MH00326.8,0.43
Local_LC079_&_LC080_L5MR_MH00624.1,0.43
Local_LC079_&_LC080_L5MR_MH01060.6,0.43
Local_LC080_&_LC081_LV11,0.27
Local_LC080_L5MR_MH01504.8,0.56
Local_LC080_L5MR_MH02128.8,0.52
Local_LC080_L5MR_MH02570.8,0.52
Local_LC080_L5MR_MH02754.8,0.56
Local_LC080_L5MR_MH02995.8,0.6
Local_LC080_L5MR_MH03455.7,0.58
Local_LC080_L5MR_MH03920.9,0.58
Local_LC080_L5MR_MH04081.0,0.58
Local_LC080_L5MR_MH04173.4,0.58
Local_LC080_L5MR_MH04306.6,0.58
Local_LC080_L5MR_MH04635.1,0.58
Local_LC080_L5MR_MH04966.0,0.49
Local_LC080_L5MR_MH05292.0,0.49
Local_LC080_L5MR_MH05455.3,0.49
Local_LC080_L5MR_MH05740.8,0.47
Local_LC080_L5MR_MH05935.0,0.49
Local_LC080_L5MR_MH06160.2,0.57
Local_LC080_L5MR_MH06413.7,0.55
Local_LC080_L5MR_MH06862.9,0.55
Local_LC080_L5MR_MH07252.5,0.55
Local_LC080_L5MR_MH07762.8,0.6
Local_LC080_L5MR_MH08267.7,0.58
Local_LC080_L5MR_MH08766.1,0.58
Local_LC080_L5MR_MH09214.2,0.58
Local_LC080_L5MR_MH09543.7,0.58
Local_LC080_L5MR_MH09891.3,0.58
Local_LC080_L5MR_MH10184.5,0.58
Local_LC080_L5MR_MH10519.7,0.58
Local_LC080_L5MR_MH10815.4,0.58
Local_LC080_L5MR_MH10940.9,0.58
Local_LC080_L5MR_MH11004.9,0.56
Local_LC080_L5MR_MH11150.9,0.33
Local_LC080_L5MR_MH11478.2,0.63
Local_LC080_L5MR_MH11808.9,0.58
Local_LC080_L5MR_MH12139.1,0.49
Local_LC080_L5MR_MH12676.5,0.62
Local_LC080_L5MR_MH13163.9,0.58
Local_LC080_L5MR_MH13603.6,0.58
Local_LC080_L5MR_MH13712.5,0.56
Local_LC080_L5MR_MH14039.1,0.56
Local_LC080_L5MR_MH14410.7,0.56
Local_LC080_L5MR_MH14741.4,0.56
Local_LC080_L5MR_MH15069.4,0.56
Local_LC080_L5MR_MH15401.3,0.56
Local_LC080_L5MR_MH15727.9,0.68
Local_LC080_L5MR_MH16059.2,0.65
Local_LC080_L5MR_MH16329.6,0.65
Local_LC080_L5MR_MH16705.6,0.74
Local_LC080_L5MR_MH17047.3,0.72
Local_LC080_L5MR_MH17364.7,0.62
Local_LC080_L5MR_MH17444.6,0.61
Local_LC080_L5MR_MH17813.6,0.62
Local_LC080_L5MR_MH18220.5,0.62
Local_LC080_L5MR_MH18675.5,0.57
Local_LC080_L5MR_MH19087.2,0.64
Local_LC080_L5MR_MH19111.2,0.63
Local_LC080_L5MR_MH19414.2,0.62
Local_LC080_L5MR_MH19727.2,0.62
Local_LC080_L5MR_MH19755.4,0.63
Local_LC080_L5MR_MH20128.2,0.65
Local_LC093_&_LC095_MH0688,0.19
Local_LC095_&_LC202_MH5537,0.25
Local_LC095_&_LC202_MH5576,0.11
Local_LC095_MH0090,0.0
Local_LC095_MH0439,0.22
Local_LC095_MH0479,0.05
Local_LC095_MH0691,0.0
Local_LC095_MH1061,0.11
Local_LC095_MH1062,0.0
Local_LC095_MH1171,0.12
Local_LC095_MH5394,0.13
Local_LC096_07_MH1,0.25
Local_LC096_07_MH2,0.21
Local_LC096_30_MH1,0.2
Local_LC096_30_MH2,0.19
Local_LC096_33_MH1,0.22
Local_LC096_33_MH2,0.37
Local_LC116_Reg_MH01,2.09
Local_LC127_MH01,0.06
Local_LC128_MH01,0.18
Local_LC129_MH01,0.57
Local_LC129_MH01A,0.27
Local_LC129_MH02,0.27
Local_LC129_MH03,0.28
Local_LC129_MH04,0.27
Local_LC129_MH05,0.28
Local_LC130_MH01,0.87
Local_LC130_MH02,0.39
Local_LC130_MH03,0.23
Local_LC130_MH04,0.23
Local_LC132_MH01,0.08
Local_LC132_MH02,0.08
Local_LC134_MH01,0.11
Local_LC135_MH01,0.18
Local_LC135_MH02,0.33
Local_LC135_MH03,0.33
Local_LC135_MH04,0.33
Local_LC135_MH05,0.33
Local_LC135_MH06,0.33
Local_LC135_MH07,0.33
Local_LC169_MH01,0.03
Local_LC170_MH01,0.02
Local_LC171_MH01,0.03
Local_LC174_MH01,1.0
Local_LC174_MH02,0.55
Local_LC174_MH03,0.49
Local_LC174_MH04,0.74
Local_LC174_MH05,0.69
Local_LC174_MH06,0.81
Local_LC174_MH07,0.79
Local_LC174_MH08,0.78
Local_LC174_MH09,0.79
Local_LC174_MH10,0.78
Local_LC174_MH11,0.78
Local_LC174_MH12,0.78
Local_LC177_MH01,0.03
Local_LC178_MH01,0.14
Local_LC178_MH02,0.12
Local_LC179_MH01,0.09
Local_LC179_MH02,0.13
Local_LC180_MH01,0.03
Local_LC180_MH02,0.06
Local_LC181_MH01,0.17
Local_LC181_MH02,0.14
Local_LC182_MH01,0.11
Local_LC182_MH02,0.11
Local_LC183_MH01,0.58
Local_LC183_MH02,0.67
Local_LC183_MH03,0.54
Local_LC183_MH04,0.54
Local_LC183_MH05,0.64
Local_LC186_&_LC187_MH01,0.14
Local_LC186_&_LC187_MH02,0.25
Local_LC186_MH01,0.21
Local_LC186_MH02,0.14
Local_LC186_MH03,0.14
Local_LC186_MH04,0.24
Local_LC186_MH04_ToRVI,0.29
Local_LC186_MH05,0.64
Local_LC188_BT,2.78
Local_LC188_GVC_MH01,0.68
Local_LC188_GVC_MH02,0.11
Local_LC188_GVC_MH03,0.08
Local_LC188_GVC_MH04,0.07
Local_LC188_GVC_MH05,0.11
Local_LC188_GVC_MH06,0.1
Local_LC188_GVC_MH07,0.1
Local_LC188_GVC_MH08,0.09
Local_LC188_GVC_MH09,0.08
Local_LC191_MH01,0.16
Local_LC191_MH02,0.21
Local_LC191_MH03,0.11
Local_LC199_MH1,2.82
Local_LC199_MH2,5.35
Local_LC204_MH1,0.19
LV_4,0.52
LV_5,0.51
M10_2,0.41
m3000-SOT140005,6.47
m3010-SOT140011,8.3
m3020-SOT136010,7.41
m3030-DUMMY3030B,3.07
m3090-SOT132002,2.55
m3130-SOT055907,0.91
m3270-SOT012607,7.22
m3370-BLT137019,1.14
M8_1,12.69
M8_2,12.02
M8_3,5.7
M8_4,6.04
M8_5,7.01
M8_6,6.61
M8_7,7.05
M8_8,6.68
MAK-11,17.62
MAK-12,17.27
MAK-13,23.0
MAK-14,16.68
MAK-15,16.86
MAK-18,20.1
MAK-19,18.32
MAK-2,13.53
MAK-20,17.06
MAK-3,14.68
MAK-4,15.29
MAK-5,20.04
MAK-6,17.57
MAK-7,18.31
MAK-8,17.85
MAK-9,17.81
MarterDischargeChannel,7.61
MarterPump1Outlet,7.85
MarterPump2Outlet,7.85
MartinBasinDewatering,12.14
MartinBasinInfluentGates,8.2
MartinDrainEffluent2,5.75
MartinDrainInfluentBox,5.94
MartinRegulatorChamber,18.82
MDOT_I75_01,1.51
MDOT_M102-01,21.74
MDOT_M102-02,17.8
MDOT_M102-03,11.1
MDOT_M102-04,17.34
MDOT_M102-05,15.25
MDOT_M102-06,11.22
MDOT_M102-07,24.9
MDOT_M102-08,21.81
MDOT_M102-09,20.12
MH07303,17.52
MH10,3.01
MH103,35.48
MH11,9.05
MH12,26.86
MH124,23.65
MH132,23.52
MH136,30.09
MH137,6.77
MH15,23.32
MH16,1.6
MH17,15.04
MH18,22.58
MH2,19.15
MH22,22.03
MH3,21.41
MH39,20.09
MH40,8.76
MH41,9.09
MH42,9.79
MH43,10.72
MH44,11.35
MH45,10.86
MH46,27.52
MH48,9.19
MH49,43.46
MH5,20.51
MH50,30.91
MH53,7.86
MH64,17.01
MH67,45.58
MH69,28.83
MH7,14.82
MH72,12.65
MH77,23.47
MH78,19.27
MH79,39.42
MH80,35.49
ML_063,4.79
ML_074D,10.46
ML_079D,6.03
MR-1002,33.87
MR-1003,33.92
MR-1004,34.0
MR-1005,34.11
MR-1010,34.18
MR-1012,33.66
MR-1015,34.09
MR-1022,29.81
MR-1024,29.39
MR-1026,28.97
MR-1030,28.53
MR-1050,27.05
MR-1060,26.24
MR-1070,23.99
MR-1080,18.29
MR-11020,7.59
MR-11040,7.44
MR-12020,8.49
MR-2004,30.18
MR-2005,30.05
MR-2006,30.09
MR-2007,30.0
MR-2008,29.91
MR-2009,29.63
MR-2010,29.47
MR-2012,28.8
MR-2014,29.04
MR-2016,28.94
MR-2018,29.06
MR-2019,29.68
MR-2030,27.05
MR-2032,27.35
MR-2034,27.66
MR-2036,27.96
MR-2038,28.26
MR-2039,28.57
MR-2040,28.87
MR-2042,18.0
MR-2044,17.58
MR-2045,17.15
MR-2046,16.72
MR-2047,16.3
MR-2048,15.87
MR-3000,15.44
MR-4000,21.91
MR-4002,21.97
MR-4004,22.29
MR-4006,22.62
MR-4008,22.94
MR-4010,23.26
MR-4012,23.58
MR-4014,23.48
MR-4016,23.94
MR-4018,24.54
MRD-1,13.0
MRD-10,7.26
MRD-10A,6.63
MRD-11,7.11
MRD-12,6.96
MRD-13,6.81
MRD-14,6.67
MRD-16,5.92
MRD-17,5.72
MRD-18,5.46
MRD-19,5.24
MRD-2,13.0
MRD-20,5.15
MRD-21,5.11
MRD-22,5.12
MRD-23,5.08
MRD-24,5.2
MRD-25,5.53
MRD-26,5.82
MRD-27,5.97
MRD-28,5.66
MRD-29,5.4
MRD-30,5.2
MRD-31,5.04
MRD-32,5.69
MRD-33,2.26
MRD-34,3.54
MRD-35,2.9
MRD-36,2.76
MRD-37,2.72
MRD-38,2.69
MRD-39,2.37
MRD-40,2.85
MRD-41,3.02
MRD-43,3.0
MRD-44,3.01
MRD-45,3.08
MRD-46,3.13
MRD-47,3.16
MRD-48,3.18
MRD-49,3.22
MRD-50,2.94
MRD-51,3.41
MRD-52,4.0
MRD-53,8.44
MRD-54,8.08
MRD-55,11.18
MRD-56,12.89
MRD-57,3.64
MRD-58,2.85
MRD-59,2.34
MRD-60,1.29
MRD-61,0.88
MRD-62,0.36
MRD-63,0.36
MRD-7,13.0
MRD-8A,10.09
MRD-9,6.81
NeffPSSanChannel,23.0
NeffPSStormChannel,23.0
NeffPSStormChannel7,5.27
NER-10,1.02
NER-11,1.02
NER-12,1.01
NER-13,1.02
NER-14,0.38
NER-15,1.05
NER-16,1.0
NER-17,0.71
NER-18,0.2
NER-19,0.29
NER-2,0.98
NER-21,0.31
NER-22,0.31
NER-23,4.0
NER-24,3.42
NER-25,2.84
NER-26,2.43
NER-27,2.0
NER-29,0.9
NER-3,1.0
NER-30,0.59
NER-31,0.51
NER-32,0.49
NER-33,0.49
NER-34,0.49
NER-35,0.47
NER-36,0.47
NER-37,0.46
NER-38,0.45
NER-39,0.45
NER-4,0.94
NER-40,0.48
NER-41,0.45
NER-42,0.45
NER-43,0.45
NER-45,0.45
NER-46,0.48
NER-48,0.45
NER-49,0.5
NER-5,0.94
NER-51,0.4
NER-52,0.41
NER-54,0.33
NER-55,0.33
NER-56,0.28
NER-58,0.28
NER-59,0.23
NER-6,0.94
NER-60,0.16
NER-61,0.16
NER-62,0.22
NER-63,0.43
NER-64,0.38
NER-66,0.63
NER-67,0.33
NER-68,0.42
NER-69,0.32
NER-7,0.84
NER-70,0.33
NER-71,0.32
NER-73,0.3
NER-76,0.12
NER-8,1.07
NER-9,1.02
NESPS_Discharge1_OMID,0.0
NESPS_Discharge2_OMID,0.0
NESPS_Discharge4_OMID,3.19
NESPS_Discharge5_OMID,0.0
NESPS_Discharge6_OMID,0.0
NESPS_Pump1_HighPoint_OMID,0.0
NESPS_Pump2_HighPoint_OMID,0.0
NESPS_Pump4_HighPoint_OMID,0.0
NESPS_Pump5_HighPoint_OMID,0.0
NESPS_Pump6_HighPoint_OMID,0.0
NEWTP,24.34
NORM-1,10.36
NORM-2,9.68
NORM-4,8.72
NWR-1,0.76
NWR-10,1.2
NWR-12,1.07
NWR-13,0.84
NWR-14,1.11
NWR-15,1.13
NWR-18,1.0
NWR-19,1.09
NWR-2,1.25
NWR-20,1.13
NWR-21,1.14
NWR-22,1.21
NWR-23,1.44
NWR-24,29.3
NWR-25,57.48
NWR-26,60.03
NWR-27,58.0
NWR-28,57.1
NWR-29,57.12
NWR-3,1.29
NWR-30,58.06
NWR-33,0.69
NWR-34,0.67
NWR-35,0.77
NWR-36,0.75
NWR-37,0.49
NWR-38,0.73
NWR-39,0.67
NWR-4,1.28
NWR-40,0.61
NWR-41,0.62
NWR-42,0.61
NWR-5,1.24
NWR-6,1.28
NWR-7,1.14
NWR-8,1.19
NWR-9,1.21
NWRC-1,1.17
NWRC-10,1.49
NWRC-11,1.6
NWRC-12,1.4
NWRC-13,0.91
NWRC-16,0.88
NWRC-17,0.61
NWRC-2,0.93
NWRC-4,1.06
NWRC-7,0.9
NWRC-8,1.43
NWRC-9,1.47
P1,44.0
P10,44.87
P11,54.47
P12,55.63
P13,57.37
P14,0.0
P15,72.8
P16,93.55
P2,49.64
P3,51.36
P4,58.37
P5,55.89
P6,47.54
P7,60.05
P8,0.0
P9,44.87
PCI-10A_Sta.009+19_MH_OMID,1.28
PCI-10A_Sta.027+84_MH_OMID,1.38
PCI-10A_Sta.043+22_MH_OMID,1.36
PCI-10A_Sta.058+23_MH_OMID,1.33
PCI-10A_Sta.071+34_MH_OMID,1.36
PCI-10A_Sta.089+05_MH_OMID,1.35
PCI-10A_Sta.106+13_MH_OMID,1.35
PCI-10A_Sta.121+67_MH_OMID,1.35
PCI-10A_Sta.135+27_MH_OMID,1.35
PCI-10A_Sta.151+87_MH_OMID,1.35
PCI-10B_Sta.164+77_MH_OMID,1.35
PCI-10B_Sta.178+60_BT_OMID,1.35
PCI-10B_Sta.187+54_MH_OMID,1.31
PCI-10B_Sta.203+78_MH_OMID,1.31
PCI-10B_Sta.209+50_BT_OMID,1.31
PCI-11_Sta.012+61_MH_OMID,0.79
PCI-11_Sta.022+60_MH_OMID,0.64
PCI-11_Sta.023+96_MH_OMID,0.91
PCI-11_Sta.024+06_MH_OMID,0.98
PCI-11_Sta.027+29_MH_OMID,0.81
PCI-11_Sta.027+48_MH_OMID,1.47
PCI-11_Sta.030+12_MH_OMID,1.4
PCI-11_Sta.030+49_MH_OMID,0.28
PCI-11_Sta.036+66_MH_OMID,0.48
PCI-11_Sta.042+57_MH_OMID,0.47
PCI-11_Sta.067+69_MH_OMID,0.71
PCI-11_Sta.073+68_MH_OMID,0.71
PCI-11_Sta.079+37_MH_OMID,0.71
PCI-11_Sta.085+15_MH_OMID,0.71
PCI-11_Sta.091+51_MH_OMID,0.53
PCI-11_Sta.097+78_MH_OMID,0.54
PCI-11_Sta.100+95_MH_OMID,0.54
PCI-11_Sta.104+20_MH_OMID,0.52
PCI-11_Sta.107+32_MH_OMID,0.52
PCI-11_Sta.109+41_MH_OMID,0.52
PCI-11_Sta.111+53_MH_OMID,0.52
PCI-11_Sta.113+71_MH_OMID,0.53
PCI-11A_Sta.000+31_MH_OMID,0.59
PCI-11A_Sta.004+28_MH_OMID,0.75
PCI-11A_Sta.007+83_MH_OMID,0.7
PCI-11A_Sta.009+33_MH_OMID,0.71
PCI-11A_Sta.010+71_MH_OMID,0.62
PCI-11A_Sta.014+30_MH_OMID,0.69
PCI-11A_Sta.017+30_MH_OMID,0.68
PCI-11A_Sta.017+42_MH_OMID,1.18
PCI-12A_Sta.018+49_MH_OMID,5.64
PCI-38_Sta.110+23_MH_OMID,3.26
PCI-38_Sta.121+77_MH_OMID,5.31
PCI-5_Sta.003+50_MH_OMID,3.98
PCI-5_Sta.021+25_MH_OMID,3.49
PCI-5_Sta.042+40_MH_OMID,3.39
PCI-5_Sta.050+00_SC_OMID,3.85
PCI-5_Sta.055+00_SC_OMID,3.85
PCI-5_Sta.060+00_SC_OMID,3.79
PCI-5_Sta.060+90_MH_OMID,3.81
PCI-5_Sta.065+00_SC_OMID,3.91
PCI-5_Sta.070+00_SC_OMID,3.97
PCI-5_Sta.080+00_SC_OMID,4.3
PCI-5_Sta.082+60_MH_OMID,3.89
PCI-5_Sta.084+10_MH_OMID,3.66
PCI-5_Sta.085+00_SC_OMID,3.53
PCI-5_Sta.095+00_SC_OMID,3.17
PCI-5_Sta.100+00_SC_OMID,3.29
PCI-5_Sta.105+00_SC_OMID,3.69
PCI-5_Sta.106+25_MH_OMID,3.72
PCI-5_Sta.110+00_SC_OMID,3.83
PCI-5_Sta.115+00_SC_OMID,3.83
PCI-5_Sta.119+25_MH_OMID,3.81
PCI-5_Sta.120+00_SC_OMID,3.82
PCI-5_Sta.125+00_SC_OMID,3.98
PCI-5_Sta.131+19_MH_OMID,3.88
PCI-5_Sta.135+00_SC_OMID,3.27
PCI-5_Sta.140+00_SC_OMID,2.35
PCI-6_Sta.000+48_MH_OMID,3.03
PCI-6_Sta.013+97_MH_OMID,2.79
PCI-6_Sta.021+17_EOL_OMID,2.76
PCI-6_Sta.028+80_MH_OMID,3.27
PCI-6_Sta.043+75_MH_OMID,3.39
PCI-6_Sta.053+17_EOL_OMID,3.39
PCI-6_Sta.063+90_MH_OMID,3.0
PCI-6_Sta.082+10_MH_OMID,2.73
PCI-6_Sta.101+61_MH_OMID,2.75
PCI-6_Sta.118+00_MH_OMID,2.72
PCI-7_Sta.000+00_MH_OMID,2.74
PCI-7_Sta.018+25_MH_OMID,2.77
PCI-7_Sta.035+00_MH_OMID,2.74
PCI-7_Sta.051+66_MH_OMID,2.73
PCI-7_Sta.069+40_MH_OMID,2.74
PCI-7_Sta.083+76_MH_OMID,2.73
PCI-7_Sta.085+22_BT_OMID,2.73
PCI-7_Sta.096+03_MH_OMID,2.72
PCI-7_Sta.101+97_EOL_OMID,2.71
PCI-7_Sta.136+02_BT_OMID,6.01
PCI-7_Sta.136+27_MH_OMID,5.99
PCI-8_Sta.002+75_MH_OMID,4.33
PCI-8_Sta.014+02_MH_OMID,3.12
PCI-8_Sta.027+53_BT_OMID,2.39
PCI-8_Sta.031+06_MH_OMID,2.36
PCI-8_Sta.050+63_MH_OMID,1.93
PCI-8_Sta.069+02_MH_OMID,1.84
PCI-8_Sta.084+31_MH_OMID,1.84
PCI-8_Sta.100+45_MH_OMID,1.84
PCI-8_Sta.117+15_MH_OMID,1.84
PCI-8_Sta.118+00_SC_OMID,1.82
PCI-8_Sta.128+20_BT_OMID,1.48
PCI-8_Sta.133+59_MH_OMID,1.69
PCI-8_Sta.149+35_MH_OMID,1.67
PCI-8_Sta.166+11_MH_OMID,1.67
PCI-8_Sta.175+64_MH_OMID,1.67
PCI-8_Sta.176+39_DC_OMID,1.63
PCI-9_Sta.002+12_MH_OMID,1.95
PCI-9_Sta.021+47_MH_OMID,1.51
PCI-9_Sta.045+98_MH_OMID,1.52
PCI-9_Sta.062+50_MH_OMID,1.52
PCI-9_Sta.083+90_MH_OMID,1.52
PCI-9_Sta.104+35_MH_OMID,1.51
PCI-9_Sta.122+80_MH_OMID,1.52
PCI-9_Sta.131+20_BT_OMID,1.52
PCI-9_Sta.145+76_BT_OMID,1.5
PCI-9_Sta.147+50_MH_OMID,1.43
PCI-9_Sta.162+50_MH_OMID,1.42
PCI-9_Sta.179+22_MH_OMID,1.42
PCI-9_Sta.179+60_DC_OMID,1.83
PIP-1,16.65
PIP-3,6.89
PLEA-1,16.0
PLEA-4,5.44
PL-EFF-2,11.0
PS1_Discharge2,50.16
PS1_Discharge2B,26.78
PS1_Discharge3,17.5
PS1_Discharge4,15.12
PS1_Discharge5,17.17
PS1_Discharge6,15.05
PS1_Discharge7,18.85
RAU-1,18.56
RAU-3,7.78
RC1126,0.0
RC1127,0.0
RC1127A,0.0
RC1131,0.0
RC1132,0.0
RC1132A,0.0
RC1156,2.31
RC1157,2.63
RC1157A,6.07
RC1171,1.23
RC1172,2.57
RC1172A,3.08
RC17001,7.69
RC17003,4.86
RC17004,4.42
RC27001,23.91
RC27001A,33.0
RC27003,7.66
RC27003A,30.21
RC27004,7.18
RC27004A,27.27
Regulator11,23.57
Regulator17,12.02
Regulator3,35.7
Regulator7,17.01
REIN-1,16.46
REIN-4,6.34
RVSDS_CSO_03_(M18A)_Reg1,0.59
RVSDS_CSO_07_(M14)_Div,2.0
RVSDS_CSO_10_(M19)_Div_Old,3.3
RVSDS_CSO_10_(M19)_Reg2,0.3
RVSDS_CSO_11_(L42)_Div,1.26
RVSDS_CSO_11_(L42)_Reg,0.96
RVSDS_CSO_11_(L42)_Weir,1.0
RVSDS_CSO_12_(L43)_Div,1.36
RVSDS_CSO_19_(L47)_Div,1.5
RVSDS_CSO_19_(L47)_Reg,2.45
RVSDS_CSO_20_(L48)_Div,3.48
RVSDS_CSO_20_(L48)_Reg,2.76
RVSDS_CSO_21_(L39)_Div,4.21
RVSDS_CSO_21_(L39)_Reg,0.67
RVSDS_CSO_22_(L38)_Div,1.59
RVSDS_CSO_22_(L38)_Reg,0.75
RVSDS_CSO_45_(U02)_Div,3.95
RVSDS_CSO_51_(L37)_Div,0.05
RVSDS_CSO_51_(L37)_Reg,0.13
RVSDS_CSO_53_(L34)_Div,0.13
RVSDS_CSO_53_(L34)_Reg,0.16
RVSDS_CSO_59_(M24)_Div,0.81
RVSDS_CSO_59_(M24)_Reg,0.86
RVSDS_CSO_63_(L45)_Div,0.38
RVSDS_CSO_I03_(L40)_Div,0.05
RVSDS_CSO_I08_(L44)_Div,0.98
RVSDS_EQ_Livonia_Effluent1,0.0
RVSDS_EQ_Livonia_Effluent2,1.07
RVSDS_EQ_Livonia_Influent2,0.72
RVSDS_EQ_Livonia_MeterMH,1.06
RVSDS_INT_HLDE_1,1.08
RVSDS_INT_HLDE_2,1.09
RVSDS_INT_HLDE_3,1.09
RVSDS_INT_LRIR_IX_MH9-#1,1.42
RVSDS_INT_LRIR_IX_MH9-#3_US,0.56
RVSDS_INT_LRIR_IX_MH9-#4,1.33
RVSDS_INT_LRIR_IX_MH9-#5,0.8
RVSDS_INT_LRIR_IX_MH9-01,1.25
RVSDS_INT_LRIR_IX_MH9-02,1.69
RVSDS_INT_LRIR_IX_MH9-03,1.25
RVSDS_INT_LRIR_IX_MH9-04,0.71
RVSDS_INT_LRIR_IX_MH9-05,0.87
RVSDS_INT_LRIR_IX_MH9-06,0.69
RVSDS_INT_LRIR_IX_MH9-07,1.02
RVSDS_INT_LRIR_IX_MH9-08,0.89
RVSDS_INT_LRIR_IX_MH9-09,0.82
RVSDS_INT_LRIR_IX_MH9-10,0.77
RVSDS_INT_LRIR_IX_MH9-11,0.85
RVSDS_INT_LRIR_IX_MH9-12,0.75
RVSDS_INT_LRIR_IX_MH9-13,1.02
RVSDS_INT_LS1A_Discharge,0.98
RVSDS_INT_LS1A_DL-MH1,0.84
RVSDS_INT_LS1A_DL-MH2,0.93
RVSDS_INT_LS1A_High,6.15
RVSDS_INT_LS1A_OF-MH1,0.0
RVSDS_INT_LS1A_OF-MH2,0.0
RVSDS_INT_LS1A_Pump1_Discharge,0.0
RVSDS_INT_LS1A_Pump2_Discharge,0.0
RVSDS_INT_LS1A_Pump3_Discharge,0.0
RVSDS_INT_LS1A_Pump4_Discharge,0.0
RVSDS_INT_LS1A_Pump5_Discharge,1.55
RVSDS_INT_LS1A_Pump6_Discharge,0.0
RVSDS_INT_LV_MH07,2.22
RVSDS_INT_LV_MH08,2.68
RVSDS_INT_LV_MH09,2.05
RVSDS_INT_LV_MH10,1.77
RVSDS_INT_LV_MH11,1.79
RVSDS_INT_LV_MH16,2.91
RVSDS_INT_LV_MH17,2.95
RVSDS_INT_LV_MH18,2.85
RVSDS_INT_LV_MH19,2.92
RVSDS_INT_LV_MH20,2.99
RVSDS_INT_LV_MH21,2.96
RVSDS_INT_LV_MH22,3.14
RVSDS_INT_LV_MH23,2.65
RVSDS_INT_LV_MH24,2.58
RVSDS_INT_LV_MH25,2.54
RVSDS_INT_LV_MH26,2.48
RVSDS_INT_LV_MH27,2.44
RVSDS_INT_LV_MH28,2.4
RVSDS_INT_LV_MH29,2.37
RVSDS_INT_LV_MH30,2.33
RVSDS_INT_LV_MH31,2.37
RVSDS_INT_LV_MH32,2.27
RVSDS_INT_LV_MH33,2.02
RVSDS_INT_LV_MH34,1.77
RVSDS_INT_LV_MH35,1.64
RVSDS_INT_LV_MH37,1.08
RVSDS_INT_LV_MH38,0.61
RVSDS_INT_LV_MH39,0.27
RVSDS_INT_LV_MH40,0.26
RVSDS_INT_LV_MH41,0.26
RVSDS_INT_MRIR_I_MH1-23,10.57
RVSDS_INT_MRIR_II_MH2-01,13.7
RVSDS_INT_MRIR_II_MH2-02,13.21
RVSDS_INT_MRIR_II_MH2-03,7.65
RVSDS_INT_MRIR_II_MH2-04,5.26
RVSDS_INT_MRIR_II_MH2-05,5.22
RVSDS_INT_MRIR_II_MH2-06,7.06
RVSDS_INT_MRIR_II_MH2-07,7.8
RVSDS_INT_MRIR_II_MH2-11,3.38
RVSDS_INT_MRIR_II_MH2-12,2.65
RVSDS_INT_MRIR_II_MH2-13,2.66
RVSDS_INT_MRIR_II_MH2-14,2.76
RVSDS_INT_MRIR_II_MH2-15,2.86
RVSDS_INT_MRIR_II_MH2-16,2.55
RVSDS_INT_MRIR_II_MH2-17,2.15
RVSDS_INT_MRIR_II_MH2-18,2.29
RVSDS_INT_MRIR_II_MH2-19,2.42
RVSDS_INT_MRIR_II_MH2-20,2.17
RVSDS_INT_MRIR_II_MH2-21,2.27
RVSDS_INT_MRIR_II_MH2-22,2.21
RVSDS_INT_MRIR_II_MH2-23,2.14
RVSDS_INT_MRIR_II_MH2-24,2.08
RVSDS_INT_MRIR_II_MH2-25,2.1
RVSDS_INT_MRIR_II_MH2-26,2.02
RVSDS_INT_MRIR_II_MH2-27,2.22
RVSDS_INT_MRIR_II_MH2-28,2.1
RVSDS_INT_MRIR_II_MH2-29,2.18
RVSDS_INT_MRIR_II_MH2-30,2.12
RVSDS_INT_MRIR_II_MH2-31,2.26
RVSDS_INT_MRIR_II_MH2-32,1.31
RVSDS_INT_MRIR_II_MH2-33,2.7
RVSDS_INT_MRIR_II_MH2-34,2.87
RVSDS_INT_MRIR_II_MH2-37,2.78
RVSDS_INT_MRIR_III_JC3-37_HighPipe,0.55
RVSDS_INT_MRIR_III_MH3-01,1.66
RVSDS_INT_MRIR_III_MH3-02,1.36
RVSDS_INT_MRIR_III_MH3-03,1.31
RVSDS_INT_MRIR_III_MH3-04,1.47
RVSDS_INT_MRIR_III_MH3-05,1.33
RVSDS_INT_MRIR_III_MH3-06,1.46
RVSDS_INT_MRIR_III_MH3-07,1.38
RVSDS_INT_MRIR_III_MH3-08,1.47
RVSDS_INT_MRIR_III_MH3-09,1.42
RVSDS_INT_MRIR_III_MH3-10,1.39
RVSDS_INT_MRIR_III_MH3-11,1.34
RVSDS_INT_MRIR_III_MH3-12,1.5
RVSDS_INT_MRIR_III_MH3-15,1.5
RVSDS_INT_MRIR_III_MH3-18,1.49
RVSDS_INT_MRIR_III_MH3-19,1.36
RVSDS_INT_MRIR_III_MH3-20,1.43
RVSDS_INT_MRIR_III_MH3-22,0.68
RVSDS_INT_MRIR_III_MH3-23,0.66
RVSDS_INT_MRIR_III_MH3-24,0.7
RVSDS_INT_MRIR_III_MH3-25,0.65
RVSDS_INT_MRIR_III_MH3-26,0.59
RVSDS_INT_MRIR_III_MH3-27,0.67
RVSDS_INT_MRIR_III_MH3-28,0.66
RVSDS_INT_MRIR_III_MH3-29,0.78
RVSDS_INT_MRIR_III_MH3-30,0.56
RVSDS_INT_MRIR_III_MH3-31,0.63
RVSDS_INT_MRIR_III_MH3-32,0.64
RVSDS_INT_MRIR_III_MH3-33,0.82
RVSDS_INT_MRIR_III_MH3-34,0.71
RVSDS_INT_MRIR_III_MH3-35,0.7
RVSDS_INT_MRIR_III_MH3-36,0.53
RVSDS_INT_MRIR_IV_MH4A-06,0.15
RVSDS_INT_MRIR_IV_MH4A-08,0.15
RVSDS_INT_MRIR_IV_MH4A-09,0.15
RVSDS_INT_MRIR_IV_MH4A-10,0.15
RVSDS_INT_MRIR_IV_MH4A-11,0.15
RVSDS_INT_MRIR_IV_MH4A-12,0.15
RVSDS_INT_MRIR_IV_MH4A-13,0.15
RVSDS_INT_MRIR_IV_MH4A-13A,0.15
RVSDS_INT_MRIR_IV_MH4A-14,0.15
RVSDS_INT_MRIR_IV_MH4A-15,0.15
RVSDS_INT_MRIR_IV_MH4A-16,0.14
RVSDS_INT_MRIR_IV_MH4A-17,0.22
RVSDS_INT_MRIR_IV_MH4A-18,0.2
RVSDS_INT_MRIR_IV_MH4A-19,0.2
RVSDS_INT_MRIR_IV_MH4A-20,0.16
RVSDS_INT_MRIR_IV_MH4A-21,0.16
RVSDS_INT_MRIR_IV_MH4A-22,0.16
RVSDS_INT_MRIR_IV_MH4A-23,0.15
RVSDS_INT_MRIR_IV_MH4A-24,0.0
RVSDS_INT_MRIR_IV_MH4A-25,0.0
RVSDS_INT_MRIR_IV_MH4A-26,0.0
RVSDS_INT_MRIR_IV_MH4A-27,0.0
RVSDS_INT_MRIR_IV_MH4A-30,0.0
RVSDS_INT_MRIR_IV_MH4A-31,0.0
RVSDS_INT_MRIR_IV_MH4A-32,0.0
RVSDS_INT_MRIR_IV_MH4A-33,0.0
RVSDS_INT_MRIR_VA_MH5A-02,1.14
RVSDS_INT_MRIR_VA_MH5A-03,1.4
RVSDS_INT_MRIR_VA_MH5A-06,1.17
RVSDS_INT_MRIR_VA_MH5A-07,1.27
RVSDS_INT_MRIR_VA_MH5A-08,1.38
RVSDS_INT_MRIR_VA_MH5A-09,1.31
RVSDS_INT_MRIR_VA_MH5A-10,1.25
RVSDS_INT_MRIR_VA_MH5A-11,1.31
RVSDS_INT_MRIR_VA_MH5A-12,1.17
RVSDS_INT_MRIR_VA_MH5A-13,1.22
RVSDS_INT_MRIR_VA_MH5A-14,1.16
RVSDS_INT_MRIR_VA_MH5A-17,1.44
RVSDS_INT_MRIR_VA_MH5A-18,1.34
RVSDS_INT_MRIR_VA_MH5A-19,1.3
RVSDS_INT_MRIR_VA_MH5A-20,1.43
RVSDS_INT_MRIR_VA_MH5A-21,1.19
RVSDS_INT_MRIR_VA_MH5A-22,1.24
RVSDS_INT_MRIR_VA_MH5A-23,1.48
RVSDS_INT_MRIR_VA_MH5A-24,1.38
RVSDS_INT_MRIR_VA_MH5A-25,1.2
RVSDS_INT_MRIR_VA_MH5A-26,1.2
RVSDS_INT_MRIR_VA_MH5A-27,1.13
RVSDS_INT_MRIR_VA_MH5A-28,1.3
RVSDS_INT_MRIR_VA_MH5A-29,1.36
RVSDS_INT_MRIR_VA_MH5A-30,1.2
RVSDS_INT_MRIR_VA_MH5A-31,1.2
RVSDS_INT_MRIR_VA_MH5A-34,1.46
RVSDS_INT_MRIR_VA_MH5A-35,1.52
RVSDS_INT_MRIR_VA_MH5A-36,1.41
RVSDS_INT_MRIR_VA_MH5A-37,1.5
RVSDS_INT_MRIR_VA_MH5A-38,1.22
RVSDS_INT_MRIR_VA_MH5A-39,1.22
RVSDS_INT_MRIR_VA_MH5A-40,1.22
RVSDS_INT_MRIR_VA_MH5A-41,1.14
RVSDS_INT_MRIR_VA_MH5A-42,1.13
RVSDS_INT_MRIR_VA_MH5A-43,1.19
RVSDS_INT_MRIR_VA_MH5A-44,1.5
RVSDS_INT_MRIR_VA_MH5A-45,1.19
RVSDS_INT_MRIR_VA_MH5A-46,1.44
RVSDS_INT_MRIR_VA_MH5A-49,1.04
RVSDS_INT_MRIR_VA_MH5A-50,1.0
RVSDS_INT_MRIR_VB_MH5B-01,0.65
RVSDS_INT_MRIR_VB_MH5B-02,1.17
RVSDS_INT_MRIR_VB_MH5B-03,1.04
RVSDS_INT_MRIR_VB_MH5B-04,1.09
RVSDS_INT_MRIR_VB_MH5B-05,1.06
RVSDS_INT_MRIR_VB_MH5B-06,1.68
RVSDS_INT_MRIR_VB_MH5B-07,0.82
RVSDS_INT_MRIR_VB_MH5B-08,1.23
RVSDS_INT_MRIR_VB_MH5B-09,1.03
RVSDS_INT_MRIR_VB_MH5B-10,1.03
RVSDS_INT_MRIR_VB_MH5B-11,1.2
RVSDS_INT_MRIR_VB_MH5B-12,1.16
RVSDS_INT_MRIR_VB_MH5B-13,1.19
RVSDS_INT_MRIR_VB_MH5B-14,1.09
RVSDS_INT_MRIR_VB_MH5B-15,1.07
RVSDS_INT_MRIR_VB_MH5B-16,1.13
RVSDS_INT_MRIR_VB_MH5B-17,1.08
RVSDS_INT_MRIR_VB_MH5B-18,0.16
RVSDS_INT_MRIR_VC_JC5C-04_Weir,0.38
RVSDS_INT_MRIR_VC_MH5C-01,0.74
RVSDS_INT_MRIR_VC_MH5C-05,1.61
RVSDS_INT_MRIR_VC_MH5C-06,0.91
RVSDS_INT_MRIR_VC_MH5C-07,0.98
RVSDS_INT_MRIR_VC_MH5C-08,1.26
RVSDS_INT_MRIR_VC_MH5C-09,1.2
RVSDS_INT_MRIR_VC_MH5C-10,1.12
RVSDS_INT_MRIR_VC_MH5C-11,0.95
RVSDS_INT_MRIR_VC_MH5C-12,1.1
RVSDS_INT_MRIR_VC_MH5C-13,1.24
RVSDS_INT_MRIR_VC_MH5C-14,1.08
RVSDS_INT_MRIR_VC_MH5C-15,1.13
RVSDS_INT_MRIR_VC_MH5C-17,1.5
RVSDS_INT_MRIR_VI_MH6-01,1.43
RVSDS_INT_MRIR_VI_MH6-04,1.32
RVSDS_INT_MRIR_VI_MH6-06,1.49
RVSDS_INT_MRIR_VI_MH6-07,1.51
RVSDS_INT_MRIR_VI_MH6-08,1.72
RVSDS_INT_MRIR_VI_MH6-11,0.95
RVSDS_INT_MRIR_VI_MH6-12,1.28
RVSDS_INT_MRIR_VI_MH6-13,1.08
RVSDS_INT_MRIR_VI_MH6-14,1.56
RVSDS_INT_MRIR_VI_MH6-15,1.43
RVSDS_INT_MRIR_VI_MH6-16,1.12
RVSDS_INT_MRIR_VI_MH6-17,1.03
RVSDS_INT_MRIR_VI_MH6-18,1.21
RVSDS_INT_MRIR_VI_MH6-19,1.53
RVSDS_INT_MRIR_VI_MH6-20,1.06
RVSDS_INT_MRIR_VI_MH6-21,1.39
RVSDS_INT_MRIR_VI_MH6-22,1.11
RVSDS_INT_MRIR_VI_MH6-23,1.06
RVSDS_INT_MRIR_VI_MH6-24,0.72
RVSDS_INT_MRIR_VI_MH6-25,0.88
RVSDS_INT_MRIR_VI_MH6-26,0.78
RVSDS_INT_MRIR_VI_MH6-27,0.63
RVSDS_INT_MRIR_VI_MH6-28,0.31
RVSDS_INT_MRPIE_I_JC1-18,2.37
RVSDS_INT_MRPIE_I_MH1-02,8.55
RVSDS_INT_MRPIE_I_MH1-03,7.21
RVSDS_INT_MRPIE_I_MH1-04,6.3
RVSDS_INT_MRPIE_I_MH1-05,5.13
RVSDS_INT_MRPIE_I_MH1-06,2.15
RVSDS_INT_MRPIE_I_MH1-07,2.16
RVSDS_INT_MRPIE_I_MH1-07A,2.0
RVSDS_INT_MRPIE_I_MH1-07B,2.05
RVSDS_INT_MRPIE_I_MH1-08,1.93
RVSDS_INT_MRPIE_I_MH1-09,1.52
RVSDS_INT_MRPIE_I_MH1-10,1.41
RVSDS_INT_MRPIE_I_MH1-11,1.39
RVSDS_INT_MRPIE_I_MH1-12,1.72
RVSDS_INT_MRPIE_I_MH1-13,1.72
RVSDS_INT_MRPIE_I_MH1-14,1.73
RVSDS_INT_MRPIE_I_MH1-15,1.72
RVSDS_INT_MRPIE_I_MH1-16,1.72
RVSDS_INT_MRPIE_I_MH1-17,1.68
RVSDS_INT_MRPIE_I_MH1-18,2.2
RVSDS_INT_MRPIE_IA_MH1A-5873.1,8.96
RVSDS_INT_MRPIE_II_MH2-01,1.27
RVSDS_INT_MRPIE_II_MH2-02,1.15
RVSDS_INT_MRPIE_II_MH2-03,1.11
RVSDS_INT_MRPIE_II_MH2-04,1.09
RVSDS_INT_MRPIE_II_MH2-05,1.02
RVSDS_INT_MRPIE_II_MH2-06,1.02
RVSDS_INT_MRPIE_II_MH2-07,1.01
RVSDS_INT_MRPIE_II_MH2-08,1.0
RVSDS_INT_MRPIE_II_MH2-09,1.01
RVSDS_INT_MRPIE_II_MH2-10,0.85
RVSDS_INT_MRPIE_II_MH2-10A,0.25
RVSDS_INT_MRPIE_II_MH2-10B,0.09
RVSDS_INT_MRPIE_II_MH2-10C,0.13
RVSDS_INT_MRPIE_II_MH2-10D,0.1
RVSDS_INT_MRPIE_II_MH2-11,0.89
RVSDS_INT_MRPIE_II_MH2-12,0.93
RVSDS_INT_MRPIE_II_MH2-13,0.86
RVSDS_INT_MRPIE_II_MH2-14,0.89
RVSDS_INT_MRPIE_II_MH2-15,0.88
RVSDS_INT_MRPIE_II_MH2-15A,0.91
RVSDS_INT_MRPIE_II_MH2-16,0.76
RVSDS_INT_MRPIE_II_MH2-17,0.9
RVSDS_INT_MRPIE_II_MH2-18,0.85
RVSDS_INT_MRPIE_II_MH2-19,0.85
RVSDS_INT_MRPIE_II_MH2-20,0.8
RVSDS_INT_MRPIE_II_MH2-21,0.79
RVSDS_INT_MRPIE_II_TP2-12A,0.95
RVSDS_INT_MRPIE_II_TP2-12B,0.87
RVSDS_INT_MRPIE_II_TP2-15A,0.94
RVSDS_INT_MRPIE_II_TP2-15B,0.88
RVSDS_INT_MRPIE_III_MH3-01,0.8
RVSDS_INT_MRPIE_III_MH3-02,0.8
RVSDS_INT_MRPIE_III_MH3-03,1.04
RVSDS_INT_MRPIE_III_MH3-04,1.02
RVSDS_INT_MRPIE_III_MH3-05,1.02
RVSDS_INT_MRPIE_III_MH3-06,1.0
RVSDS_INT_MRPIE_III_MH3-10,1.1
RVSDS_INT_MRPIE_III_MH3-10A,1.03
RVSDS_INT_MRPIE_III_MH3-11,1.03
RVSDS_INT_MRPIE_III_MH3-12,1.01
RVSDS_INT_MRPIE_III_MH3-13,1.22
RVSDS_INT_MRPIE_III_MH3-14,0.76
RVSDS_INT_MRPIE_III_MH3-15,0.66
RVSDS_INT_MRPIE_III_MH3-16,0.62
RVSDS_INT_MRPIE_III_MH3-17,0.88
RVSDS_INT_MRPIE_III_MH3-18,0.79
RVSDS_INT_MRPIE_III_MH3-19,0.8
RVSDS_INT_MRPIE_III_MH3-20,0.82
RVSDS_INT_MRPIE_III_MH3-22,0.87
RVSDS_INT_MRPIE_III_MH3-23,0.63
RVSDS_INT_MRPIE_III_MH3-24,1.11
RVSDS_INT_MRPIE_III_TP3-21,0.64
RVSDS_INT_MRPIE_III_TP3-25,1.24
RVSDS_INT_MRPIE_III_TP3-26,1.12
RVSDS_INT_MRPIE_IV_DC4-6384,4.12
RVSDS_INT_MRPIE_IV_MH4-0048.2,2.73
RVSDS_INT_MRPIE_IV_MH4-0362,0.33
RVSDS_INT_MRPIE_IV_MH4-0370,1.25
RVSDS_INT_MRPIE_IV_MH4-0885.9,3.42
RVSDS_INT_MRPIE_IV_MH4-1020.1,1.11
RVSDS_INT_MRPIE_IV_MH4-1030.1,0.34
RVSDS_INT_MRPIE_IV_MH4-1360.9,1.11
RVSDS_INT_MRPIE_IV_MH4-1367.1,0.34
RVSDS_INT_MRPIE_IV_MH4-1404.1,0.81
RVSDS_INT_MRPIE_IV_MH4-1525.3,3.61
RVSDS_INT_MRPIE_IV_MH4-1668.1,0.59
RVSDS_INT_MRPIE_IV_MH4-1968.1,0.55
RVSDS_INT_MRPIE_IV_MH4-2234.4,3.76
RVSDS_INT_MRPIE_IV_MH4-2975.7,3.87
RVSDS_INT_MRPIE_IV_MH4-3693.4,3.96
RVSDS_INT_MRPIE_IV_MH4-4476.8,4.01
RVSDS_INT_MRPIE_IV_MH4-5114.3,4.05
RVSDS_INT_MRPIE_IV_MH4-5767.9,4.09
RVSDS_INT_MRPIE_IV_MH4-7113.6,4.01
RVSDS_INT_MRPIE_IV_MH4-7667.2,3.85
RVSDS_INT_MRPIE_IV_MH4-8556.7,3.74
RVSDS_INT_MRPIE_LivoniaDrainCrossing_DS,0.95
RVSDS_INT_MRPIE_LivoniaDrainCrossing_US,0.93
RVSDS_INT_MRPIE_V_MH5-09290.7,3.6
RVSDS_INT_MRPIE_V_MH5-10024.9,3.51
RVSDS_INT_MRPIE_V_MH5-10737.9,3.48
RVSDS_INT_MRPIE_V_MH5-11401.6,3.39
RVSDS_INT_MRPIE_V_MH5-12100.1,3.36
RVSDS_INT_MRPIE_V_MH5-12838.6,3.33
RVSDS_INT_MRPIE_V_MH5-13698.1,3.32
RVSDS_INT_MRPIE_V_MH5-14536.1,3.3
RVSDS_INT_MRPIE_V_MH5-15282.6,3.3
RVSDS_INT_MRPIE_V_MH5-16035.1,3.3
RVSDS_INT_MRPIE_V_MH5-16420.1,3.27
RVSDS_INT_MRPIE_V_MH5-17342.1,3.3
RVSDS_INT_MRPIE_VI_MH6-18428,3.39
RVSDS_INT_MRPIE_VI_MH6-18818.4,3.85
RVSDS_INT_MRPIE_VI_MH6-19264.15,3.93
RVSDS_INT_MRPIE_VI_MH6-19608.25,4.1
RVSDS_INT_MRPIE_VI_MH6-20110.55,4.15
RVSDS_INT_MRPIE_VI_MH6-20949.74,3.91
RVSDS_INT_MRPIE_VI_MH6-21248.34,3.68
RVSDS_INT_MRPIE_VI_MH6-21520.49,3.45
RVSDS_INT_MRPIE_VI_MH6-21992.17,3.05
RVSDS_INT_MRPIE_VI_MH6-22347.87,2.76
RVSDS_INT_MRPIE_VI_MH6-22638.77,2.54
RVSDS_INT_MRPIE_VI_MH6-23230.12,2.15
RVSDS_INT_MRPIE_VI_MH6-23592.32,2.0
RVSDS_INT_MRPIE_VI_MH6-23669.62,2.0
RVSDS_INT_MRPIE_VI_MH6-23768.12,1.97
RVSDS_INT_MRPIE_VI_MH6-SARASOTA2,1.98
RVSDS_INT_MRPIE_VI_MH6-SARASOTA3,2.12
RVSDS_INT_MRPIE_VI_TP6-18497.4,3.65
RVSDS_INT_MRPIE_VI_TP6-18523.4,3.84
RVSDS_INT_MRPIE_VII_MH7-00358.30,0.9
RVSDS_INT_MRPIE_VII_MH7-00619.25,0.87
RVSDS_INT_MRPIE_VII_MH7-00791.45,0.87
RVSDS_INT_MRPIE_VII_MH7-01076.45,0.87
RVSDS_INT_MRPIE_VII_MH7-01401.05,0.89
RVSDS_INT_MRPIE_VII_MH7-01806.55,0.88
RVSDS_INT_MRPIE_VII_MH7-02034.55,0.74
RVSDS_INT_MRPIE_VII_MH7-24203.07,1.6
RVSDS_INT_MRPIE_VII_MH7-24801.67,1.3
RVSDS_INT_MRPIE_VII_MH7-25204.27,1.17
RVSDS_INT_MRPIE_VII_MH7-25698.77,1.11
RVSDS_INT_MRPIE_VII_MH7-26198.72,1.12
RVSDS_INT_MRPIE_VII_MH7-26351.12,1.12
RVSDS_INT_MRPIE_VII_MH7-26662.17,1.11
RVSDS_INT_MRPIE_VII_MH7-27037.37,1.1
RVSDS_INT_MRPIE_VII_MH7-27624.32,1.11
RVSDS_INT_MRPIE_VII_MH7-27711.22,1.2
RVSDS_INT_MRPIE_VII_MH7-27796.52,1.33
RVSDS_INT_MRPIE_VII_MH7-27868.57,1.09
RVSDS_INT_MRPIE_VII_MH7-28116.67,0.98
RVSDS_INT_MRPIE_VII_MH7-28676.67,0.82
RVSDS_INT_MRPIE_VII_MH7-29075.87,0.83
RVSDS_INT_MRPIE_VII_MH7-29342.47,0.83
RVSDS_INT_MRPIE_VII_MH7-29466.47,0.74
RVSDS_INT_MRPIE_VII_MH7-29776.47,0.61
RVSDS_INT_MRPIE_VII_MH7-29980.32,0.6
RVSDS_INT_MRPIE_VII_MH7-30233.42,0.6
RVSDS_INT_MRPIE_VII_TP7-24354,1.53
RVSDS_INT_MRPIE_VII_TP7-24404,1.52
RVSDS_INT_MRPIE_VII_TP7-25809,1.1
RVSDS_INT_MRPIE_VII_TP7-25855,1.15
RVSDS_INT_MRPIE_VII_TP7-27763.22,1.32
RVSDS_INT_NAI_I_MH1-01,1.28
RVSDS_INT_NAI_I_MH1-02,1.48
RVSDS_INT_NAI_I_MH1-03,0.51
RVSDS_INT_NAI_I_MH1-04,0.91
RVSDS_INT_NAI_I_MH1-05,0.71
RVSDS_INT_NAI_I_MH1-06,0.97
RVSDS_INT_NAI_I_MH1-07,0.91
RVSDS_INT_NAI_I_MH1-08,1.32
RVSDS_INT_NAI_I_MH1-09,1.34
RVSDS_INT_NAI_I_MH1-11,0.8
RVSDS_INT_NAI_I_MH1-12,1.05
RVSDS_INT_NAI_I_MH1-13,1.01
RVSDS_INT_NAI_I_MH1-14,0.78
RVSDS_INT_NAI_I_MH1-15,0.8
RVSDS_INT_NAI_I_MH1-16,0.95
RVSDS_INT_NAI_I_MH1-16A,0.53
RVSDS_INT_NAI_I_MH1-17,1.0
RVSDS_INT_NAI_I_MH1-18,0.83
RVSDS_INT_NAI_I_MH1-19,0.95
RVSDS_INT_NAI_I_MH1-1A,1.47
RVSDS_INT_NAI_I_MH1-20,0.81
RVSDS_INT_NAI_I_MH1-21,0.82
RVSDS_INT_NAI_I_MH1-22,0.81
RVSDS_INT_NAI_I_MH1-23,0.92
RVSDS_INT_NAI_I_MH1-23A,0.95
RVSDS_INT_NAI_I_MH1-23B,0.94
RVSDS_INT_NAI_I_MH1-23C,0.73
RVSDS_INT_NAI_I_MH1-24,1.24
RVSDS_INT_NAI_I_MH1-24A,1.17
RVSDS_INT_NAI_I_MH1-25,1.14
RVSDS_INT_NAI_I_MH1-28,1.09
RVSDS_INT_NAI_I_MH1-29,1.05
RVSDS_INT_NAI_I_MH1-30,1.03
RVSDS_INT_NAI_I_MH1-31,0.86
RVSDS_INT_NAI_I_MH1-32,1.08
RVSDS_INT_NAI_I_MH1-33,0.7
RVSDS_INT_NAI_I_MH1-34,1.08
RVSDS_INT_NAI_I_MH1-35,1.03
RVSDS_INT_NAI_I_MH1-36,1.3
RVSDS_INT_NAI_I_MH1-37,1.3
RVSDS_INT_NAI_I_MH1-38,1.37
RVSDS_INT_NAI_I_MH1-38A,1.44
RVSDS_INT_NAI_I_MH1-38B,1.45
RVSDS_INT_NAI_I_MH1-39,0.6
RVSDS_INT_NAI_I_MH1-3A,1.01
RVSDS_INT_NAI_I_MH1-3B,0.96
RVSDS_INT_NAI_I_MH1-40,0.74
RVSDS_INT_NAI_I_MH1-41,0.87
RVSDS_INT_NAI_I_MH1-42,0.85
RVSDS_INT_NAI_I_MH1-43,0.62
RVSDS_INT_NAI_I_MH1-44,1.48
RVSDS_INT_NAI_I_MH1-45,1.44
RVSDS_INT_NAI_I_MH1-46,1.41
RVSDS_INT_NAI_I_MH1-47,1.4
RVSDS_INT_NAI_I_MH1-48,1.4
RVSDS_INT_NAI_I_MH1-49,1.42
RVSDS_INT_NAI_I_MH1-50,1.44
RVSDS_INT_NAI_I_MH1-51,0.57
RVSDS_INT_NAI_I_MH1-52,1.07
RVSDS_INT_NAI_I_MH1-53,0.98
RVSDS_INT_NAI_I_MH1-54,1.01
RVSDS_INT_PWI_I_MH1-01,0.58
RVSDS_INT_PWI_I_MH1-02,0.49
RVSDS_INT_PWI_I_MH1-03,0.48
RVSDS_INT_PWI_I_MH1-04,0.48
RVSDS_INT_PWI_I_MH1-05,0.48
RVSDS_INT_PWI_I_MH1-06,0.47
RVSDS_INT_PWI_I_MH1-07,0.46
RVSDS_INT_PWI_I_MH1-08,0.46
RVSDS_INT_PWI_I_MH1-09,0.45
RVSDS_INT_PWI_I_MH1-10,0.43
RVSDS_INT_PWI_I_MH1-11,0.43
RVSDS_INT_PWI_I_MH1-12,0.38
RVSDS_INT_PWI_I_MH1-13,0.37
RVSDS_INT_PWI_I_MH1-14,0.37
RVSDS_INT_PWI_I_MH1-15,0.32
RVSDS_INT_PWI_I_MH1-16,0.32
RVSDS_INT_PWI_IA_MH1A-01,1.47
RVSDS_INT_PWI_IA_MH1A-01A,0.66
RVSDS_INT_PWI_IA_MH1A-02,1.47
RVSDS_INT_PWI_IA_MH1A-03,1.02
RVSDS_INT_PWI_IA_MH1A-04,1.17
RVSDS_INT_PWI_IA_MH1A-05,1.08
RVSDS_INT_PWI_IA_MH1A-06,1.09
RVSDS_INT_PWI_IA_MH1A-07,1.09
RVSDS_INT_PWI_IA_MH1A-08,1.08
RVSDS_INT_PWI_IA_MH1A-09,1.09
RVSDS_INT_PWI_IA_MH1A-10,1.09
RVSDS_INT_PWI_IA_MH1A-11,1.01
RVSDS_INT_PWI_II_MH2A-01,0.31
RVSDS_INT_PWI_II_MH2A-02,0.23
RVSDS_INT_PWI_II_MH2A-03,0.07
RVSDS_INT_PWI_II_MH2A-04,0.02
RVSDS_INT_PWI_II_MH2A-05,0.03
RVSDS_INT_PWI_II_MH2A-06,0.02
RVSDS_INT_PWI_II_MH2A-07,0.01
RVSDS_INT_PWI_III_MH3-0380.38,0.04
RVSDS_INT_PWI_III_MH3-0565.27,0.31
RVSDS_INT_PWI_III_MH3-0858.44,0.43
RVSDS_INT_PWI_III_MH3-1220,0.39
RVSDS_INT_PWI_III_MH3-1293.43,0.4
RVSDS_INT_PWI_III_MH3-1448.07,0.39
RVSDS_INT_PWI_III_MH3-1636.65,0.4
RVSDS_INT_PWI_III_MH3-2029.08,0.39
RVSDS_INT_PWI_III_MH3-2448.16,0.39
RVSDS_INT_PWI_III_MH3-2590,0.4
RVSDS_INT_PWI_III_MH3-3010.5,0.39
RVSDS_INT_PWI_IV_MH4-160,1.39
RVSDS_INT_PWI_IV_MH4-161,0.31
RVSDS_INT_PWI_IV_TP4-161A,0.31
RVSDS_INT_PWI_IV_TP4-161B,0.28
RVSDS_INT_PWI_V_MH5-0361.45,0.13
RVSDS_INT_PWI_V_MH5-0665.62,0.16
RVSDS_INT_PWI_V_MH5-0954.5,0.15
RVSDS_INT_PWI_V_MH5-1395.2,0.15
RVSDS_INT_PWI_V_MH5-1622.22,0.15
RVSDS_INT_PWI_V_MH5-1900,0.15
RVSDS_INT_PWI_V_MH5-2104,0.12
RVSDS_INT_PWI_V_MH5-2527.1,0.12
RVSDS_INT_PWI_V_MH5-2584,0.13
RVSDS_INT_PWI_V_MH5-2837.18,0.11
RVSDS_INT_PWI_V_MH5-3357,0.11
RVSDS_INT_PWI_V_MH5-3848,0.11
RVSDS_INT_PWI_V_MH5-4300,0.06
RVSDS_INT_PWI_V_TP5-1462,0.14
RVSDS_INT_RVI_II_MH2-02,23.89
RVSDS_INT_RVI_II_MH2-03,29.79
RVSDS_INT_RVI_II_MH2-04,31.37
RVSDS_INT_RVI_II_MH2-05,32.14
RVSDS_INT_RVI_II_MH2-06,30.83
RVSDS_INT_RVI_II_MH2-07,28.27
RVSDS_INT_RVI_II_MH2-08,26.98
RVSDS_INT_RVI_II_MH2-09,25.82
RVSDS_INT_RVI_II_MH2-10,26.03
RVSDS_INT_RVI_II_MH2-11,26.72
RVSDS_INT_RVI_II_MH2-12,26.03
RVSDS_INT_RVI_II_MH2-13,35.74
RVSDS_INT_RVI_III_MH3-01,35.44
RVSDS_INT_RVI_III_MH3-02,35.14
RVSDS_INT_RVI_III_MH3-03,34.82
RVSDS_INT_RVI_III_MH3-04,34.52
RVSDS_INT_RVI_III_MH3-05,34.23
RVSDS_INT_RVI_III_MH3-06,34.91
RVSDS_INT_RVI_III_MH3-07,36.63
RVSDS_INT_RVI_III_MH3-08,36.3
RVSDS_INT_RVI_III_MH3-09,42.99
RVSDS_INT_RVI_III_MH3-10,42.67
RVSDS_INT_RVI_III_MH3-11,35.92
RVSDS_INT_RVI_III_MH3-12,28.69
RVSDS_INT_RVI_III_MH3-13,25.19
RVSDS_INT_RVI_III_MH3-14,19.64
RVSDS_INT_RVI_III_MH3-15,13.41
RVSDS_INT_RVI_III_MH3-15B,13.38
RVSDS_INT_RVI_III_TP3-15A,13.46
RVSDS_INT_RVI_IV_MH4-01,6.88
RVSDS_INT_RVI_IV_MH4-02,6.48
RVSDS_INT_RVI_IV_MH4-03,6.17
RVSDS_INT_RVI_IV_MH4-06,5.72
RVSDS_INT_RVI_IV_MH4-07,5.43
RVSDS_INT_RVI_IV_MH4-08,5.17
RVSDS_INT_RVI_IV_MH4-09,4.93
RVSDS_INT_RVI_IV_MH4-10,4.69
RVSDS_INT_RVI_IV_MH4-11,4.46
RVSDS_INT_RVI_IV_MH4-12,4.28
RVSDS_INT_RVI_IV_MH4-13,4.1
RVSDS_INT_RVI_IV_MH4-14,4.0
RVSDS_INT_RVI_IV_MH4-15,3.82
RVSDS_INT_RVI_IV_MH4-16,3.71
RVSDS_INT_RVI_IV_MH4-17,6.04
RVSDS_INT_RVI_IV_MH4-18,7.07
RVSDS_INT_RVI_IV_MH4-19,13.89
RVSDS_INT_RVI_IV_MH4-20,3.49
RVSDS_INT_RVI_IV_MH4-21,3.19
RVSDS_INT_RVI_IV_MH4-22,2.77
RVSDS_INT_RVI_IV_MH4-23,2.67
RVSDS_INT_RVI_IV_MH4-23B,2.66
RVSDS_INT_RVI_IV_MH4-24,3.0
RVSDS_INT_RVI_IV_MH4-25,3.19
RVSDS_INT_RVI_IV_MH4-26,3.24
RVSDS_INT_RVI_IV_MH4-28,3.21
RVSDS_INT_RVI_IV_MH4-29,3.13
RVSDS_INT_RVI_IV_MH4-30,3.12
RVSDS_INT_RVI_IV_MH4-VentMH,3.66
RVSDS_INT_RVI_IV_TP4-23,2.69
RVSDS_INT_RVI_IX_IT_9-01,0.45
RVSDS_INT_RVI_IX_IT_9-02,0.43
RVSDS_INT_RVI_IX_IT_9-03,0.45
RVSDS_INT_RVI_IX_IT_9-04,0.44
RVSDS_INT_RVI_IX_IT_9-05,0.44
RVSDS_INT_RVI_IX_IT_9-06,0.54
RVSDS_INT_RVI_IX_IT_9-07,0.4
RVSDS_INT_RVI_IX_MH9-01,0.65
RVSDS_INT_RVI_IX_MH9-02,0.81
RVSDS_INT_RVI_IX_MH9-03,0.78
RVSDS_INT_RVI_IX_MH9-04,0.77
RVSDS_INT_RVI_IX_MH9-05,0.77
RVSDS_INT_RVI_IX_MH9-06,0.77
RVSDS_INT_RVI_IX_MH9-07,0.77
RVSDS_INT_RVI_IX_MH9-08,0.89
RVSDS_INT_RVI_IX_MH9-09,0.91
RVSDS_INT_RVI_IX_MH9-10,0.92
RVSDS_INT_RVI_IX_MH9-10A,0.9
RVSDS_INT_RVI_IX_MH9-11,0.9
RVSDS_INT_RVI_IX_MH9-12,0.92
RVSDS_INT_RVI_IX_MH9-13,0.96
RVSDS_INT_RVI_IX_MH9-14,0.54
RVSDS_INT_RVI_IX_MH9-15,0.85
RVSDS_INT_RVI_IX_MH9-16,0.77
RVSDS_INT_RVI_IX_MH9-17,0.77
RVSDS_INT_RVI_IX_MH9-18,0.77
RVSDS_INT_RVI_IX_MH9-19,0.49
RVSDS_INT_RVI_IX_MH9-20,0.44
RVSDS_INT_RVI_IX_MH9-21,0.43
RVSDS_INT_RVI_IX_TP9-11,0.9
RVSDS_INT_RVI_IX_TPDS9-13,0.93
RVSDS_INT_RVI_IX_TPUS9-13,0.96
RVSDS_INT_RVI_LivoniaDrainCrossing,1.64
RVSDS_INT_RVI_V_MH5-01,3.09
RVSDS_INT_RVI_V_MH5-02,3.07
RVSDS_INT_RVI_V_MH5-03,3.06
RVSDS_INT_RVI_V_MH5-04,3.07
RVSDS_INT_RVI_V_MH5-05,3.08
RVSDS_INT_RVI_V_MH5-06,3.08
RVSDS_INT_RVI_V_MH5-07,3.08
RVSDS_INT_RVI_V_MH5-08,3.07
RVSDS_INT_RVI_V_MH5-09,2.77
RVSDS_INT_RVI_V_MH5-10,2.69
RVSDS_INT_RVI_V_MH5-11,2.72
RVSDS_INT_RVI_V_MH5-12,2.74
RVSDS_INT_RVI_V_MH5-13,2.85
RVSDS_INT_RVI_V_MH5-14,2.89
RVSDS_INT_RVI_V_MH5-15,2.22
RVSDS_INT_RVI_V_MH5-16,1.23
RVSDS_INT_RVI_VI_BT6-09,3.07
RVSDS_INT_RVI_VI_JC6-27,2.23
RVSDS_INT_RVI_VI_MH6-01,3.8
RVSDS_INT_RVI_VI_MH6-02,3.66
RVSDS_INT_RVI_VI_MH6-03,3.43
RVSDS_INT_RVI_VI_MH6-04,3.3
RVSDS_INT_RVI_VI_MH6-05,3.31
RVSDS_INT_RVI_VI_MH6-06,3.38
RVSDS_INT_RVI_VI_MH6-07,3.32
RVSDS_INT_RVI_VI_MH6-08,3.21
RVSDS_INT_RVI_VI_MH6-09,3.09
RVSDS_INT_RVI_VI_MH6-10,2.97
RVSDS_INT_RVI_VI_MH6-11,2.87
RVSDS_INT_RVI_VI_MH6-12,2.84
RVSDS_INT_RVI_VI_MH6-13,2.82
RVSDS_INT_RVI_VI_MH6-14,2.83
RVSDS_INT_RVI_VI_MH6-15,2.81
RVSDS_INT_RVI_VI_MH6-16,2.76
RVSDS_INT_RVI_VI_MH6-17,2.75
RVSDS_INT_RVI_VI_MH6-18,2.76
RVSDS_INT_RVI_VI_MH6-19,2.79
RVSDS_INT_RVI_VI_MH6-20,2.79
RVSDS_INT_RVI_VI_MH6-21,2.82
RVSDS_INT_RVI_VI_MH6-22,2.83
RVSDS_INT_RVI_VI_MH6-23,2.82
RVSDS_INT_RVI_VI_MH6-24,2.82
RVSDS_INT_RVI_VI_MH6-25,2.95
RVSDS_INT_RVI_VI_MH6-26,2.83
RVSDS_INT_RVI_VI_MH6-27,2.77
RVSDS_INT_RVI_VI_MH6-28,2.66
RVSDS_INT_RVI_VI_MH6-29,2.55
RVSDS_INT_RVI_VI_MH6-30,1.35
RVSDS_INT_RVI_VI_MH6-31,1.4
RVSDS_INT_RVI_VI_MH6-32,1.38
RVSDS_INT_RVI_VI_MH6-33,1.4
RVSDS_INT_RVI_VI_MH6-34,1.37
RVSDS_INT_RVI_VI_MH6-35,1.38
RVSDS_INT_RVI_VI_MH6-36,1.39
RVSDS_INT_RVI_VI_MH6-37,1.39
RVSDS_INT_RVI_VI_MH6-38,1.4
RVSDS_INT_RVI_VI_MH6-39,1.36
RVSDS_INT_RVI_VI_MH6-40,1.36
RVSDS_INT_RVI_VI_MH6-41,1.39
RVSDS_INT_RVI_VI_MH6-42,1.57
RVSDS_INT_RVI_VI_MH6-43,1.84
RVSDS_INT_RVI_VI_MH6-44,1.8
RVSDS_INT_RVI_VI_MH6-45,1.97
RVSDS_INT_RVI_VI_MH6-46,2.01
RVSDS_INT_RVI_VI_MH6-47,1.84
RVSDS_INT_RVI_VI_MH6-48,1.82
RVSDS_INT_RVI_VI_MH6-49,1.92
RVSDS_INT_RVI_VI_MH6-50,1.86
RVSDS_INT_RVI_VI_MH6-51,1.82
RVSDS_INT_RVI_VI_MH6-52,1.77
RVSDS_INT_RVI_VI_MH6-53,1.69
RVSDS_INT_RVI_VI_MH6-54,1.8
RVSDS_INT_RVI_VI_MH6-55,1.57
RVSDS_INT_RVI_VI_MH6-56,1.65
RVSDS_INT_RVI_VI_MH6-57,1.71
RVSDS_INT_RVI_VI_MH6-58,1.69
RVSDS_INT_RVI_VI_TP_DS6-09,3.18
RVSDS_INT_RVI_VI_TP_US6-09,3.2
RVSDS_INT_RVI_VI_TP6-30,0.85
RVSDS_INT_RVI_VII_MH7-02,2.59
RVSDS_INT_RVI_VII_MH7-03,2.38
RVSDS_INT_RVI_VII_MH7-04,2.44
RVSDS_INT_RVI_VII_MH7-05,2.22
RVSDS_INT_RVI_VII_MH7-06,2.21
RVSDS_INT_RVI_VII_MH7-07,2.22
RVSDS_INT_RVI_VII_MH7-08,2.21
RVSDS_INT_RVI_VII_MH7-09,2.23
RVSDS_INT_RVI_VII_MH7-10,2.22
RVSDS_INT_RVI_VII_MH7-11,2.23
RVSDS_INT_RVI_VII_MH7-12,2.25
RVSDS_INT_RVI_VII_MH7-13,2.25
RVSDS_INT_RVI_VII_MH7-15,3.01
RVSDS_INT_RVI_VII_MH7-16,3.52
RVSDS_INT_RVI_VII_MH7-17,3.55
RVSDS_INT_RVI_VII_MH7-17A,3.7
RVSDS_INT_RVI_VII_MH7-17B,3.67
RVSDS_INT_RVI_VII_MH7-17C,3.82
RVSDS_INT_RVI_VII_MH7-17D,3.76
RVSDS_INT_RVI_VII_MH7-19,2.37
RVSDS_INT_RVI_VII_MH7-20,2.26
RVSDS_INT_RVI_VII_MH7-21,2.18
RVSDS_INT_RVI_VII_MH7-Graham-NorthChamber,13.16
RVSDS_INT_RVI_VII_MH7-Graham-SouthChamber,12.58
RVSDS_INT_RVI_VIII_MH8-01,1.32
RVSDS_INT_RVI_VIII_MH8-02,1.49
RVSDS_INT_RVI_VIII_MH8-03,1.39
RVSDS_INT_RVI_VIII_MH8-04,1.42
RVSDS_INT_RVI_VIII_MH8-05,1.43
RVSDS_INT_RVI_VIII_MH8-06,1.44
RVSDS_INT_RVI_VIII_MH8-07,1.43
RVSDS_INT_RVI_VIII_MH8-08,1.45
RVSDS_INT_RVI_VIII_MH8-09,1.43
RVSDS_INT_RVI_VIII_MH8-10,1.44
RVSDS_INT_RVI_VIII_MH8-11,1.44
RVSDS_INT_RVI_VIII_MH8-12,1.42
RVSDS_INT_RVI_VIII_MH8-13,1.41
RVSDS_INT_RVI_VIII_MH8-14,1.6
RVSDS_INT_RVI_VIII_MH8-15,1.67
RVSDS_INT_RVI_VIII_MH8-16,1.64
RVSDS_INT_RVI_VIII_MH8-17,1.65
RVSDS_INT_RVI_VIII_MH8-19_(R51),1.54
RVSDS_INT_RVI_VIII_MH8-20,1.65
RVSDS_INT_RVI_VIII_MH8-21,1.69
RVSDS_INT_RVI_VIII_MH8-22,1.75
RVSDS_INT_RVI_VIII_MH8-23,1.7
RVSDS_INT_RVI_VIII_MH8-23A,1.67
RVSDS_INT_RVI_VIII_MH8-24,1.8
RVSDS_INT_RVI_VIII_MH8-25,0.98
RVSDS_INT_RVI_VIII_MH8-26,1.36
RVSDS_INT_RVI_VIII_MH8-27,1.23
RVSDS_INT_RVI_VIII_MH8-28,1.2
RVSDS_INT_RVI_VIII_TP8-24,1.81
RVSDS_INT_RVI_X_MH10-01,0.45
RVSDS_INT_RVI_X_MH10-02,0.44
RVSDS_INT_RVI_X_MH10-03,0.44
RVSDS_INT_RVI_X_MH10-04,0.43
RVSDS_INT_RVI_X_MH10-05,0.43
RVSDS_INT_RVI_X_MH10-06,0.42
RVSDS_INT_RVI_X_MH10-07,0.42
RVSDS_INT_RVI_X_MH10-08,0.41
RVSDS_INT_RVI_X_MH10-09,0.4
RVSDS_INT_RVI_X_MH10-10,0.4
RVSDS_INT_RVI_X_MH10-11,0.39
RVSDS_INT_RVI_X_MH10-12,0.38
RVSDS_INT_RVI_X_MH10-13,0.38
RVSDS_INT_RVI_X_MH10-14,0.37
RVSDS_INT_RVI_XII_MH12-01,1.48
RVSDS_INT_RVI_XII_MH12-02,1.53
RVSDS_INT_RVI_XII_MH12-03,1.57
RVSDS_INT_RVI_XII_MH12-04,1.57
RVSDS_INT_RVI_XII_MH12-05,1.57
RVSDS_INT_RVI_XII_MH12-06,1.57
RVSDS_INT_RVI_XII_MH12-07,1.57
RVSDS_INT_RVI_XII_MH12-07A,1.56
RVSDS_INT_RVI_XII_MH12-08,1.55
RVSDS_INT_RVI_XII_MH12-09,1.54
RVSDS_INT_RVI_XII_MH12-10,1.54
RVSDS_INT_RVI_XII_MH12-11,1.54
RVSDS_INT_RVI_XII_MH12-13,0.99
RVSDS_INT_RVI_XII_MH12-14,0.99
RVSDS_INT_RVI_XII_MH12-15,0.73
RVSDS_INT_RVI_XII_MH12-16,0.75
RVSDS_INT_RVI_XII_MH12-17,0.92
RVSDS_INT_RVI_XII_MH12-18,0.93
RVSDS_INT_RVI_XII_MH12-19,0.5
RVSDS_INT_RVI_XII_TP_DS12-17,0.91
RVSDS_INT_RVI_XII_TP_US12-17,0.92
RVSDS_INT_RVI_XIII_MH13-01,2.79
RVSDS_INT_RVI_XIII_MH13-02,2.78
RVSDS_INT_RVI_XIII_MH13-03,2.79
RVSDS_INT_RVI_XIII_MH13-04,2.77
RVSDS_INT_RVI_XIII_MH13-04A,2.76
RVSDS_INT_RVI_XIII_MH13-05,2.97
RVSDS_INT_RVI_XIII_MH13-06,2.92
RVSDS_INT_RVI_XIII_MH13-07,2.83
RVSDS_INT_RVI_XIII_MH13-08,2.81
RVSDS_INT_RVI_XIII_MH13-09,2.82
RVSDS_INT_RVI_XIII_MH13-10,2.94
RVSDS_INT_RVI_XIII_MH13-11,2.85
RVSDS_INT_RVI_XIII_MH13-12,2.77
RVSDS_INT_RVI_XIII_MH13-13,2.73
RVSDS_INT_RVI_XIII_MH13-14,2.69
RVSDS_INT_RVI_XIII_MH13-15,2.69
RVSDS_INT_RVI_XIII_MH13-16,2.68
RVSDS_INT_RVI_XIII_MH13-17,2.68
RVSDS_INT_RVI_XIII_MH13-18,2.77
RVSDS_INT_RVI_XIII_MH13-21,2.93
RVSDS_INT_RVI_XIII_MH13-22,3.02
RVSDS_INT_RVI_XIII_MH13-23,3.08
RVSDS_INT_RVI_XIII_MH13-25,3.14
RVSDS_INT_RVI_XIII_MH13-26,3.08
RVSDS_INT_RVI_XIII_MH13-27,2.97
RVSDS_INT_RVI_XIII_TP13-09A,2.82
RVSDS_INT_RVI_XIII_TP13-09B,2.8
RVSDS_INT_RVI_XIII_TP13-26,3.11
RVSDS_INT_RVI_XIII_TP13-27,3.01
RVSDS_INT_RVI_XIV_MH14-01,2.89
RVSDS_INT_RVI_XIV_MH14-02,2.77
RVSDS_INT_RVI_XIV_MH14-03,2.68
RVSDS_INT_RVI_XIV_MH14-04,2.68
RVSDS_INT_RVI_XIV_MH14-05,2.65
RVSDS_INT_RVI_XIV_MH14-06,2.63
RVSDS_INT_RVI_XIV_MH14-07,2.63
RVSDS_INT_RVI_XIV_MH14-08,2.62
RVSDS_INT_RVI_XIV_MH14-09,2.64
RVSDS_INT_RVI_XIV_MH14-10,2.61
RVSDS_INT_RVI_XIV_MH14-11,2.42
RVSDS_INT_RVI_XIV_MH14-12,2.42
RVSDS_INT_RVI_XIV_MH14-13,2.35
RVSDS_INT_RVI_XIV_MH14-14,2.32
RVSDS_INT_RVI_XIV_MH14-15,2.33
RVSDS_INT_RVI_XIV_MH14-16,2.31
RVSDS_INT_RVI_XIV_MH14-17,2.31
RVSDS_INT_RVI_XIV_MH14-18,2.32
RVSDS_INT_RVI_XIV_MH14-19,2.27
RVSDS_INT_RVI_XIV_MH14-20,2.22
RVSDS_INT_RVI_XIV_MH14-21_(R44),2.3
RVSDS_INT_RVI_XIV_MH14-22,2.67
RVSDS_INT_RVI_XIV_MH14-23,2.85
RVSDS_INT_RVI_XIV_MH14-24,2.98
RVSDS_INT_RVI_XV_MH15-01,1.74
RVSDS_INT_RVI_XV_MH15-02,2.6
RVSDS_INT_RVI_XV_MH15-03,2.67
RVSDS_INT_RVI_XV_MH15-04,2.74
RVSDS_INT_RVI_XV_MH15-05,2.79
RVSDS_INT_RVI_XV_MH15-06,2.79
RVSDS_INT_RVI_XV_MH15-07,2.8
RVSDS_INT_RVI_XV_MH15-08,2.81
RVSDS_INT_RVI_XV_MH15-09,2.8
RVSDS_INT_RVI_XV_MH15-10,2.94
RVSDS_INT_RVI_XV_MH15-11,3.01
RVSDS_INT_RVI_XV_MH15-12,3.22
RVSDS_INT_RVI_XV_MH15-13,1.64
RVSDS_INT_RVI_XV_MH15-14,2.4
RVSDS_INT_RVI_XV_MH15-15,3.13
RVSDS_INT_RVI_XV_MH15-16,3.27
RVSDS_INT_RVI_XV_MH15-17,3.37
RVSDS_INT_RVI_XV_MH15-18,3.47
RVSDS_INT_RVI_XV_MH15-18A,3.58
RVSDS_INT_RVI_XV_MH15-19,4.22
RVSDS_INT_RVI_XV_MH15-20,4.17
RVSDS_INT_RVI_XV_MH15-21,4.21
RVSDS_INT_RVI_XV_MH15-21A,4.25
RVSDS_INT_RVI_XV_MH15-21B,4.15
RVSDS_INT_RVI_XV_MH15-22,3.07
RVSDS_INT_RVI_XV_MH15-23,3.13
RVSDS_INT_RVI_XV_TP15-05A,2.79
RVSDS_INT_RVI_XV_TP15-05B,2.73
RVSDS_INT_RVI_XV_TP15-19,4.25
RVSDS_INT_RVI_XVI_MH16-01,3.19
RVSDS_INT_RVI_XVI_MH16-02,3.23
RVSDS_INT_RVI_XVI_MH16-03,3.27
RVSDS_INT_RVI_XVI_MH16-04,3.03
RVSDS_INT_RVI_XVI_MH16-04A,2.94
RVSDS_INT_RVI_XVI_MH16-05,2.92
RVSDS_INT_RVI_XVI_MH16-06,2.68
RVSDS_INT_RVI_XVI_MH16-07,2.53
RVSDS_INT_RVI_XVI_MH16-08,2.35
RVSDS_INT_RVI_XVI_MH16-09,2.12
RVSDS_INT_RVI_XVI_MH16-10,1.46
RVSDS_INT_RVI_XVI_MH16-10A_(R52),1.46
RVSDS_INT_RVI_XVI_MH16-11,1.13
RVSDS_INT_RVI_XVI_MH16-12,1.25
RVSDS_INT_RVI_XVI_MH16-13,1.27
RVSDS_INT_RVI_XVI_MH16-14,1.28
RVSDS_INT_RVI_XVI_MH16-15,1.28
RVSDS_INT_RVI_XVI_MH16-15A,1.27
RVSDS_INT_RVI_XVI_MH16-16,1.32
RVSDS_INT_RVI_XVI_MH16-17,0.81
RVSDS_INT_RVI_XVI_MH16-18,1.16
RVSDS_INT_RVI_XVI_MH16-19,1.16
RVSDS_INT_RVI_XVI_MH16-20,1.06
RVSDS_INT_RVI_XVI_MH16-21,1.15
RVSDS_INT_RVI_XVI_MH16-22,1.17
RVSDS_INT_RVI_XVI_MH16-23,1.16
RVSDS_INT_RVI_XVI_MH16-24,1.17
RVSDS_INT_RVI_XVI_MH16-24A,1.18
RVSDS_INT_RVI_XVI_MH16-25,1.18
RVSDS_INT_RVI_XVI_MH16-26,0.88
RVSDS_INT_RVI_XVI_MH16-27,0.61
RVSDS_INT_RVI_XVI_MH16-28,0.35
RVSDS_INT_RVI_XVI_MH16-29,0.09
RVSDS_INT_RVI_XVI_TP16-07,2.65
RVSDS_INT_RVI_XVI_TP16-16,1.29
RVSDS_INT_STCAP_JC1,16.46
RVSDS_INT_STCAP_JC2,17.42
RVSDS_INT_STCAP_JC3,8.07
RVSDS_INT_STCAP_JC4,3.54
RVSDS_INT_WC-01,1.0
RVSDS_INT_WC-02,0.93
RVSDS_INT_WC-03,0.92
RVSDS_INT_WC-04,0.7
RVSDS_INT_WC-05,0.73
RVSDS_INT_WC-06,0.73
RVSDS_INT_WC-07,0.52
RVSDS_INT_WC-08,0.47
RVSDS_INT_WC-09,8.5
RVSDS_INT_WC-10,8.51
RVSDS_INT_WC-11,0.48
RVSDS_INT_WI_E_MH01,1.58
RVSDS_INT_WI_E_MH02,2.85
RVSDS_INT_WI_E_MH03,2.7
RVSDS_INT_WI_E_MH04,2.64
RVSDS_INT_WI_E_MH05,2.62
RVSDS_INT_WI_E_MH06,2.62
RVSDS_INT_WI_E_MH07,2.62
RVSDS_INT_WI_E_MH08,2.64
RVSDS_INT_WI_E_MH09,2.66
RVSDS_INT_WI_E_MH10,2.28
RVSDS_INT_WI_E_MH11,1.88
RVSDS_INT_WI_E_MH12,1.79
RVSDS_INT_WI_E_MH13,1.81
RVSDS_INT_WI_E_MH14,1.81
RVSDS_INT_WI_E_MH15,1.6
RVSDS_INT_WI_E_MH16,1.6
RVSDS_INT_WI_E_MH17,1.41
RVSDS_INT_WI_E_MH18,1.42
RVSDS_INT_WI_E_MH19,1.22
RVSDS_INT_WI_E_MH20,1.23
RVSDS_INT_WI_E_MH21,1.23
RVSDS_INT_WI_E_MH22,1.22
RVSDS_INT_WI_E_MH23,1.23
RVSDS_INT_WI_E_MH24,1.21
RVSDS_INT_WI_E_MH25,1.22
RVSDS_INT_WI_E_MH26,1.21
RVSDS_INT_WI_E_MH27,1.21
RVSDS_INT_WI_E_MH28,1.2
RVSDS_INT_WI_E_MH29,1.2
RVSDS_INT_WI_E_MH30,1.15
RVSDS_INT_WI_E_MH31,1.15
RVSDS_INT_WI_E_MH32,1.15
RVSDS_INT_WI_E_MH33,1.15
RVSDS_INT_WI_E_MH34,1.15
RVSDS_INT_WI_E_MH35,1.34
RVSDS_INT_WI_E_MH36,1.13
RVSDS_INT_WI_E_TP17,1.4
RVSDS_INT_WI_W_DC14,0.96
RVSDS_INT_WI_W_MH01,1.09
RVSDS_INT_WI_W_MH01_NOP,1.08
RVSDS_INT_WI_W_MH02,1.04
RVSDS_INT_WI_W_MH03,1.06
RVSDS_INT_WI_W_MH04,1.05
RVSDS_INT_WI_W_MH05,1.04
RVSDS_INT_WI_W_MH05_NOP,1.05
RVSDS_INT_WI_W_MH06,1.04
RVSDS_INT_WI_W_MH06_NOP,1.04
RVSDS_INT_WI_W_MH07,1.0
RVSDS_INT_WI_W_MH08,0.98
RVSDS_INT_WI_W_MH09,0.98
RVSDS_INT_WI_W_MH10,0.97
RVSDS_INT_WI_W_MH11,0.97
RVSDS_INT_WI_W_MH11_NOP,0.97
RVSDS_INT_WI_W_MH12,0.96
RVSDS_INT_WI_W_MH13,0.96
RVSDS_INT_WI_W_MH13_NOP,0.95
RVSDS_INT_WI_W_MH15,0.82
RVSDS_INT_WI_W_MH15_NOP,0.8
RVSDS_INT_WI_W_MH16,0.79
RVSDS_INT_WI_W_MH17,0.77
RVSDS_INT_WI_W_MH18,0.79
RVSDS_INT_WI_W_MH19,0.79
RVSDS_INT_WI_W_MH20,0.78
RVSDS_INT_WI_W_MH22,0.25
RVSDS_INT_WIE_MH0290,0.53
RVSDS_INT_WIE_MH0586,0.74
RVSDS_INT_WIE_MH1078,0.7
RVSDS_INT_WIE_MH1569,0.71
RVSDS_INT_WIE_MH1865,0.7
RVSDS_INT_WIE_MH2212,0.7
RVSDS_INT_WIE_MH2640,0.69
RVSDS_INT_WIE_MH3068.5,0.68
RVSDS_INT_WIE_MH3432,0.69
RVSDS_INT_WIE_MH4160,0.74
RVSDS_INT_WIE_MH4969.6,0.78
RVSDS_INT_WIE_MH5390,0.71
RVSDS_INT_WIE_MH6159,0.78
RVSDS_INT_WIE_MH6309,0.76
RVSDS_INT_WIE_MH7056,1.29
RVSDS_INT_WIE_MH7606,1.31
RVSDS_INT_WIE_MH8000,1.07
RVSDS_INT_WIE_MH8126,0.99
RVSDS_INT_WIE_MH8550,0.74
RVSDS_INT_WIE_MH8903,0.53
RVSDS_INT_WIE_MH9256,0.34
RVSDS_INT_WIE_MH9608,0.25
RVSDS_INT_WRVI_MH1-01,0.56
RVSDS_INT_WRVI_MH1-02,1.24
RVSDS_INT_WRVI_MH1-03,1.21
RVSDS_INT_WRVI_MH1-04,1.2
RVSDS_INT_WRVI_MH1-05,1.19
RVSDS_INT_WRVI_MH1-06,1.22
RVSDS_INT_WRVI_MH1-07,1.19
RVSDS_INT_WRVI_MH1-08,1.25
RVSDS_INT_WRVI_MH1-09,1.25
RVSDS_INT_WRVI_MH1-10,1.33
RVSDS_INT_WRVI_MH1-11,1.27
RVSDS_INT_WRVI_MH1-12,1.28
RVSDS_INT_WRVI_MH1-13,1.23
RVSDS_INT_WRVI_MH1-14,1.2
RVSDS_INT_WRVI_MH1-15,1.14
RVSDS_INT_WRVI_MH1-16,1.2
RVSDS_INT_WRVI_MH1-17,1.18
RVSDS_INT_WRVI_MH1-18,1.18
RVSDS_INT_WRVI_MH1-19,1.17
RVSDS_INT_WRVI_MH1-20,1.16
RVSDS_INT_WRVI_MH1-21,1.16
RVSDS_INT_WRVI_MH1-22,0.83
RVSDS_INT_WRVI_MH1-23,0.77
RVSDS_INT_WRVI_MH1-24,0.75
RVSDS_INT_WRVI_MH1-25,0.75
RVSDS_INT_WRVI_MH1-26,0.7
RVSDS_INT_WRVI_MH1-27,0.74
RVSDS_INT_WRVI_MH1-28,0.71
RVSDS_INT_WRVI_MH1-29,0.75
RVSDS_INT_WRVI_MH1-30,0.74
RVSDS_INT_WRVI_MH1-31,0.74
RVSDS_INT_WRVI_MH1-32,0.75
RVSDS_INT_WRVI_MH1-33,0.77
RVSDS_INT_WRVI_MH1-34,0.84
RVSDS_INT_WRVI_MH1-35,1.12
RVSDS_INT_WRVI_MH1-36,1.14
RVSDS_INT_WRVI_MH1-37,1.13
RVSDS_INT_WRVI_MH1-38,1.15
RVSDS_INT_WRVI_MH1-39,1.14
RVSDS_INT_WRVI_MH1-40,1.14
RVSDS_INT_WRVI_MH1-41,1.14
RVSDS_INT_WRVI_MH1-42,1.09
RVSDS_INT_WRVI_MH1-43,1.13
RVSDS_INT_WRVI_MH1-44,1.16
RVSDS_INT_WRVI_MH1-45,1.16
RVSDS_INT_WRVI_MH1-46,1.16
RVSDS_INT_WRVI_MH1-47,1.17
RVSDS_INT_WRVI_MH1-48,1.14
RVSDS_INT_WRVI_MH1-49,1.09
RVSDS_INT_WRVI_MH1-50,1.06
RVSDS_INT_WRVI_MH1-51,1.05
RVSDS_INT_WRVI_MH1-52,1.04
RVSDS_INT_WRVI_MH1-53,1.03
RVSDS_INT_WRVI_MH1-54,1.04
RVSDS_INT_WRVI_MH1-55,1.04
RVSDS_RTB_DearbornHgts_3_MH1,2.31
RVSDS_RTB_DearbornHgts_3_MH2,2.22
RVSDS_RTB_DearbornHgts_3_MH3,1.98
RVSDS_RTB_DearbornHgts_4_MH1,1.12
RVSDS_RTB_DearbornHgts_4_MH4,1.99
RVSDS_RTB_DearbornHgts_4_MH5,1.99
RVSDS_RTB_DearbornHgts_4_MH7,2.08
RVSDS_RTB_DearbornHgts_4_MH8,1.79
RVSDS_RTB_DearbornHgts_II_MH01,4.52
RVSDS_RTB_DearbornHgts_II_MH02,3.47
RVSDS_RTB_DearbornHgts_II_MH03,3.06
RVSDS_RTB_DearbornHgts_II_MH04,2.15
RVSDS_RTB_DearbornHgts_II_MH05,2.18
RVSDS_RTB_DearbornHgts_II_MH06,2.22
RVSDS_RTB_DearbornHgts_II_MH07,2.23
RVSDS_RTB_DearbornHgts_II_MH08,1.22
RVSDS_RTB_DearbornHgts_II_MH09,1.37
RVSDS_RTB_DearbornHgts_II_MH10,1.29
RVSDS_RTB_DearbornHgts_II_MH10-1,1.32
RVSDS_RTB_DearbornHgts_II_MH10-2,1.32
RVSDS_RTB_DearbornHgts_II_MH10-3,1.35
RVSDS_RTB_DearbornHgts_II_MH10-4,0.93
RVSDS_RTB_DearbornHgts_II_MH11,0.37
RVSDS_RTB_DearbornHgts_II_MH20,2.36
RVSDS_RTB_Inkster_1_MH1,3.1
RVSDS_RTB_Inkster_1_MH3,2.83
RVSDS_RTB_Inkster_1_MH4,2.73
RVSDS_RTB_Inkster_1_MH5,3.04
RVSDS_RTB_Inkster_1_MH6,18.25
RVSDS_RTB_Inkster_1_MH7,3.31
RVSDS_RTB_Inkster_2_MH01,1.08
RVSDS_RTB_Inkster_2_MH02,1.25
RVSDS_RTB_Inkster_2_MH04,0.96
RVSDS_RTB_Inkster_2_MH05,1.13
RVSDS_RTB_Inkster_2_MH05A,0.76
RVSDS_RTB_Inkster_2_MH06,2.8
RVSDS_RTB_Inkster_2_MH07,2.78
RVSDS_RTB_Inkster_2_MH08,2.86
RVSDS_RTB_Inkster_2_MH09,3.26
RVSDS_RTB_Inkster_2_MH10,3.81
RVSDS_RTB_Inkster_2_MH11,1.52
RVSDS_RTB_Inkster_2_MH12,1.58
RVSDS_RTB_Inkster_2_MH13,1.0
RVSDS_RTB_Inkster_2_MH14,1.23
RVSDS_RTB_Inkster_2_MH15,0.69
RVSDS_RTB_Inkster_2_MH15A,0.54
RVSDS_RTB_Inkster_2_MH16,0.49
RVSDS_RTB_Inkster_2_MH17,0.94
RVSDS_RTB_Inkster_2_MH17A,1.77
RVSDS_RTB_Inkster_2_MH18,0.7
RVSDS_RTB_Inkster_2_MH18A,0.91
RVSDS_RTB_Inkster_2_MH19,0.77
RVSDS_RTB_Inkster_2_MH20,0.72
RVSDS_RTB_Inkster_2_MH21,0.72
RVSDS_RTB_Inkster_2_MH22,1.0
RVSDS_RTB_Inkster_2_MH23,1.06
RVSDS_RTB_Inkster_2_MH24,0.87
RVSDS_RTB_Inkster_2_MH25,1.02
RVSDS_RTB_Middlebelt_MH1,1.1
RVSDS_RTB_Middlebelt_MH2,0.0
RVSDS_RTB_Middlebelt_MH3,0.86
RVSDS_RTB_Middlebelt_MH4,4.05
RVSDS_RTB_Middlebelt_RegWeir,3.94
RVSDS_RTB_Redford_1_MH01,3.04
RVSDS_RTB_Redford_1_MH02,27.13
RVSDS_RTB_Redford_1_MH03,2.34
RVSDS_RTB_Redford_1_MH04,3.4
RVSDS_RTB_Redford_2_MH02A,0.75
RVSDS_RTB_Redford_2_MH03,3.08
RVSDS_RTB_Redford_2_MH03A,0.81
RVSDS_RTB_Redford_2_MH04,2.67
RVSDS_RTB_Redford_2_MH04A,0.7
RVSDS_RTB_Redford_2_MH05,2.61
RVSDS_RTB_Redford_2_MH05A,1.5
RVSDS_RTB_Redford_2_MH06,2.61
RVSDS_RTB_Redford_2_MH06A,2.37
RVSDS_RTB_Redford_2_MH07,2.56
RVSDS_RTB_Redford_2_MH07A,7.59
RVSDS_RTB_Redford_2_MH08,5.03
RVSDS_RTB_Redford_2_MH11,2.48
SAX-1,9.71
SAX-2,13.7
SAX-4,8.21
SCH00013,24.41
SCH00026,26.12
SCH00034,34.87
SCH00034a,30.32
SCH00035,20.72
SCH00038,20.33
SCH00040,32.94
SCH00057,29.11
SCH00079,7.81
SCH00080,37.44
SCH01280,26.14
SCH01281,27.8
SCH01683,10.59
SCH01683SG,9.44
SCH02482,12.88
SCH02483,12.07
SCH02882,5.28
SCHR-1,10.23
SCHR-2,9.49
SCHR-4,8.47
SFE,1.89
SFIT0001,25.33
SFIT0002,5.58
SFIT0003,23.93
SFIT0005,21.27
SFIT0006,19.18
SFIT0007,18.61
SFIT0008,26.73
SFIT0009,21.48
SFIT0011,25.49
SFIT0012,4.29
SFIT0013,19.51
SFIT0014,31.53
SFIT0016,17.29
SFIT0018,23.96
SFIT0019,31.74
SFIT0020,22.89
SFIT0021,73.86
SFIT0022,24.41
SFIT0023,13.38
SFIT0024,1.95
SFIT0025,2.18
SFIT0026,25.0
SFIT0027,22.54
SFIT0028,25.68
SFIT0029,21.51
SFIT0030,18.56
SFIT0031,16.41
SFIT0032,4.21
SFIT0033,3.68
SFIT0034,28.05
SFIT0035,0.85
SFIT0036,5.09
SFIT0037,30.93
SFIT0038,32.73
SFIT0039,31.34
SFIT0040,6.53
SFIT0044,1.85
SFIT0045,2.16
SFIT0046,5.32
SFIT0047,3.5
SFIT0049,3.11
SFIT0050,15.77
SFIT0053,3.5
SFIT0055,22.98
SFIT0056,26.0
SFIT0057,22.85
SFIT0061,11.85
SFIT0062,21.49
SFIT0063,18.55
SFIT0064,18.17
SFIT0065,46.24
SFIT0066,22.02
SFIT0068,25.19
SFIT0069,14.2
SFIT0070,25.22
SFIT0071,24.3
SFIT0072,20.69
SFIT0074,41.45
SFIT0075,41.12
SFIT0076,15.16
SFIT0077,18.03
SFIT0078,11.95
SFIT0080,22.38
SFIT0082,19.55
SFIT0083,12.03
SFIT0084,11.76
SFIT0085,11.21
SFIT0086,14.08
SFIT0087,18.61
SFIT0088,18.28
SFIT0090,12.18
SFIT0091,11.32
SFIT0093,30.08
SFIT0096,28.42
SFIT0097,28.27
SFIT0099,32.5
SFIT0100,5.25
SFIT0101,14.99
SFIT0105,28.23
SFIT0106,14.18
SFIT0107,26.31
SFIT0109,11.24
SFIT0114,25.12
SFIT0115,18.97
SFIT0118,20.37
SFIT0121,23.94
SFIT0125,23.63
SFIT0126,19.48
SFIT0127,7.44
SFIT0130,23.72
SFIT0131,22.32
SFIT0134,12.75
SFIT0135,43.02
SFIT0138,3.01
SFIT0139,3.76
SFIT0140,20.82
SFIT0146,28.26
SFIT0148,22.33
SFIT0151,24.04
SFIT0153,22.81
SFIT0158,1.29
SFIT0159,2.31
SFIT0161,11.42
SFIT0163,17.86
SFIT0164,25.73
SFIT0165,13.27
SFIT0166,15.77
SFIT0167,0.0
SFIT0168,16.45
SFIT0169,16.71
SFIT0170,26.6
SFIT0171,21.56
SFIT0172,20.71
SFIT0175,27.15
SFIT0176,11.71
SFIT0177,1.06
SFIT0181,30.57
SFIT0184,35.73
SFIT0187,11.66
SFIT0194,31.57
SFIT0198,13.1
SFIT0199,32.04
SFIT0200,0.81
SFIT0202,1.98
SFIT0203,31.5
SFIT0205,2.98
SFIT0208,6.56
SFIT0217,14.92
SFIT0219,17.42
SFIT0222,9.6
SFIT0226,13.37
SFIT0227,17.58
SFIT0228,40.51
SFIT0230,24.89
SFIT0233,25.58
SFIT0234,21.81
SFIT0236,27.02
SFIT0237,27.26
SFIT0238,20.9
SFIT0239,21.75
SFIT0240,22.39
SFIT0241,23.69
SFIT0243,27.49
SFIT0244,27.73
SFIT0245,27.97
SFIT0246,28.56
SFIT0248,24.41
SFIT0251,25.02
SFIT0257,32.18
SFIT0258,31.37
SFIT0259,32.77
SFIT0262,33.27
SFIT0265,28.35
SFIT0267,33.53
SFIT0270,33.64
SFIT0271,33.7
SFIT0272,33.93
SFIT0273,34.11
SFIT0275,34.47
SFIT0278,35.34
SFIT0279,33.01
SFIT0282,35.41
SFIT0283,30.45
SFIT0287,28.92
SFIT0288,29.64
SFIT0290,36.29
SFIT0291,22.87
SFIT0292,36.29
SFIT0295,25.86
SFIT0296,31.19
SFIT0297,35.9
SFIT0305,35.77
SFIT0306,35.68
SFIT0307,35.02
SFIT0310,34.24
SFIT0311,29.32
SFIT0312,28.23
SFIT0313,26.33
SFIT0314,25.21
SFIT0315,24.92
SFIT0316,24.02
SFIT0317,22.7
SFIT0319,1.49
SFIT0321,2.85
SFIT0322,2.3
SFIT0325,1.64
SFIT0326,2.09
SFIT0327,1.42
SFIT0328,2.14
SFIT0331,2.99
SFIT0332,3.0
SFIT0333,1.95
SFIT0334,1.85
SFIT0335,1.85
SFIT0336,1.14
SFIT0337,2.86
SFIT0342,3.0
SFIT0343,0.77
SFIT0344,1.13
SFIT0345,3.51
SFIT0346,4.21
SFIT0347,3.35
SFIT0348,1.28
SFIT0350,0.81
SFIT0352,0.74
SFIT0353,0.92
SFIT0359,8.02
SFIT0360,9.08
SFIT0361,3.52
SFIT0364,3.07
SFIT0367,22.33
SFIT0368,43.94
SFIT0369,14.68
SFIT0370,13.77
SFIT0375,1.38
SFIT0378,15.43
SFIT0379,16.9
SFIT0381,22.96
SFIT0382,24.61
SFIT0386,25.29
SFIT0387,56.67
SFIT0388,55.1
SFIT0392,17.15
SFIT0394,19.83
SFIT0396,20.22
SFIT0397,18.95
SFIT0399,40.4
SFIT0400,30.55
SFIT0401,12.79
SFIT0402,16.54
SFIT0403,16.36
SFIT0404,22.49
SFIT0405,22.81
SFIT0407,18.54
SFIT0410,13.25
SFIT0412,16.04
SFIT0413,19.87
SFIT0414,14.67
SFIT0415,13.55
SFIT0416,13.58
SFIT0417,15.49
SFIT0423,27.91
SFIT0425,14.29
SFIT0427,21.08
SFIT0428,17.01
SFIT0429,17.47
SFIT0439,12.58
SFIT0440,7.76
SFIT0441,7.42
SFIT0442,8.81
SFIT0446,1.17
SFIT0448,2.07
SFIT0449,2.94
SFIT0450,2.22
SFIT0451,2.46
SFIT0452,17.28
SFIT0453,17.79
SFIT0454,13.13
SFIT0456,6.35
SFIT0457,5.85
SFIT0458,11.39
SFIT0459,5.58
SFIT0460,7.85
SFIT0461,7.9
SFIT0462,7.78
SFIT0463,17.29
SFIT0464,17.65
SFIT0466,27.75
SFIT0468,45.84
SFIT0469,18.56
SFIT0470,20.08
SFIT0471,17.61
SFIT0473,8.41
SFIT0476,12.6
SFIT0481,13.98
SFIT0484,23.86
SFIT0487,24.56
SFIT0489,26.05
SFIT0490,25.76
SFIT0491,26.36
SFIT0492,26.59
SFIT0493,27.03
SFIT0495,26.68
SFIT0505,7.78
SFIT0506,5.09
SFIT0511,19.6
SFIT0512,14.31
SFIT0517,12.23
SFIT0519,6.42
SFIT0520,11.59
SFIT0521,11.59
SFIT0522,23.29
SFIT0529,8.17
SFIT0530,3.89
SFIT0536,18.14
SFIT0539,7.1
SFIT0543,5.92
SFIT0547,22.11
SFIT0548,4.12
SFIT0550,28.61
SFIT0551,29.92
SFIT0558,5.94
SFIT0574,0.98
SFIT0577,7.81
SFIT0579,0.99
SFIT0582,9.94
SFIT0583,37.87
SFIT0585,6.27
SFIT0586,2.6
SFIT0588,1.29
SFIT0589,2.05
SFIT0590,2.93
SFIT0591,2.0
SFIT0592,3.62
SFIT0593,4.04
SFIT0595,8.44
SFIT0596,7.93
SFIT0598,4.45
SFIT0599,1.7
SFIT0606,15.32
SFIT0607,12.92
SFIT0611,14.3
SFIT0613,22.82
SFIT0618,18.13
SFIT0619,3.39
SFIT0620,4.13
SFIT0621,0.55
SFIT0623,7.2
SFIT0626,14.29
SFIT0629,7.07
SFIT0631,7.4
SFIT0632,23.08
SFIT0636,9.01
SFIT0641,7.56
SFIT0646,9.15
SFIT0658,7.57
SFIT0664,13.58
SFIT0669,5.54
SFIT0671,21.9
SFIT0673,21.1
SFIT0674,10.59
SFIT0675,10.69
SFIT0682,24.67
SFIT0687,7.96
SFIT0688,10.41
SFIT0689,27.97
SFIT0690,20.97
SFIT0692,4.7
SFIT0693,6.36
SFIT0694,6.72
SFIT0697,4.37
SFIT0700,29.0
SFIT0705,5.47
SFIT0709,5.76
SFIT0710,19.27
SFIT0711,4.79
SFIT0712,5.01
SFIT0717,17.2
SFIT0721,18.28
SFIT0722,17.34
SFIT0723,19.42
SFIT0726,12.77
SFIT0728,16.32
SFIT0731,14.03
SFIT0733,15.37
SFIT0738,29.5
SFIT0739,26.71
SFIT0740,22.18
SFIT0741,33.97
SFIT0743,32.62
SFIT0746,31.76
SFIT0747,19.68
SFIT0749,19.35
SFIT0752,25.83
SFIT0753,27.21
SFIT0754,27.07
SFIT0755,26.79
SFIT0756,27.11
SFIT0759,27.1
SFIT0760,27.37
SFIT0764,16.65
SFIT0766,16.14
SFIT0769,16.2
SFIT0771,46.17
SFIT0773,16.1
SFIT0776,31.28
SFIT0777,31.33
SFIT0780,15.6
SFIT0781,6.46
SFIT0783,13.77
SFIT0785,12.47
SFIT0786,32.49
SFIT0787,1.85
SFIT0788,18.17
SFIT0800,2.3
SFIT0803,3.06
SFIT0805,1.12
SFIT0807,6.59
SFIT0811,18.55
SFIT0815,12.33
SFIT0816,12.69
SFIT0817,12.57
SFIT0818,12.57
SFIT0821,1.76
SFIT0826,0.75
SFIT0835,1.58
SFIT0837,5.88
SFIT0840,13.41
SFIT0841,27.26
SFIT0844,27.38
SFIT0846,28.88
SFIT0847,25.15
SFIT0849,20.83
SFIT0851,19.18
SFIT0853,23.49
SFIT0854,13.18
SFIT0857,11.66
SFIT0858,23.35
SFIT0860,17.92
SFIT0861,19.21
SFIT0864,19.36
SFIT0867,27.81
SFIT0868,2.4
SFIT0870,20.92
SFIT0871,10.68
SFIT0872,19.36
SFIT0873,24.88
SFIT0874,18.49
SFIT0877,23.85
SFIT0878,16.08
SFIT0880,27.7
SFIT0882,27.26
SFIT0884,16.94
SFIT0885,26.71
SFIT0886,14.36
SFIT0888,22.63
SFIT0889,14.9
SFIT0890,15.39
SFIT0891,21.87
SFIT0892,20.71
SFIT0893,9.39
SFIT0894,9.89
SFIT0895,14.46
SFIT0896,5.69
SFIT0897,11.26
SFIT0898,9.58
SFIT0901,3.22
SFIT0903,28.04
SFIT0905,12.22
SFIT0911,14.41
SFIT0913,15.65
SFIT0914,2.08
SFIT0915,2.18
SFIT0916,9.76
SFIT0917,1.75
SFIT0919,1.91
SFIT0920,3.74
SFIT0921,24.67
SFIT0923,1.43
SFIT0924,16.33
SFIT0925,45.21
SFIT0927,16.27
SFIT0928,53.42
SFIT0932,44.07
SFIT0935,23.29
SFIT0936,22.38
SFIT0938,26.04
SFIT0939,27.72
SFIT0940,24.89
SFIT0941,23.25
SFIT0942,25.43
SFIT0944,27.28
SFIT0945,4.55
SFIT0946,66.44
SFIT0948,11.2
SFIT0949,29.64
SFIT0950,30.76
SFIT0951,34.43
SFIT0956,26.15
SFIT0957,33.4
SFIT0963,36.0
SFIT0964,28.23
SFIT0967,12.72
SFIT0968,20.51
SFIT0969,19.36
SFIT0970,15.75
SFIT0971,15.05
SFIT0973,27.89
SFIT0974,28.95
SFIT0977,14.8
SFIT0979,27.95
SFIT0981,15.63
SFIT0982,16.69
SFIT0983,11.95
SFIT0984,28.17
SFIT0985,12.42
SFIT0986,28.31
SFIT0989,38.29
SFIT0990,25.77
SFIT0991,13.61
SFIT0992,25.63
SFIT0993,26.28
SFIT0994,15.14
SFIT0995,18.4
SFIT0998,17.45
SFIT1001,27.51
SFIT1002,30.29
SFIT1005,27.07
SFIT1007,26.01
SFIT1008,30.2
SFIT1009,29.46
SFIT1012,21.48
SFIT1014,25.25
SFIT1016,27.8
SFIT1018,27.99
SFIT1019,27.24
SFIT1023,28.59
SFIT1024,24.06
SFIT1025,19.24
SFIT1026,18.24
SFIT1028,15.73
SFIT1029,15.33
SFIT1032,22.26
SFIT1033,22.08
SFIT1035,28.84
SFIT1038,30.14
SFIT1039,29.71
SFIT1041,25.66
SFIT1042,24.88
SFIT1043,21.09
SFIT1045,20.33
SFIT1046,23.52
SFIT1048,26.24
SFIT1049,23.55
SFIT1051,22.3
SFIT1053,18.44
SFIT1055,16.25
SFIT1056,18.44
SFIT1057,23.7
SFIT1058,23.34
SFIT1059,18.47
SFIT1062,24.82
SFIT1064,25.12
SFIT1065,27.37
SFIT1067,27.01
SFIT1068,27.18
SFIT1071,15.28
SFIT1072,16.19
SFIT1073,13.39
SFIT1075,15.14
SFIT1076,16.97
SFIT1077,24.0
SFIT1079,22.95
SFIT1080,21.2
SFIT1081,21.01
SFIT1083,18.23
SFIT1085,27.06
SFIT1086,22.11
SFIT1087,25.37
SFIT1088,21.82
SFIT1090,21.71
SFIT1093,26.43
SFIT1094,21.71
SFIT1095,17.06
SFIT1096,20.26
SFIT1097,24.65
SFIT1098,26.4
SFIT1099,29.02
SFIT1101,33.24
SFIT1103,17.21
SFIT1104,28.39
SFIT1105,21.89
SFIT1106,29.39
SFIT1107,29.73
SFIT1110,30.36
SFIT1112,31.93
SFIT1113,37.8
SFIT1114,39.1
SFIT1115,38.82
SFIT1116,39.61
SFIT1119,36.89
SFIT1120,31.93
SFIT1121,29.5
SFIT1122,28.99
SFIT1124,29.05
SFIT1125,34.78
SFIT1126,9.44
SFIT1127,25.43
SFIT1128,26.04
SFIT1129,37.77
SFIT1131,26.49
SFIT1136,28.61
SFIT1143,34.71
SFIT1144,15.65
SFIT1147,28.96
SFIT1148,22.96
SFIT1154,11.95
SFIT1155,12.58
SFIT1157,12.34
SFIT1158,13.21
SFIT1160,38.53
SFIT1161,17.57
SFIT1162,36.08
SFIT1165,11.84
SFIT1166,14.16
SFIT1167,11.64
SFIT1168,31.76
SFIT1169,14.74
SFIT1170,16.74
SFIT1172,23.02
SFIT1173,17.17
SFIT1175,2.29
SFIT1176,3.61
SFIT1177,24.6
SFIT1182,26.04
SFIT1183,28.66
SFIT1186,16.6
SFIT1187,36.84
SFIT1191,28.04
SFIT1193,7.96
SFIT1194,13.87
SFIT1195,8.28
SFIT1196,12.8
SFIT1198,12.3
SFIT1199,13.74
SFIT1201,22.67
SFIT1202,10.92
SFIT1207,22.24
SFIT1208,13.52
SFIT1209,15.2
SFIT1210,13.44
SFIT1211,14.26
SFIT1212,19.9
SFIT1213,28.2
SFIT1215,24.15
SFIT1217,29.42
SFIT1221,36.01
SFIT1225,23.97
SFIT1226,16.92
SFIT1227,15.68
SFIT1230,28.15
SFIT1232,32.16
SFIT1235,31.18
SFIT1236,30.78
SFIT1237,15.62
SFIT1238,14.35
SFIT1239,32.1
SFIT1240,42.13
SFIT1241,32.11
SFIT1243,11.04
SFIT1244,2.24
SFIT1247,31.62
SFIT1250,8.78
SFIT1251,33.7
SFIT1254,35.41
SFIT1255,22.93
SFIT1261,11.01
SFIT1262,43.49
SFIT1264,28.81
SFIT1268,41.75
SFIT1269,42.22
SFIT1270,34.61
SFIT1271,40.61
SFIT1272,36.97
SFIT1273,38.51
SFIT1274,4.27
SFIT1275,3.73
SFIT1280,31.57
SFIT1281,36.27
SFIT1282,36.96
SFIT1286,22.33
SFIT1288,7.22
SFIT1291,4.08
SFIT1292,4.17
SFIT1293,7.22
SFIT1295,7.64
SFIT1296,2.94
SFIT1297,0.0
SFIT1299,2.23
SFIT1301,2.97
SFIT1302,2.74
SFIT1303,5.48
SFIT1304,5.35
SFIT1307,1.41
SFIT1309,5.46
SFIT1311,3.95
SFIT1312,5.41
SFIT1313,5.49
SFIT1320,19.82
SFIT1321,9.62
SFIT1323,8.79
SFIT1327,17.79
SFIT1328,19.74
SFIT1332,16.97
SFIT1338,34.93
SFIT1339,32.53
SFIT1346,3.23
SFIT1347,2.74
SFIT1348,14.69
SFIT1349,7.53
SFIT1350,7.45
SFIT1352,20.56
SFIT1355,27.22
SFIT1361,22.57
SFIT1363,21.15
SFIT1367,16.93
SFIT1368,14.78
SFIT1369,26.97
SFIT1370,23.2
SFIT1373,22.43
SFIT1375,3.43
SFIT1376,24.89
SFIT1377,13.58
SFIT1382,33.94
SFIT1383,33.93
SFIT1385,13.18
SFIT1386,26.91
SFIT1387,27.11
SFIT1388,26.49
SFIT1390,25.9
SFIT1392,12.91
SFIT1393,26.98
SFIT1396,15.46
SFIT1397,12.57
SFIT1398,27.83
SFIT1399,27.62
SFIT1404,18.28
SFIT1405,21.57
SFIT1406,16.88
SFIT1408,17.13
SFIT1410,22.68
SFIT1412,18.52
SFIT1414,27.74
SFIT1416,23.5
SFIT1417,23.37
SFIT1418,20.15
SFIT1419,15.91
SFIT1422,21.7
SFIT1423,12.27
SFIT1425,0.87
SFIT1427,15.72
SFIT1428,2.03
SFIT1432,17.84
SFIT1433,19.05
SFIT1434,5.17
SFIT1436,6.7
SFIT1437,7.79
SFIT1439,16.58
SFIT1440,17.2
SFIT1444,31.52
SFIT1450,15.87
SFIT1451,26.0
SFIT1456,27.01
SFIT1458,27.57
SFIT1463,23.97
SFIT1466,11.54
SFIT1471,14.89
SFIT1472,14.73
SFIT1480,10.39
SFIT1481,11.52
SFIT1482,11.5
SFIT1484,11.41
SFIT1485,16.65
SFIT1486,18.82
SFIT1487,19.51
SFIT1488,16.25
SFIT1492,14.74
SFIT1496,12.05
SFIT1499,12.68
SFIT1500,13.27
SFIT1501,12.66
SFIT1505,28.15
SFIT1508,19.69
SFIT1509,18.66
SFIT1512,14.19
SFIT1513,13.76
SFIT1515,12.86
SFIT1516,13.02
SFIT1519,19.88
SFIT1522,20.53
SFIT1524,19.92
SFIT1525,18.99
SFIT1527,19.77
SFIT1551,30.24
SFIT1557,30.9
SFIT1558,32.09
SFIT1561,24.25
SFIT1564,24.59
SFIT1567,24.14
SFIT1572,31.25
SFIT1576,32.68
SFIT1581,18.25
SFIT1582,17.83
SFIT1584,20.64
SFIT1585,20.57
SFIT1586,21.34
SFIT1587,20.79
SFIT1588,25.82
SFIT1589,16.94
SFIT1590,32.51
SFIT1591,24.51
SFIT1592,24.82
SFIT1593,24.74
SFIT1595,17.04
SFIT1596,24.95
SFIT1598,16.6
SFIT1602,19.32
SFIT1603,18.44
SFIT1604,18.65
SFIT1607,29.21
SFIT1608,14.21
SFIT1610,22.39
SFIT1611,22.45
SFIT1612,12.95
SFIT1613,23.5
SFIT1615,29.18
SFIT1619,4.54
SFIT1620,4.43
SFIT1621,5.03
SFIT1622,1.68
SFIT1624,1.64
SFIT1625,1.86
SFIT1626,1.78
SFIT1627,1.9
SFIT1628,2.07
SFIT1631,4.78
SFIT1633,2.98
SFIT1637,1.37
SFIT1639,1.45
SFIT1640,1.18
SFIT1642,2.57
SFIT1644,1.55
SFIT1645,2.81
SFIT1647,3.49
SFIT1648,1.44
SFIT1651,5.2
SFIT1653,15.04
SFIT1656,2.44
SFIT1658,5.68
SFIT1660,18.74
SFIT1666,23.35
SFIT1667,23.38
SFIT1668,24.67
SFIT1668_2,24.55
SFIT1672,23.1
SFIT1674,16.4
SFIT1675,8.91
SFIT1677,8.75
SFIT1678,14.95
SFIT1688,24.1
SFIT1693,19.56
SFIT1694,19.67
SFIT1695,20.03
SFIT1696,21.35
SFIT1697,21.57
SFIT1699,14.06
SFIT1702,13.79
SFIT1705,8.85
SFIT1706,11.24
SFIT1707,7.15
SFIT1709,14.42
SFIT1710,14.61
SFIT1713,6.5
SFIT1714,13.09
SFIT1716,5.25
SFIT1717,4.92
SFIT1718,22.4
SFIT1719,15.76
SFIT1720,14.91
SFIT1721,14.43
SFIT1723,19.15
SFIT1726,19.46
SFIT1727,18.87
SFIT1728,21.06
SFIT1729,25.62
SFIT1730,26.27
SFIT1731,19.28
SFIT1733,13.5
SFIT1734,12.8
SFIT1736,16.03
SFIT1737,33.15
SFIT1738,14.98
SFIT1741,25.01
SFIT1742,26.4
SFIT1743,17.55
SFIT1745,9.52
SFIT1746,28.87
SFIT1747,19.74
SFIT1748,20.0
SFIT1749,16.09
SFIT1750,13.81
SFIT1752,14.09
SFIT1753,14.1
SFIT1755,14.61
SFIT1756,3.96
SFIT1757,5.26
SFIT1758,8.73
SFIT1760,20.17
SFIT1762,17.61
SFIT1764,14.59
SFIT1765,11.49
SFIT1766,12.48
SFIT1767,13.3
SFIT1770,1.85
SFIT1771,2.8
SFIT1773,4.81
SFIT1774,24.22
SFIT1777,4.01
SFIT1780,45.86
SFIT1781,20.87
SFIT1783,11.13
SFIT1784,29.08
SFIT1788,4.8
SFIT1789,2.81
SFIT1790,5.84
SFIT1793,8.8
SFIT1796,7.97
SFIT1797,24.6
SFIT1798,3.53
SFIT1800,4.38
SFIT1803,2.11
SFIT1805,2.88
SFIT1808,3.57
SFIT1811,4.69
SFIT1813,5.03
SFIT1814,7.42
SFIT1815,5.48
SFIT1817,13.48
SFIT1818,1.71
SFIT1819,1.81
SFIT1820,1.68
SFIT1821,2.9
SFIT1822,5.36
SFIT1828,2.2
SFIT1829,3.08
SFIT1830,4.38
SFIT1831,4.1
SFIT1832,2.64
SFIT1833,22.31
SFIT1834,7.18
SFIT1835,7.3
SFIT1837,2.36
SFIT1838,2.31
SFIT1840,2.13
SFIT1842,2.21
SFIT1843,4.75
SFIT1844,2.41
SFIT1847,3.2
SFIT1848,3.1
SFIT1849,2.74
SFIT1855,1.92
SFIT1857,2.0
SFIT1858,2.89
SFIT1859,2.28
SFIT1864,3.5
SFIT1865,3.92
SFIT1866,2.59
SFIT1867,3.56
SFIT1868,3.26
SFIT1870,1.84
SFIT1871,1.93
SFIT1872,8.31
SFIT1874,2.37
SFIT1876,3.8
SFIT1881,5.54
SFIT1882,2.71
SFIT1883,26.19
SFIT1884,25.9
SFIT1886,1.49
SFIT1891,10.66
SFIT1893,22.0
SFIT1896,10.42
SFIT1897,20.73
SFIT1898,14.45
SFIT1899,28.09
SFIT1900,13.46
SFIT1902,41.91
SFIT1903,15.18
SFIT1904,14.49
SFIT1905,25.68
SFIT1907,15.46
SFIT1910,14.19
SFIT1911,26.48
SFIT1913,16.62
SFIT1914,43.69
SFIT1915,29.61
SFIT1916,30.68
SFIT1918,18.41
SFIT1919,19.66
SFIT1920,19.7
SFIT1922,19.36
SFIT1926,22.36
SFIT1929,20.01
SFIT1931,39.35
SFIT1934,40.67
SFIT1935,21.65
SFIT1936,43.03
SFIT1937,22.37
SFIT1938,24.56
SFIT1940,40.78
SFIT1941,23.71
SFIT1942,39.23
SFIT1943,23.34
SFIT1945,32.0
SFIT1950,32.53
SFIT1952,25.02
SFIT1953,25.21
SFIT1954,25.56
SFIT1957,28.09
SFIT1958,32.7
SFIT1960,26.3
SFIT1961,25.92
SFIT1962,26.25
SFIT1965,26.97
SFIT1966,32.16
SFIT1969,40.97
SFIT1973,25.47
SFIT1975,25.01
SFIT1980,24.41
SFIT1981,27.44
SFIT1982,29.37
SFIT1983,32.66
SFIT1986,27.57
SFIT1988,28.33
SFIT1991,23.0
SFIT1996,24.14
SFIT1997,30.17
SFIT2004,25.43
SFIT2008,25.43
SFIT2013,28.55
SFIT2017,30.51
SFIT2018,29.99
SFIT2022,32.81
SFIT2026,21.92
SFIT2027,23.1
SFIT2028,26.48
SFIT2029,25.9
SFIT2030,26.32
SFIT2032,36.59
SFIT2033,36.33
SFIT2035,33.82
SFIT2040,24.28
SFIT2041,24.88
SFIT2044,23.73
SFIT2045,19.48
SFIT2047,21.65
SFIT2048,18.21
SFIT2054,17.57
SFIT2055,20.04
SFIT2056,22.79
SFIT2061,27.05
SFIT2064,37.23
SFIT2065,28.25
SFIT2067,28.15
SFIT2071,22.75
SFIT2081,18.75
SFIT2085,27.85
SFIT2086,18.57
SFIT2087,18.24
SFIT2088,19.72
SFIT2090,28.09
SFIT2095,16.43
SFIT2100,13.87
SFIT2104,28.92
SFIT2105,18.89
SFIT2106,27.76
SFIT2108,29.36
SFIT2109,28.75
SFIT2110,28.49
SFIT2112,14.75
SFIT2114,27.38
SFIT2115,21.57
SFIT2118,21.93
SFIT2119,22.06
SFIT2121,25.28
SFIT2122,25.9
SFIT2123,14.88
SFIT2125,25.99
SFIT2128,22.51
SFIT2130,17.18
SFIT2131,20.85
SFIT2132,21.45
SFIT2134,21.75
SFIT2136,11.62
SFIT2137,22.93
SFIT2139,24.15
SFIT2149,13.09
SFIT2150,23.45
SFIT2151,13.78
SFIT2157,23.72
SFIT2158,13.77
SFIT2160,24.42
SFIT2161,24.47
SFIT2162,15.72
SFIT2166,16.77
SFIT2171,20.29
SFIT2173,22.86
SFIT2174,26.01
SFIT2175,25.42
SFIT2176,15.81
SFIT2177,11.7
SFIT2178,20.54
SFIT2179,15.19
SFIT2182,17.21
SFIT2184,10.21
SFIT2193,15.54
SFIT2195,15.78
SFIT2196,28.23
SFIT2197,20.31
SFIT2198,20.03
SFIT2199,7.95
SFIT2200,16.04
SFIT2201,19.25
SFIT2202,19.34
SFIT2204,7.55
SFIT2207,7.06
SFIT2211,6.63
SFIT2212,17.86
SFIT2213,6.56
SFIT2214,15.63
SFIT2217,18.67
SFIT2221,5.96
SFIT2225,24.89
SFIT2226,13.88
SFIT2227,18.22
SFIT2229,10.63
SFIT2238,16.8
SFIT2244,21.7
SFIT2245,22.45
SFIT2248,13.02
SFIT2249,19.63
SFIT2250,18.63
SFIT2254,21.89
SFIT2258,22.37
SFIT2261,15.5
SFIT2263,24.11
SFIT2264,26.45
SFIT2265,15.13
SFIT2267,15.66
SFIT2270,16.1
SFIT2271,37.71
SFIT2273,18.41
SFIT2275,17.26
SFIT2276,32.9
SFIT2277,32.35
SFIT2278,32.47
SFIT2280,9.5
SFIT2281,33.98
SFIT2282,38.03
SFIT2283,17.14
SFIT2287,13.45
SFIT2288,42.55
SFIT2289,25.66
SFIT2291,18.73
SFIT2292,29.21
SFIT2293,20.2
SFIT2295,33.33
SFIT2296,31.34
SFIT2297,31.35
SFIT2298,31.5
SFIT2299,30.94
SFIT2300,21.35
SFIT2301,21.56
SFIT2302,22.91
SFIT2303,25.09
SFIT2305,24.29
SFIT2306,30.81
SFIT2307,29.41
SFIT2308,33.51
SFIT2309,25.69
SFIT2310,24.03
SFIT2311,41.96
SFIT2314,41.2
SFIT2316,29.67
SFIT2317,41.91
SFIT2318,31.45
SFIT2319,30.77
SFIT2320,29.12
SFIT2321,29.53
SFIT2322,26.72
SFIT2323,26.55
SFIT2325,24.51
SFIT2328,33.1
SFIT2330,25.9
SFIT2332,30.6
SFIT2333,30.88
SFIT2334,32.82
SFIT2335,25.77
SFIT2336,34.38
SFIT2337,29.94
SFIT2339,35.26
SFIT2340,29.82
SFIT2341,18.14
SFIT2342,20.09
SFIT2344,31.18
SFIT2346,18.86
SFIT2349,18.8
SFIT2351,22.03
SFIT2355,14.63
SFIT2356,25.66
SFIT2358,17.32
SFIT2360,15.16
SFIT2361,14.49
SFIT2363,30.23
SFIT2364,12.54
SFIT2365,39.21
SFIT2366,16.93
SFIT2368,13.61
SFIT2369,12.34
SFIT2371,31.68
SFIT2372,16.51
SFIT2373,43.89
SFIT2374,9.09
SFIT2375,11.06
SFIT2376,15.21
SFIT2378,31.04
SFIT2380,24.64
SFIT2382,24.49
SFIT2383,22.37
SFIT2384,21.0
SFIT2385,19.54
SFIT2389,21.79
SFIT2390,25.53
SFIT2391,25.42
SFIT2392,27.79
SFIT2393,26.3
SFIT2394,25.05
SFIT2395,26.69
SFIT2396,25.88
SFIT2397,22.61
SFIT2399,28.84
SFIT2400,16.45
SFIT2401,25.49
SFIT2403,20.22
SFIT2404,25.59
SFIT2405,32.16
SFIT2406,32.32
SFIT2407,28.58
SFIT2408,28.96
SFIT2409,22.55
SFIT2411,24.68
SFIT2412,21.7
SFIT2413,26.05
SFIT2414,24.91
SFIT2415,27.68
SFIT2416,30.05
SFIT2417,29.58
SFIT2418,27.54
SFIT2419,27.36
SFIT2420,26.09
SFIT2421,26.21
SFIT2422,23.61
SFIT2423,17.12
SFIT2425,22.81
SFIT2426,23.9
SFIT2428,40.05
SFIT2432,43.65
SFIT2433,24.51
SFIT2434,24.01
SFIT2435,23.72
SFIT2436,44.01
SFIT2437,23.77
SFIT2446,37.71
SFIT2448,4.3
SFIT2449,32.96
SFIT2452,35.81
SFIT2453,28.3
SFIT2464,42.67
SFIT2465,24.47
SFIT2473,25.89
SFIT2475,26.2
SFIT2476,25.62
SFIT2478,25.54
SFIT2479,25.63
SFIT2480,26.38
SFIT2481,26.39
SFIT2482,23.62
SFIT2483,23.68
SFIT2484,23.82
SFIT2485,22.96
SFIT2486,23.24
SFIT2488,23.3
SFIT2489,32.78
SFIT2501,27.81
SFIT2502,29.91
SFIT2504,29.85
SFIT2505,27.14
SFIT2515,27.59
SFIT2519,29.05
SFIT2520,29.23
SFIT2521,27.24
SFIT2522,26.03
SFIT2523,18.77
SFIT2525,19.65
SFIT2526,27.65
SFIT2528,26.11
SFIT2529,24.55
SFIT2531,18.11
SFIT2532,22.38
SFIT2533,19.05
SFIT2534,18.27
SFIT2535,45.54
SFIT2536,11.25
SFIT2537,47.14
SFIT2539,25.25
SFIT2541,23.93
SFIT2542,20.53
SFIT2543,9.22
SFIT2551,8.83
SFIT2552,28.11
SFIT2553,18.27
SFIT2554,18.25
SFIT2557,26.77
SFIT2558,21.8
SFIT2559,25.67
SFIT2560,25.99
SFIT2561,27.85
SFIT2562,28.31
SFIT2563,26.86
SFIT2565,27.15
SFIT2566,22.74
SFIT2567,24.71
SFIT2569,31.87
SFIT2576,47.35
SFIT2578,32.16
SFIT2579,33.76
SFIT2582,27.82
SFIT2583,33.72
SFIT2584,23.69
SFIT2586,24.69
SFIT2587,20.51
SFIT2588,20.9
SFIT2589,18.69
SFIT2590,17.5
SFIT2595,16.74
SFIT2599,1.81
SFIT2601,13.88
SFIT2602,28.04
SFIT2607,22.43
SFIT2609,1.31
SFIT2623,23.49
SFIT2625,21.99
SFIT2627,21.63
SFIT2629,13.57
SFIT2639,19.89
SFIT2642,17.93
SFIT2647,18.11
SFIT2649,14.14
SFIT2650,13.47
SFIT2651,5.14
SFIT2653,18.19
SFIT2655,28.25
SFIT2658,34.76
SFIT2659,36.85
SFIT2660,18.58
SFIT2663,20.69
SFIT2666,22.19
SFIT2670,16.6
SFIT2671,11.78
SFIT2672,12.9
SFIT2673,18.82
SFIT2675,14.39
SFIT2677,42.94
SFIT2680,13.85
SFIT2683,15.3
SFIT2684,20.24
SFIT2686,20.35
SFIT2689,20.0
SFIT2691,18.32
SFIT2692,15.01
SFIT2697,13.99
SFIT2698,43.34
SFIT2699,31.14
SFIT2700,43.79
SFIT2704,16.58
SFIT2705,17.9
SFIT2706,26.16
SFIT2707,20.41
SFIT2708,14.94
SFIT2709,15.8
SFIT2710,16.37
SFIT2711,26.47
SFIT2712,26.65
SFIT2713,37.87
SFIT2716,24.65
SFIT2717,20.39
SFIT2718,34.91
SFIT2719,24.93
SFIT2721,25.35
SFIT2723,36.2
SFIT2729,20.72
SFIT2732,17.02
SFIT2735,16.71
SFIT2736,21.66
SFIT2740,28.99
SFIT2743,21.28
SFIT2745,21.27
SFIT2747,25.99
SFIT2748,21.86
SFIT2749,21.12
SFIT2751,26.28
SFIT2752,31.03
SFIT2754,17.94
SFIT2755,19.77
SFIT2756,20.42
SFIT2757,22.43
SFIT2761,21.82
SFIT2764,31.33
SFIT2765,23.14
SFIT2766,22.78
SFIT2767,20.78
SFIT2774,17.7
SFIT2775,20.22
SFIT2776,13.0
SFIT2777,13.44
SFIT2779,19.38
SFIT2780,24.38
SFIT2782,23.46
SFIT2783,23.14
SFIT2786,19.03
SFIT2787,20.05
SFIT2788,17.37
SFIT2790,22.98
SFIT2791,27.8
SFIT2792,31.09
SFIT2802,21.07
SFIT2803,21.41
SFIT2805,22.04
SFIT2807,31.26
SFIT2808,22.28
SFIT2809,33.05
SFIT2810,34.33
SFIT2811,23.76
SFIT2813,24.24
SFIT2814,24.89
SFIT2815,35.22
SFIT2817,35.56
SFIT2818,35.84
SFIT2819,27.72
SFIT2820,35.98
SFIT2821,30.85
SFIT2823,36.87
SFIT2824,27.35
SFIT2826,39.06
SFIT2830,28.67
SFIT2831,29.76
SFIT2832,30.5
SFIT2833,31.15
SFIT2834,31.51
SFIT2835,30.32
SFIT2836,19.93
SFIT2837,17.03
SFIT2842,24.47
SFIT2843,28.02
SFIT2846,18.95
SFIT2847,18.48
SFIT2848,25.69
SFIT2849,18.01
SFIT2850,16.98
SFIT2851,26.83
SFIT2852,16.39
SFIT2853,16.41
SFIT2854,15.33
SFIT2855,19.0
SFIT2856,25.8
SFIT2857,17.5
SFIT2858,19.54
SFIT2859,25.56
SFIT2860,25.4
SFIT2863,18.59
SFIT2864,25.32
SFIT2865,17.79
SFIT2866,17.21
SFIT2868,10.5
SFIT2869,24.42
SFIT2871,23.65
SFIT2874,25.76
SFIT2877,24.58
SFIT2878,27.12
SFIT2879,24.25
SFIT2880,22.41
SFIT2882,22.09
SFIT2883,22.4
SFIT2901,30.33
SFIT2905,32.32
SFIT2906,32.39
SFIT2907,34.28
SFIT2910,30.94
SFIT2912,25.95
SFIT2915,32.1
SFIT2916,34.2
SFIT2918,30.57
SFIT2919,31.08
SFIT2922,32.51
SFIT2923,34.76
SFIT2925,34.54
SFIT2928,36.1
SFIT2929,36.66
SFIT2935,36.28
SFIT2937,35.06
SFIT2943,34.58
SFIT2946,39.68
SFIT2947,42.92
SFIT2951,36.05
SFIT2953,37.44
SFIT2955,36.45
SFIT2956,35.67
SFIT2957,35.16
SFIT2958,36.15
SFIT2960,35.8
SFIT2961,34.48
SFIT2964,35.76
SFIT2969,39.53
SFIT2973,19.45
SFIT2974,21.17
SFIT2978,35.59
SFIT2980,21.33
SFIT2981,22.69
SFIT2984,28.31
SFIT2987,32.97
SFIT2988,15.39
SFIT2990,39.14
SFIT2992,39.32
SFIT2993,37.28
SFIT2995,37.28
SFIT2996,38.18
SFIT3001,18.51
SFIT3005,20.01
SFIT3007,19.81
SFIT3011,15.35
SFIT3012,18.33
SFIT3014,20.09
SFIT3017,17.87
SFIT3025,20.91
SFIT3029,21.22
SFIT3030,22.24
SFIT3031,22.91
SFIT3032,22.0
SFIT3036,21.31
SFIT3038,22.4
SFIT3040,21.59
SFIT3042,24.9
SFIT3045,23.15
SFIT3048,17.42
SFIT3050,17.52
SFIT3052,22.71
SFIT3055,24.88
SFIT3056,21.56
SFIT3057,26.54
SFIT3058,27.57
SFIT3062,22.24
SFIT3063,25.84
SFIT3065,25.64
SFIT3066,36.82
SFIT3067,36.64
SFIT3068,42.66
SFIT3073,35.47
SFIT3074,12.15
SFIT3075,35.66
SFIT3077,21.46
SFIT3079,22.95
SFIT3080,21.6
SFIT3081,21.18
SFIT3082,20.86
SFIT3083,16.07
SFIT3084,16.42
SFIT3085,32.78
SFIT3086,16.47
SFIT3089,12.88
SFIT3090,16.31
SFIT3091,32.77
SFIT3100,13.78
SFIT3105,15.03
SFIT3107,45.16
SFIT3110,32.8
SFIT3111,24.44
SFIT3113,24.9
SFIT3114,25.74
SFIT3115,27.27
SFIT3116,26.55
SFIT3117,26.7
SFIT3123,16.55
SFIT3125,21.69
SFIT3126,22.92
SFIT3127,23.07
SFIT3128,18.61
SFIT3130,20.21
SFIT3132,19.1
SFIT3133,30.93
SFIT3134,31.39
SFIT3137,19.62
SFIT3138,18.66
SFIT3140,18.31
SFIT3142,16.84
SFIT3143,32.41
SFIT3144,16.33
SFIT3145,17.12
SFIT3146,14.23
SFIT3147,14.94
SFIT3148,14.54
SFIT3150,37.08
SFIT3151,18.7
SFIT3154,17.22
SFIT3155,21.55
SFIT3156,16.2
SFIT3158,14.89
SFIT3161,29.6
SFIT3165,31.12
SFIT3167,15.95
SFIT3168,32.57
SFIT3170,18.17
SFIT3171,39.62
SFIT3172,25.44
SFIT3173,24.44
SFIT3175,23.83
SFIT3176,23.87
SFIT3179,33.09
SFIT3182,17.79
SFIT3183,17.36
SFIT3184,18.53
SFIT3185,18.07
SFIT3186,16.96
SFIT3188,15.4
SFIT3189,21.64
SFIT3190,11.22
SFIT3191,27.64
SFIT3194,25.94
SFIT3195,25.1
SFIT3197,51.92
SFIT3198,32.69
SFIT3199,32.6
SFIT3201,40.4
SFIT3202,15.07
SFIT3203,18.08
SFIT3204,30.18
SFIT3205,18.31
SFIT3206,12.93
SFIT3209,19.34
SFIT3210,16.42
SFIT3211,17.08
SFIT3213,44.77
SFIT3215,41.88
SFIT3216,24.63
SFIT3217,15.55
SFIT3218,11.36
SFIT3219,24.28
SFIT3220,9.8
SFIT3221,9.76
SFIT3222,6.67
SFIT3224,19.92
SFIT3225,9.62
SFIT3226,27.47
SFIT3228,27.42
SFIT3230,18.14
SFIT3231,32.76
SFIT3232,23.04
SFIT3234,16.01
SFIT3238,38.4
SFIT3240,32.63
SFIT3244,15.48
SFIT3245,9.67
SFIT3246,17.55
SFIT3247,11.15
SFIT3248,15.6
SFIT3249,9.16
SFIT3250,15.94
SFIT3251,16.67
SFIT3253,20.44
SFIT3254,13.91
SFIT3255,19.81
SFIT3256,26.38
SFIT3260,32.78
SFIT3261,20.42
SFIT3265,38.63
SFIT3275,8.28
SFIT3276,38.92
SFIT3279,39.83
SFIT3284,25.08
SFIT3287,14.64
SFIT3288,4.25
SFIT3292,15.43
SFIT3294,14.61
SFIT3295,30.81
SFIT3297,28.02
SFIT3301,28.44
SFIT3302,25.53
SFIT3303,31.24
SFIT3304,27.17
SFIT3306,36.62
SFIT3308,36.09
SFIT3309,21.55
SFIT3312,25.19
SFIT3314,22.42
SFIT3315,22.05
SFIT3316,17.34
SFIT3318,10.11
SFIT3319,9.64
SFIT3324,17.08
SFIT3329,22.53
SFIT3331,28.08
SFIT3332,23.2
SFIT3334,30.51
SFIT3335,21.15
SFIT3336,34.6
SFIT3338,29.92
SFIT3340,20.83
SFIT3351,29.82
SFIT3356,12.75
SFIT3357,12.06
SFIT3358,17.64
SFIT3359,27.47
SFIT3360,27.14
SFIT3362,18.08
SFIT3364,25.2
SFIT3365,21.35
SFIT3366,36.36
SFIT3367,34.77
SFIT3368,25.87
SFIT3369,31.95
SFIT3370,31.84
SFIT3371,25.92
SFIT3372,28.07
SFIT3377,15.74
SFIT3378,32.39
SFIT3380,28.27
SFIT3389,26.84
SFIT3391,20.86
SFIT3400,15.21
SFIT3401,26.66
SFIT3402,17.73
SFIT34028,11.69
SFIT3403,16.55
SFIT3404,16.69
SFIT3408,17.5
SFIT3415,27.55
SFIT34226,1.53
SFIT3423,16.5
SFIT3427,18.56
SFIT3428,17.34
SFIT3430,27.34
SFIT3431,15.22
SFIT3432,21.59
SFIT3434,22.16
SFIT3435,28.84
SFIT3437,16.51
SFIT3448,17.97
SFIT3449,22.35
SFIT3450,17.7
SFIT3451,23.23
SFIT3452,28.26
SFIT3454,20.76
SFIT34540,13.98
SFIT3455,27.04
SFIT3456,1.87
SFIT3457,1.37
SFIT3458,2.25
SFIT3462,4.01
SFIT3464,8.78
SFIT3465,37.91
SFIT3466,8.21
SFIT3467,36.83
SFIT3468,20.16
SFIT3469,20.57
SFIT3471,22.16
SFIT3472,24.14
SFIT3473,4.7
SFIT3474,13.27
SFIT3475,4.96
SFIT3476,5.02
SFIT3478,3.74
SFIT3479,10.11
SFIT3480,6.36
SFIT3481,6.28
SFIT3484,4.32
SFIT3485,4.24
SFIT3486,23.75
SFIT3488,2.1
SFIT3489,2.03
SFIT3491,1.93
SFIT3492,2.16
SFIT3494,1.8
SFIT3496,1.83
SFIT3497,2.25
SFIT3500,1.8
SFIT3505,16.86
SFIT3507,3.21
SFIT3508,29.01
SFIT3509,17.6
SFIT3513,25.85
SFIT3515,21.93
SFIT3517,20.13
SFIT35175,20.8
SFIT3518,0.89
SFIT3520,17.91
SFIT3521,2.98
SFIT3523,1.53
SFIT3524,2.03
SFIT3527,1.68
SFIT3528,2.38
SFIT3530,1.52
SFIT35316,28.35
SFIT3533,1.77
SFIT3534,2.25
SFIT3536,2.61
SFIT3539,2.46
SFIT3541,2.49
SFIT3546,1.66
SFIT3553,2.84
SFIT3555,3.78
SFIT3557,4.5
SFIT3561,2.58
SFIT3562,6.9
SFIT3564,1.73
SFIT3565,1.62
SFIT3566,2.28
SFIT3568,6.59
SFIT35681,34.08
SFIT3569,2.35
SFIT3570,6.24
SFIT3574,27.11
SFIT3576,30.3
SFIT3577,0.87
SFIT3578,5.41
SFIT3580,1.27
SFIT3582,1.41
SFIT3583,3.76
SFIT3585,26.89
SFIT3586,0.84
SFIT35868,26.21
SFIT3587,41.74
SFIT3589,0.8
SFIT3590,34.05
SFIT3591,4.21
SFIT3592,24.05
SFIT3594,7.45
SFIT3595,1.99
SFIT3597,3.22
SFIT3598,2.17
SFIT3599,1.17
SFIT3600,1.39
SFIT3602,1.24
SFIT3603,4.2
SFIT3604,5.46
SFIT36042,34.68
SFIT3605,5.74
SFIT3606,5.79
SFIT3607,1.5
SFIT3608,1.5
SFIT3610,0.0
SFIT3612,4.38
SFIT3613,0.0
SFIT3614,5.08
SFIT3617,7.05
SFIT3618,1.88
SFIT3619,2.13
SFIT3621,7.7
SFIT3622,1.9
SFIT3623,2.11
SFIT3624,2.11
SFIT3625,10.6
SFIT3626,14.84
SFIT3629,28.76
SFIT3630,1.69
SFIT3632,2.42
SFIT3633,25.52
SFIT3635,3.38
SFIT3636,4.06
SFIT3637,40.23
SFIT3638,4.29
SFIT3639,38.26
SFIT3640,5.02
SFIT3645,3.92
SFIT3652,5.64
SFIT3654,31.63
SFIT3655,22.67
SFIT3656,6.01
SFIT3657,6.4
SFIT3659,20.92
SFIT3662,6.99
SFIT3663,20.79
SFIT3664,33.78
SFIT3665,36.7
SFIT3666,37.52
SFIT3667,12.25
SFIT3669,12.84
SFIT3670,11.9
SFIT3671,23.38
SFIT3673,14.08
SFIT3674,19.55
SFIT3675,14.06
SFIT3676,14.99
SFIT3679,14.41
SFIT3680,16.3
SFIT3681,14.72
SFIT3682,20.31
SFIT3683,20.25
SFIT3684,14.62
SFIT3685,14.93
SFIT3687,21.02
SFIT3688,15.04
SFIT3689,16.35
SFIT3690,36.3
SFIT3692,34.77
SFIT3693,31.06
SFIT36936,21.17
SFIT3695,17.61
SFIT3697,12.12
SFIT3700,11.5
SFIT3701,13.87
SFIT3703,22.84
SFIT3704,13.39
SFIT3705,24.68
SFIT3706,29.71
SFIT37067,17.11
SFIT3707,34.63
SFIT3708,25.36
SFIT3709,22.94
SFIT3711,27.57
SFIT3712,27.98
SFIT3713,30.73
SFIT3714,30.98
SFIT3715,31.43
SFIT3717,15.8
SFIT3719,15.2
SFIT3720,12.94
SFIT3721,13.02
SFIT3722,12.66
SFIT3723,10.25
SFIT3724,16.36
SFIT3726,17.53
SFIT3727,35.17
SFIT37271,0.07
SFIT3728,35.62
SFIT3729,18.54
SFIT3734,15.1
SFIT3735,36.84
SFIT3736,19.51
SFIT3739,14.25
SFIT3740,16.03
SFIT3741,15.41
SFIT3742,13.27
SFIT3744,19.96
SFIT3746,23.8
SFIT3747,17.6
SFIT3748,19.95
SFIT3749,16.7
SFIT3751,36.44
SFIT3752,15.52
SFIT3753,35.87
SFIT3755,30.03
SFIT3756,34.2
SFIT3757,33.81
SFIT3759,32.45
SFIT3761,32.44
SFIT3762,33.16
SFIT3763,34.21
SFIT3764,34.77
SFIT3765,33.34
SFIT3766,34.07
SFIT3773,25.78
SFIT3774,26.02
SFIT3775,25.7
SFIT3776,26.05
SFIT3777,26.09
SFIT3781,31.3
SFIT3783,29.36
SFIT3784,29.24
SFIT3786,19.42
SFIT3788,19.28
SFIT3789,19.01
SFIT3791,33.34
SFIT3795,5.38
SFIT3796,36.68
SFIT3799,31.76
SFIT3801,32.75
SFIT3805,31.17
SFIT3808,20.93
SFIT3810,23.58
SFIT3812,29.39
SFIT3813,29.54
SFIT38156,32.63
SFIT3819,13.96
SFIT3820,28.16
SFIT3824,23.69
SFIT3825,24.52
SFIT38259,6.63
SFIT3826,24.7
SFIT3828,24.64
SFIT3830,27.97
SFIT3831,27.99
SFIT3834,22.08
SFIT3835,22.58
SFIT3837,17.4
SFIT3838,23.71
SFIT3840,22.53
SFIT3842,22.91
SFIT3849,26.73
SFIT3850,27.92
SFIT3852,28.12
SFIT3853,16.94
SFIT3855,21.92
SFIT3857,22.4
SFIT38578,22.19
SFIT3859,8.96
SFIT3860,16.42
SFIT3862,26.59
SFIT3864,14.27
SFIT3865,11.01
SFIT3866,11.28
SFIT3867,12.73
SFIT3868,11.63
SFIT3874,14.3
SFIT3876,24.4
SFIT3880,17.63
SFIT3881,16.99
SFIT3883,16.62
SFIT3885,15.09
SFIT3886,14.5
SFIT3889,15.44
SFIT3890,17.04
SFIT3892,33.37
SFIT3895,23.48
SFIT3899,19.4
SFIT3901,12.03
SFIT3902,7.97
SFIT3904,12.18
SFIT3905,14.88
SFIT3906,13.84
SFIT3909,23.67
SFIT3911,22.2
SFIT3912,22.35
SFIT3913,20.65
SFIT3918,9.46
SFIT3919,10.66
SFIT3920,11.47
SFIT3921,10.28
SFIT3923,11.35
SFIT3924,11.07
SFIT3925,10.7
SFIT3926,10.81
SFIT39273,18.1
SFIT39275,30.9
SFIT3928,19.75
SFIT3931,22.73
SFIT3933,22.27
SFIT3934,23.41
SFIT3935,22.93
SFIT3937,23.29
SFIT3938,33.16
SFIT3939,32.17
SFIT3940,33.6
SFIT3941,21.05
SFIT3943,10.15
SFIT3944,19.4
SFIT3945,19.94
SFIT3949,34.14
SFIT3953,28.27
SFIT39538,21.25
SFIT3955,32.92
SFIT3962,24.71
SFIT3963,23.35
SFIT3964,21.69
SFIT39652,31.31
SFIT3966,45.2
SFIT3967,37.79
SFIT39677,30.42
SFIT3969,36.73
SFIT3973,40.96
SFIT3974,24.16
SFIT39742,13.03
SFIT3982,19.35
SFIT3983,18.89
SFIT3985,21.54
SFIT3986,25.39
SFIT3991,25.56
SFIT3992,41.66
SFIT3993,21.53
SFIT3994,27.44
SFIT3997,27.21
SFIT4000,27.38
SFIT4002,18.85
SFIT4005,32.1
SFIT4007,26.19
SFIT4008,28.23
SFIT4009,24.94
SFIT4013,36.6
SFIT4015,19.72
SFIT4017,25.1
SFIT4021,34.29
SFIT4024,41.8
SFIT4025,42.11
SFIT4026,21.92
SFIT4030,22.57
SFIT4033,41.62
SFIT4035,26.88
SFIT40387,25.66
SFIT4039,33.95
SFIT4040,25.74
SFIT4041,25.69
SFIT4043,18.98
SFIT4046,20.6
SFIT4050,27.78
SFIT4053,20.83
SFIT4056,17.74
SFIT4058,18.8
SFIT4059,25.68
SFIT4066,23.39
SFIT4070,20.8
SFIT4073,23.09
SFIT4076,22.38
SFIT4077,23.02
SFIT4080,22.82
SFIT4082,22.74
SFIT4085,22.16
SFIT4087,25.25
SFIT4088,26.07
SFIT4089,25.14
SFIT4090,26.24
SFIT40903,16.57
SFIT4092,26.2
SFIT4093,24.14
SFIT4094,24.79
SFIT4096,24.78
SFIT4097,24.35
SFIT4101,18.94
SFIT4102,19.32
SFIT4104,22.88
SFIT4105,20.87
SFIT4108,22.81
SFIT4110,18.03
SFIT4111,17.96
SFIT4112,18.18
SFIT4113,18.29
SFIT4114,18.46
SFIT4116,18.7
SFIT4117,23.24
SFIT4118,20.85
SFIT4121,28.86
SFIT41213,28.3
SFIT4126,14.56
SFIT4128,14.61
SFIT41288,32.41
SFIT4130,14.94
SFIT4132,16.19
SFIT4134,20.76
SFIT4136,24.11
SFIT4137,44.99
SFIT4138,21.93
SFIT41421,29.44
SFIT4143,23.51
SFIT4144,23.52
SFIT4145,47.01
SFIT4151,20.1
SFIT4153,20.05
SFIT4154,22.02
SFIT4162,23.51
SFIT4165,22.26
SFIT4166,22.74
SFIT4170,22.59
SFIT4171,22.33
SFIT4172,23.39
SFIT4173,22.81
SFIT4176,44.5
SFIT4179,28.7
SFIT4180,27.57
SFIT4181,28.5
SFIT4183,29.03
SFIT4184,31.95
SFIT4187,30.41
SFIT4189,27.08
SFIT41895,18.02
SFIT4190,24.78
SFIT4191,40.73
SFIT4195,24.4
SFIT4199,21.22
SFIT4200,19.89
SFIT4201,18.85
SFIT4202,40.54
SFIT4203,25.58
SFIT4204,25.98
SFIT4206,22.55
SFIT4207,39.96
SFIT4208,22.62
SFIT4213,23.52
SFIT4215,22.88
SFIT4216,29.05
SFIT4219,28.32
SFIT4220,28.61
SFIT4221,29.09
SFIT4222,22.05
SFIT4223,19.69
SFIT4224,21.84
SFIT4225,46.77
SFIT4227,46.21
SFIT4228,20.82
SFIT42282,21.23
SFIT4236,20.85
SFIT4239,29.63
SFIT4243,28.84
SFIT4245,28.79
SFIT4249,23.67
SFIT4250,22.5
SFIT4254,21.53
SFIT4255,21.43
SFIT4258,21.72
SFIT4260,20.72
SFIT42616,22.04
SFIT4262,16.21
SFIT4264,19.83
SFIT4267,19.36
SFIT4268,19.42
SFIT4270,19.79
SFIT4272,19.17
SFIT4273,29.33
SFIT4275,28.87
SFIT4279,28.94
SFIT4280,14.01
SFIT4281,14.96
SFIT4282,16.0
SFIT4283,12.54
SFIT4286,13.23
SFIT4287,13.92
SFIT4288,13.98
SFIT4290,16.43
SFIT4291,23.27
SFIT4292,17.19
SFIT4294,15.22
SFIT4296,19.81
SFIT4299,19.73
SFIT4300,18.31
SFIT4303,17.7
SFIT4304,18.67
SFIT4309,19.42
SFIT4311,20.95
SFIT4312,12.06
SFIT4315,12.25
SFIT4324,1.89
SFIT4329,31.59
SFIT4331,34.54
SFIT4334,17.87
SFIT4338,34.58
SFIT4339,3.5
SFIT4341,9.29
SFIT4346,0.59
SFIT43477,9.95
SFIT4353,2.02
SFIT4354,0.0
SFIT4359,26.03
SFIT4361,22.62
SFIT43658,1.85
SFIT43675,0.83
SFIT4368,21.82
SFIT4371,16.4
SFIT4373,25.98
SFIT4374,12.73
SFIT4375,2.87
SFIT4376,25.76
SFIT4377,18.75
SFIT4379,21.28
SFIT4380,21.87
SFIT4381,26.92
SFIT4386,18.9
SFIT4391,6.25
SFIT4397,12.2
SFIT4400,29.47
SFIT4401,43.34
SFIT4404,31.44
SFIT4405,31.48
SFIT4408,20.18
SFIT4409,22.4
SFIT4411,27.66
SFIT4413,26.12
SFIT4415,35.74
SFIT4416,51.7
SFIT44221,1.21
SFIT4424,24.12
SFIT4430,33.07
SFIT4432,17.31
SFIT4433,46.57
SFIT4434,21.34
SFIT44524,0.79
SFIT45778,1.36
SFIT46661,1.24
SFIT47085,1.22
SFIT47820,10.0
SFIT48112,11.34
SFIT48159,4.93
SFIT48268,0.01
SFIT48284,2.83
SFIT48504,2.95
SFIT49003,14.57
SFIT49345,34.13
SFIT49470,15.44
SFIT49877,0.0
SFIT50078,39.1
SFIT50301,15.3
SFIT50311,12.12
SFIT51941,14.29
SFIT53389,11.67
SFIT54019,23.78
SFIT54408,3.8
SFIT55641,42.0
SFIT55897,0.92
SFIT56573,24.24
SFIT57534,29.4
SFIT57870,29.41
SFIT58569,15.83
SFIT59067,26.59
SFIT61343,1.42
SFIT64799,21.47
SFIT65255,16.01
SFIT65339,13.95
SFIT65618,37.11
SFIT65875,22.96
SFIT66943,34.58
SFIT66944,35.39
SFIT67424,4.5
SFIT68298,48.92
SFIT72212,27.94
SFIT73485,15.26
SFIT74097,15.49
SG15A,28.64
SG16A,28.56
SG17A,18.6
SG18A,18.6
SG19A,40.92
SHAK-1,16.51
SHAK-3,7.05
SIT0017,30.1
SMH00020,18.09
SMH00023,25.49
SMH00030,20.33
SMH00037,12.64
SMH00046,13.86
SMH00059,14.77
SMH00060,18.92
SMH00061,19.58
SMH00106,25.34
SMH00108,15.32
SMH00122,18.03
SMH00134,1.78
SMH00135,42.11
SMH00136,24.01
SMH00139,0.0
SMH00149,14.86
SMH00160,14.16
SMH00161,20.94
SMH00169,23.08
SMH00174,45.21
SMH00183,15.55
SMH00185,15.63
SMH00189,29.04
SMH00217,18.65
SMH00218,21.33
SMH00264,18.62
SMH00281,15.49
SMH00282,13.19
SMH00289,18.98
SMH00302,14.35
SMH00303,12.43
SMH00304,21.35
SMH00311,20.27
SMH00315,20.89
SMH00328,8.78
SMH00329,7.06
SMH00342,14.83
SMH00346,8.71
SMH00387,26.73
SMH00422,19.88
SMH00425,25.93
SMH00437,16.9
SMH00448,27.6
SMH00469,19.49
SMH00481,3.43
SMH00486,14.59
SMH00548,13.34
SMH00590,33.74
SMH00592,32.95
SMH00683,41.6
SMH00707,29.5
SMH00714,30.8
SMH00800,35.63
SMH00812,16.17
SMH00833,14.71
SMH00872,32.84
SMH00873,14.1
SMH00881,21.42
SMH00886,3.24
SMH00891,27.01
SMH00899,16.3
SMH00911,33.73
SMH00912,14.83
SMH00919,23.57
SMH00941,25.71
SMH00949,29.15
SMH00950,19.6
SMH00993,34.45
SMH01032,26.45
SMH01036,24.89
SMH01059,16.48
SMH01065,15.5
SMH01068,19.5
SMH01083,18.5
SMH01089,27.0
SMH01090,13.5
SMH01131,3.19
SMH01133,12.87
SMH01135,13.88
SMH01158,20.59
SMH01163,1.75
SMH01164,0.65
SMH01165,1.27
SMH01167,3.25
SMH01168,24.16
SMH01170,0.33
SMH01173,14.92
SMH01199,18.77
SMH01200,9.28
SMH01203,17.84
SMH01204,14.63
SMH01205,17.16
SMH01211,19.75
SMH01213,13.36
SMH01222,18.01
SMH01227,7.89
SMH01229,13.23
SMH01242,13.76
SMH01245,16.28
SMH01246,26.91
SMH01252,16.3
SMH01255,14.79
SMH01261,11.04
SMH01265,16.31
SMH01266,16.11
SMH01269,27.27
SMH01287,14.15
SMH01291,20.67
SMH01292,19.57
SMH01294,17.13
SMH01302,13.93
SMH01303,20.32
SMH01313,10.26
SMH01340,14.43
SMH01341,15.71
SMH01342,23.06
SMH01344,16.13
SMH01346,15.97
SMH01349,10.86
SMH01358,11.5
SMH01364,29.86
SMH01365,12.06
SMH01371,19.1
SMH01380,24.07
SMH01395,46.56
SMH01403,10.2
SMH01407,8.0
SMH01408,19.45
SMH01430,16.77
SMH01434,12.94
SMH01454,28.61
SMH01456,26.39
SMH01465,18.51
SMH01474,22.56
SMH01477,25.45
SMH01484,25.7
SMH01497,36.54
SMH01505,18.62
SMH01512,25.93
SMH01521,67.47
SMH01526,32.0
SMH01527,27.46
SMH01539,1.16
SMH01540,25.32
SMH01544,13.69
SMH01548,16.36
SMH01561,13.45
SMH01570,42.15
SMH01576,35.82
SMH01580,28.76
SMH01584,23.49
SMH01588,26.9
SMH01591,24.91
SMH01592,18.08
SMH01598,0.99
SMH01612/14770,24.72
SMH01613,22.21
SMH01622,11.83
SMH01624,6.63
SMH01629,0.69
SMH01643,1.47
SMH01649,19.01
SMH01652,26.89
SMH01654,27.64
SMH01655,45.74
SMH01658,23.41
SMH01660,24.54
SMH01666,25.27
SMH01676,22.31
SMH01678,28.65
SMH01679,30.96
SMH01691,13.91
SMH01693,20.1
SMH01696,15.54
SMH01716,43.8
SMH01738,25.46
SMH01740,24.66
SMH01751,20.81
SMH01755,21.37
SMH01761,23.69
SMH01770,3.96
SMH01772,16.66
SMH01786,0.77
SMH01810,9.46
SMH01813,19.36
SMH01822,9.2
SMH01823,22.8
SMH01828,22.96
SMH01838,21.35
SMH01848,22.58
SMH01853,19.62
SMH01854,1.56
SMH01855,1.57
SMH01864,14.56
SMH01865,13.54
SMH01866,9.09
SMH01869,6.15
SMH01876,12.74
SMH01877,20.12
SMH01878,13.7
SMH01886,26.58
SMH01889,13.71
SMH01899,2.26
SMH01904,1.12
SMH01905,22.86
SMH01906,29.11
SMH01908,0.47
SMH01909,36.43
SMH01914,4.79
SMH01923,20.81
SMH01927,24.07
SMH01931,0.36
SMH01932,23.51
SMH01943,24.39
SMH01949,13.06
SMH01956,28.66
SMH01966,17.09
SMH01967,30.65
SMH01971,14.47
SMH01983,32.47
SMH01986,0.92
SMH01987,11.65
SMH02015,1.1
SMH02017,20.01
SMH02023,15.84
SMH02025,14.13
SMH02033,13.08
SMH02038,23.32
SMH02042,23.19
SMH02053,23.29
SMH02056,17.71
SMH02064,13.55
SMH02074,22.24
SMH02122,22.14
SMH02132,18.45
SMH02138,14.0
SMH02144,19.28
SMH02154,25.64
SMH02166,11.03
SMH02179,20.69
SMH02181,19.39
SMH02200,19.52
SMH02201,1.77
SMH02202,1.79
SMH02212,13.98
SMH02226,10.14
SMH02227,26.91
SMH02230,9.37
SMH02232,17.03
SMH02233,11.26
SMH02236,15.49
SMH02240,16.72
SMH02248,12.21
SMH02262,19.75
SMH02268,19.73
SMH02271,19.54
SMH02283,22.99
SMH02294,14.71
SMH02315,14.15
SMH02317,5.28
SMH02320,17.68
SMH02324,39.69
SMH02325,41.24
SMH02326,14.94
SMH02331,25.7
SMH02333,25.42
SMH02342,28.37
SMH02344,19.03
SMH02346,3.38
SMH02347,0.0
SMH02353,8.69
SMH02374,13.21
SMH02375,15.92
SMH02381,18.75
SMH02385,34.67
SMH02387,37.52
SMH02398,20.01
SMH02406,10.73
SMH02409,21.62
SMH02415,9.16
SMH02423,9.25
SMH02428,17.69
SMH02431,11.0
SMH02438,23.05
SMH02439,51.46
SMH02440,53.88
SMH02441,16.51
SMH02442,10.05
SMH02446,13.22
SMH02451,12.6
SMH02452,16.18
SMH02456,20.13
SMH02472,12.05
SMH02479,12.34
SMH02493,0.49
SMH02497,17.06
SMH02498,41.91
SMH02500,18.34
SMH02503,18.68
SMH02506,15.28
SMH02507,21.91
SMH02508,0.53
SMH02510,16.11
SMH02523,14.94
SMH02525,33.34
SMH02533,25.48
SMH02534,14.2
SMH02551,16.29
SMH02559,21.36
SMH02560,20.01
SMH02563,26.59
SMH02565,21.63
SMH02577,19.42
SMH02578,14.9
SMH02583,19.38
SMH02593,23.98
SMH02601,29.81
SMH02620,10.26
SMH02625,43.91
SMH02627,20.79
SMH02628,1.0
SMH02641,29.92
SMH02668,20.74
SMH02672,2.33
SMH02689,16.71
SMH02783,3.57
SMH02789,23.21
SMH02794,31.43
SMH02799,18.33
SMH02805,15.27
SMH02806,27.32
SMH02807,14.62
SMH02809,22.6
SMH02820,32.03
SMH02828,19.41
SMH02829,21.35
SMH02853,30.77
SMH02860,18.08
SMH02870,29.19
SMH02871,38.53
SMH02914,0.0
SMH03202,31.99
SMH03212,22.39
SMH03218,19.48
SMH03223,15.69
SMH03226,19.51
SMH03230,25.67
SMH03244,16.22
SMH03245,17.13
SMH03246,16.29
SMH03252,13.29
SMH03253,11.05
SMH03258,30.13
SMH03262,16.24
SMH03266,16.11
SMH03267,18.94
SMH03270,29.55
SMH03454,17.41
SMH03458,20.98
SMH03459,23.79
SMH03475,1.61
SMH03479,11.97
SMH03484,2.02
SMH03528,3.1
SMH03531,13.81
SMH03551,18.6
SMH03727,1.88
SMH03733,17.59
SMH03750,2.21
SMH03751,1.26
SMH03753,20.89
SMH03764,1.41
SMH03766,3.51
SMH03767,2.36
SMH03783,16.37
SMH03792,1.13
SMH03795,5.1
SMH03797,16.66
SMH03807,21.36
SMH03810,12.29
SMH03813,23.5
SMH03817,2.54
SMH03844,19.74
SMH03868,6.36
SMH03874,17.17
SMH03875,22.89
SMH03881,14.67
SMH03882,14.59
SMH03883,14.58
SMH03884,14.51
SMH03939,11.18
SMH03944,25.19
SMH03951,6.35
SMH03992,13.09
SMH03994,25.95
SMH04024,17.16
SMH04025,14.99
SMH04063,14.13
SMH04083,21.71
SMH04085,18.04
SMH04086,12.21
SMH04094,17.59
SMH04096,5.85
SMH04105,4.51
SMH04111,17.99
SMH04118,7.48
SMH04128,39.63
SMH04138,13.92
SMH04140,17.62
SMH04141,18.98
SMH04155,17.08
SMH04159,21.73
SMH04160,21.35
SMH04163,19.61
SMH04194,15.19
SMH04215,15.01
SMH04220,39.4
SMH04221,36.53
SMH04227,12.86
SMH04235,13.37
SMH04242,13.54
SMH04257,16.18
SMH04262,6.2
SMH04269,14.01
SMH04277,17.97
SMH04282,18.43
SMH04322,12.44
SMH04324,14.57
SMH04326,9.45
SMH04347,31.29
SMH04354,28.31
SMH04361,33.09
SMH04373,36.92
SMH04373o,16.05
SMH04391,19.79
SMH04405,23.78
SMH04408,11.61
SMH04413,16.11
SMH04442,19.95
SMH04445,17.82
SMH04450,14.21
SMH04451,12.54
SMH04472,24.83
SMH04473,12.39
SMH04496,18.13
SMH04498,16.05
SMH04502,30.85
SMH04503,40.91
SMH04509,21.09
SMH04514,30.49
SMH04517,16.6
SMH04521,16.4
SMH04534,24.55
SMH04535,18.07
SMH04536,19.64
SMH04538,15.51
SMH04539,17.96
SMH04553,20.98
SMH04558,17.09
SMH04566,43.33
SMH04569,12.86
SMH04574,18.18
SMH04585,33.6
SMH04588,28.53
SMH04590,29.36
SMH04591,22.07
SMH04592,36.83
SMH04596,23.59
SMH04606,27.28
SMH04612,14.88
SMH04615,34.89
SMH04619,19.23
SMH04623,27.54
SMH04645,19.16
SMH04648,20.51
SMH04674,18.45
SMH04681,17.94
SMH04682,14.15
SMH04711,22.45
SMH04724,25.71
SMH04725,17.32
SMH04730,16.86
SMH04743,32.09
SMH04762,19.06
SMH04770,12.58
SMH04783,13.24
SMH04798,21.61
SMH04800,15.1
SMH04804,13.78
SMH04815,18.6
SMH04817,2.02
SMH04821,16.76
SMH04824,19.06
SMH04844,16.89
SMH04845,15.92
SMH04867,22.41
SMH04884,19.26
SMH04908,0.69
SMH04911,13.68
SMH04948,12.39
SMH04954,20.69
SMH04988,2.04
SMH05014,7.03
SMH05033,2.39
SMH05042,1.58
SMH05051,12.37
SMH05077,16.87
SMH05084,1.46
SMH05125,15.94
SMH05134,2.12
SMH05154,0.39
SMH05162,15.97
SMH05164,14.17
SMH05168,0.0
SMH05175,13.57
SMH05181,6.93
SMH05215,36.91
SMH05216,12.13
SMH05228,1.16
SMH05257,12.06
SMH05262,32.82
SMH05270,18.91
SMH05282,18.32
SMH05286,0.3
SMH05288,22.82
SMH05303,20.24
SMH05312,33.78
SMH05316,12.5
SMH05319,9.74
SMH05322,47.08
SMH05327,17.76
SMH05329,13.93
SMH05364,19.3
SMH05372,61.37
SMH05383,18.34
SMH05391,12.61
SMH05404,11.93
SMH05405,11.79
SMH05406,11.36
SMH05415,15.15
SMH05418,25.76
SMH05421,13.89
SMH05430,15.74
SMH05432,15.2
SMH05447,30.38
SMH05469,16.02
SMH05475,29.35
SMH05479,21.78
SMH05526,23.55
SMH05535,30.22
SMH05550,35.9
SMH05551,35.8
SMH05556,25.48
SMH05561,3.83
SMH05567,3.27
SMH05570,1.44
SMH05572,3.92
SMH05576,0.88
SMH05577,24.44
SMH05579,24.35
SMH05580,2.92
SMH05587,49.29
SMH05588,52.38
SMH05589,14.46
SMH05593,34.38
SMH05602,28.31
SMH05615,32.69
SMH05626,22.89
SMH05633,33.68
SMH05668,32.03
SMH05672,28.0
SMH05673,27.21
SMH05676,35.7
SMH05686,36.4
SMH05689,19.69
SMH05695,25.33
SMH05697,35.41
SMH05699,29.11
SMH05723,10.9
SMH05724,31.41
SMH05726,17.37
SMH05736,25.31
SMH05740,7.2
SMH05745,30.63
SMH05750,33.75
SMH05751,31.13
SMH05756,33.66
SMH05760,1.58
SMH05761,12.62
SMH05765,28.04
SMH05771,26.34
SMH05772,19.89
SMH05774,14.0
SMH05777,14.03
SMH05783,14.83
SMH05786,23.83
SMH05792,32.94
SMH05793,73.07
SMH05794,16.41
SMH05801,45.96
SMH05805,12.45
SMH05807,13.17
SMH05810,25.7
SMH05816,21.02
SMH05818,31.1
SMH05819,23.73
SMH05822,1.45
SMH05825,14.91
SMH05829,36.8
SMH05833,11.27
SMH05834,6.65
SMH05851,27.91
SMH05856,28.1
SMH05858,2.74
SMH05860,30.88
SMH05864,14.89
SMH05867,30.16
SMH05879,25.07
SMH05888,17.18
SMH05904,21.22
SMH05907,6.27
SMH05928,18.48
SMH05943,28.35
SMH05947,21.64
SMH05948,5.03
SMH05962,3.83
SMH05966,2.7
SMH05982,2.62
SMH05989,26.02
SMH05992,39.81
SMH06000,8.13
SMH06005,9.15
SMH06022,12.32
SMH06041,5.29
SMH06045,15.0
SMH06063,10.9
SMH06065,10.33
SMH06067,41.31
SMH06075,16.96
SMH06082,16.63
SMH06084,26.77
SMH06087,22.92
SMH06088,12.27
SMH06089,19.16
SMH06093,30.07
SMH06095,8.5
SMH06097,9.42
SMH06101,16.93
SMH06104,18.94
SMH06106,10.85
SMH06108,10.33
SMH06110,24.22
SMH06111,15.02
SMH06112,2.34
SMH06114,4.62
SMH06120,20.25
SMH06121,19.2
SMH06122,28.32
SMH06130,20.46
SMH06131,28.8
SMH06146,14.36
SMH06149,21.03
SMH06155,11.29
SMH06156,14.38
SMH06167,13.29
SMH06169,12.73
SMH06174,26.44
SMH06176,10.31
SMH06179,14.57
SMH06188,15.9
SMH06236,25.3
SMH06243,15.09
SMH06248,24.56
SMH06249,15.94
SMH06251,24.37
SMH06252,23.47
SMH06264,15.48
SMH06269,9.61
SMH06275,13.01
SMH06303,33.95
SMH06322,26.47
SMH06323,27.34
SMH06324,21.66
SMH06327,16.21
SMH06339,27.75
SMH06385,35.58
SMH06492,20.21
SMH06503,37.77
SMH06511,12.88
SMH06520,15.42
SMH06528,21.46
SMH06537,12.43
SMH06543,18.1
SMH06552,19.68
SMH06558,37.84
SMH06568,17.96
SMH06571,22.11
SMH06576,27.11
SMH06577,27.06
SMH06582,17.64
SMH06584,13.82
SMH06586,18.61
SMH06594,17.34
SMH06599,15.75
SMH06605,50.5
SMH06606,24.97
SMH06613,19.39
SMH06617,53.26
SMH06620,24.93
SMH06634,14.46
SMH06635,18.9
SMH06637,42.7
SMH06648,20.32
SMH06664,12.76
SMH06665,18.46
SMH06667,23.0
SMH06668,19.37
SMH06670,18.31
SMH06673,30.63
SMH06685,19.71
SMH06686,15.3
SMH06692,27.68
SMH06736,28.46
SMH06800,22.9
SMH06801,17.28
SMH06803,23.56
SMH06813,11.74
SMH06814,9.29
SMH06815,4.12
SMH06823,22.35
SMH06827,8.84
SMH06832,16.3
SMH06836,3.78
SMH06841,36.94
SMH06847,22.61
SMH06850,2.94
SMH06852,11.54
SMH06853,22.87
SMH06868,18.34
SMH06869,20.52
SMH06882,12.27
SMH06884,1.77
SMH06891,15.1
SMH06897,3.79
SMH06907,29.64
SMH06922,12.85
SMH06925,19.52
SMH06928,17.43
SMH06932,31.57
SMH06933,1.16
SMH06941,29.43
SMH06942,35.8
SMH06950,12.75
SMH06957,2.41
SMH06959,0.76
SMH06960,35.64
SMH06963,25.58
SMH06964,16.33
SMH06965,22.81
SMH06988,3.71
SMH06989,15.67
SMH06994,10.93
SMH07007,0.31
SMH07018,29.17
SMH07025,9.92
SMH07035,37.52
SMH07044,1.81
SMH07051,7.54
SMH07075,16.66
SMH07078,31.08
SMH07079,27.42
SMH07100,30.14
SMH07109,13.49
SMH07110,2.68
SMH07113,8.61
SMH07114,13.33
SMH07116,16.84
SMH07133,27.64
SMH07135,35.52
SMH07142,11.92
SMH07153,3.69
SMH07156,20.71
SMH07184,31.82
SMH07190,0.93
SMH07199,26.12
SMH07202,7.8
SMH07203,0.68
SMH07204,2.44
SMH07207,1.99
SMH07208,15.72
SMH07210,29.69
SMH07213,13.55
SMH07229,23.0
SMH07239,21.27
SMH07240,31.4
SMH07244,28.5
SMH07251,1.22
SMH07253,0.54
SMH07254,0.91
SMH07256,4.45
SMH07257,7.25
SMH07258,2.25
SMH07263,11.95
SMH07269,20.75
SMH07287,13.31
SMH07291,10.49
SMH07305,16.24
SMH07317,11.03
SMH07339,0.55
SMH07366/20566,24.27
SMH07366/20566_2,24.18
SMH07373,14.86
SMH07376,17.18
SMH07377,18.34
SMH07378,17.33
SMH07398,18.76
SMH07414,5.02
SMH07419,1.08
SMH07435,14.25
SMH07437,16.46
SMH07439,15.34
SMH07446,4.17
SMH07448,1.63
SMH07449,6.53
SMH07456,13.06
SMH07459,21.2
SMH07462,23.1
SMH07469,21.41
SMH07491,15.4
SMH07492,18.81
SMH07509,15.02
SMH07513,11.24
SMH07515,8.83
SMH07527,1.87
SMH07536,14.53
SMH07541,24.87
SMH07578,7.89
SMH07582,17.65
SMH07583,19.65
SMH07592,20.2
SMH07598,8.86
SMH07610,14.78
SMH07611,10.31
SMH07613,2.35
SMH07619,28.55
SMH07625,9.5
SMH07631,21.54
SMH07632,14.58
SMH07644,19.22
SMH07646,23.76
SMH07650,1.44
SMH07653,11.58
SMH07654,22.43
SMH07657,1.88
SMH07659,1.76
SMH07660,7.32
SMH07668,33.74
SMH07676,20.99
SMH07678,13.34
SMH07681,1.13
SMH07683,3.84
SMH07697,4.55
SMH07734/27506/47794,25.36
SMH07738,16.59
SMH07753,4.83
SMH07756,20.44
SMH07773,21.59
SMH07774,14.68
SMH07780,23.83
SMH07784,0.62
SMH07786,3.11
SMH07787,7.87
SMH07794,33.13
SMH07795,15.63
SMH07800,24.47
SMH07802,16.28
SMH07803,22.39
SMH07829,15.64
SMH07834,11.84
SMH07846,17.13
SMH07848,14.08
SMH07851,17.38
SMH07853,15.16
SMH07856,18.78
SMH07864,14.59
SMH07865,14.1
SMH07877,0.53
SMH07878,14.97
SMH07880,1.82
SMH07885,22.25
SMH07916,10.89
SMH07921,17.57
SMH07925,15.75
SMH07927,13.68
SMH07940,15.42
SMH07942,24.3
SMH07947,18.18
SMH07948,22.26
SMH07949,31.58
SMH07953,32.4
SMH07961,47.56
SMH07962,48.63
SMH07971,16.06
SMH07972,16.16
SMH07973,10.1
SMH07981,14.3
SMH07982,27.66
SMH07985,10.0
SMH07986,9.92
SMH07986b,9.56
SMH07990,9.7
SMH08001,30.05
SMH08004,55.73
SMH08007,16.73
SMH08010,19.93
SMH08013,55.94
SMH08023,32.09
SMH08024,15.12
SMH08036,26.61
SMH08042,14.14
SMH08062,25.5
SMH08064,26.49
SMH08070,18.84
SMH08081,34.51
SMH08082,32.35
SMH08093,26.52
SMH08096,28.22
SMH08097,34.86
SMH08105,31.57
SMH08112,19.01
SMH08121,11.29
SMH08131,17.23
SMH08134,21.62
SMH08140,25.13
SMH08153,33.3
SMH08160,1.63
SMH08167,20.28
SMH08176,21.48
SMH08177,15.83
SMH08181,31.76
SMH08183,1.97
SMH08189,21.82
SMH08193,13.92
SMH08196,16.31
SMH08199,1.54
SMH08200,1.45
SMH08211,25.17
SMH08220,30.38
SMH08231,17.59
SMH08235,13.64
SMH08247,22.13
SMH08249,19.46
SMH08250,16.11
SMH08254,15.19
SMH08259,19.15
SMH08262,27.05
SMH08278,1.99
SMH08279,24.68
SMH08286,0.0
SMH08291,15.81
SMH08301,19.23
SMH08304,15.01
SMH08305,16.69
SMH08315,18.0
SMH08331,29.02
SMH08332,6.5
SMH08334,6.33
SMH08336,0.55
SMH08340,8.58
SMH08342,20.43
SMH08343,14.46
SMH08347,1.32
SMH08355,22.95
SMH08356,15.34
SMH08363,13.04
SMH08365,16.77
SMH08369,16.28
SMH08372,19.59
SMH08383,1.08
SMH08390,28.8
SMH08391,2.87
SMH08396,9.14
SMH08398,15.23
SMH08406,14.08
SMH08413,16.78
SMH08414,28.77
SMH08420,6.42
SMH08425,33.82
SMH08428,20.11
SMH08429,20.23
SMH08441,11.55
SMH08442,1.06
SMH08447,15.44
SMH08458,25.91
SMH08460,33.45
SMH08464,15.62
SMH08465,27.49
SMH08472,1.91
SMH08473,1.53
SMH08476,0.0
SMH08478,1.25
SMH08495,21.37
SMH08495o,21.23
SMH08502,1.19
SMH08521,24.13
SMH08525,21.87
SMH08526,21.96
SMH08527,24.98
SMH08529,13.69
SMH08536,55.12
SMH08542,18.74
SMH08543,10.23
SMH08546,30.48
SMH08560,29.59
SMH08568,22.6
SMH08570,20.82
SMH08571,21.04
SMH08572,22.7
SMH08584,11.57
SMH08585,1.72
SMH08594,13.58
SMH08611,9.64
SMH08612,11.33
SMH08617,20.0
SMH08620,13.48
SMH08636,21.19
SMH08644,43.76
SMH08648,11.82
SMH08659,13.55
SMH08660,14.0
SMH08663,12.54
SMH08683,26.72
SMH08697,18.41
SMH08702,25.41
SMH08706,17.16
SMH08707,22.6
SMH08720,20.55
SMH08728,27.74
SMH08730,28.07
SMH08731,21.79
SMH08748,18.14
SMH08750,11.94
SMH08758,16.63
SMH08759,14.03
SMH08764,25.16
SMH08766,23.65
SMH08771,25.33
SMH08774,18.55
SMH08775,18.86
SMH08778,25.77
SMH08796,13.03
SMH08806,27.05
SMH08808,1.68
SMH08825,20.82
SMH08828,10.72
SMH08829,48.01
SMH08835,15.98
SMH08836,27.28
SMH08837,28.14
SMH08845,3.64
SMH08851,12.08
SMH08855,12.21
SMH08856,2.48
SMH08863,32.36
SMH08864,21.83
SMH08867,21.72
SMH08874,16.49
SMH08875,8.97
SMH08888,14.64
SMH08894,14.86
SMH08895,20.01
SMH08897,47.46
SMH08898,36.86
SMH08900,14.16
SMH08901,12.15
SMH08904,2.38
SMH08908,13.0
SMH08922,15.89
SMH08927,13.74
SMH08935,13.54
SMH08936,9.99
SMH08937,13.54
SMH08943,15.96
SMH08958,12.56
SMH08961,21.91
SMH08962,19.6
SMH08963,18.78
SMH08965,23.87
SMH08969,14.83
SMH09002,17.37
SMH09007,12.91
SMH09009,10.91
SMH09025,17.24
SMH09028,14.79
SMH09036,14.02
SMH09038,18.45
SMH09040,45.51
SMH09044,13.45
SMH09047,33.99
SMH09053,25.26
SMH09058,13.9
SMH09059,19.76
SMH09060,18.46
SMH09074,20.6
SMH09081,15.55
SMH09082,16.78
SMH09085,1.86
SMH09088,10.98
SMH09089,11.47
SMH09091,15.65
SMH09092,23.65
SMH09098,28.59
SMH09101,19.24
SMH09102,16.67
SMH09108,22.41
SMH09109,12.86
SMH09111,44.09
SMH09117,13.89
SMH09118,14.2
SMH09124,13.89
SMH09134,14.02
SMH09137,31.01
SMH09142,1.1
SMH09147,21.04
SMH09172,18.09
SMH09173,17.28
SMH09198,26.56
SMH09207,16.57
SMH09232,10.72
SMH09243,27.01
SMH09281,22.55
SMH09286,2.02
SMH09297,0.0
SMH09307,38.85
SMH09685,19.1
SMH09686,28.62
SMH09696,15.47
SMH09698,19.77
SMH09699,18.28
SMH09704,26.63
SMH09715,13.06
SMH09727,10.82
SMH09728,11.84
SMH09731,12.71
SMH09732,17.44
SMH09733,24.74
SMH09736,16.25
SMH09737,25.91
SMH09739,28.69
SMH09741,21.99
SMH09744,16.08
SMH09745,15.77
SMH09754,18.91
SMH09757,26.81
SMH09950,1.23
SMH09958,3.21
SMH09959,2.62
SMH09995,4.4
SMH10017,14.73
SMH10028,14.47
SMH10029,12.54
SMH10030,13.1
SMH10033,17.15
SMH10041,0.91
SMH10062,1.19
SMH10076,17.82
SMH10218,1.25
SMH10223,1.69
SMH10228,1.22
SMH10229,2.3
SMH10234,17.43
SMH10235,16.58
SMH10236,17.06
SMH10240,17.36
SMH10259,1.34
SMH10289,13.02
SMH10295,0.93
SMH10304,1.78
SMH10310,0.65
SMH10314,11.2
SMH10319,0.57
SMH10320,1.72
SMH10332,14.64
SMH10348,0.8
SMH10350,1.73
SMH10353,3.69
SMH10368,3.83
SMH10369,1.5
SMH10378,1.61
SMH10379,0.89
SMH10387,22.09
SMH10489,3.63
SMH10523,1.61
SMH10530,36.2
SMH10535,1.81
SMH10541,5.3
SMH10569,33.87
SMH10570,27.88
SMH10572,20.12
SMH10573,31.27
SMH10592,18.64
SMH10600,4.83
SMH10601,3.58
SMH10606,21.56
SMH10616,10.57
SMH10625,23.89
SMH10633,14.42
SMH10641,13.41
SMH10646,28.75
SMH10647,26.43
SMH10648,16.47
SMH10649,17.58
SMH10650,8.02
SMH10652,12.25
SMH10654,4.65
SMH10655,4.35
SMH10656,8.98
SMH10658,4.42
SMH10660,10.38
SMH10666,19.23
SMH10673,15.87
SMH10676,11.05
SMH10686,27.12
SMH10697,23.28
SMH10707,17.37
SMH10710,14.08
SMH10716,21.79
SMH10767,13.49
SMH10771,36.79
SMH10777,32.07
SMH10794,20.98
SMH10813,16.51
SMH10849,37.0
SMH10851,13.29
SMH10853,14.25
SMH10877,16.85
SMH10887,19.1
SMH10895,22.1
SMH10909,23.83
SMH10925,22.34
SMH10931,30.68
SMH10932,14.54
SMH10934,15.65
SMH10941,16.67
SMH10943,14.98
SMH10951,10.78
SMH10960,12.04
SMH10962,14.44
SMH10964,16.41
SMH10970,16.56
SMH10974,14.72
SMH11006,18.5
SMH11008,23.46
SMH11040,18.27
SMH11044,20.07
SMH11045,29.7
SMH11054,14.83
SMH11064,44.77
SMH11070,19.51
SMH11086,16.84
SMH11100,31.72
SMH11108,15.48
SMH11110,15.67
SMH11116,38.44
SMH11130,20.11
SMH11136,16.88
SMH11146,19.3
SMH11147,26.67
SMH11149,22.19
SMH11154,17.4
SMH11173,25.43
SMH11178,15.37
SMH11196,11.18
SMH11197,31.06
SMH11271,9.02
SMH11276,7.76
SMH11278,29.67
SMH11280,18.34
SMH11284,32.26
SMH11298,15.54
SMH11306,36.88
SMH11320,23.0
SMH11337,18.52
SMH11347,19.81
SMH11354,27.67
SMH11364,12.71
SMH11366,21.1
SMH11367,20.28
SMH11368,16.92
SMH11370,33.0
SMH11373,27.29
SMH11374,21.63
SMH11379,16.43
SMH11380,16.61
SMH11392,10.44
SMH11396,13.17
SMH11405,1.07
SMH11412,14.55
SMH11441,14.28
SMH11471,17.3
SMH11472,21.3
SMH11490,18.49
SMH11501,34.57
SMH11503,16.39
SMH11506,16.32
SMH11538,28.75
SMH11590,0.23
SMH11591,0.87
SMH11599,14.39
SMH11605,16.05
SMH11608,0.79
SMH11609,1.22
SMH11621,1.96
SMH11651,21.11
SMH11666,15.19
SMH11684,26.54
SMH11686,2.98
SMH11687,28.8
SMH11689,20.48
SMH11708,1.01
SMH11720,0.98
SMH11732,37.67
SMH11736,0.55
SMH11765,32.77
SMH11776,28.07
SMH11784,0.55
SMH11786,16.34
SMH11799,16.49
SMH11801,14.87
SMH11809,24.09
SMH11813,0.71
SMH11819,18.72
SMH11831,33.31
SMH11839,24.21
SMH11840,24.56
SMH11843,12.74
SMH11845,12.37
SMH11846,12.49
SMH11848,9.39
SMH11851,21.23
SMH11862,26.12
SMH11867,41.71
SMH11886,19.62
SMH11887,20.14
SMH11888,20.81
SMH11890,21.94
SMH11907,15.85
SMH11915,14.71
SMH11939,20.04
SMH11940,26.44
SMH11962,29.31
SMH11966,16.45
SMH11968,23.97
SMH11969,13.12
SMH12018,27.85
SMH12027,25.32
SMH12028,42.43
SMH12051,24.96
SMH12058,19.1
SMH12060,21.95
SMH12066,25.43
SMH12086,6.97
SMH12090,24.26
SMH12102,17.59
SMH12116,27.76
SMH12119,4.48
SMH12121,23.74
SMH12146,10.5
SMH12147,27.98
SMH12148,26.32
SMH12155,20.12
SMH12156,29.65
SMH12180,20.12
SMH12192,13.63
SMH12197,26.36
SMH12202,25.91
SMH12214,23.1
SMH12239,23.37
SMH12253,15.46
SMH12256,13.99
SMH12262,30.54
SMH12267,6.56
SMH12270,13.52
SMH12276,17.7
SMH12281,15.58
SMH12283,26.51
SMH12286,13.93
SMH12288,15.72
SMH12289,15.35
SMH12290,32.53
SMH12296,0.0
SMH12327,19.92
SMH12329,5.27
SMH12332,27.68
SMH12335,27.56
SMH12343,1.58
SMH12349,19.65
SMH12351,23.84
SMH12355,17.42
SMH12359,23.09
SMH12360,21.44
SMH12364,13.76
SMH12365,22.02
SMH12366,21.44
SMH12368,11.89
SMH12371,29.22
SMH12372,16.96
SMH12401,19.17
SMH12410,3.42
SMH12434,28.35
SMH12453,3.88
SMH12459,2.91
SMH12465,21.42
SMH12466,21.74
SMH12469,22.71
SMH12470,12.97
SMH12471,10.77
SMH12476,0.79
SMH12487,12.28
SMH12489,14.51
SMH12491,30.24
SMH12516,20.44
SMH12524,5.31
SMH12525,9.28
SMH12526,9.78
SMH12527,8.32
SMH12532,1.35
SMH12544,20.21
SMH12546,13.48
SMH12547,43.62
SMH12555,18.65
SMH12569,5.62
SMH12575,16.48
SMH12582,12.9
SMH12599,15.45
SMH12609,14.64
SMH12610,14.83
SMH12616,11.05
SMH12621,10.56
SMH12623,13.88
SMH12631,20.39
SMH12632,20.63
SMH12638,21.27
SMH12643,17.67
SMH12652,23.01
SMH12656,12.26
SMH12665,10.64
SMH12684,13.34
SMH12693,17.27
SMH12696,16.44
SMH12699,11.68
SMH12700,19.48
SMH12702,14.11
SMH12706,33.7
SMH12708,36.96
SMH12714,11.45
SMH12715,11.9
SMH12719,22.84
SMH12720,23.6
SMH12725,27.4
SMH12728,29.19
SMH12732,22.57
SMH12742,19.97
SMH12743,20.82
SMH12745,27.0
SMH12749,27.93
SMH12754,11.49
SMH12761,17.38
SMH12762,8.65
SMH12780,14.69
SMH12782,11.78
SMH12794,7.41
SMH12796,15.83
SMH12844,21.31
SMH13053,11.59
SMH13065,2.92
SMH13066,4.9
SMH13067,13.58
SMH13075,33.53
SMH13077,35.91
SMH13083,25.3
SMH13084,25.73
SMH13085,25.51
SMH13087,20.54
SMH13091,31.9
SMH13092,14.1
SMH13099,22.67
SMH13100,28.65
SMH13101,16.4
SMH13106,22.41
SMH13107,25.97
SMH13114,15.87
SMH13130,29.24
SMH13138,26.76
SMH13139,25.14
SMH13142,19.16
SMH13150,25.6
SMH13156,17.24
SMH13161,31.6
SMH13172,13.76
SMH13178,18.34
SMH13198,15.36
SMH13199,22.12
SMH13202,15.04
SMH13204,54.47
SMH13211,12.69
SMH13216,45.39
SMH13217,9.94
SMH13219,27.71
SMH13228,15.27
SMH13229,15.86
SMH13236,12.47
SMH13238,28.73
SMH13243,21.55
SMH13251,32.19
SMH13257,13.6
SMH13259,15.2
SMH13261,18.39
SMH13276,30.07
SMH13277,26.61
SMH13280,20.7
SMH13282,13.2
SMH13284,0.54
SMH13290,18.17
SMH13292,15.62
SMH13298,17.96
SMH13299,18.83
SMH13305,31.9
SMH13370,12.51
SMH13372,3.84
SMH13379,37.07
SMH13381,20.64
SMH13394,27.81
SMH13400,2.95
SMH13401,17.1
SMH13404,21.28
SMH13409,13.34
SMH13410,12.8
SMH13412,16.8
SMH13417,2.6
SMH13421,36.1
SMH13425,21.65
SMH13438,39.85
SMH13445,26.23
SMH13446,3.78
SMH13450,3.78
SMH13464,0.72
SMH13478,24.68
SMH13480,22.01
SMH13483,26.68
SMH13495,35.02
SMH13496,34.69
SMH13498,29.93
SMH13499,34.62
SMH13518,25.59
SMH13528,4.02
SMH13533,3.41
SMH13535,14.02
SMH13542,16.75
SMH13544,34.18
SMH13550,32.99
SMH13552,21.05
SMH13584,0.98
SMH13589,12.59
SMH13596,21.86
SMH13599,22.97
SMH13615,30.85
SMH13624,11.2
SMH13628,16.05
SMH13630,0.32
SMH13636,15.3
SMH13637,24.32
SMH13646,2.94
SMH13652,29.55
SMH13655,30.75
SMH13658,14.44
SMH13659,26.43
SMH13666,18.29
SMH13673,8.72
SMH13676,8.65
SMH13679,22.41
SMH13680,19.15
SMH13682,10.5
SMH13684,19.69
SMH13685,18.72
SMH13699,4.7
SMH13701,19.97
SMH13704,27.72
SMH13708,25.58
SMH13710,16.65
SMH13722,17.46
SMH13723,19.46
SMH13726,12.26
SMH13736,0.84
SMH13737,3.06
SMH13742,4.65
SMH13746,19.81
SMH13761,18.91
SMH13764,37.66
SMH13766,33.62
SMH13782,20.94
SMH13802,36.17
SMH13807,3.99
SMH13821,15.35
SMH13833,14.6
SMH13835,26.55
SMH13843,11.2
SMH13846,14.17
SMH13849,3.81
SMH13851,0.81
SMH13857,24.04
SMH13859,15.98
SMH13885,9.06
SMH13889,23.99
SMH13891,18.18
SMH13894,19.0
SMH13902,1.79
SMH13904,0.98
SMH13913,9.02
SMH13917,28.87
SMH13925,12.98
SMH13935,21.13
SMH13939,5.21
SMH13949,1.35
SMH13950,3.28
SMH13959,5.2
SMH13979,17.84
SMH13980,14.12
SMH13981,17.71
SMH13984,16.11
SMH13987,1.06
SMH13991,12.4
SMH13996,2.14
SMH13999,27.82
SMH14005,24.3
SMH14009,15.79
SMH14011,23.08
SMH14016,10.93
SMH14022,17.58
SMH14025,14.59
SMH14026,12.33
SMH14031,18.09
SMH14054,18.96
SMH14055,16.03
SMH14057,4.72
SMH14076,24.38
SMH14087,15.63
SMH14090,33.18
SMH14100,12.63
SMH14103,18.23
SMH14116,10.24
SMH14120,8.75
SMH14121,11.06
SMH14122,3.6
SMH14129,3.04
SMH14130,2.35
SMH14139,19.15
SMH14142,19.91
SMH14143,16.57
SMH14151,23.86
SMH14153,21.56
SMH14175,8.07
SMH14177,28.85
SMH14181,14.59
SMH14185,22.11
SMH14186,9.63
SMH14189,39.69
SMH14193,2.73
SMH14194,1.08
SMH14196,2.42
SMH14198,1.05
SMH14216,1.31
SMH14217,13.96
SMH14218,30.23
SMH14220,21.8
SMH14229,20.92
SMH14240,4.51
SMH14242,33.75
SMH14249,9.56
SMH14254,4.73
SMH14259,22.21
SMH14261,22.33
SMH14266,1.71
SMH14272,17.4
SMH14274,3.13
SMH14276,4.41
SMH14279,0.64
SMH14284,27.46
SMH14288,2.42
SMH14316,32.28
SMH14321,23.57
SMH14335,23.2
SMH14346,20.31
SMH14350,23.52
SMH14367,31.16
SMH14388,15.38
SMH14395,29.25
SMH14398,18.19
SMH14404,16.75
SMH14415,17.11
SMH14428,14.46
SMH14435,14.92
SMH14446,20.53
SMH14451,1.02
SMH14457,21.1
SMH14469,14.34
SMH14474,24.92
SMH14480,15.79
SMH14487,14.79
SMH14488,14.27
SMH14489,10.35
SMH14497,14.17
SMH14500,13.62
SMH14503,11.88
SMH14508,24.98
SMH14509,24.33
SMH14513,21.2
SMH14521,22.48
SMH14531,18.26
SMH14532,26.71
SMH14546,17.76
SMH14553,0.97
SMH14560,11.66
SMH14584,31.7
SMH14587,14.19
SMH14608,28.75
SMH14610,24.61
SMH14611,20.24
SMH14624,20.61
SMH14626,23.86
SMH14632,28.84
SMH14638_2,21.31
SMH14645,22.79
SMH14648,26.1
SMH14653,26.41
SMH14657,25.37
SMH14670,12.49
SMH14677,17.51
SMH14692,35.95
SMH14698,31.97
SMH14703,35.75
SMH14716,9.2
SMH14717,2.11
SMH14734,16.38
SMH14760/27929/27930,24.74
SMH14763,19.53
SMH14773,29.73
SMH14781,21.45
SMH14782,1.19
SMH14794,1.07
SMH14795,31.37
SMH14801,14.2
SMH14806,16.19
SMH14809,0.53
SMH14810,1.58
SMH14819,0.93
SMH14824,27.17
SMH14838,23.86
SMH14847,16.99
SMH14850,16.47
SMH14851,0.68
SMH14865,7.18
SMH14871,23.99
SMH14876,1.31
SMH14882,26.9
SMH14893,1.39
SMH14903,2.59
SMH14912,45.0
SMH14915,29.31
SMH14920,17.85
SMH14925,15.02
SMH14928,19.88
SMH14934,31.68
SMH14941,24.29
SMH14956,23.62
SMH14957,20.76
SMH14958,14.96
SMH14964,19.43
SMH14965,23.71
SMH14979,14.73
SMH14983,15.75
SMH14986,11.67
SMH15006,31.31
SMH15013,13.78
SMH15018,16.38
SMH15025,23.35
SMH15026,1.37
SMH15038,26.17
SMH15041,17.33
SMH15042,19.73
SMH15051,29.95
SMH15057,16.16
SMH15059,19.35
SMH15066,21.54
SMH15070,34.67
SMH15071,16.71
SMH15073,27.88
SMH15074,25.42
SMH15080,19.98
SMH15082,21.46
SMH15091,12.54
SMH15115,19.11
SMH15124,30.52
SMH15129,20.31
SMH15132,16.21
SMH15137,20.81
SMH15150,28.38
SMH15154,28.21
SMH15158,34.44
SMH15160,20.31
SMH15169,20.66
SMH15171,27.94
SMH15176,29.31
SMH15180,9.06
SMH15181,14.45
SMH15183,18.81
SMH15191,25.92
SMH15194,17.73
SMH15195,19.14
SMH15206,8.83
SMH15208,19.81
SMH15211,18.33
SMH15212,69.52
SMH15215,14.89
SMH15219,21.84
SMH15221,11.15
SMH15229,15.01
SMH15234,16.59
SMH15236,21.04
SMH15241,15.62
SMH15245,12.83
SMH15253,24.66
SMH15255,20.24
SMH15267,19.79
SMH15281,16.66
SMH15289,20.09
SMH15292,15.43
SMH15296,19.23
SMH15297,8.79
SMH15298,17.07
SMH15301,19.44
SMH15302,17.19
SMH15324,24.37
SMH15329,16.06
SMH15332,2.77
SMH15343,15.58
SMH15346,29.06
SMH15356,25.26
SMH15358,22.28
SMH15374,23.53
SMH15388,15.08
SMH15401,20.93
SMH15406,20.43
SMH15407,20.85
SMH15412,15.42
SMH15414,19.15
SMH15416,27.28
SMH15417,27.31
SMH15420,1.83
SMH15421,0.0
SMH15431,14.86
SMH15432,39.5
SMH15434,3.48
SMH15439,1.1
SMH15443,21.31
SMH15445,15.19
SMH15448,14.83
SMH15485,12.61
SMH15492,29.49
SMH15493,31.26
SMH15497,28.74
SMH15519,7.23
SMH15521,9.2
SMH15522,1.71
SMH15523,17.67
SMH15527,19.15
SMH15532,16.06
SMH15534,22.17
SMH15540,16.96
SMH15549,16.91
SMH15570,14.0
SMH15571,14.34
SMH15572,16.71
SMH15573,13.75
SMH15584,12.91
SMH15588,13.23
SMH15599,22.61
SMH15601,13.65
SMH15602,12.05
SMH15622,14.97
SMH15628,32.42
SMH15632,19.02
SMH15633,20.9
SMH15634,27.7
SMH15637,35.74
SMH15640,39.03
SMH15643,16.65
SMH15662,10.1
SMH15666,63.1
SMH15668,17.59
SMH15671,17.92
SMH15675,20.54
SMH15678,20.64
SMH15683,16.0
SMH15684,28.62
SMH15686,11.86
SMH15696,26.97
SMH15701,36.38
SMH15702,23.24
SMH15704,14.86
SMH15706,43.65
SMH15708,16.56
SMH15714,12.14
SMH15718,13.51
SMH15728,13.01
SMH15730,14.27
SMH15740,13.58
SMH15748,14.65
SMH15750,11.96
SMH15752,1.14
SMH15789,19.03
SMH15817,8.87
SMH15824,14.57
SMH15825,13.32
SMH15827,18.23
SMH15828,16.93
SMH15868,2.47
SMH15886,0.0
SMH15894,1.19
SMH15897,37.56
SMH15899,4.3
SMH16269,22.41
SMH16283,18.78
SMH16289,15.67
SMH16290,16.25
SMH16309,19.32
SMH16312,18.16
SMH16319,24.4
SMH16320,18.27
SMH16323,19.89
SMH16325,24.95
SMH16326,17.49
SMH16336,20.61
SMH16339,20.77
SMH16340,30.24
SMH16505,31.82
SMH16512,22.19
SMH16518,1.3
SMH16537,0.96
SMH16548,8.86
SMH16565,18.53
SMH16567,2.89
SMH16607,0.72
SMH16619,8.48
SMH16625,7.53
SMH16627,1.62
SMH16629,2.12
SMH16630,16.95
SMH16631,17.4
SMH16809,2.06
SMH16810,2.09
SMH16834,10.03
SMH16835,14.82
SMH16839,14.18
SMH16840,0.0
SMH16856,15.79
SMH16858,14.4
SMH16861,16.6
SMH16913,23.03
SMH16921,1.97
SMH16927,1.5
SMH16928,5.64
SMH16929,0.96
SMH16933,2.31
SMH16950,20.64
SMH16951,0.88
SMH16955,16.17
SMH16966,21.39
SMH17032,15.79
SMH17039,5.66
SMH17041,3.99
SMH17068,41.6
SMH17073,10.13
SMH17082,1.81
SMH17116,16.65
SMH17122,0.0
SMH17123,0.0
SMH17149,2.73
SMH17153,11.77
SMH17160,11.91
SMH17174,16.41
SMH17183,9.63
SMH17187,11.21
SMH17188,12.45
SMH17192,20.33
SMH17200,44.05
SMH17206,32.49
SMH17209,17.65
SMH17213,10.65
SMH17214,22.68
SMH17218,16.56
SMH17221,27.39
SMH17232,13.07
SMH17238,18.81
SMH17245,7.98
SMH17251,5.62
SMH17258,19.01
SMH17260,19.26
SMH17264,11.17
SMH17265,9.51
SMH17269,9.0
SMH17279,29.08
SMH17283,7.91
SMH17284,15.89
SMH17296,16.32
SMH17310,27.06
SMH17321,13.91
SMH17382,17.72
SMH17386,16.24
SMH17387,10.56
SMH17388,11.14
SMH17397,13.94
SMH17401,15.04
SMH17402,36.05
SMH17406,22.81
SMH17419,19.17
SMH17421,34.3
SMH17471,23.16
SMH17475,13.28
SMH17476,13.87
SMH17503,15.68
SMH17559,19.07
SMH17564,18.39
SMH17565,21.74
SMH17573,18.08
SMH17575,14.08
SMH17582,19.09
SMH17589,25.02
SMH17590,26.55
SMH17595,27.52
SMH17607,34.34
SMH17623,17.24
SMH17624,16.45
SMH17628,20.06
SMH17631,18.36
SMH17636,27.26
SMH17645,13.56
SMH17658,12.12
SMH17667,14.57
SMH17669,15.43
SMH17675,33.6
SMH17676,30.08
SMH17677,44.74
SMH17678,14.52
SMH17685,26.66
SMH17690,39.17
SMH17695,17.43
SMH17699,11.25
SMH17700,25.04
SMH17702,19.72
SMH17714,34.28
SMH17724,16.42
SMH17725,18.84
SMH17733,13.56
SMH17743,17.67
SMH17746,22.83
SMH17769,18.27
SMH17784,16.93
SMH17795,19.03
SMH17805,14.21
SMH17829,15.78
SMH17832,17.65
SMH17834/51299,18.24
SMH17834/51299_2,18.16
SMH17841,38.5
SMH17844,6.73
SMH17845,6.68
SMH17847,16.69
SMH17870,14.67
SMH17890,14.52
SMH17905,13.25
SMH17920,18.42
SMH17922,16.44
SMH17925,19.49
SMH17943,22.43
SMH17958,1.57
SMH17960,20.76
SMH17963,17.39
SMH17978,13.8
SMH17979,1.85
SMH17986,0.98
SMH17995,16.19
SMH18009,19.97
SMH18026,24.49
SMH18038,15.85
SMH18043,18.96
SMH18064,9.8
SMH18091,1.32
SMH18098,1.66
SMH18103,2.59
SMH18108,2.18
SMH18115,13.36
SMH18120,15.0
SMH18136,0.7
SMH18138,2.18
SMH18142,17.07
SMH18182,14.86
SMH18231,21.3
SMH18233,0.74
SMH18246,14.9
SMH18261,10.58
SMH18262,15.9
SMH18263,20.76
SMH18324,11.99
SMH18345,16.1
SMH18349,15.1
SMH18350,33.04
SMH18351,17.37
SMH18352,21.52
SMH18354,14.23
SMH18360,19.12
SMH18366,1.33
SMH18368,1.34
SMH18395,15.32
SMH18396,18.75
SMH18407,17.59
SMH18413,22.37
SMH18424,19.43
SMH18426,3.26
SMH18428,64.28
SMH18432,12.65
SMH18436,14.62
SMH18449,8.62
SMH18450,10.16
SMH18467,12.11
SMH18474,18.68
SMH18481,11.89
SMH18506,13.95
SMH18516,12.09
SMH18524,19.28
SMH18555,12.39
SMH18607,27.34
SMH18615,14.71
SMH18628,27.87
SMH18631,24.75
SMH18634,28.28
SMH18636,23.16
SMH18647,22.35
SMH18662,21.25
SMH18664,26.71
SMH18665,26.62
SMH18666,22.3
SMH18673,0.84
SMH18675,3.69
SMH18678,6.44
SMH18679,10.07
SMH18681,15.95
SMH18684,9.3
SMH18688,4.54
SMH18698,22.3
SMH18702,21.94
SMH18705,21.63
SMH18732,6.3
SMH18736,24.48
SMH18740,26.42
SMH18743,25.81
SMH18746,32.1
SMH18763,17.12
SMH18764,16.1
SMH18773,21.16
SMH18781,29.11
SMH18783,35.67
SMH18785,33.81
SMH18788,34.76
SMH18809,25.29
SMH18810,24.79
SMH18813,26.82
SMH18826,29.47
SMH18827,32.56
SMH18832,38.98
SMH18848,34.73
SMH18849,34.76
SMH18854,29.18
SMH18859,35.97
SMH18862,25.41
SMH18864,27.92
SMH18870,30.13
SMH18872,26.8
SMH18877,2.05
SMH18880,22.43
SMH18885,22.07
SMH18893,11.67
SMH18897,15.01
SMH18900,35.96
SMH18903,34.87
SMH18907,31.78
SMH18913,1.17
SMH18929,4.74
SMH18931,14.86
SMH18934,28.61
SMH18935,11.35
SMH18937,30.3
SMH18938,19.47
SMH18950,23.6
SMH18961,30.81
SMH18964,10.53
SMH18965,16.1
SMH18974,34.57
SMH18978,27.92
SMH18986,28.94
SMH18987,34.38
SMH18989,0.43
SMH18991,4.61
SMH18992,8.75
SMH19002,14.72
SMH19021,20.16
SMH19023,5.93
SMH19032,22.6
SMH19041,17.25
SMH19048,5.37
SMH19056,3.42
SMH19061,2.84
SMH19075,13.14
SMH19076,11.28
SMH19082,3.65
SMH19087,2.81
SMH19090,0.72
SMH19095,7.7
SMH19099,10.67
SMH19101,16.22
SMH19108,23.05
SMH19111,3.11
SMH19112,3.38
SMH19138,4.74
SMH19143,4.02
SMH19145,11.15
SMH19146,6.64
SMH19147,7.12
SMH19160,15.54
SMH19165,9.3
SMH19166,11.85
SMH19181,42.34
SMH19183,6.1
SMH19190,4.08
SMH19195,10.15
SMH19196,4.76
SMH19202,21.31
SMH19220,16.5
SMH19224,9.45
SMH19225,9.88
SMH19227,12.05
SMH19234,13.84
SMH19240,20.35
SMH19251,16.99
SMH19254,21.22
SMH19257,18.18
SMH19261,20.11
SMH19269,13.74
SMH19275,17.04
SMH19277,28.28
SMH19279,11.37
SMH19289,13.56
SMH19297,14.82
SMH19298,15.14
SMH19305,18.88
SMH19310,17.2
SMH19315,10.56
SMH19318,18.88
SMH19319,16.37
SMH19323,13.85
SMH19329,4.01
SMH19335,22.31
SMH19339,22.09
SMH19341,33.71
SMH19348,29.05
SMH19360,20.1
SMH19372,27.92
SMH19375,26.35
SMH19376,14.66
SMH19377,13.85
SMH19384,14.69
SMH19406,43.52
SMH19422,6.51
SMH19432,41.63
SMH19483,12.74
SMH19590,17.48
SMH19592,18.57
SMH19661,16.8
SMH19670,2.01
SMH19674,18.19
SMH19679,17.53
SMH19680,23.67
SMH19684,23.0
SMH19693,12.18
SMH19695,23.55
SMH19699,11.79
SMH19702,15.77
SMH19703,44.73
SMH19706,7.64
SMH19707,16.15
SMH19728,22.01
SMH19730,25.44
SMH19731,24.77
SMH19737,32.75
SMH19739,33.48
SMH19749,12.65
SMH19757,17.55
SMH19760,18.89
SMH19762,12.21
SMH19764,13.93
SMH19768,21.42
SMH19774,25.57
SMH19775,19.25
SMH19781,23.35
SMH19788,22.86
SMH19802,0.76
SMH19808,44.78
SMH19810,19.82
SMH19812,28.66
SMH19815,19.32
SMH19820,3.99
SMH19821,12.5
SMH19822,13.17
SMH19826,18.39
SMH19828,22.29
SMH19834,18.16
SMH19836,20.99
SMH19840,33.34
SMH19843,44.27
SMH19844,24.9
SMH19845,65.43
SMH19847_2,26.87
SMH19848,16.02
SMH19850,20.94
SMH19852,14.87
SMH19857,18.14
SMH19858,26.45
SMH19861,27.95
SMH19863,58.82
SMH19870,13.57
SMH19877,23.66
SMH19880,18.65
SMH19886,11.76
SMH19892,19.25
SMH19920,34.59
SMH19994,21.4
SMH20001,13.65
SMH20015,21.22
SMH20028,3.5
SMH20029,21.9
SMH20033,19.36
SMH20037,19.6
SMH20043,2.05
SMH20048,26.27
SMH20051,26.0
SMH20053,28.9
SMH20058,17.89
SMH20061,26.73
SMH20063,29.75
SMH20065,3.97
SMH20066,2.55
SMH20068,7.22
SMH20069,0.84
SMH20074,22.24
SMH20079,25.57
SMH20081,22.51
SMH20088,35.11
SMH20090,22.35
SMH20093,15.55
SMH20095,1.33
SMH20108,34.1
SMH20111,4.98
SMH20112,23.5
SMH20113,4.05
SMH20119,21.13
SMH20125,24.66
SMH20136,42.2
SMH20138,3.38
SMH20142,8.18
SMH20154,14.41
SMH20162,3.23
SMH20167,32.06
SMH20176,35.89
SMH20178,14.82
SMH20184,46.93
SMH20192,37.12
SMH20204,22.88
SMH20209,17.8
SMH20216,22.26
SMH20217,16.82
SMH20218,24.01
SMH20220,8.89
SMH20221,1.0
SMH20225,0.55
SMH20239,14.6
SMH20252,43.63
SMH20279,1.51
SMH20282,15.0
SMH20295,22.62
SMH20300,0.0
SMH20302,35.47
SMH20303,24.74
SMH20305,36.12
SMH20309,14.56
SMH20311,20.33
SMH20313,4.57
SMH20318,29.03
SMH20321,1.83
SMH20352,19.32
SMH20358,1.18
SMH20368,6.91
SMH20376,32.15
SMH20389,3.34
SMH20410,14.01
SMH20412,32.94
SMH20415,19.44
SMH20433,36.03
SMH20439,1.35
SMH20441,2.98
SMH20456,1.06
SMH20470,24.94
SMH20473,0.64
SMH20479,11.97
SMH20481,17.87
SMH20484,4.74
SMH20485,4.3
SMH20490,17.51
SMH20509,28.3
SMH20510,11.74
SMH20514/47398,26.41
SMH20529/54044,24.11
SMH20529/54044_2,24.05
SMH20531,29.14
SMH20535,14.61
SMH20542,23.95
SMH20550,9.21
SMH20551,4.87
SMH20561,24.68
SMH20565,33.73
SMH20572,18.29
SMH20575,22.05
SMH20579,19.29
SMH20584,2.42
SMH20585,2.9
SMH20600,1.02
SMH20602,1.4
SMH20605,2.68
SMH20626,12.18
SMH20629,3.6
SMH20638,23.72
SMH20639,23.1
SMH20648,16.17
SMH20650,18.83
SMH20655,29.49
SMH20662,33.32
SMH20663,14.88
SMH20668,18.66
SMH20680,12.07
SMH20734,15.44
SMH20765,4.3
SMH20770,2.64
SMH20780,19.93
SMH20786,28.75
SMH20792,15.1
SMH20799,22.7
SMH20813,1.2
SMH20816,5.99
SMH20817,20.36
SMH20818,6.56
SMH20821,18.49
SMH20823,12.14
SMH20831,2.03
SMH20836,6.64
SMH20855,6.98
SMH20864,0.88
SMH20875,1.05
SMH20893,1.03
SMH20894,0.86
SMH20896,9.52
SMH20897,4.02
SMH20901,15.74
SMH20903,17.36
SMH20909,0.69
SMH20910,0.57
SMH20911,0.08
SMH20916,12.74
SMH20928,26.24
SMH20951,21.07
SMH20952,16.63
SMH20962,17.21
SMH20966,18.59
SMH20967,19.25
SMH20971,0.67
SMH20972,24.36
SMH20981,35.68
SMH20982,34.74
SMH20993,15.75
SMH20996,27.18
SMH20997,24.43
SMH21000,38.2
SMH21004,13.74
SMH21005,16.84
SMH21006,14.43
SMH21016,16.26
SMH21021,17.18
SMH21024,15.27
SMH21025,17.97
SMH21034,14.3
SMH21035,1.49
SMH21037,17.4
SMH21049,20.9
SMH21055,15.11
SMH21063,20.96
SMH21064,21.27
SMH21076,19.79
SMH21077,19.44
SMH21079,11.04
SMH21082,14.4
SMH21087,13.17
SMH21091,18.27
SMH21098,17.2
SMH21100,6.11
SMH21105,11.66
SMH21115,7.2
SMH21116,28.23
SMH21117,27.9
SMH21123,12.4
SMH21124,13.89
SMH21127,17.99
SMH21130,21.95
SMH21135,32.34
SMH21162,17.97
SMH21173,8.46
SMH21207,27.18
SMH21211,26.74
SMH21222,2.51
SMH21225,22.56
SMH21227,23.31
SMH21228,24.19
SMH21233,24.41
SMH21266,27.7
SMH21279,27.38
SMH21286,21.25
SMH21297,19.79
SMH21305,20.4
SMH21323,22.17
SMH21327,27.11
SMH21328,25.5
SMH21334,18.44
SMH21340,5.1
SMH21353,21.24
SMH21369,1.66
SMH21376,24.73
SMH21377,14.75
SMH21382,21.06
SMH21384,24.77
SMH21389,14.33
SMH21400,0.97
SMH21408,28.6
SMH21409,12.03
SMH21414,22.08
SMH21425,20.31
SMH21426,25.77
SMH21431,8.95
SMH21432,23.2
SMH21433,7.45
SMH21437,3.44
SMH21439,25.41
SMH21446,13.77
SMH21447,1.03
SMH21448,16.65
SMH21452,1.05
SMH21454,25.8
SMH21457,42.92
SMH21473,18.9
SMH21474,18.87
SMH21496,13.5
SMH21506,10.7
SMH21515,20.31
SMH21525,1.62
SMH21533,18.4
SMH21545,11.91
SMH21547,19.25
SMH21554,19.56
SMH21566,19.48
SMH21572,19.15
SMH21577,1.33
SMH21587,24.45
SMH21594,13.03
SMH21596a,12.55
SMH21600,16.79
SMH21606,25.29
SMH21610,33.44
SMH21612,1.84
SMH21628,16.69
SMH21629,15.21
SMH21650,6.16
SMH21658,10.05
SMH21662,16.18
SMH21674,19.34
SMH21678,5.73
SMH21701,22.32
SMH21710,11.23
SMH21711,16.83
SMH21715,17.29
SMH21744,13.32
SMH21749,4.7
SMH21762,24.28
SMH21765,21.3
SMH21766,23.32
SMH21778,15.53
SMH21783,19.3
SMH21790,19.39
SMH21798,21.4
SMH21800,18.02
SMH21801,19.75
SMH21805,27.98
SMH21806,13.84
SMH21807,28.04
SMH21812,9.7
SMH21815,7.74
SMH21825,25.67
SMH21833,19.12
SMH21838,24.42
SMH21841,29.24
SMH21842,29.49
SMH21850,21.99
SMH21851,63.3
SMH21852,20.36
SMH21880,18.54
SMH21881,19.0
SMH21890,12.57
SMH21901,21.09
SMH21904,16.08
SMH21916,11.36
SMH21929,13.37
SMH21935,13.04
SMH21940,11.2
SMH21944,15.45
SMH21947,13.49
SMH21949,16.36
SMH21950,16.24
SMH21968,27.15
SMH21969,31.51
SMH21970,25.91
SMH21973,15.47
SMH21978,16.62
SMH21987,54.27
SMH21997,12.2
SMH22001,13.2
SMH22024,19.37
SMH22028,21.6
SMH22045,19.83
SMH22052,17.43
SMH22055,26.67
SMH22056,25.6
SMH22058,23.32
SMH22064,19.27
SMH22068,12.13
SMH22078,3.7
SMH22085,9.26
SMH22086,10.27
SMH22088,23.48
SMH22090,30.57
SMH22091,14.12
SMH22092,28.44
SMH22094,28.64
SMH22110,13.83
SMH22115,22.06
SMH22119,35.0
SMH22124,25.76
SMH22138,28.61
SMH22144,1.87
SMH22145,12.87
SMH22160,15.89
SMH22168,21.01
SMH22169,17.8
SMH22174,12.34
SMH22175,23.33
SMH22179,21.29
SMH22188,18.64
SMH22199,3.58
SMH22211,19.44
SMH22213,8.05
SMH22218,25.95
SMH22223,11.14
SMH22229,10.34
SMH22238,20.49
SMH22239,9.41
SMH22248,14.94
SMH22251,16.63
SMH22254,45.06
SMH22260,29.73
SMH22272,26.12
SMH22276,10.2
SMH22287,10.72
SMH22288,16.03
SMH22293,18.18
SMH22295,66.24
SMH22299,19.13
SMH22301,21.68
SMH22304,28.02
SMH22305,36.7
SMH22312,11.2
SMH22317,13.11
SMH22318,7.16
SMH22320,22.03
SMH22323,20.23
SMH22327,21.77
SMH22328,38.62
SMH22343,14.78
SMH22352,16.24
SMH22370,2.45
SMH22377,39.43
SMH22395,12.08
SMH22421,23.11
SMH22447,17.04
SMH22448,16.15
SMH22467,40.76
SMH22486,1.65
SMH22488,2.49
SMH22503,44.97
SMH22893,19.84
SMH22895,49.6
SMH22913,18.01
SMH22921,24.63
SMH22927,9.14
SMH22930,20.03
SMH22934,19.45
SMH22935,17.72
SMH22936,17.3
SMH22938,19.66
SMH22939,17.94
SMH22940,20.79
SMH22941,17.98
SMH22942,15.04
SMH22951,16.76
SMH22953,19.83
SMH23088,2.92
SMH23108,15.76
SMH23111,34.97
SMH23113,0.57
SMH23114,19.03
SMH23127,17.72
SMH23128,24.91
SMH23145,15.3
SMH23165,0.0
SMH23185,13.76
SMH23201,1.21
SMH23206,16.31
SMH23208,12.46
SMH23216,0.57
SMH23219,10.77
SMH23231,2.96
SMH23238,0.01
SMH23405,3.15
SMH23425,15.87
SMH23427,16.41
SMH23444,17.3
SMH23446,14.58
SMH23453,2.36
SMH23456,1.55
SMH23468,14.25
SMH23471,11.94
SMH23485,1.87
SMH23491,3.93
SMH23492,2.52
SMH23511,1.75
SMH23512,3.31
SMH23515,14.86
SMH23520,2.01
SMH23531,3.31
SMH23537,1.09
SMH23539,1.08
SMH23551,3.0
SMH23554,2.88
SMH23587,2.09
SMH23588,6.24
SMH23592,53.11
SMH23647,13.97
SMH23648,21.52
SMH23649,1.55
SMH23668,1.49
SMH23705,1.23
SMH23707,1.19
SMH23729,2.16
SMH23737,12.68
SMH23744,17.29
SMH23756,10.84
SMH23764,9.24
SMH23766,6.76
SMH23766_2,4.61
SMH23766_3,6.31
SMH23775,14.59
SMH23776,12.2
SMH23777,3.56
SMH23778,22.58
SMH23779,21.35
SMH23788,16.85
SMH23790,18.41
SMH23799,10.67
SMH23802,15.6
SMH23803,15.85
SMH23808,16.53
SMH23810,15.58
SMH23811,24.23
SMH23820,10.72
SMH23826,18.53
SMH23831,13.41
SMH23834,1.8
SMH23838,5.85
SMH23845,19.91
SMH23855,10.04
SMH23887,30.58
SMH23892,13.38
SMH23894,20.3
SMH23899,27.05
SMH23908,16.16
SMH23928,18.42
SMH23946,20.94
SMH23947,15.1
SMH23968,23.18
SMH24003,39.93
SMH24005,18.74
SMH24012,11.6
SMH24037,21.72
SMH24042,19.75
SMH24075,28.06
SMH24076,16.86
SMH24082,39.63
SMH24093,18.22
SMH24103,14.63
SMH24104,20.74
SMH24107,14.31
SMH24108,17.5
SMH24109,40.06
SMH24112,25.19
SMH24116,23.38
SMH24119,25.11
SMH24124,24.0
SMH24129,11.57
SMH24130,16.32
SMH24133,18.08
SMH24154,38.96
SMH24158,30.66
SMH24162,26.94
SMH24164,14.54
SMH24165,27.67
SMH24166,32.01
SMH24181,31.97
SMH24182,26.18
SMH24193,19.4
SMH24197,25.8
SMH24198,32.55
SMH24210,24.86
SMH24222,12.95
SMH24227,29.38
SMH24237,20.95
SMH24257,33.98
SMH24258,39.65
SMH24261,44.03
SMH24262,14.44
SMH24281,11.26
SMH24283,12.2
SMH24290,17.86
SMH24310,17.67
SMH24312,35.17
SMH24333,22.38
SMH24334,21.16
SMH24335,20.03
SMH24343,18.61
SMH24350,1.12
SMH24352,36.75
SMH24392,20.02
SMH24393,22.44
SMH24394,20.91
SMH24409,13.19
SMH24411,12.93
SMH24419,32.44
SMH24453,11.16
SMH24454,13.39
SMH24456,13.47
SMH24462,28.35
SMH24465,19.24
SMH24467,21.34
SMH24472,14.7
SMH24486,0.19
SMH24500,22.63
SMH24503,20.74
SMH24525,18.28
SMH24553,27.68
SMH24554,28.49
SMH24563,34.37
SMH24565,21.8
SMH24567,14.2
SMH24567_2,15.49
SMH24568,16.0
SMH24569,6.16
SMH24583,21.36
SMH24586,0.72
SMH24594,1.34
SMH24609,1.65
SMH24664,1.94
SMH24665,6.62
SMH24666,20.45
SMH24680,17.19
SMH24681,17.16
SMH24683,0.78
SMH24687,0.92
SMH24723,1.14
SMH24726,31.66
SMH24749,15.8
SMH24753,36.56
SMH24756,1.44
SMH24764,20.13
SMH24765,1.73
SMH24769,0.67
SMH24780,15.99
SMH24788,1.11
SMH24817,1.05
SMH24818,25.69
SMH24839,0.79
SMH24874,11.96
SMH24884,15.95
SMH24898,0.01
SMH24907,35.28
SMH24910,15.79
SMH24915,11.99
SMH24916,37.02
SMH24917,21.34
SMH24920,13.34
SMH24937,20.47
SMH24939,16.45
SMH24940,12.4
SMH24958,21.24
SMH24959,35.61
SMH24963,1.2
SMH24967,20.14
SMH24971,1.36
SMH24987,19.47
SMH24992,18.99
SMH24997,12.72
SMH24999,13.95
SMH25001,18.95
SMH25011,40.68
SMH25014,47.57
SMH25024,9.36
SMH25025,13.81
SMH25027,14.0
SMH25030,19.56
SMH25036,19.03
SMH25041,20.65
SMH25050,28.39
SMH25054,19.55
SMH25074,11.97
SMH25082,28.82
SMH25092,14.81
SMH25093,27.8
SMH25112,19.53
SMH25135,31.46
SMH25142,19.13
SMH25199,34.87
SMH25200,2.23
SMH25204,32.73
SMH25205,24.68
SMH25208,27.49
SMH25209,24.06
SMH25210,27.33
SMH25219,4.4
SMH25224,23.47
SMH25225,23.63
SMH25227,42.19
SMH25230,20.94
SMH25231,20.05
SMH25241,4.32
SMH25242,25.66
SMH25245,3.56
SMH25248,17.16
SMH25253,23.93
SMH25265,17.94
SMH25266,11.98
SMH25273,21.42
SMH25276,4.11
SMH25277,2.74
SMH25283,35.14
SMH25289,25.29
SMH25300,23.48
SMH25303,25.11
SMH25330,28.99
SMH25347,33.22
SMH25350,27.77
SMH25355,25.43
SMH25374,26.99
SMH25377_2,28.31
SMH25383,32.89
SMH25384,31.61
SMH25388,23.28
SMH25391,18.51
SMH25397,18.79
SMH25400,33.66
SMH25402,8.73
SMH25403,45.15
SMH25406,22.4
SMH25407,27.2
SMH25408,25.02
SMH25410,23.19
SMH25411,1.9
SMH25412,5.46
SMH25417,32.83
SMH25420,29.44
SMH25426,17.98
SMH25433,12.57
SMH25434,72.44
SMH25436,20.32
SMH25444,14.07
SMH25449,11.93
SMH25452,3.69
SMH25453,36.13
SMH25459,13.58
SMH25460,26.02
SMH25462,35.47
SMH25469,0.24
SMH25470,25.83
SMH25494,36.38
SMH25495,12.18
SMH25497,9.4
SMH25501,6.52
SMH25507,24.15
SMH25509,27.45
SMH25512,23.03
SMH25514,8.21
SMH25516,26.11
SMH25517_2,9.87
SMH25523,35.71
SMH25526,34.81
SMH25527,14.9
SMH25528,15.39
SMH25535,15.05
SMH25536,36.2
SMH25538,16.21
SMH25540,1.27
SMH25541,35.45
SMH25543,30.58
SMH25553,7.97
SMH25554,8.38
SMH25555,16.88
SMH25563,24.81
SMH25566,14.82
SMH25573,19.34
SMH25578,19.89
SMH25585,17.53
SMH25592,20.88
SMH25604,18.75
SMH25607,26.86
SMH25609,24.94
SMH25612,18.77
SMH25614,18.73
SMH25617,27.09
SMH25618,4.5
SMH25621,4.81
SMH25634,0.94
SMH25638,9.65
SMH25643,2.02
SMH25650,5.16
SMH25655,10.96
SMH25657,10.56
SMH25662,6.53
SMH25674,13.35
SMH25678,25.04
SMH25683,1.41
SMH25687,2.59
SMH25690,9.61
SMH25692,4.93
SMH25694,6.37
SMH25711,11.05
SMH25717,8.98
SMH25722,0.8
SMH25729,16.46
SMH25730,13.23
SMH25733,13.94
SMH25752,18.29
SMH25754,4.47
SMH25762,18.9
SMH25768,15.98
SMH25770,13.68
SMH25775,19.35
SMH25776,16.48
SMH25778,7.71
SMH25785,16.69
SMH25787,17.66
SMH25792,17.98
SMH25797,12.18
SMH25799,11.74
SMH25800,11.52
SMH25802,16.54
SMH25805,14.92
SMH25812,9.94
SMH25823,20.05
SMH25834,15.87
SMH25835,16.1
SMH25836,15.08
SMH25844,14.26
SMH25845,22.54
SMH25850,13.57
SMH25855,15.8
SMH25856,13.45
SMH25859,15.45
SMH25862,14.65
SMH25887,21.57
SMH25891,14.8
SMH25893,11.93
SMH25894,16.09
SMH25896,12.75
SMH25900,13.3
SMH25902,20.92
SMH25904,13.17
SMH25905,11.5
SMH25906,13.03
SMH25907,11.55
SMH25926,26.79
SMH25928,25.21
SMH25930,16.77
SMH25943,17.75
SMH25947,21.91
SMH25950,17.42
SMH25969,12.15
SMH25989,28.96
SMH26065,28.15
SMH26154,21.86
SMH26155,32.98
SMH26160,18.57
SMH26239,14.51
SMH26259,13.63
SMH26260,16.5
SMH26275,25.41
SMH26277,29.39
SMH26279,28.62
SMH26283,34.7
SMH26289,20.69
SMH26310,31.76
SMH26333,7.96
SMH26338,28.17
SMH26346,23.48
SMH26348,20.04
SMH26352,33.13
SMH26358,25.85
SMH26376,17.58
SMH26382,18.04
SMH26391,16.69
SMH26397,60.76
SMH26404,18.79
SMH26411,20.81
SMH26418,22.57
SMH26423,24.1
SMH26435,15.58
SMH26437,71.31
SMH26439,15.29
SMH26443,29.54
SMH26444,29.58
SMH26446,10.2
SMH26448,26.24
SMH26455,21.88
SMH26456,27.13
SMH26466,33.33
SMH26471,28.34
SMH26472,13.9
SMH26474,15.58
SMH26477,15.83
SMH26480,26.71
SMH26488,27.22
SMH26499,20.75
SMH26502,13.76
SMH26510,17.42
SMH26511,13.55
SMH26514,12.68
SMH26596,35.46
SMH26647,21.94
SMH26663,36.28
SMH26666,22.09
SMH26670,22.09
SMH26675,17.27
SMH26688,18.98
SMH26689,6.58
SMH26702,1.35
SMH26704,6.33
SMH26709,17.26
SMH26714,37.77
SMH26745,13.04
SMH26748,33.62
SMH26753,40.4
SMH26755,27.47
SMH26756,19.1
SMH26762,23.29
SMH26766,14.81
SMH26771,1.34
SMH26774,2.2
SMH26776,19.07
SMH26778,21.35
SMH26779,20.77
SMH26782,0.0
SMH26785,15.43
SMH26792,13.21
SMH26799,17.9
SMH26803,12.07
SMH26834,17.41
SMH26835,23.88
SMH26839,11.03
SMH26842,1.85
SMH26843,1.87
SMH26848,0.97
SMH26857,12.2
SMH26859,33.47
SMH26862,27.83
SMH26892,2.48
SMH26907,31.97
SMH26911,30.29
SMH26914,22.82
SMH26917,14.17
SMH26933,12.37
SMH26936,26.35
SMH26937,31.19
SMH26942,6.05
SMH26943,0.67
SMH26944,7.91
SMH26945,45.85
SMH26946,0.66
SMH26947,0.68
SMH26948,0.61
SMH26965,12.04
SMH26971,17.23
SMH26973,2.23
SMH26978,10.31
SMH26980,21.5
SMH26986,20.24
SMH26991,21.74
SMH26999,15.4
SMH27002,0.39
SMH27018,20.5
SMH27019,39.49
SMH27024,1.03
SMH27028,26.13
SMH27033,38.21
SMH27041,5.45
SMH27060,1.03
SMH27066,19.36
SMH27084,1.67
SMH27093,13.24
SMH27099,23.73
SMH27107,8.34
SMH27117,24.67
SMH27118,16.41
SMH27121,0.7
SMH27127,5.13
SMH27130,2.43
SMH27132,9.76
SMH27141,17.29
SMH27143,1.75
SMH27164,22.23
SMH27198,10.65
SMH27200,14.19
SMH27201,17.31
SMH27203,13.72
SMH27212,1.99
SMH27213,0.88
SMH27217,13.42
SMH27235,22.02
SMH27237,21.18
SMH27245,43.19
SMH27249,22.94
SMH27271,20.65
SMH27284,5.18
SMH27289,24.45
SMH27317,16.78
SMH27320,26.31
SMH27321,67.26
SMH27322,15.08
SMH27327,68.4
SMH27328,11.96
SMH27328a,8.35
SMH27345,4.33
SMH27355,24.37
SMH27361,24.8
SMH27362,17.08
SMH27368,16.44
SMH27370,23.58
SMH27372,1.69
SMH27373,1.82
SMH27374,22.5
SMH27375,20.23
SMH27376,25.16
SMH27381,21.1
SMH27383,13.42
SMH27394,4.07
SMH27395,13.96
SMH27396,16.94
SMH27401,30.8
SMH27402,17.92
SMH27403,18.7
SMH27405,11.85
SMH27409,22.17
SMH27416,16.63
SMH27426,1.8
SMH27428,2.39
SMH27431/47753,25.77
SMH27432,7.36
SMH27441,16.76
SMH27442,14.54
SMH27448,2.43
SMH27457,4.6
SMH27459,3.08
SMH27462,17.83
SMH27465,18.12
SMH27470,40.15
SMH27472,17.83
SMH27477,17.47
SMH27504,0.68
SMH27505,2.12
SMH27512,24.23
SMH27521,17.63
SMH27541,29.19
SMH27542,15.42
SMH27544,17.56
SMH27550,13.24
SMH27553,17.45
SMH27554,8.39
SMH27555,7.83
SMH27556,22.15
SMH27571,17.67
SMH27572,33.24
SMH27574,19.19
SMH27576,20.0
SMH27578,10.36
SMH27601,27.75
SMH27606,23.34
SMH27610,32.7
SMH27612,15.11
SMH27621,15.27
SMH27633,14.53
SMH27634,16.76
SMH27635,16.14
SMH27636,15.87
SMH27637,10.58
SMH27646,15.08
SMH27647,12.91
SMH27650,15.77
SMH27652,18.29
SMH27661,8.26
SMH27662,9.22
SMH27663,10.97
SMH27664,11.97
SMH27701,18.09
SMH27707,12.39
SMH27712,4.86
SMH27722,15.6
SMH27726,27.75
SMH27731,21.65
SMH27749,18.1
SMH27752,9.56
SMH27755,11.5
SMH27756,16.19
SMH27764,13.62
SMH27771,18.13
SMH27775,27.52
SMH27787,19.84
SMH27792,14.77
SMH27810,18.56
SMH27821,25.23
SMH27830,26.04
SMH27832,24.96
SMH27840,34.4
SMH27858,19.25
SMH27875,31.31
SMH27887,10.07
SMH27888,20.08
SMH27895,21.8
SMH27917,23.4
SMH27918,27.78
SMH27925,20.9
SMH27931,11.33
SMH27938,4.69
SMH27949,4.22
SMH27958,13.95
SMH27966,1.12
SMH27968,19.87
SMH27970,0.0
SMH27977,15.02
SMH27979d,12.29
SMH27979u,18.53
SMH27981,20.34
SMH27982,23.67
SMH27984,12.19
SMH27992,22.04
SMH27993,47.08
SMH27995,1.3
SMH28006,24.33
SMH28007,20.81
SMH28013,0.37
SMH28016,27.3
SMH28017,23.9
SMH28023,23.26
SMH28029,40.89
SMH28030,22.23
SMH28031,19.18
SMH28046,19.2
SMH28050,2.12
SMH28053,31.46
SMH28054,15.42
SMH28068,7.59
SMH28094,21.61
SMH28096,1.67
SMH28135,12.84
SMH28141,19.0
SMH28145,18.76
SMH28164,11.34
SMH28180,29.17
SMH28181,6.14
SMH28182,6.6
SMH28183,1.26
SMH28202,15.05
SMH28205,4.56
SMH28214,33.09
SMH28222,22.1
SMH28225,17.07
SMH28235,29.82
SMH28236,18.72
SMH28249,12.88
SMH28250,25.44
SMH28251,29.75
SMH28256,12.36
SMH28264,23.74
SMH28268,14.12
SMH28282,22.51
SMH28296,18.35
SMH28305,6.46
SMH28314,21.49
SMH28316,12.76
SMH28334,63.62
SMH28338,18.56
SMH28346,20.04
SMH28347,22.2
SMH28348,26.27
SMH28352,28.11
SMH28365,20.96
SMH28366,19.84
SMH28376,1.77
SMH28378,21.26
SMH28385,16.71
SMH28388,29.61
SMH28390,24.35
SMH28393,23.89
SMH28395,29.87
SMH28403,28.46
SMH28404,48.17
SMH28410,65.83
SMH28412,19.01
SMH28413,14.58
SMH28419,23.27
SMH28423,28.37
SMH28428,23.44
SMH28444,28.54
SMH28449,28.06
SMH28452,19.26
SMH28461,17.36
SMH28464,27.79
SMH28467,12.44
SMH28478,0.47
SMH28480,25.75
SMH28487,14.85
SMH28489,12.24
SMH28490,15.3
SMH28491,13.29
SMH28496,5.46
SMH28500,18.58
SMH28507,10.77
SMH28509,11.72
SMH28511,18.64
SMH28515,22.21
SMH28518,22.38
SMH28519,14.81
SMH28542,12.64
SMH28545,12.39
SMH28549,48.96
SMH28566,14.99
SMH28590,41.05
SMH28592,20.39
SMH28597,15.2
SMH28599,13.52
SMH28603,17.42
SMH28605,26.96
SMH28606,25.56
SMH28607,1.76
SMH28608,10.43
SMH28609,41.55
SMH28612,25.38
SMH28613,17.53
SMH28614,16.29
SMH28615,19.39
SMH28623,17.14
SMH28628,3.72
SMH28633,16.37
SMH28659,28.27
SMH28665,36.08
SMH28667,26.59
SMH28683,17.14
SMH28685,14.33
SMH28700,11.25
SMH28704,17.23
SMH28706,14.76
SMH28720,12.77
SMH28721,12.94
SMH28722,13.54
SMH28725,20.43
SMH28728,21.67
SMH28731,11.8
SMH28736,11.02
SMH28739,18.38
SMH28740,17.94
SMH28745,15.71
SMH28749,14.36
SMH28750,11.19
SMH28760,14.29
SMH28764,12.09
SMH28775,21.43
SMH28782,1.9
SMH28787,16.51
SMH28797,18.31
SMH28807,29.18
SMH28808,36.96
SMH28815,15.16
SMH28819,17.82
SMH28821,15.96
SMH28844,26.05
SMH28849,2.84
SMH28854,17.05
SMH28857,22.33
SMH28859,10.75
SMH28868,36.51
SMH28873,21.89
SMH28875,21.66
SMH28885,13.16
SMH28886,13.52
SMH28887,16.46
SMH28895,15.98
SMH28923,27.81
SMH28950,26.71
SMH28954,17.94
SMH28956,17.84
SMH28984,13.4
SMH28985,30.22
SMH28988,15.67
SMH29010,19.19
SMH29016,42.31
SMH29043,3.09
SMH29045,24.28
SMH29053,23.21
SMH29426,24.5
SMH29435,21.6
SMH29436,17.94
SMH29438,16.98
SMH29439,16.1
SMH29447,15.87
SMH29465,12.01
SMH29468,20.9
SMH29480,29.51
SMH29489,23.81
SMH29503,22.73
SMH29504,24.58
SMH29506,22.4
SMH29659,12.62
SMH29663,36.99
SMH29745,13.9
SMH29747,13.14
SMH29962,47.39
SMH29977,1.75
SMH29987,16.53
SMH30003,13.48
SMH30036,12.58
SMH30050,2.18
SMH30075,12.34
SMH30114,3.64
SMH30117,14.58
SMH30118,17.12
SMH30130,0.95
SMH30132,1.05
SMH30136,14.35
SMH30140,21.93
SMH30145,15.95
SMH30149,0.61
SMH30167,11.95
SMH30210,14.09
SMH30212,23.41
SMH30241,1.01
SMH30254,1.42
SMH30260,13.6
SMH30261,23.82
SMH30264,15.28
SMH30271,0.81
SMH30289,1.47
SMH30292,1.61
SMH30294,0.91
SMH30323,20.17
SMH30324,17.96
SMH30329,20.83
SMH30331,29.3
SMH30333,17.4
SMH30356,25.47
SMH30358,22.46
SMH30360,21.29
SMH30369,13.69
SMH30370,19.37
SMH30372,25.04
SMH30373,16.53
SMH30386,23.9
SMH30389,17.77
SMH30392,17.92
SMH30399,10.65
SMH30413,15.35
SMH30426,8.65
SMH30434,20.73
SMH30435,20.96
SMH30441,10.36
SMH30452,6.57
SMH30470,14.6
SMH30478,17.61
SMH30502,12.1
SMH30542,20.05
SMH30576,14.49
SMH30587,14.31
SMH30589,21.91
SMH30608,15.58
SMH30609,19.27
SMH30618,20.85
SMH30634,26.7
SMH30672,40.28
SMH30680,14.95
SMH30684,12.57
SMH30688,27.67
SMH30689,14.81
SMH30690,13.32
SMH30691,30.03
SMH30726,31.59
SMH30768,19.95
SMH30778,36.64
SMH30785,15.68
SMH30787,15.46
SMH30790,13.78
SMH30797,28.86
SMH30798,18.44
SMH30801,23.68
SMH30803,19.81
SMH30804,13.54
SMH30810,17.1
SMH30818,23.42
SMH30820,20.26
SMH30824,18.23
SMH30834,16.52
SMH30840,10.17
SMH30842,12.24
SMH30843,13.22
SMH30844,19.68
SMH30845,19.75
SMH30851,14.6
SMH30860,17.9
SMH30862,23.3
SMH30870,30.04
SMH30871,29.75
SMH30875,34.56
SMH30879,12.54
SMH30880,12.55
SMH30884,18.86
SMH30888,35.35
SMH30906,17.04
SMH30918,15.69
SMH30924,27.29
SMH30941,11.27
SMH30964,13.61
SMH30975,11.53
SMH30982,15.93
SMH30990,21.23
SMH30999,17.3
SMH31010,14.41
SMH31013,20.7
SMH31024,15.22
SMH31027,22.53
SMH31028,19.52
SMH31030,18.87
SMH31067,28.56
SMH31083,16.74
SMH31085,43.83
SMH31086,14.89
SMH31088,23.24
SMH31090,22.91
SMH31130,17.4
SMH31141,17.11
SMH31148,22.75
SMH31149,17.82
SMH31169,19.25
SMH31189,24.36
SMH31203,10.52
SMH31204,26.18
SMH31205,25.99
SMH31206,25.81
SMH31207,41.82
SMH31215,19.06
SMH31216,21.55
SMH31217,22.89
SMH31218,34.08
SMH31223,30.36
SMH31224,31.21
SMH31225,27.7
SMH31231,12.42
SMH31232,21.29
SMH31235,0.59
SMH31248,17.93
SMH31250,13.29
SMH31259,0.94
SMH31267,22.3
SMH31286,12.89
SMH31288,13.89
SMH31298,13.77
SMH31338,7.51
SMH31339,1.22
SMH31351,18.39
SMH31354,2.0
SMH31360,0.67
SMH31370,0.0
SMH31373,35.38
SMH31375,8.05
SMH31414,1.63
SMH31431,0.6
SMH31472,35.92
SMH31475,26.46
SMH31490,0.82
SMH31493,16.23
SMH31494,1.34
SMH31497,24.87
SMH31509,1.56
SMH31526,4.01
SMH31548,2.45
SMH31552,1.0
SMH31559,0.58
SMH31576,0.94
SMH31607,1.22
SMH31636,12.42
SMH31667,18.4
SMH31687,19.79
SMH31700,14.2
SMH31704,16.81
SMH31707,22.07
SMH31713,46.13
SMH31715,1.77
SMH31722,8.87
SMH31723,12.88
SMH31728,12.01
SMH31732,14.38
SMH31740,22.16
SMH31741,18.95
SMH31742,38.73
SMH31752,13.36
SMH31755,12.79
SMH31756,18.43
SMH31759,18.05
SMH31799,17.17
SMH31806,27.43
SMH31816,27.97
SMH31833,31.31
SMH31861,25.67
SMH31868,29.86
SMH31869,11.75
SMH31932,33.18
SMH31933,26.99
SMH31934,25.93
SMH31935,23.62
SMH31940,33.64
SMH31949,27.6
SMH31955,13.83
SMH31957,25.05
SMH31980,3.73
SMH31981,17.61
SMH31988,24.83
SMH31991,18.53
SMH31992,19.18
SMH32002,24.25
SMH32007,9.89
SMH32014,16.27
SMH32019,31.32
SMH32020,27.52
SMH32022,3.71
SMH32026,28.22
SMH32027,20.01
SMH32028,19.91
SMH32039,34.96
SMH32040,24.22
SMH32043,31.45
SMH32049,46.56
SMH32062,29.39
SMH32127,21.65
SMH32135,25.89
SMH32138,25.59
SMH32154,31.04
SMH32155,7.76
SMH32156,21.45
SMH32178,23.12
SMH32185,12.4
SMH32187,12.5
SMH32190,14.4
SMH32191,20.25
SMH32195,12.3
SMH32197,19.95
SMH32199,19.73
SMH32204,17.8
SMH32208_2,11.48
SMH32211,14.13
SMH32213,12.33
SMH32223,30.97
SMH32225,29.76
SMH32230,0.0
SMH32243,30.31
SMH32254,4.3
SMH32258,24.81
SMH32259,6.96
SMH32262,27.79
SMH32264,27.83
SMH32272,23.88
SMH32274,25.27
SMH32275,31.92
SMH32277,44.42
SMH32278,33.37
SMH32287,8.46
SMH32296,15.52
SMH32298,21.61
SMH32299,26.35
SMH32305,24.75
SMH32307,25.63
SMH32310,16.53
SMH32318,18.88
SMH32335,20.14
SMH32336,28.1
SMH32348,3.83
SMH32359,21.87
SMH32360,27.17
SMH32363,18.5
SMH32364,17.88
SMH32371,5.21
SMH32396,2.69
SMH32400,1.97
SMH32405,10.79
SMH32406,10.83
SMH32409,12.83
SMH32410,5.48
SMH32432,4.99
SMH32434,12.11
SMH32439,17.79
SMH32442,14.18
SMH32448,23.3
SMH32455,6.35
SMH32456,6.71
SMH32464,13.37
SMH32470,5.45
SMH32471,8.91
SMH32487,16.12
SMH32490,10.06
SMH32501,42.87
SMH32524,4.37
SMH32525,18.16
SMH32534,27.85
SMH32535,14.39
SMH32538,14.47
SMH32540,16.21
SMH32547,13.29
SMH32561,10.28
SMH32562,15.42
SMH32563,15.23
SMH32574,17.4
SMH32575,13.32
SMH32576,10.19
SMH32578,28.73
SMH32580,4.78
SMH32585,14.8
SMH32602,17.36
SMH32603,17.13
SMH32604,20.99
SMH32615,15.26
SMH32616,11.68
SMH32617,27.71
SMH32618,15.63
SMH32624,19.31
SMH32631,10.83
SMH32644,10.38
SMH32649,14.82
SMH32652,19.25
SMH32656,18.57
SMH32659,17.44
SMH32660,15.22
SMH32663,28.34
SMH32665,18.85
SMH32667,17.1
SMH32670,46.05
SMH32680,16.11
SMH32683,26.02
SMH32696,31.94
SMH32702,25.12
SMH32707,28.39
SMH32714,36.98
SMH32717,15.18
SMH32718,8.59
SMH32728,12.75
SMH32735,20.19
SMH32744,14.65
SMH32749,16.66
SMH32765,10.85
SMH32819,32.35
SMH32862,42.23
SMH32955,18.75
SMH33040,7.53
SMH33041,2.82
SMH33042,2.87
SMH33044,14.86
SMH33054,27.25
SMH33057,29.53
SMH33058,7.64
SMH33065,26.52
SMH33071,21.45
SMH33072,16.58
SMH33074,17.66
SMH33087,17.22
SMH33092,7.31
SMH33105,21.2
SMH33108,26.84
SMH33111,28.0
SMH33130,12.4
SMH33135,23.1
SMH33136,22.2
SMH33138,15.47
SMH33153,12.2
SMH33161,15.03
SMH33169,21.87
SMH33174,23.44
SMH33177,16.13
SMH33183,8.2
SMH33184,46.3
SMH33185,1.12
SMH33186,1.54
SMH33191,7.59
SMH33197,47.75
SMH33198,13.16
SMH33201,28.71
SMH33213,28.07
SMH33227,39.06
SMH33229,18.09
SMH33230,43.88
SMH33243,12.32
SMH33246,34.79
SMH33249,29.34
SMH33261,16.27
SMH33264,22.73
SMH33274,42.43
SMH33275,26.21
SMH33333,17.32
SMH33353,2.95
SMH33356,23.91
SMH33362,14.72
SMH33370,15.32
SMH33379,20.02
SMH33391,28.95
SMH33392,5.6
SMH33396,19.77
SMH33401,23.64
SMH33404,19.6
SMH33411,1.51
SMH33417,3.02
SMH33418,19.18
SMH33420,19.77
SMH33421,26.51
SMH33429,25.59
SMH33433,6.09
SMH33437,19.94
SMH33440,3.71
SMH33442,3.81
SMH33449,36.55
SMH33451,17.7
SMH33452,29.74
SMH33455,32.67
SMH33456,26.78
SMH33462,32.47
SMH33467,29.79
SMH33471,16.74
SMH33478,2.21
SMH33490,5.02
SMH33491,0.93
SMH33493,4.86
SMH33496,15.76
SMH33500,20.86
SMH33504,24.36
SMH33506,23.73
SMH33509,21.77
SMH33512,23.64
SMH33518,8.98
SMH33524,18.16
SMH33525,18.54
SMH33532,19.78
SMH33536,19.92
SMH33541,36.02
SMH33543,32.19
SMH33544,17.44
SMH33552,3.42
SMH33554,48.11
SMH33572,1.64
SMH33584,1.02
SMH33585,22.19
SMH33591,28.27
SMH33594,19.07
SMH33604,22.65
SMH33607,25.41
SMH33614,28.74
SMH33620,37.6
SMH33626,25.43
SMH33655,15.95
SMH33656,28.54
SMH33670,20.3
SMH33687,21.57
SMH33690,27.48
SMH33698,45.64
SMH33700,1.53
SMH33705,3.93
SMH33718,12.07
SMH33721,17.66
SMH33730,17.93
SMH33743,20.49
SMH33751,1.37
SMH33756,27.32
SMH33767,20.67
SMH33773,37.64
SMH33779,0.74
SMH33793,12.73
SMH33794,25.43
SMH33801,28.72
SMH33802,26.27
SMH33804,29.54
SMH33808,38.81
SMH33839,25.52
SMH33866,20.42
SMH33872,24.49
SMH33886/33919,21.97
SMH33886/33919_2,22.02
SMH33892,2.37
SMH33896,21.62
SMH33910,3.86
SMH33914,1.39
SMH33921,16.62
SMH33929,16.61
SMH33935,7.84
SMH33940,3.95
SMH33948,3.19
SMH33967,0.8
SMH33976,0.91
SMH33978,15.43
SMH33985,2.61
SMH33988,15.62
SMH33991,15.31
SMH33992,18.37
SMH33994,15.34
SMH33998,13.7
SMH34006,9.06
SMH34010,23.9
SMH34012,21.93
SMH34014,21.57
SMH34019,21.66
SMH34030,4.87
SMH34031,7.91
SMH34034,13.74
SMH34037,22.1
SMH34039,13.24
SMH34063,3.86
SMH34117,22.53
SMH34121,32.64
SMH34122,7.79
SMH34127,19.3
SMH34131,19.23
SMH34136,3.47
SMH34139,8.51
SMH34140,4.17
SMH34144,5.06
SMH34146,3.28
SMH34147,3.63
SMH34158,14.23
SMH34159,19.52
SMH34162,31.94
SMH34163,29.07
SMH34176,40.55
SMH34185,11.33
SMH34187,20.58
SMH34188,5.96
SMH34190,2.0
SMH34194,24.36
SMH34195,39.76
SMH34210,25.46
SMH34226,14.79
SMH34228,13.9
SMH34229,12.54
SMH34231,14.95
SMH34232,5.13
SMH34238,1.28
SMH34245,7.16
SMH34249,6.22
SMH34250,4.71
SMH34251,3.46
SMH34252,2.01
SMH34254,15.44
SMH34256,14.84
SMH34263,23.6
SMH34265,22.1
SMH34284,2.76
SMH34288,32.67
SMH34319,23.83
SMH34343,29.43
SMH34346,35.99
SMH34357,30.87
SMH34359,31.72
SMH34373,21.33
SMH34374,17.37
SMH34385,15.21
SMH34387,12.76
SMH34390,28.43
SMH34398,13.21
SMH34403,16.48
SMH34405,16.36
SMH34413,20.76
SMH34427,0.8
SMH34428,20.55
SMH34444,14.95
SMH34462,25.28
SMH34485,20.24
SMH34486,20.31
SMH34493,23.37
SMH34494,15.04
SMH34495,16.0
SMH34496,6.11
SMH34497,26.87
SMH34498,26.62
SMH34500,24.05
SMH34505,22.15
SMH34507,31.39
SMH34513,32.27
SMH34517,16.77
SMH34525,22.96
SMH34526,26.98
SMH34534,16.55
SMH34540,12.89
SMH34541,17.77
SMH34545,32.9
SMH34549,7.32
SMH34556,29.26
SMH34558,12.26
SMH34561,41.55
SMH34564,35.18
SMH34577,13.83
SMH34579,27.44
SMH34591,32.1
SMH34621,25.77
SMH34631,29.96
SMH34655,26.01
SMH34681,29.69
SMH34690,34.75
SMH34692,0.91
SMH34693,20.77
SMH34709,21.47
SMH34711,10.73
SMH34713,23.7
SMH34716,30.1
SMH34731,12.45
SMH34736,11.17
SMH34742,9.33
SMH34744,11.44
SMH34750/41517,24.23
SMH34752,27.65
SMH34766,1.12
SMH34794,1.62
SMH34806,23.22
SMH34807,23.57
SMH34821,26.68
SMH34822,1.74
SMH34826,31.38
SMH34842,17.14
SMH34845,24.08
SMH34847,18.73
SMH34857,35.84
SMH34858,35.21
SMH34861,1.12
SMH34863,0.0
SMH34864,18.53
SMH34866,19.28
SMH34891,5.02
SMH34901,17.19
SMH34909,1.48
SMH34919,1.28
SMH34922,20.82
SMH34926,15.96
SMH34945,14.89
SMH34946,18.25
SMH34948,12.91
SMH34949,21.03
SMH34954,10.33
SMH34962,16.72
SMH34963,14.74
SMH34968,2.36
SMH34973,22.28
SMH34975,11.84
SMH35002,13.79
SMH35006,16.89
SMH35021,14.51
SMH35022,2.87
SMH35067,19.01
SMH35099,21.74
SMH35104,20.65
SMH35107,1.51
SMH35131,12.62
SMH35133,15.35
SMH35137,18.17
SMH35142,21.92
SMH35144,22.57
SMH35148,9.95
SMH35154,20.36
SMH35155,24.41
SMH35157,13.6
SMH35158,26.75
SMH35162,19.41
SMH35168,22.81
SMH35171,19.69
SMH35174,41.83
SMH35194,46.34
SMH35215,13.78
SMH35222,18.66
SMH35225,19.81
SMH35243,27.91
SMH35244,44.81
SMH35245,21.57
SMH35246,28.26
SMH35265,41.83
SMH35266,18.76
SMH35269,27.78
SMH35283,26.39
SMH35284,14.04
SMH35296,12.6
SMH35297,10.68
SMH35300,16.41
SMH35324,12.74
SMH35325,12.13
SMH35330,15.93
SMH35334,23.68
SMH35336,14.1
SMH35342,15.44
SMH35367,2.43
SMH35368,1.31
SMH35372,42.07
SMH35386,24.07
SMH35393,23.13
SMH35411,41.81
SMH35419,14.33
SMH35422,40.38
SMH35423,43.68
SMH35424,18.23
SMH35426,16.75
SMH35427,1.74
SMH35429,42.92
SMH35432,16.05
SMH35433,15.0
SMH35434,17.25
SMH35438,45.01
SMH35443,2.42
SMH35449,16.63
SMH35451,15.36
SMH35452,6.09
SMH35463,15.77
SMH35464,21.16
SMH35471,23.12
SMH35473,16.49
SMH35474,27.95
SMH35480,11.55
SMH35482,29.16
SMH35486,18.58
SMH35494,10.78
SMH35497,10.47
SMH35498,19.97
SMH35503,19.76
SMH35512,21.11
SMH35526,20.11
SMH35532,16.69
SMH35535,20.3
SMH35544,12.54
SMH35545,10.81
SMH35547,15.2
SMH35549,23.55
SMH35565,13.66
SMH35568d,22.74
SMH35569,57.31
SMH35570,16.29
SMH35579,12.78
SMH35591,13.12
SMH35597,12.9
SMH35599,10.76
SMH35601,32.85
SMH35603,13.7
SMH35614,4.89
SMH35615,18.11
SMH35618,13.5
SMH35623,15.69
SMH35625,41.31
SMH35641,29.09
SMH35642,28.49
SMH35643,28.83
SMH35644,29.0
SMH35648,29.65
SMH35657,13.52
SMH35665,14.66
SMH35669,18.27
SMH35680,11.01
SMH35681,11.61
SMH35682,14.88
SMH35690,20.28
SMH35703,16.84
SMH35705,13.19
SMH35706,11.81
SMH35708,12.55
SMH35712,25.18
SMH35713,23.67
SMH35714,13.0
SMH35715,7.39
SMH35717,12.12
SMH35719,27.82
SMH35720,25.41
SMH35729,27.72
SMH35738,41.27
SMH35752,13.08
SMH35770,18.16
SMH35777,22.83
SMH35819,36.79
SMH35822,19.26
SMH35838,12.26
SMH35848,16.29
SMH35849,14.67
SMH35853,18.54
SMH35877,41.66
SMH35913,13.39
SMH35921,0.0
SMH36268,20.49
SMH36293,30.12
SMH36300,13.95
SMH36304,14.67
SMH36309,12.74
SMH36311,13.93
SMH36313,13.27
SMH36322,23.42
SMH36326,19.59
SMH36327,18.44
SMH36332,14.95
SMH36333,30.99
SMH36337,21.1
SMH36338,23.08
SMH36496,33.45
SMH36501,16.32
SMH36502,18.85
SMH36509,16.35
SMH36519,0.0
SMH36522,2.13
SMH36530,1.56
SMH36532,0.0
SMH36558,22.55
SMH36570,1.95
SMH36585,14.78
SMH36607,2.66
SMH36626,16.3
SMH36633,33.16
SMH36640,10.01
SMH36834,1.41
SMH36836,2.85
SMH36842,16.37
SMH36843,20.43
SMH36844,16.24
SMH36855,0.54
SMH36863,1.0
SMH36865,18.58
SMH36866,16.88
SMH36867,16.25
SMH36871,2.71
SMH36912,3.64
SMH36934,1.55
SMH36959,2.07
SMH36962,2.82
SMH36977,13.94
SMH36993,0.93
SMH37030,20.96
SMH37045,0.0
SMH37046,8.73
SMH37055,14.25
SMH37104,24.08
SMH37108,14.03
SMH37116,1.11
SMH37133,0.69
SMH37155,1.34
SMH37157,3.8
SMH37162,14.1
SMH37164,13.01
SMH37167,14.06
SMH37168,28.62
SMH37171,28.11
SMH37186,4.43
SMH37189,18.15
SMH37191,4.27
SMH37205,12.69
SMH37206,17.38
SMH37213,10.83
SMH37215,5.95
SMH37224,14.74
SMH37226,13.2
SMH37229,11.68
SMH37230,12.65
SMH37231,10.84
SMH37236,12.18
SMH37239,13.85
SMH37249,9.5
SMH37252,20.59
SMH37262,19.06
SMH37286,37.32
SMH37316,25.14
SMH37333,40.47
SMH37337,17.64
SMH37399,12.98
SMH37404,14.8
SMH37405,16.51
SMH37418,18.09
SMH37446,16.01
SMH37472,36.35
SMH37491,15.74
SMH37510,21.6
SMH37513,15.82
SMH37514,15.12
SMH37535,17.09
SMH37558,16.55
SMH37562,13.48
SMH37563,33.01
SMH37571,30.43
SMH37573,46.97
SMH37574,17.11
SMH37578,20.13
SMH37581,21.72
SMH37582,16.66
SMH37584,18.98
SMH37585,15.1
SMH37588,24.25
SMH37590,18.03
SMH37593,23.99
SMH37595,21.9
SMH37612,19.96
SMH37650,27.29
SMH37653,31.5
SMH37676,13.77
SMH37680,33.08
SMH37690,27.94
SMH37696,13.88
SMH37697,17.13
SMH37698,24.17
SMH37703,42.75
SMH37708,28.01
SMH37727,18.01
SMH37728,13.7
SMH37741,15.49
SMH37749,13.08
SMH37750,25.27
SMH37757,13.2
SMH37758,16.47
SMH37764,16.18
SMH37768,18.82
SMH37780,19.34
SMH37785,14.37
SMH37792,31.92
SMH37820,28.16
SMH37827,18.46
SMH37833,19.27
SMH37844,34.6
SMH37849,18.22
SMH37850,17.39
SMH37854,22.47
SMH37876,15.5
SMH37877,16.14
SMH37889,13.63
SMH37896,22.34
SMH37903,22.4
SMH37904,68.77
SMH37906,17.18
SMH37907,34.04
SMH37911,13.96
SMH37913,15.53
SMH37915,11.09
SMH37951,21.01
SMH37968,2.74
SMH37977,12.7
SMH37978,18.07
SMH37979,18.55
SMH37980,21.79
SMH38011,0.99
SMH38014,12.12
SMH38016,25.93
SMH38055,13.72
SMH38056,20.16
SMH38075,36.76
SMH38119,11.08
SMH38121,2.07
SMH38136,17.35
SMH38142,16.12
SMH38161,25.99
SMH38170,35.81
SMH38173,0.85
SMH38180,24.6
SMH38188,20.12
SMH38190,1.85
SMH38230,30.39
SMH38237,1.45
SMH38253,18.68
SMH38255,13.89
SMH38258,2.73
SMH38319,13.26
SMH38402,34.63
SMH38409,1.42
SMH38411,0.7
SMH38412,1.18
SMH38414,24.69
SMH38416,3.47
SMH38427,0.52
SMH38431,18.46
SMH38443,11.61
SMH38447,18.49
SMH38449,22.41
SMH38455,17.71
SMH38455o,17.5
SMH38457,2.55
SMH38464,66.79
SMH38471,39.74
SMH38482,40.52
SMH38486,14.13
SMH38494,16.46
SMH38495,18.15
SMH38502,17.96
SMH38505,12.39
SMH38530,10.78
SMH38540,28.54
SMH38547,16.07
SMH38548,17.65
SMH38598,20.47
SMH38599,29.35
SMH38608,22.22
SMH38609,15.11
SMH38612,11.24
SMH38673,3.25
SMH38675,27.07
SMH38687,25.4
SMH38689,28.32
SMH38692,14.18
SMH38701,7.81
SMH38703,5.76
SMH38718,37.27
SMH38724,23.44
SMH38726_2,2.2
SMH38728,8.09
SMH38729,8.59
SMH38736,18.9
SMH38738,17.85
SMH38748,16.36
SMH38755,38.26
SMH38756,26.0
SMH38758,21.63
SMH38759,5.35
SMH38764,15.02
SMH38767,16.89
SMH38768,23.1
SMH38775,19.94
SMH38776,29.36
SMH38794,42.51
SMH38806,25.84
SMH38840,33.53
SMH38866,36.29
SMH38870,14.25
SMH38881,11.91
SMH38885,28.44
SMH38897,28.67
SMH38898,24.76
SMH38914,31.61
SMH38918,28.63
SMH38929,19.64
SMH38934,27.71
SMH38940,31.22
SMH38941,30.64
SMH38948,25.33
SMH38949,26.49
SMH38951,22.84
SMH38955,13.16
SMH38963,28.8
SMH38966,31.13
SMH38967,12.2
SMH38969,1.07
SMH38972,13.14
SMH38975,20.56
SMH38982,17.15
SMH38982o,34.91
SMH38992,16.71
SMH38995,30.44
SMH38999,15.13
SMH39000,28.56
SMH39014,44.64
SMH39016,14.11
SMH39017,15.88
SMH39027,0.89
SMH39028,10.24
SMH39032,22.36
SMH39041,16.99
SMH39044,23.82
SMH39046,2.74
SMH39047,29.8
SMH39049_2,6.81
SMH39064,19.3
SMH39070,13.78
SMH39071,13.07
SMH39073,35.91
SMH39077,30.1
SMH39089,25.32
SMH39094,5.15
SMH39100,19.31
SMH39101,18.81
SMH39115,23.31
SMH39117,31.55
SMH39118,15.85
SMH39122,25.09
SMH39126,20.4
SMH39130,16.99
SMH39134,18.79
SMH39137,19.39
SMH39141,19.21
SMH39142,15.54
SMH39145,24.54
SMH39147,4.03
SMH39148,4.61
SMH39159,4.06
SMH39164,1.58
SMH39184,48.46
SMH39185,4.08
SMH39192,12.72
SMH39195,0.82
SMH39203,19.44
SMH39204,2.85
SMH39206,27.67
SMH39211,14.48
SMH39216,6.94
SMH39217,12.61
SMH39218,11.67
SMH39219,4.01
SMH39225,13.62
SMH39229,6.92
SMH39235,18.58
SMH39251,5.2
SMH39254,8.55
SMH39272,12.25
SMH39273,4.37
SMH39275,19.31
SMH39279,23.59
SMH39297,24.51
SMH39298,29.01
SMH39299,10.24
SMH39301,12.38
SMH39303,9.1
SMH39312,9.92
SMH39313,11.28
SMH39315,13.56
SMH39317,20.01
SMH39323,21.27
SMH39340,21.04
SMH39349,14.65
SMH39360,11.27
SMH39362,7.36
SMH39376,20.1
SMH39379,17.94
SMH39382,15.99
SMH39388a,14.29
SMH39390,12.55
SMH39400,24.89
SMH39401,15.03
SMH39403,16.41
SMH39412,25.92
SMH39413,27.36
SMH39419,18.44
SMH39421,11.96
SMH39427,33.72
SMH39436,29.03
SMH39438,21.49
SMH39451,19.95
SMH39464,15.8
SMH39468,36.43
SMH39469,22.31
SMH39475,15.69
SMH39482,15.93
SMH39486,12.89
SMH39487,11.06
SMH39490,11.1
SMH39492,13.18
SMH39496,7.97
SMH39536,27.84
SMH39537,19.21
SMH39554,39.23
SMH39599,20.35
SMH39602,20.54
SMH39673,22.93
SMH39677,18.65
SMH39745,30.8
SMH39748,32.15
SMH39768,17.88
SMH39769,18.19
SMH39779,19.92
SMH39781,15.75
SMH39787,2.56
SMH39791,19.44
SMH39795,32.58
SMH39796,20.21
SMH39802,28.13
SMH39807,21.43
SMH39816,32.38
SMH39818,25.16
SMH39821,17.2
SMH39825,13.99
SMH39830,12.62
SMH39831,12.57
SMH39834,44.18
SMH39836,15.53
SMH39841,19.05
SMH39851,18.58
SMH39853,22.91
SMH39859,22.03
SMH39860,26.96
SMH39862,16.66
SMH39868,17.36
SMH39869,25.85
SMH39870,26.02
SMH39882,53.06
SMH39899,18.06
SMH39910,17.55
SMH39912,22.14
SMH39913,21.43
SMH39914,22.77
SMH39915,20.74
SMH39916,18.45
SMH39925,15.69
SMH39926,68.04
SMH39932,15.2
SMH39933,25.69
SMH39935,12.14
SMH39938,20.95
SMH39939,13.96
SMH39945,24.4
SMH39947,25.04
SMH39951,21.56
SMH39954,18.76
SMH39955,14.65
SMH39956,18.1
SMH39957,18.59
SMH39975,2.27
SMH39979,14.83
SMH39980,33.0
SMH39990,15.07
SMH40077,2.96
SMH40080,24.1
SMH40086,20.35
SMH40089,17.91
SMH40095,9.43
SMH40097,11.86
SMH40110,2.27
SMH40111,18.8
SMH40115,18.11
SMH40123,23.1
SMH40130,22.71
SMH40152,27.15
SMH40162,1.01
SMH40164,4.36
SMH40186,20.86
SMH40191,15.79
SMH40202,1.59
SMH40214,42.54
SMH40215,38.03
SMH40218,35.83
SMH40220,31.43
SMH40221,10.98
SMH40226,31.98
SMH40227,22.41
SMH40228,18.98
SMH40231,19.91
SMH40232,3.0
SMH40261,3.41
SMH40273,15.24
SMH40284,31.77
SMH40295,13.11
SMH40296,3.97
SMH40297,1.98
SMH40305,18.52
SMH40311,17.52
SMH40318,34.74
SMH40323,1.95
SMH40324,33.71
SMH40326,14.58
SMH40327,15.93
SMH40336,8.03
SMH40341,13.96
SMH40345,24.89
SMH40355,26.02
SMH40380,1.04
SMH40390,21.81
SMH40391,36.46
SMH40396,15.76
SMH40397,32.23
SMH40402,39.07
SMH40404,27.94
SMH40417,7.58
SMH40420,8.47
SMH40424,29.7
SMH40425,37.46
SMH40426,35.71
SMH40431,8.96
SMH40432,5.75
SMH40434,9.74
SMH40435,46.73
SMH40450,5.84
SMH40468,16.17
SMH40469,15.23
SMH40484,24.9
SMH40485,1.26
SMH40488,2.79
SMH40491,1.71
SMH40496,1.95
SMH40503,34.77
SMH40551,4.33
SMH40564,21.85
SMH40571,0.0
SMH40573,1.79
SMH40577,14.81
SMH40581,13.62
SMH40595,5.37
SMH40596,36.83
SMH40599,0.67
SMH40605,0.48
SMH40606,12.58
SMH40610,0.57
SMH40626,12.88
SMH40636,13.05
SMH40637,13.2
SMH40650,9.49
SMH40658,16.29
SMH40670,3.12
SMH40678,48.28
SMH40696/54077,20.62
SMH40696/54077_2,20.74
SMH40701,17.94
SMH40716,27.05
SMH40728,0.92
SMH40730,25.23
SMH40737,1.09
SMH40740,7.64
SMH40745,3.8
SMH40751,18.81
SMH40753,43.59
SMH40754,23.42
SMH40759,14.86
SMH40761,17.16
SMH40763,10.68
SMH40766,18.26
SMH40770,1.47
SMH40779,9.77
SMH40781,16.03
SMH40786,22.91
SMH40790,23.1
SMH40791,19.65
SMH40796,0.83
SMH40797,9.37
SMH40799,15.99
SMH40801,16.29
SMH40804,14.84
SMH40805,34.38
SMH40832,9.37
SMH40844/54226,23.28
SMH40848,13.54
SMH40863,14.88
SMH40874,25.76
SMH40875,19.5
SMH40880,20.54
SMH40888,24.28
SMH40893,33.44
SMH40906,4.95
SMH40910,19.56
SMH40913,9.13
SMH40917,19.35
SMH40920,8.65
SMH40921,10.63
SMH40924,9.61
SMH40941,16.19
SMH40942,17.18
SMH40943,9.18
SMH40946,17.33
SMH40948,22.2
SMH40959,30.38
SMH40966,12.83
SMH40974,15.88
SMH40975,3.64
SMH40976,22.61
SMH40977,20.15
SMH40979,18.95
SMH40988,2.07
SMH40989,1.43
SMH40993,22.36
SMH40995,20.79
SMH41005,1.95
SMH41013,26.26
SMH41046,3.26
SMH41049,23.43
SMH41071,21.26
SMH41072,20.11
SMH41075,7.23
SMH41078,14.65
SMH41079,4.22
SMH41086,16.06
SMH41096,22.92
SMH41109,28.54
SMH41112,11.01
SMH41116,13.68
SMH41126,13.13
SMH41142,15.29
SMH41150,14.55
SMH41152,39.16
SMH41168,18.94
SMH41170,13.67
SMH41180,15.94
SMH41187,22.17
SMH41189,9.13
SMH41198,14.02
SMH41216,23.82
SMH41222,24.22
SMH41223,8.29
SMH41224,18.5
SMH41241,16.02
SMH41254,17.15
SMH41255,15.85
SMH41257,10.39
SMH41262,15.74
SMH41279,24.85
SMH41287,24.67
SMH41292,48.84
SMH41300,27.1
SMH41306,27.15
SMH41318,10.25
SMH41322,13.47
SMH41325,11.1
SMH41327,19.66
SMH41330,7.74
SMH41335,19.02
SMH41337,28.63
SMH41338,30.52
SMH41340,31.5
SMH41354,11.72
SMH41356,13.68
SMH41358,15.73
SMH41380,26.27
SMH41381,26.72
SMH41399,29.86
SMH41406,18.87
SMH41409,21.84
SMH41410,22.08
SMH41415,25.54
SMH41416,25.46
SMH41417,25.57
SMH41419,26.22
SMH41420,24.4
SMH41424,31.33
SMH41433,19.93
SMH41434,34.21
SMH41444,26.24
SMH41445,34.75
SMH41467,33.37
SMH41469,29.15
SMH41483,11.83
SMH41484,12.84
SMH41485,10.15
SMH41488,28.3
SMH41491,18.75
SMH41493,32.51
SMH41494,32.58
SMH41508,23.96
SMH41518,54.95
SMH41522,30.46
SMH41526,31.45
SMH41536,4.6
SMH41543,21.29
SMH41546,16.82
SMH41563,1.84
SMH41573,24.0
SMH41588,1.31
SMH41601,5.11
SMH41602,27.53
SMH41605,22.09
SMH41610,25.93
SMH41630,17.88
SMH41634,15.85
SMH41637,27.68
SMH41647,14.91
SMH41650,1.55
SMH41652,22.46
SMH41656,12.84
SMH41658,10.63
SMH41659,22.01
SMH41662,1.56
SMH41680,9.54
SMH41695,9.97
SMH41696,21.94
SMH41707,24.97
SMH41729,1.64
SMH41731,30.2
SMH41732,28.43
SMH41736,25.21
SMH41745,1.85
SMH41747,21.78
SMH41749,20.98
SMH41757,23.91
SMH41767,13.33
SMH41772,31.14
SMH41775,26.68
SMH41783,12.67
SMH41792,5.79
SMH41793,28.97
SMH41796,2.6
SMH41800,8.05
SMH41801,1.05
SMH41825,22.18
SMH41832,23.49
SMH41836,18.09
SMH41837,0.39
SMH41838,3.21
SMH41846,23.91
SMH41849,28.57
SMH41853,20.73
SMH41862,17.0
SMH41892,0.0
SMH41899,17.64
SMH41926,20.13
SMH41931,38.96
SMH41937,10.59
SMH41957,21.08
SMH41959,14.89
SMH41966,24.5
SMH41967,16.48
SMH41971,17.14
SMH41974,19.32
SMH41975,20.75
SMH41976,23.34
SMH41983,20.79
SMH41987,20.29
SMH41990,19.8
SMH41999,20.03
SMH42002,44.93
SMH42003,30.09
SMH42007,24.05
SMH42030,47.13
SMH42042,27.69
SMH42048,24.02
SMH42057,13.59
SMH42061,13.04
SMH42063,28.05
SMH42067,35.73
SMH42073,21.52
SMH42074,15.73
SMH42075,17.31
SMH42083,22.88
SMH42086,64.86
SMH42092,24.94
SMH42099,26.97
SMH42100,14.3
SMH42104,26.08
SMH42109,13.76
SMH42117,14.52
SMH42127,10.83
SMH42134,28.93
SMH42139,18.02
SMH42165,13.22
SMH42171,17.71
SMH42173,16.88
SMH42182,14.45
SMH42195,23.93
SMH42196,24.2
SMH42200,21.64
SMH42218,40.97
SMH42223,11.99
SMH42230,14.08
SMH42245,19.2
SMH42250,3.65
SMH42252,19.03
SMH42253,2.23
SMH42254,15.59
SMH42258,0.0
SMH42262,0.0
SMH42269,13.95
SMH42279,24.0
SMH42280,21.69
SMH42286,15.02
SMH42295,56.33
SMH42302,14.54
SMH42312,46.68
SMH42313,27.86
SMH42315,58.84
SMH42317,22.59
SMH42318,27.77
SMH42327,30.98
SMH42331,38.41
SMH42337,13.69
SMH42342,16.15
SMH42348,10.11
SMH42349,10.76
SMH42370,18.87
SMH42371,16.79
SMH42375,21.26
SMH42379,13.26
SMH42397,15.33
SMH42411,42.52
SMH42415,42.69
SMH42429,17.88
SMH42439,19.52
SMH42440,16.08
SMH42441,18.43
SMH42445,13.91
SMH42449,11.45
SMH42453,41.77
SMH42457,16.58
SMH42461,14.13
SMH42465,25.02
SMH42473,17.56
SMH42474,27.03
SMH42489,20.1
SMH42490,21.85
SMH42495,20.4
SMH42496,23.57
SMH42499,18.4
SMH42501,13.43
SMH42506,3.46
SMH42513,16.79
SMH42517,19.35
SMH42528,20.98
SMH42533,10.94
SMH42534,19.72
SMH42547,27.79
SMH42548,19.36
SMH42554,13.7
SMH42563,37.02
SMH42566,7.93
SMH42601,26.57
SMH42603,14.14
SMH42608,18.71
SMH42625,14.28
SMH42650,20.77
SMH42653,1.59
SMH42672,1.62
SMH42701,0.0
SMH42718,3.55
SMH43121,20.07
SMH43133,31.53
SMH43134,15.03
SMH43154,15.94
SMH43160,25.29
SMH43178,26.26
SMH43182,19.43
SMH43381,1.33
SMH43387,1.55
SMH43414,17.45
SMH43441,1.38
SMH43625,0.83
SMH43634,5.5
SMH43641,20.02
SMH43642,17.53
SMH43651,14.26
SMH43656,16.77
SMH43657,0.91
SMH43679,0.9
SMH43690,17.62
SMH43703,37.83
SMH43709,18.81
SMH43713,26.36
SMH43726,1.01
SMH43729,23.91
SMH43755,5.19
SMH43762,1.39
SMH43765,3.86
SMH43767,7.27
SMH43858,15.31
SMH43909,10.08
SMH43960,2.13
SMH43962,2.59
SMH43976,14.61
SMH43981,12.39
SMH43982,22.57
SMH43986,35.02
SMH44000,13.03
SMH44006,10.42
SMH44008,10.93
SMH44011,44.29
SMH44014,22.65
SMH44017,16.36
SMH44018,11.8
SMH44019,31.9
SMH44032,20.96
SMH44040,13.03
SMH44041,10.76
SMH44043,17.72
SMH44050,13.78
SMH44067,30.55
SMH44070,12.52
SMH44072,10.68
SMH44078,9.92
SMH44080,18.07
SMH44084,20.45
SMH44094,9.49
SMH44104,18.63
SMH44107,31.21
SMH44108,37.04
SMH44109,17.8
SMH44112,13.29
SMH44124,15.35
SMH44127,28.71
SMH44128,12.44
SMH44138,16.97
SMH44165,20.57
SMH44166,18.6
SMH44194,20.23
SMH44223,21.65
SMH44238,17.41
SMH44257,30.0
SMH44282,35.11
SMH44283,33.85
SMH44287,32.23
SMH44292,13.49
SMH44295,26.58
SMH44298,13.9
SMH44333,11.74
SMH44335,18.4
SMH44342,25.65
SMH44373,13.84
SMH44374,28.95
SMH44379,17.9
SMH44380,29.34
SMH44380o,18.62
SMH44382,33.53
SMH44387,33.38
SMH44392,20.04
SMH44394,22.13
SMH44396,23.98
SMH44397,32.6
SMH44400,14.69
SMH44414,21.67
SMH44415,19.95
SMH44432,19.51
SMH44433,14.07
SMH44434,20.97
SMH44437,26.04
SMH44442,43.83
SMH44449,26.13
SMH44452,18.81
SMH44461,19.01
SMH44462,25.13
SMH44463,28.7
SMH44465,12.66
SMH44467,12.85
SMH44475,40.51
SMH44486,27.18
SMH44491,21.21
SMH44498,14.65
SMH44501,19.79
SMH44502,17.48
SMH44514,24.03
SMH44519,35.68
SMH44528,8.2
SMH44545,13.36
SMH44556,14.95
SMH44572,11.46
SMH44590,23.23
SMH44601,23.53
SMH44616,14.66
SMH44617,21.45
SMH44618,22.26
SMH44619,29.15
SMH44633,29.61
SMH44640,26.53
SMH44646,9.83
SMH44658,13.21
SMH44659,28.27
SMH44678,13.89
SMH44681,13.99
SMH44682,12.99
SMH44714,17.36
SMH44723,37.63
SMH44725,33.39
SMH44733,27.41
SMH44738,17.72
SMH44744,14.1
SMH44745,16.82
SMH44755,14.7
SMH44756,22.21
SMH44765,11.18
SMH44772,16.05
SMH44801,15.1
SMH44823,18.25
SMH44824,18.07
SMH44825,17.44
SMH44832,32.44
SMH44864,19.74
SMH44866,20.26
SMH44894,37.26
SMH44902,19.93
SMH44903,20.17
SMH44906,0.88
SMH44910,20.19
SMH44936,1.92
SMH44946,12.91
SMH44967,2.07
SMH45023,1.34
SMH45052,0.84
SMH45054,1.28
SMH45055,1.26
SMH45065,17.27
SMH45084,1.97
SMH45105,24.61
SMH45108,36.2
SMH45128,23.75
SMH45148,1.11
SMH45150,1.03
SMH45163,1.24
SMH45173,31.01
SMH45179,14.68
SMH45204,1.89
SMH45220,15.96
SMH45237,18.62
SMH45242,16.1
SMH45263,15.08
SMH45280,0.72
SMH45281,1.35
SMH45282,0.67
SMH45293,27.28
SMH45298,20.2
SMH45301,19.39
SMH45305,22.69
SMH45306,23.01
SMH45309,22.01
SMH45311,20.29
SMH45312,17.35
SMH45326,11.2
SMH45328,39.99
SMH45333,6.91
SMH45343,21.76
SMH45345,34.67
SMH45350,14.43
SMH45351,10.42
SMH45361,19.3
SMH45362,19.86
SMH45372,12.39
SMH45376,12.29
SMH45379,36.88
SMH45394,15.42
SMH45396,11.87
SMH45406,16.6
SMH45414,14.4
SMH45419,12.13
SMH45425,13.61
SMH45463,29.41
SMH45470,12.51
SMH45476,16.23
SMH45480,31.01
SMH45481,20.22
SMH45484,24.42
SMH45527,25.53
SMH45546,32.16
SMH45547,27.09
SMH45551,0.85
SMH45557,35.25
SMH45562,1.59
SMH45582,18.33
SMH45583,28.87
SMH45589,4.5
SMH45590,13.97
SMH45595,25.46
SMH45606,22.42
SMH45614,23.15
SMH45631,21.57
SMH45632,9.96
SMH45636,22.72
SMH45647,31.82
SMH45652,55.63
SMH45674,17.73
SMH45677,20.38
SMH45700,32.54
SMH45708,25.03
SMH45709,29.18
SMH45709o,29.34
SMH45714,27.61
SMH45721,24.98
SMH45726,30.25
SMH45732,36.15
SMH45736,36.64
SMH45740,31.63
SMH45745,18.19
SMH45752,26.1
SMH45757,23.87
SMH45768,12.33
SMH45769,25.21
SMH45771,9.55
SMH45775,12.17
SMH45776,13.54
SMH45778,12.58
SMH45782,13.41
SMH45790,11.54
SMH45792,46.84
SMH45804,16.47
SMH45835,47.16
SMH45840,11.47
SMH45849,17.42
SMH45853,30.78
SMH45855,4.25
SMH45866,25.24
SMH45868,26.52
SMH45874_2,20.37
SMH45885,29.8
SMH45887,17.3
SMH45888,16.22
SMH45901,22.66
SMH45906,3.7
SMH45925,21.53
SMH45926,21.73
SMH45946,17.73
SMH45951,4.68
SMH45959,25.3
SMH45964,4.7
SMH45969,4.84
SMH45980,10.31
SMH45981,9.58
SMH46003,40.89
SMH46004,1.08
SMH46012,5.0
SMH46013,6.71
SMH46031,6.17
SMH46038,9.47
SMH46048,19.51
SMH46053,5.79
SMH46054,8.27
SMH46060,12.71
SMH46061,21.58
SMH46073,5.95
SMH46074,41.87
SMH46076,4.63
SMH46080,4.32
SMH46082,18.56
SMH46083,21.89
SMH46091,24.54
SMH46094,22.62
SMH46104,24.09
SMH46105,15.64
SMH46107,6.72
SMH46110,16.38
SMH46113,11.99
SMH46122,12.41
SMH46129,21.25
SMH46134,4.55
SMH46138,9.51
SMH46140,16.78
SMH46162,14.69
SMH46169,18.27
SMH46177,12.1
SMH46186,20.83
SMH46192,22.28
SMH46199,20.02
SMH46214,4.59
SMH46215,4.69
SMH46218,15.3
SMH46221,13.59
SMH46227,25.69
SMH46238,33.11
SMH46244,23.61
SMH46245,21.56
SMH46247,26.76
SMH46254,14.43
SMH46256,27.34
SMH46265,24.07
SMH46272,21.07
SMH46273,14.12
SMH46277,20.79
SMH46281,3.59
SMH46302,9.1
SMH46470,29.27
SMH46475,18.36
SMH46578,35.3
SMH46591,24.19
SMH46600,30.91
SMH46609,22.69
SMH46622,11.47
SMH46627,15.79
SMH46631,14.21
SMH46632,15.91
SMH46634,32.56
SMH46637,29.5
SMH46643,19.79
SMH46644,15.15
SMH46647,29.03
SMH46648,33.16
SMH46653,20.38
SMH46660,17.35
SMH46661,12.96
SMH46669,27.41
SMH46672,25.72
SMH46675,15.34
SMH46676,17.71
SMH46682,17.02
SMH46688,52.63
SMH46693,12.17
SMH46710,22.73
SMH46712,21.87
SMH46714,20.0
SMH46717,25.38
SMH46721,8.89
SMH46727,7.97
SMH46729,38.49
SMH46736,18.08
SMH46745,8.8
SMH46746,8.26
SMH46749,25.51
SMH46756,23.58
SMH46769,20.77
SMH46770,21.22
SMH46771,22.69
SMH46772,24.08
SMH46773,13.99
SMH46774,20.49
SMH46779,32.53
SMH46780,32.82
SMH46781,26.6
SMH46784,27.44
SMH46786,28.43
SMH46793,17.77
SMH46800,19.04
SMH46801,32.66
SMH46806,29.75
SMH46870,25.52
SMH46901,35.54
SMH46902,29.84
SMH46908,10.51
SMH46909,4.14
SMH46910,10.84
SMH46911,11.7
SMH46917,33.97
SMH46921,11.96
SMH46925,5.33
SMH46939,21.42
SMH46943,36.46
SMH46944,20.29
SMH46952,20.71
SMH46965,3.17
SMH46968,21.51
SMH46986,3.9
SMH46987,3.9
SMH46988,0.93
SMH46990,0.32
SMH46995,30.35
SMH46996,21.0
SMH47004,28.13
SMH47009,28.53
SMH47019,35.43
SMH47043,18.92
SMH47045,0.31
SMH47048,17.04
SMH47061,23.21
SMH47066,23.3
SMH47068,14.86
SMH47077,18.39
SMH47078,24.53
SMH47085,15.37
SMH47095,3.29
SMH47109,26.18
SMH47110,33.83
SMH47115,26.14
SMH47116,16.9
SMH47118,35.28
SMH47121,16.01
SMH47135,26.86
SMH47138,10.8
SMH47152,1.78
SMH47157,25.37
SMH47158,0.92
SMH47161,26.34
SMH47169,31.43
SMH47170,32.57
SMH47188,30.14
SMH47193,19.77
SMH47199,29.64
SMH47201,12.49
SMH47204,3.39
SMH47207,17.32
SMH47215,1.42
SMH47221,26.58
SMH47229,0.83
SMH47230,14.56
SMH47239,10.83
SMH47250,44.14
SMH47256,16.65
SMH47261,19.38
SMH47265,0.91
SMH47272,13.16
SMH47273,1.49
SMH47278,16.19
SMH47286,17.03
SMH47290,3.99
SMH47296,1.31
SMH47309,29.83
SMH47313,29.94
SMH47317,31.43
SMH47328,4.83
SMH47344,0.65
SMH47349,30.28
SMH47355,13.94
SMH47365,11.16
SMH47366,12.33
SMH47367,0.88
SMH47372,0.96
SMH47373,3.32
SMH47391,15.53
SMH47392,15.43
SMH47394,21.23
SMH47403,9.68
SMH47404,8.99
SMH47406,24.4
SMH47407,11.47
SMH47423,34.12
SMH47438,15.35
SMH47440,20.26
SMH47449,17.55
SMH47463,0.97
SMH47467,1.9
SMH47473,1.88
SMH47476,0.0
SMH47477,1.12
SMH47480,6.2
SMH47488,8.27
SMH47489,30.78
SMH47502,31.78
SMH47503,20.39
SMH47509,20.9
SMH47515,23.33
SMH47527,12.9
SMH47533,16.74
SMH47534,24.63
SMH47562,8.78
SMH47570,2.57
SMH47579,33.43
SMH47582,17.42
SMH47588,16.57
SMH47604,13.81
SMH47608,11.77
SMH47614,17.33
SMH47632,33.41
SMH47636,12.43
SMH47637,16.68
SMH47653,13.74
SMH47656,10.05
SMH47660,3.12
SMH47662,3.48
SMH47666,4.07
SMH47667,3.97
SMH47670,17.1
SMH47679,17.41
SMH47681,18.98
SMH47685,17.54
SMH47690,2.35
SMH47691,30.64
SMH47692,29.36
SMH47696,19.27
SMH47697,26.02
SMH47698,20.15
SMH47699,21.37
SMH47701,17.48
SMH47711,13.85
SMH47714,4.74
SMH47722,5.27
SMH47725,1.63
SMH47727,21.91
SMH47729,16.41
SMH47730,18.83
SMH47735,3.12
SMH47738,23.36
SMH47739,24.73
SMH47743,33.33
SMH47744,10.46
SMH47749,1.79
SMH47752/54395,26.12
SMH47755,14.48
SMH47765,13.21
SMH47767,22.95
SMH47774,15.4
SMH47788,6.34
SMH47791,19.85
SMH47800,3.57
SMH47801,0.86
SMH47807,5.67
SMH47809,14.75
SMH47814,19.83
SMH47823,30.82
SMH47839,25.14
SMH47841,30.11
SMH47845,2.36
SMH47864,6.34
SMH47870,39.63
SMH47873,17.13
SMH47882,15.54
SMH47897,12.03
SMH47913,14.86
SMH47920,16.24
SMH47925,15.17
SMH47926,9.48
SMH47930,16.3
SMH47931,15.18
SMH47932,16.02
SMH47943,18.7
SMH47945,17.4
SMH47946,19.89
SMH47948,22.52
SMH47950,13.83
SMH47952,16.85
SMH47960,20.48
SMH47969,14.07
SMH47971,15.15
SMH47986,14.72
SMH47988,12.8
SMH47990,13.0
SMH47992,12.34
SMH47993,15.47
SMH47996,16.02
SMH47999,14.19
SMH48002,12.56
SMH48006,30.93
SMH48012,16.7
SMH48013,16.22
SMH48017,27.93
SMH48018,10.93
SMH48019,18.51
SMH48021,17.61
SMH48022,23.07
SMH48024,25.66
SMH48028,25.5
SMH48032,42.0
SMH48037,21.25
SMH48046,8.95
SMH48048,8.51
SMH48049,10.18
SMH48052,20.3
SMH48065,11.54
SMH48068,10.53
SMH48077,19.37
SMH48078,19.09
SMH48079,17.37
SMH48082,31.89
SMH48089,32.2
SMH48093,21.49
SMH48099,15.14
SMH48105,24.38
SMH48124,22.79
SMH48132,23.73
SMH48164,27.2
SMH48167,18.07
SMH48177,29.12
SMH48189,27.55
SMH48197,9.02
SMH48203,33.89
SMH48211,14.22
SMH48222,35.27
SMH48225,27.6
SMH48233,51.58
SMH48241,26.74
SMH48244,15.98
SMH48247,42.81
SMH48252,5.92
SMH48255,12.8
SMH48272,1.07
SMH48277,1.86
SMH48283,15.73
SMH48284,11.83
SMH48285,14.84
SMH48289,22.34
SMH48302,12.74
SMH48304,14.96
SMH48306,26.09
SMH48308,1.32
SMH48322,20.1
SMH48328,0.81
SMH48330,15.85
SMH48332,25.24
SMH48344,0.97
SMH48350,15.91
SMH48358,1.83
SMH48360,19.23
SMH48364,35.69
SMH48365,23.56
SMH48367,13.3
SMH48387,14.91
SMH48388,13.26
SMH48389,0.0
SMH48398,21.91
SMH48414,17.55
SMH48415,18.07
SMH48419,8.64
SMH48420,0.65
SMH48424,18.68
SMH48433,12.62
SMH48442,10.72
SMH48445,12.2
SMH48446,13.45
SMH48448,10.58
SMH48449,25.38
SMH48450,21.74
SMH48456,16.54
SMH48459,19.18
SMH48464,12.39
SMH48468,26.28
SMH48481,33.35
SMH48482,1.14
SMH48491,32.01
SMH48518,22.36
SMH48520,6.29
SMH48521,23.71
SMH48522,19.77
SMH48529,19.07
SMH48539,20.64
SMH48553,15.3
SMH48564,19.36
SMH48570,16.75
SMH48572,21.75
SMH48574,17.43
SMH48575,24.21
SMH48582,17.42
SMH48614,13.42
SMH48626,15.8
SMH48628,19.96
SMH48632,11.75
SMH48634,15.19
SMH48636,64.91
SMH48640,12.01
SMH48653,21.66
SMH48660,13.53
SMH48672,20.39
SMH48675,22.82
SMH48678,18.35
SMH48679,20.92
SMH48680,27.34
SMH48690,0.0
SMH48697,28.65
SMH48702,15.99
SMH48710,28.38
SMH48711,19.36
SMH48712,10.67
SMH48713,47.47
SMH48731,13.33
SMH48742,21.18
SMH48745,14.25
SMH48752,23.69
SMH48757,24.49
SMH48764,18.98
SMH48773,27.56
SMH48776,65.24
SMH48780,22.03
SMH48781,15.84
SMH48795,22.98
SMH48805,25.39
SMH48807,15.47
SMH48809,6.78
SMH48828,14.02
SMH48839,48.66
SMH48862,20.04
SMH48865,17.6
SMH48878,26.89
SMH48880,45.67
SMH48883,17.8
SMH48884,18.3
SMH48887,40.4
SMH48895,14.02
SMH48899,3.85
SMH48900,2.17
SMH48902,15.45
SMH48904,14.58
SMH48916,15.79
SMH48932,25.41
SMH48933,14.12
SMH48938,21.1
SMH48939,15.05
SMH48940,12.87
SMH48946,14.18
SMH48948,18.6
SMH48949,13.87
SMH48951,15.0
SMH48966,20.97
SMH48989,20.03
SMH49002,15.04
SMH49003,15.33
SMH49005,14.01
SMH49008,15.28
SMH49009,17.89
SMH49010,23.71
SMH49011,56.66
SMH49018,14.77
SMH49023,9.41
SMH49026,13.35
SMH49036,27.64
SMH49037,32.12
SMH49046,11.95
SMH49049,31.28
SMH49050,11.0
SMH49051,12.48
SMH49053,19.06
SMH49056,19.56
SMH49065,1.07
SMH49068,6.13
SMH49071,14.4
SMH49072,16.84
SMH49076,16.6
SMH49087,28.16
SMH49091,15.45
SMH49105,12.23
SMH49111,26.98
SMH49115,16.19
SMH49116,14.61
SMH49123,10.72
SMH49131,16.81
SMH49139,20.22
SMH49142,12.9
SMH49151,13.29
SMH49152,21.04
SMH49163,18.28
SMH49187,12.64
SMH49188,11.73
SMH49202,23.06
SMH49235,27.01
SMH49240,17.1
SMH49262,22.35
SMH49270,15.62
SMH49308,36.23
SMH49323,22.29
SMH49735,20.37
SMH49736,15.39
SMH49738,23.55
SMH49751,16.41
SMH49759,13.51
SMH49764,19.65
SMH49766,16.95
SMH49771,29.87
SMH49780,18.0
SMH49843,0.7
SMH49936,19.91
SMH49941,11.19
SMH49956,2.22
SMH49962,1.42
SMH49987,16.03
SMH50012,17.63
SMH50020,16.52
SMH50060,18.53
SMH50250,1.34
SMH50287,14.94
SMH50293,1.76
SMH50295,3.35
SMH50309,17.84
SMH50316,13.52
SMH50321,0.68
SMH50325,5.04
SMH50334,15.92
SMH50339,1.44
SMH50343,24.27
SMH50346,20.31
SMH50354,14.41
SMH50368,3.24
SMH50371,2.57
SMH50378,1.11
SMH50399,1.27
SMH50404,3.79
SMH50405,14.05
SMH50426,49.57
SMH50464,1.49
SMH50491,4.72
SMH50557,0.0
SMH50560,0.0
SMH50563,0.84
SMH50580,2.56
SMH50591,11.55
SMH50593,21.42
SMH50595,32.7
SMH50596,9.28
SMH50597,11.74
SMH50614,16.67
SMH50620,4.83
SMH50623,16.36
SMH50625,5.33
SMH50626,3.72
SMH50630,3.81
SMH50633,4.69
SMH50651,21.79
SMH50654,14.82
SMH50655,16.4
SMH50660,13.72
SMH50661,13.68
SMH50674,25.19
SMH50678,8.27
SMH50679,12.45
SMH50682,11.72
SMH50685,7.23
SMH50688,17.45
SMH50701,10.5
SMH50702,40.24
SMH50704,17.27
SMH50726,21.82
SMH50747,21.07
SMH50795,13.98
SMH50796,15.18
SMH50803,12.03
SMH50809,20.23
SMH50810,22.96
SMH50811,22.03
SMH50815,15.81
SMH50816,17.93
SMH50820,30.72
SMH50830,18.21
SMH50833,18.04
SMH50869,18.79
SMH50870,28.96
SMH50874,13.61
SMH50877,26.2
SMH50896,15.41
SMH50900,15.56
SMH50917,29.2
SMH50933,18.28
SMH50958,16.47
SMH50964,13.54
SMH50972,20.51
SMH50978,15.65
SMH50981,32.96
SMH50982,15.71
SMH50983,16.88
SMH50991,25.54
SMH50992,21.9
SMH51000,17.2
SMH51001,18.43
SMH51005,17.31
SMH51010,19.45
SMH51018,12.19
SMH51019,19.69
SMH51025,13.79
SMH51026,23.76
SMH51029,15.55
SMH51036,31.04
SMH51051,30.92
SMH51053,12.87
SMH51061,33.12
SMH51065,38.38
SMH51073,23.05
SMH51076,35.78
SMH51080,18.86
SMH51090,19.65
SMH51108,11.16
SMH51111,29.26
SMH51112,17.02
SMH51126,13.92
SMH51137,12.08
SMH51138,15.95
SMH51140,15.06
SMH51142,13.91
SMH51143,14.1
SMH51144,44.18
SMH51156,24.54
SMH51161,19.11
SMH51162,16.24
SMH51170,12.97
SMH51185,12.06
SMH51193,12.7
SMH51202,20.77
SMH51203,17.65
SMH51204,13.14
SMH51207,21.93
SMH51208,31.15
SMH51242,15.63
SMH51246,17.39
SMH51254,13.47
SMH51260,13.34
SMH51261,14.69
SMH51300,29.18
SMH51305,10.33
SMH51309,9.23
SMH51316,14.6
SMH51325,22.01
SMH51332,1.31
SMH51335,15.36
SMH51345,14.44
SMH51355,3.49
SMH51367,2.33
SMH51368,1.28
SMH51370,13.64
SMH51373,17.63
SMH51380,18.94
SMH51402,18.08
SMH51403,17.23
SMH51412,27.74
SMH51416,20.94
SMH51423,20.51
SMH51424,14.13
SMH51425,32.22
SMH51426,11.78
SMH51428,17.64
SMH51442,20.47
SMH51464,15.73
SMH51465,19.46
SMH51467,17.78
SMH51475,10.56
SMH51487,24.86
SMH51490,16.3
SMH51498,19.0
SMH51502,21.52
SMH51531,35.46
SMH51576,1.79
SMH51577,2.02
SMH51591,3.01
SMH51597,0.66
SMH51608,36.76
SMH51613,14.16
SMH51626,0.69
SMH51634,0.81
SMH51680,30.47
SMH51688,0.82
SMH51690,19.7
SMH51726,2.3
SMH51729,14.23
SMH51746,21.4
SMH51747,13.94
SMH51756,30.45
SMH51764,1.38
SMH51820,16.43
SMH51834,14.0
SMH51842,0.94
SMH51864,16.94
SMH51879,60.48
SMH51892,10.26
SMH51894,3.34
SMH51902,20.34
SMH51903,14.28
SMH51909,36.8
SMH51912,40.59
SMH51915,39.6
SMH51925,25.26
SMH51952,38.1
SMH51955,19.71
SMH51956,15.83
SMH51960,22.43
SMH51963,15.71
SMH51977,11.17
SMH51978,13.88
SMH51995,14.09
SMH52026,11.15
SMH52028,46.94
SMH52030,11.27
SMH52091,26.0
SMH52105,36.57
SMH52111,28.15
SMH52112,22.6
SMH52115,5.47
SMH52128,13.95
SMH52129,24.92
SMH52130,42.98
SMH52144,13.08
SMH52149,4.0
SMH52152,17.3
SMH52153,1.37
SMH52161,19.1
SMH52168,24.32
SMH52180,16.53
SMH52183,33.56
SMH52184,9.52
SMH52193,49.67
SMH52202,20.77
SMH52211,56.81
SMH52216,25.18
SMH52251,25.14
SMH52259,30.44
SMH52260,17.66
SMH52263,18.85
SMH52272,29.54
SMH52273,26.81
SMH52282,27.61
SMH52287,25.67
SMH52291,16.98
SMH52298,23.11
SMH52316,27.86
SMH52329,23.91
SMH52332,1.65
SMH52333,15.5
SMH52334,26.81
SMH52335,13.1
SMH52342,13.58
SMH52344,26.73
SMH52346,22.01
SMH52352_2,8.9
SMH52353,18.14
SMH52355,11.91
SMH52358,26.23
SMH52359,73.72
SMH52372,34.83
SMH52376,17.45
SMH52377,0.61
SMH52381,14.64
SMH52382,31.29
SMH52393,21.19
SMH52394,17.67
SMH52408,16.91
SMH52411,18.88
SMH52412,26.69
SMH52422,24.78
SMH52424,24.29
SMH52428,30.32
SMH52432,30.89
SMH52441,22.7
SMH52445,35.01
SMH52446,17.17
SMH52448,15.85
SMH52467,15.72
SMH52470,24.63
SMH52478,5.78
SMH52481,5.88
SMH52511,17.87
SMH52513,16.22
SMH52521,28.65
SMH52529,5.53
SMH52535,10.54
SMH52537,11.79
SMH52549,21.24
SMH52556,26.3
SMH52565,14.18
SMH52568,17.13
SMH52573,4.96
SMH52577,17.02
SMH52579,1.06
SMH52582,11.22
SMH52590,15.49
SMH52598,12.31
SMH52601,5.58
SMH52602,7.17
SMH52602o,13.7
SMH52604,2.25
SMH52614,11.79
SMH52620,12.76
SMH52626,17.47
SMH52627,4.26
SMH52629,40.24
SMH52632,4.46
SMH52635,4.37
SMH52642,14.25
SMH52643,13.78
SMH52647,13.82
SMH52648,17.04
SMH52650,23.53
SMH52656,24.48
SMH52662,9.8
SMH52666,8.1
SMH52667,8.84
SMH52676,16.73
SMH52686,12.31
SMH52690,14.34
SMH52693,29.32
SMH52703,17.39
SMH52706,20.8
SMH52712,18.42
SMH52713,18.93
SMH52715,19.84
SMH52719,17.03
SMH52720,20.13
SMH52723,16.76
SMH52732,17.22
SMH52735,22.36
SMH52736,15.31
SMH52737,30.78
SMH52755,13.32
SMH52761,21.69
SMH52762,26.87
SMH52767,14.96
SMH52780,10.02
SMH52784,16.14
SMH52797,14.92
SMH52799,12.76
SMH52800,16.11
SMH52803,7.53
SMH52821,19.49
SMH52825,23.79
SMH52830,24.92
SMH52843,13.72
SMH52848,17.39
SMH52854,18.46
SMH52859,12.19
SMH52863,15.76
SMH52872,12.51
SMH52873,11.49
SMH52995,42.23
SMH53079,17.05
SMH53081,20.79
SMH53085,22.46
SMH53158,13.01
SMH53159,13.64
SMH53160,15.0
SMH53161,17.62
SMH53162,10.23
SMH53169,21.76
SMH53172,0.44
SMH53176,25.55
SMH53189,16.13
SMH53193,8.78
SMH53196,17.98
SMH53200,13.33
SMH53209,24.32
SMH53218,19.71
SMH53224,31.86
SMH53232,7.51
SMH53245,26.57
SMH53252,18.8
SMH53256,26.73
SMH53261,16.54
SMH53267,33.66
SMH53273,17.75
SMH53276,54.55
SMH53278,28.23
SMH53279,50.13
SMH53281,15.58
SMH53286,16.46
SMH53293,15.12
SMH53295,17.25
SMH53299,22.77
SMH53303,28.74
SMH53306,17.24
SMH53308,17.31
SMH53323,22.99
SMH53326,24.14
SMH53334,2.93
SMH53335,2.76
SMH53343,2.24
SMH53361,53.97
SMH53364,28.38
SMH53366,15.15
SMH53370,16.17
SMH53371,24.47
SMH53374,27.87
SMH53375,39.56
SMH53380,8.9
SMH53384,19.71
SMH53388,16.71
SMH53395,21.04
SMH53399,16.56
SMH53404,19.23
SMH53408,25.04
SMH53424,29.03
SMH53494,29.08
SMH53507,36.05
SMH53510,19.04
SMH53511,17.87
SMH53512,11.44
SMH53519a,20.46
SMH53530,6.23
SMH53531,2.98
SMH53532,4.82
SMH53534,17.34
SMH53537,22.76
SMH53547,32.19
SMH53557,12.28
SMH53560,19.49
SMH53562,39.4
SMH53564,28.69
SMH53573,35.47
SMH53577,25.28
SMH53581,31.38
SMH53582,20.09
SMH53583,2.96
SMH53584,4.41
SMH53601,24.37
SMH53602,24.99
SMH53614,12.92
SMH53615,37.51
SMH53620,22.45
SMH53627,28.28
SMH53633,19.85
SMH53643,0.0
SMH53644,35.17
SMH53654,18.66
SMH53655,19.85
SMH53670,1.64
SMH53674,21.96
SMH53675,35.11
SMH53677,2.98
SMH53679,11.39
SMH53707,34.32
SMH53709,18.11
SMH53712,37.53
SMH53717,39.62
SMH53720,18.78
SMH53724,22.7
SMH53726,7.18
SMH53734,21.14
SMH53747,1.23
SMH53748,28.43
SMH53753,20.78
SMH53755,16.28
SMH53758,1.03
SMH53760,18.23
SMH53762,1.49
SMH53769,15.38
SMH53780,15.2
SMH53782,29.02
SMH53788,0.53
SMH53792,1.43
SMH53794,29.47
SMH53795,28.07
SMH53811,13.29
SMH53821,25.57
SMH53823,13.64
SMH53827,39.75
SMH53845,1.22
SMH53847,0.0
SMH53863,1.06
SMH53882,17.88
SMH53887,21.79
SMH53896,2.24
SMH53899,23.98
SMH53902,22.24
SMH53922,20.49
SMH53924,25.08
SMH53932,8.96
SMH53936,1.32
SMH53941,21.0
SMH53943,16.18
SMH53952,1.1
SMH53956,20.82
SMH53966,8.86
SMH53976,0.26
SMH53979,29.15
SMH53981,1.22
SMH53994,25.51
SMH53996,0.45
SMH53999,18.42
SMH54001,12.55
SMH54002,5.19
SMH54004,0.62
SMH54008,28.41
SMH54011,29.69
SMH54016,30.36
SMH54019,29.17
SMH54032,13.58
SMH54037,27.97
SMH54038,8.52
SMH54048,18.93
SMH54052,1.91
SMH54068,1.36
SMH54075,2.04
SMH54076,20.66
SMH54079,0.48
SMH54082,16.75
SMH54083,16.25
SMH54087,16.41
SMH54093,4.64
SMH54097,1.18
SMH54108,5.67
SMH54113,3.19
SMH54117,0.0
SMH54127,1.76
SMH54131,2.88
SMH54134,17.88
SMH54136,45.46
SMH54139,12.22
SMH54153,2.07
SMH54155,24.52
SMH54159,12.11
SMH54163,20.75
SMH54173,20.56
SMH54175,17.5
SMH54180,2.13
SMH54185,24.32
SMH54196,11.8
SMH54214,4.73
SMH54230,21.05
SMH54231,24.52
SMH54239,15.09
SMH54244,14.07
SMH54265,18.66
SMH54266,19.48
SMH54268,22.05
SMH54270,22.25
SMH54278,25.12
SMH54286,5.09
SMH54288,20.97
SMH54289,8.29
SMH54290,6.37
SMH54300,6.51
SMH54307,11.2
SMH54310,9.37
SMH54316,15.58
SMH54319,28.83
SMH54323,9.93
SMH54334,28.36
SMH54355,21.87
SMH54364,0.92
SMH54366,13.46
SMH54367,21.24
SMH54368,9.11
SMH54371,2.08
SMH54373,24.39
SMH54376,42.17
SMH54394,16.62
SMH54396,21.39
SMH54398,16.42
SMH54402,36.49
SMH54409,18.73
SMH54415,44.66
SMH54418,19.92
SMH54419,19.2
SMH54421,41.72
SMH54425,19.08
SMH54426,19.14
SMH54427,12.17
SMH54430,24.24
SMH54431,24.17
SMH54438,18.33
SMH54441,12.81
SMH54445_2,2.6
SMH54447,16.27
SMH54448,35.97
SMH54449,28.26
SMH54450,27.68
SMH54453,30.69
SMH54457,19.02
SMH54458,19.66
SMH54459,20.01
SMH54460,22.96
SMH54465,20.14
SMH54467,45.89
SMH54468,23.57
SMH54471,7.45
SMH54476,19.29
SMH54479,19.56
SMH54483,38.89
SMH54484,35.2
SMH54486,23.04
SMH54492,20.03
SMH54497,14.76
SMH54498,14.85
SMH54498_2,14.84
SMH54499,70.16
SMH54500,32.59
SMH54501,40.74
SMH54502,46.49
SMH54503,43.47
SMH54506,2.44
SMH54507,28.98
SMH54510,29.43
SMH54513,10.79
SMH54514,7.82
SMH54515,6.83
SMH54527,42.15
SMH54531,44.35
SMH54532,43.12
SMH54533,43.79
SMH54549,5.06
SMH54552,19.61
SMH54553,18.07
SMH54554,36.29
SMH54555,36.1
SMH54555_2,36.14
SMH54556,35.23
SMH54557,34.65
SMH54558,35.53
SMH54559,33.96
SMH54560,33.97
SMH54560_2,33.64
SMH54561,34.0
SMH54562,34.56
SMH54563,35.42
SMH54565,11.73
SMH54565_2,12.01
SMH54565_3,12.13
SMH54566,26.16
SMH54568/54569,26.85
SMH54571,17.02
SMH54584,7.86
SMH54586,41.2
SMH54588,29.35
SMH54626,22.73
SMH54647,17.35
SMH54657,18.99
SMH54658,18.54
SMH54697,20.41
SMH54707,35.18
SMH54707o,12.31
SMH54731,22.49
SMH54738,8.76
SMH54767,20.65
SMH54768,30.13
SMH54775,35.92
SMH54789,19.26
SMH54816,12.13
SMH54825,1.57
SMH54826,13.79
SMH54827,24.6
SMH54828,1.76
SMH54829,9.25
SMH54831,11.49
SMH54832,11.13
SMH54833,11.39
SMH54834,14.94
SMH54836,18.29
SMH54837,20.84
SMH54838,20.58
SMH54839,13.48
SMH54840,0.94
SMH54842,16.64
SMH54846,27.89
SMH54850,26.42
SMH54851,23.51
SMH54852,22.95
SMH54853,27.84
SMH54854,33.53
SMH54855,15.09
SMH54856,12.22
SMH54857,30.38
SMH54858,6.63
SMH54859,7.25
SMH54860,7.86
SMH54862,26.22
SMH54869,17.46
SMH54870,15.93
SMH54879,3.07
SMH54881,13.04
SMH54885,6.8
SMH54886,6.98
SMH54887,8.59
SMH54888,9.51
SMH54889,9.68
SMH54890,10.01
SMH54891,11.26
SMH54892,11.48
SMH54895,14.2
SMH54897,17.93
SMH54898,3.83
SMH54899,4.0
SMH54900,21.98
SMH54901,10.63
SMH54902,14.58
SMH54903,12.58
SMH54905,20.47
SMH54906,11.3
SMH54908,21.51
SMH54909,19.8
SMH54911,4.15
SMH54912,4.31
SMH54917,16.53
SMH54917b,16.64
SMH55204,35.88
SMH60685,54.72
SMH61085,27.57
SMH61885,31.63
SMH62452,33.37
SMH62453,34.16
SMH62463,2.93
SMH62467,29.24
SMH62471,28.0
SMH62476,19.87
SMH62481,34.17
SMH62482,35.4
SMH62488,19.98
SMH62494,34.23
SMH62495,32.43
SMH62496,31.58
SMH62497,30.13
SMH62498,26.13
SMH62505,30.42
SMH62506,19.8
SMH62507,2.8
SMH62516,31.3
SMH62517,29.08
SMH62520,30.33
SMH62522,19.18
SMH62526,31.5
SMH62527,30.27
SMH62538,30.96
SMH62539,28.19
SMH62540,19.72
SMH62541,19.64
SMH62543,20.15
SMH62544,28.92
SMH62554,20.41
SMH62561,19.63
SMH62562,34.53
SMH62563,28.66
SMH62564,30.99
SMH62565,28.93
SMH62566,29.42
SMH62573,19.59
SMH62582,20.02
SMH63889,23.73
SMH64688,12.4
SMH65489,5.77
SMH65492,5.61
SMH65493,1.12
SMH65494,5.99
SMH65496,5.26
SMH65497,1.16
SMH65498,1.18
SMH65499,1.0
SOT012601B,2.77
SOT012606,22.25
SOT012608,5.31
SOT060002,0.28
SOT132001,2.49
SOT132003,2.84
SOT132003X,0.0
SOT132003Y,4.59
SOT132003Z,0.0
SOT135001,2.75
SOT135002,2.44
SOT135003,2.11
SOT135004,2.03
SOT135005,2.18
SOT135006,2.25
SOT135007,2.33
SOT135014,2.08
SOT136001,5.48
SOT136003,4.08
SOT136004,3.76
SOT136005,3.43
SOT136006,3.1
SOT136007,4.04
SOT136008,3.62
SOT136009,3.42
SOT136012,6.85
SOT136013,0.0
SOT136014,0.0
SOT136015,5.64
SOT136018,0.0
SOT139001,6.22
SOT139002,6.1
SOT139003,5.96
SOT139004,5.82
SOT139005,5.68
SOT139006,5.52
SOT139007,6.7
SOT139008,7.32
SOT139009,9.42
SOT139010,10.99
SOT140003,6.82
SOT140004,6.63
SOT140006,6.38
SOT140007-ORF,5.5
SOT140008,5.6
SOT140009,5.91
SOT140010,6.55
SOT140012,6.54
SOT143001,2.77
StAubinDivChamber,7.43
TUSC-1,9.65
TUSC-2,15.11
TUSC-4,8.28
VER-1,14.31
VER-10,12.0
VER-11,0.44
VER-13,8.66
VER-2,15.41
VER-3,16.68
VER-4,17.78
VER-5,17.77
VER-6,18.22
VER-7,19.95
VER-8,10.93
VER-9,14.5
Violet1,32.4
Violet2,0.0
Violet3,0.0
Violet4,0.0
VioletForcemain,26.52
VR02_DS,25.11
VR10Junction,0.0
VR15_Dam,44.73
VR15_DivChamber,45.65
VR15DropShaft,60.01
WILM-1,11.28
WILM-2,10.76
WILM-3,10.14
WILM-4,9.41
WWMH07315,16.43
WWMH12014,35.14
WWMH21172,14.37
WWMH21237,25.49
WWMH24985,33.59
WWMH26674,37.18
WWMH27725,9.82
WWMH27774,16.75
WWMH33408,27.31
WWMH39964,30.84
WWMH45100,31.13
WWMH45541,34.45
WWMH47390,18.71
049_DRO,44.35
050A_RRO,14.15
101A,8.25
101A_2,8.25
102A,13.1
102A2,14.6
103A,12.16
103A2,14.69
104A,19.12
105A,11.08
106A,13.98
107A/B052,18.05
108A,6.37
109A,3.94
11R-9_D,0.0
21286_OMID_D,0.0
23016_OMID_D,0.0
23116_OMID_D,0.0
23211_OMID_D,0.0
23486_OMID_D,0.0
23555_OMID_D,0.0
24036_OMID_D,0.0
24120_OMID_D,0.0
29936,0.59
29-95_D,0.0
3300_D,0.0
34091,0.0
3423,0.54
3529_D,0.0
3553_D,0.0
4000_OAK_D,0.0
43_D,0.0
5879_D,0.0
9MD-10_D,0.0
9MD-12_D,0.0
9MD-16_D,0.0
9MD-2_D,0.0
9MD-21_D,0.0
9MD-22_D,0.0
9MD-24-2_D,0.0
9MD-29_D,0.0
9MD-30_D,0.0
9MD-31_D,0.0
9MD-32_D,0.0
9MD-33_D,0.0
9MD-34_D,0.0
9MD-34A_D,0.0
9MD-34B_D,0.0
9MD-35_D,0.0
9MD-35A_D,0.0
9MD-35B_D,0.0
9MD-36_D,0.0
9MD-36A_D,0.0
9MD-37_D,0.0
9MD-38A_D,0.0
9MD-38B_D,0.0
9MD-38C_D,0.0
9MD-39_D,0.0
9MD-39A_D,0.0
9MD-40_D,0.0
9MD-41_D,0.0
9MD-42A_D,0.0
9MD-43_D,0.0
9MD-44_D,0.0
9MD-45_D,0.0
9MD-46_D,0.0
9MD-47_D,0.0
9MD-48_D,0.0
9MD-49_D,0.0
9MD-50_D,0.0
9MD-51_D,0.0
9MD-52_D,0.0
9MD-53_D,0.0
9MD-7_D,0.0
9MD-9_D,0.0
AcaciaRTB_Outfall,2.4
B001,19.28
B003A,6.25
B003B,6.25
B004,12.97
B005,4.49
B006,3.18
B007,3.35
B009,6.43
B010,6.19
B012,4.24
B014,3.45
B015,5.15
B016,3.21
B017,7.69
B018,7.82
B019,8.65
B020,9.39
B021,11.63
B022,7.43
B023,12.4
B024,4.78
B025,7.75
B026,3.28
B027,2.21
B028,3.36
B029,4.47
B030,6.35
B031,3.53
B032,4.12
B033,4.01
B034,2.8
B035,5.07
B036,8.36
B038,5.45
B039,15.04
B040,3.12
B041,12.51
B042A,2.69
B042B,2.69
B044,4.88
B045,13.78
B046,3.72
B049,3.37
B050,10.85
B054,13.41
B056/57/58,15.11
B056/57/58VentIn,15.11
B059A,5.28
B059B,14.48
B060/61/62,22.62
B060/61/62VentIn,22.62
B063,5.83
B064,14.93
B065,16.12
B065VentIn,16.12
B067/68,16.06
B067/68VentIn,16.06
B070/69,21.5
B071,10.2
B072,19.53
B072VentIn,19.53
B077,15.57
B077VentIn,15.57
B079,2.69
B080,12.46
B080VentIn,12.46
B081,12.16
B081VentIn,12.16
B082,13.18
B085,12.21
B085VentIn,12.21
B087,13.11
BEA-10_D,0.0
BEI-18_D,0.0
BEI-20_D,0.0
BEI-22_D,0.0
BEI-24_D,0.0
BEI-25_D,0.0
BEI-26_D,0.0
BEI-27_D,0.0
BEI-28_D,0.0
BEI-29_D,0.0
BEI-3_D,0.0
BEI-4_D,0.0
BEI-9_D,0.0
BER-10_D,0.0
BER-13_D,0.0
BER-15_D,0.0
BER-16_D,0.0
BER-24_D,0.0
BER-30_D,0.0
BER-34_D,0.0
BER-4_11R-1_D,0.0
BER-46_D,0.0
BER-5_D,0.0
BER-7_D,0.0
BER-8_D,0.0
BER-9_D,0.0
BirminghamRTB_Outfall,2.04
BLAT-1_D,0.0
BLAT-12_D,0.0
BLAT-13_D,0.0
BLAT-4_D,0.0
BLAT-6_D,0.0
BLAT-7_D,0.0
BLAT-8_D,0.0
BLAT-9_D,0.0
BloomfieldRTB_Outfall,0.0
BRIT-4_D,0.0
Chapaton_Outfall,9.73
CUSH-3_D,0.0
DAV-6_D,0.0
DN1087_D,0.0
DN1216_D,0.0
DN1237_D,0.0
DN1240_D,0.0
DN1510_D,0.0
DN16275_D,0.0
DN2019_D,0.0
DN2023_D,0.0
DN2030_D,0.0
DN20323_D,0.0
DN20324_D,0.0
DN20325_D,0.0
DN20327_D,0.0
DN20328_D,0.0
DN20329_D,0.0
DN20330_D,0.0
DN2044_D,0.0
DN2049_D,0.0
DN20560_D,0.0
DN20565_D,0.0
DN20567_D,0.0
DN20610_D,0.0
DN20621_D,0.0
DN20676_D,0.0
DN2220_D,0.0
DN2240_D,0.0
DN2285_D,0.0
DN2305_D,0.0
DN23849_D,0.0
DN310_D,0.0
DN40600_D,0.0
DN40602_D,0.0
DN40604_D,0.0
DN40801_D,0.0
DN610_D,0.0
DN6104_D,0.0
DN705_D,0.0
DN710_D,0.0
DN810_D,0.0
DN850_D,0.0
DN906_D,0.0
DN920_D,0.0
DN923_D,0.0
DN925_D,0.0
DN9290_D,0.0
DN9291_D,0.0
DN9292_D,0.0
DN9293_D,0.0
DN9294_D,0.0
DN9295_D,0.0
DN9301_D,0.0
DN9350_D,0.0
DN9351_D,0.0
DN9352_D,0.0
DN9353_D,0.0
DN9354_D,0.0
DN9355_D,0.0
DN9356_D,0.0
DN9357_D,0.0
DN9358_D,0.0
DN93582_D,0.0
DN9359_D,0.0
DNOF005,0.58
DNOF101,1.39
DNOF102,2.01
DNOF103a,2.9
DNOF103b,2.9
DNOF104a,0.0
DNOF104b,0.0
DNOF106,0.18
DNOF108,0.19
DNOF113,7.52
DNOF114,9.53
DNOF116,7.23
DNOF117,4.2
DNOF1597,8.3
DNOF2330,0.0
DON-3_D,0.0
EPNE-14_D,0.0
EPNE-16_D,0.0
EPNE-22_D,0.0
FairviewP28-P31,7.01
FO_RVSDS_RTB_DearbornHgts_3_D,0.63
FO_RVSDS_RTB_Inkster_1_MH2,0.0
FO_RVSDS_RTB_Middlebelt_MH2,0.94
FO_RVSDS_RTB_Redford_1_SB,0.0
FRZ-1_D,0.0
FRZ-10_D,0.0
FRZ-11_D,0.0
FRZ-12_D,0.0
FRZ-13_D,0.0
FRZ-14_D,0.0
FRZ-15_D,0.0
FRZ-2_D,0.0
FRZ-3_D,0.0
FRZ-4_D,0.0
FRZ-5_D,0.0
FRZ-6_D,0.0
FRZ-7_D,0.0
FRZ-8_D,0.0
FRZ-9_D,0.0
GASC-4_D,0.0
GPS-16_D,0.0
GPS-20_D,0.0
Greenfield_PS_SSO,0.0
GWK_4030_D,0.0
GWK_4040_D,0.0
GWK_4050_D,0.0
GWK_4060_D,0.0
GWK_4070_D,0.0
GWK_4090_D,0.0
GWK_4110_D,0.0
GWK_4120_D,0.0
GWK_4130_D,0.0
GWK_5030_D,0.0
GWK_5080_D,0.0
GWK_5160_D,0.0
GWK_5243_D,0.0
GWK_5270_D,0.0
GWK_5280_D,0.0
GWK_6010_D,0.0
GWK_6030_D,0.0
GWK_6050_D,0.0
GWK_6120_D,0.0
GWK_6200_D,0.0
GWK_6210_D,0.0
GWK_6220_D,0.0
GWK_6230_D,0.0
GWK_6240_D,0.0
GWK_6260_D,0.0
GWK_6310_D,0.0
GWK_6320_D,0.0
GWK_6340_D,0.0
GWK_6350_D,0.0
GWK_6360_D,0.0
GWK_6370_D,0.0
GWK_8208,0.0
HarperWoods_D,0.0
Input_LC001_San_DearbornHgts_D,0.0
Input_LC002_San_DearbornHgts_D,0.0
Input_LC003_San_DearbornHgts_320_D,0.0
Input_LC003_San_DearbornHgts_3209_D,0.0
Input_LC003_San_DearbornHgts_323_D,0.0
Input_LC003_San_DearbornHgts_3239_D,0.0
Input_LC003_San_DearbornHgts_325_D,0.0
Input_LC003_San_DearbornHgts_3259_D,0.0
Input_LC003_San_DearbornHgts_330_D,0.0
Input_LC003_San_DearbornHgts_3309_D,0.0
Input_LC003_San_DearbornHgts_333_D,0.0
Input_LC003_San_DearbornHgts_3339_D,0.0
Input_LC003_San_DearbornHgts_335_D,0.0
Input_LC005_San_DearbornHgts_D,0.0
Input_LC006_San_DearbornHgts_D,0.0
Input_LC008_San_DearbornHgts_D,0.0
Input_LC014_San_DearbornHgts_D,0.0
Input_LC015_San_DearbornHgts_105_D,0.0
Input_LC015_San_DearbornHgts_110_D,0.0
Input_LC015_San_DearbornHgts_125_D,0.0
Input_LC015_San_DearbornHgts_1259_D,0.0
Input_LC015_San_DearbornHgts_135_D,0.0
Input_LC015_San_DearbornHgts_1359_D,0.0
Input_LC015_San_DearbornHgts_137_D,0.0
Input_LC015_San_DearbornHgts_140_D,0.0
Input_LC015_San_DearbornHgts_220_D,0.0
Input_LC015_San_DearbornHgts_235_D,0.0
Input_LC015_San_DearbornHgts_238_D,0.0
Input_LC015_San_DearbornHgts_240_D,0.0
Input_LC015_San_DearbornHgts_2409_D,0.0
Input_LC015_San_DearbornHgts_245_D,0.0
Input_LC015_San_DearbornHgts_2459_D,0.0
Input_LC015_San_DearbornHgts_250_D,0.0
Input_LC015_San_DearbornHgts_255_D,0.0
Input_LC015_San_DearbornHgts_270_D,0.0
Input_LC015_San_DearbornHgts_273_D,0.0
Input_LC015_San_DearbornHgts_275_D,0.0
Input_LC015_San_DearbornHgts_280_D,0.0
Input_LC015_San_DearbornHgts_285_D,0.0
Input_LC015_San_DearbornHgts_290_D,0.0
Input_LC015_San_DearbornHgts_295_D,0.0
Input_LC015_San_DearbornHgts_405_D,0.0
Input_LC015_San_DearbornHgts_4059_D,0.0
Input_LC015_San_DearbornHgts_410_D,0.0
Input_LC015_San_DearbornHgts_510_D,0.0
Input_LC015_San_DearbornHgts_515_D,0.0
Input_LC015_San_DearbornHgts_520_D,0.0
Input_LC018_San_DearbornHgts_D,0.0
Input_LC019_San_DearbornHgts_D,0.0
Input_LC020_San_DearbornHgts_D,0.0
Input_LC021_San_DearbornHgts_D,0.0
Input_LC023_San_Inkster_D,0.0
Input_LC024_San_DearbornHgts_D,0.0
Input_LC025_San_DearbornHgts_D,0.0
Input_LC026_San_GardenCity_D,0.0
Input_LC026_San_Westland_D,0.0
Input_LC027_San_GardenCity_D,0.0
Input_LC027_San_Westland_D,0.0
Input_LC028_San_Inkster_D,0.0
Input_LC028_San_Westland_D,0.0
Input_LC029_San_Inkster_D,0.0
Input_LC030_San_Inkster_D,0.0
Input_LC032_San_Inkster_D,0.0
Input_LC033_San_Inkster_D,0.0
Input_LC033_San_Westland_D,0.0
Input_LC034_San_Inkster_D,0.0
Input_LC034_San_Westland_D,0.0
Input_LC035_San_Inkster_D,0.0
Input_LC036_San_Inkster_D,0.0
Input_LC037_San_Inkster_D,0.0
Input_LC038_San_Inkster_D,0.0
Input_LC039_San_Inkster_D,0.0
Input_LC040_San_Inkster_D,0.0
Input_LC041_San_Inkster_D,0.0
Input_LC042_San_Inkster_D,0.0
Input_LC044_San_Inkster_D,0.0
Input_LC046_San_Inkster_D,0.0
Input_LC047_San_Inkster_D,0.0
Input_LC049_San_Inkster_D,0.0
Input_LC051_San_Inkster_D,0.0
Input_LC052_San_Inkster_D,0.0
Input_LC053_San_Inkster_D,0.0
Input_LC054_San_Inkster_D,0.0
Input_LC055_San_Inkster_D,0.0
Input_LC056_San_Inkster_D,0.0
Input_LC057_San_Inkster_D,0.0
Input_LC058_San_Livonia_D,0.0
Input_LC059_San_Livonia_D,0.0
Input_LC060_San_Livonia_D,0.0
Input_LC061_San_Livonia_D,0.0
Input_LC062_San_Livonia_D,0.0
Input_LC063_San_Livonia_D,0.0
Input_LC064_San_Livonia_D,0.0
Input_LC065_San_Livonia_D,0.0
Input_LC066_San_Livonia_D,0.0
Input_LC067_San_Livonia_D,0.0
Input_LC068_San_Livonia_D,0.0
Input_LC069_San_Livonia_D,0.0
Input_LC070_San_Livonia_D,0.0
Input_LC071_San_Livonia_D,0.0
Input_LC072_San_Livonia_D,0.0
Input_LC073_San_Livonia_D,0.0
Input_LC074_San_Livonia_D,0.0
Input_LC074_San_Westland_D,0.0
Input_LC075_San_Livonia_D,0.0
Input_LC076_San_Livonia_D,0.0
Input_LC077_San_Livonia_D,0.0
Input_LC078_San_Livonia_D,0.0
Input_LC079_San_Livonia_D,0.0
Input_LC080_San_Livonia_D,0.0
Input_LC081_San_Livonia_D,0.0
Input_LC082_San_Livonia_D,0.0
Input_LC083_San_Livonia_D,0.0
Input_LC084_San_Livonia_D,0.0
Input_LC085_San_Livonia_D,0.0
Input_LC086_San_Livonia_D,0.0
Input_LC087_San_Livonia_D,0.0
Input_LC088_San_Livonia_D,0.0
Input_LC089_San_Northville_D,0.0
Input_LC090_San_Northville_D,0.0
Input_LC091_San_Northville_D,0.0
Input_LC092_San_Northville_D,0.0
Input_LC093_San_Northville_D,0.0
Input_LC093_San_NorthvilleTwp_D,0.0
Input_LC094_San_Northville_D,0.0
Input_LC094_San_NorthvilleTwp_D,0.0
Input_LC095_San_Northville_D,0.0
Input_LC096_San_Novi_01_D,0.0
Input_LC096_San_Novi_02_D,0.0
Input_LC096_San_Novi_03_D,0.0
Input_LC096_San_Novi_04_D,0.0
Input_LC096_San_Novi_05_D,0.0
Input_LC096_San_Novi_06_D,0.0
Input_LC096_San_Novi_07_D,0.0
Input_LC096_San_Novi_08_D,0.0
Input_LC096_San_Novi_09_D,0.0
Input_LC096_San_Novi_10_D,0.0
Input_LC096_San_Novi_11_D,0.0
Input_LC096_San_Novi_12_D,0.0
Input_LC096_San_Novi_13_D,0.0
Input_LC096_San_Novi_14_D,0.0
Input_LC096_San_Novi_15_D,0.0
Input_LC096_San_Novi_16_D,0.0
Input_LC096_San_Novi_17_D,0.0
Input_LC096_San_Novi_18_D,0.0
Input_LC096_San_Novi_19_D,0.0
Input_LC096_San_Novi_20_D,0.0
Input_LC096_San_Novi_21_D,0.0
Input_LC096_San_Novi_22_D,0.0
Input_LC096_San_Novi_23_D,0.0
Input_LC096_San_Novi_24_D,0.0
Input_LC096_San_Novi_25_D,0.0
Input_LC096_San_Novi_26_D,0.0
Input_LC096_San_Novi_27_D,0.0
Input_LC096_San_Novi_28_D,0.0
Input_LC096_San_Novi_29_D,0.0
Input_LC096_San_Novi_30_D,0.0
Input_LC096_San_Novi_31_D,0.0
Input_LC096_San_Novi_32_D,0.0
Input_LC096_San_Novi_33_D,0.0
Input_LC096_San_Novi_34_D,0.0
Input_LC096_San_Novi_35_D,0.0
Input_LC096_San_Novi_36_D,0.0
Input_LC096_San_Novi_37_D,0.0
Input_LC096_San_Novi_38_D,0.0
Input_LC096_San_Novi_39_D,0.0
Input_LC096_San_Novi_40_D,0.0
Input_LC096_San_Novi_41_D,0.0
Input_LC096_San_Novi_42_D,0.0
Input_LC096_San_Novi_43_D,0.0
Input_LC096_San_Novi_44_D,0.0
Input_LC096_San_Novi_45_D,0.0
Input_LC096_San_Novi_46_D,0.0
Input_LC096_San_Novi_47_D,0.0
Input_LC096_San_Novi_48_D,0.0
Input_LC096_San_Novi_49_D,0.0
Input_LC097_San_Plymouth_D,0.0
Input_LC098_San_Plymouth_D,0.0
Input_LC099_San_Plymouth_D,0.0
Input_LC100_San_Plymouth_D,0.0
Input_LC101_San_Plymouth_D,0.0
Input_LC104_San_RedfordTwp_D,0.0
Input_LC105_San_Livonia_D,0.0
Input_LC105_San_RedfordTwp_D,0.0
Input_LC107_San_RedfordTwp_D,0.0
Input_LC108_San_RedfordTwp_D,0.0
Input_LC109_San_RedfordTwp_D,0.0
Input_LC110_San_RedfordTwp_D,0.0
Input_LC111_San_RedfordTwp_D,0.0
Input_LC112_San_RedfordTwp_D,0.0
Input_LC116_San_RedfordTwp_D,0.0
Input_LC117_San_RedfordTwp_D,0.0
Input_LC118_San_RedfordTwp_D,0.0
Input_LC119_San_RedfordTwp_D,0.0
Input_LC120_San_RedfordTwp_D,0.0
Input_LC122_San_RedfordTwp_D,0.0
Input_LC123_San_RedfordTwp_D,0.0
Input_LC124_San_RedfordTwp_D,0.0
Input_LC125_San_RedfordTwp_D,0.0
Input_LC126_San_RedfordTwp_D,0.0
Input_LC127_San_Romulus_D,0.0
Input_LC128_San_Romulus_D,0.0
Input_LC129_San_Romulus_D,0.0
Input_LC130_San_Romulus_D,0.0
Input_LC131_San_Romulus_D,0.0
Input_LC132_San_Romulus_D,0.0
Input_LC133_San_Romulus_D,0.0
Input_LC134_San_Romulus_D,0.0
Input_LC135_San_Romulus_D,0.0
Input_LC136_San_VanBurenTwp_D,0.0
Input_LC137_San_Wayne_D,0.0
Input_LC138_San_Wayne_D,0.0
Input_LC139_San_Wayne_D,0.0
Input_LC140_San_Wayne_D,0.0
Input_LC141_San_Wayne_D,0.0
Input_LC142_San_Wayne_D,0.0
Input_LC143_San_Wayne_D,0.0
Input_LC144_San_Wayne_D,0.0
Input_LC145_San_Wayne_D,0.0
Input_LC146_San_Wayne_D,0.0
Input_LC147_San_Wayne_D,0.0
Input_LC148_San_Wayne_D,0.0
Input_LC149_San_Wayne_D,0.0
Input_LC150_San_Wayne_D,0.0
Input_LC151_San_Wayne_D,0.0
Input_LC152_San_Wayne_D,0.0
Input_LC153_San_Wayne_D,0.0
Input_LC154_San_Wayne_D,0.0
Input_LC155_San_Wayne_D,0.0
Input_LC156_San_Wayne_D,0.0
Input_LC157_San_Wayne_D,0.0
Input_LC158_San_Wayne_D,0.0
Input_LC159_San_Wayne_D,0.0
Input_LC160_San_Wayne_D,0.0
Input_LC161_San_Wayne_D,0.0
Input_LC162_San_Westland_D,0.0
Input_LC163_San_Westland_D,0.0
Input_LC164_San_Westland_D,0.0
Input_LC165_San_Westland_D,0.0
Input_LC166_San_Westland_D,0.0
Input_LC167_San_Westland_D,0.0
Input_LC168_San_Westland_D,0.0
Input_LC169_San_Westland_D,0.0
Input_LC170_San_Westland_D,0.0
Input_LC171_San_Westland_D,0.0
Input_LC172_San_Westland_D,0.0
Input_LC173_San_Westland_D,0.0
Input_LC174_San_Westland_D,0.0
Input_LC175_San_Westland_D,0.0
Input_LC176_San_Westland_D,0.0
Input_LC177_San_Westland_D,0.0
Input_LC178_San_Westland_D,0.0
Input_LC179_San_Westland_D,0.0
Input_LC180_San_Westland_D,0.0
Input_LC181_San_Westland_D,0.0
Input_LC182_San_Westland_D,0.0
Input_LC183_San_Wayne_D,0.0
Input_LC183_San_Westland_D,0.0
Input_LC184_San_Wayne_D,0.0
Input_LC184_San_Westland_D,0.0
Input_LC185_San_Wayne_D,0.0
Input_LC185_San_Westland_D,0.0
Input_LC186_San_Westland_D,0.0
Input_LC187_San_Westland_D,0.0
Input_LC188_San_Westland_D,0.0
Input_LC189_San_Westland_D,0.0
Input_LC190_San_Westland_D,0.0
Input_LC191_San_Westland_D,0.0
Input_LC192_San_Westland_D,0.0
Input_LC200_San_Wayne_D,0.0
Input_LC201_San_Wayne_D,0.0
Input_LC202_San_Northville_D,0.0
Input_LC203_San_Northville_D,0.0
Input_LC204_San_Westland_D,0.0
JCT-1392_D,0.0
JCT-1690_D,0.0
JCT-1716_D,0.0
JFI-1_D,0.0
JFI-10_D,0.0
JFI-11_D,0.0
JFI-12_D,0.0
JFI-13_D,0.0
JFI-14_D,0.0
JFI-15_D,0.0
JFI-16_D,0.0
JFI-17_D,0.0
JFI-18_D,0.0
JFI-19_D,0.0
JFI-2_D,0.0
JFI-20_D,0.0
JFI-22_D,0.0
JFI-23_D,0.0
JFI-25_D,0.0
JFI-26_D,0.0
JFI-27_D,0.0
JFI-3_D,0.0
JFI-30_D,0.0
JFI-31_D,0.0
JFI-36_D,0.0
JFI-37_D,0.0
JFI-38_D,0.0
JFI-39_D,0.0
JFI-4_D,0.0
JFI-5_D,0.0
JFI-6_D,0.0
JFI-7_D,0.0
JFI-8_D,0.0
JFI-9A_D,0.0
JFI-9B_D,0.0
JFR-11_D,0.0
JFR-18_D,0.0
JFR-21_D,0.0
JFR-25_D,0.0
JFR-26_D,0.0
JFR-28_D,0.0
JFR-29_D,0.0
JFR-3_D,0.0
JFR-30_D,0.0
JFR-31_D,0.0
JFR-34_D,0.0
JFR-36_D,0.0
JFR-4_D,0.0
JFR-40_D,0.0
JFR-42_D,0.0
JFR-43_D,0.0
JFR-46_D,0.0
JFR-47_D,0.0
JFR-49_D,0.0
JFR-5_D,0.0
JFR-50_D,0.0
JFR-51_D,0.0
JFR-52_D,0.0
JFR-54_D,0.0
JFR-55_D,0.0
JFR-56_D,0.0
JFR-57_D,0.0
JFR-58_D,0.0
JFR-59_D,0.0
JFR-60_D,0.0
JFR-62_D,0.0
JFR-64_D,0.0
JFR-65_D,0.0
JFR-68_D,0.0
JFR-7_D,0.0
JFR-70_D,0.0
JFR-71_D,0.0
JFR-72_D,0.0
JFR-73_D,0.0
JFR-74_D,0.0
JFR-75_D,0.0
JFR-77_D,0.0
JFR-78_D,0.0
JFR-79_D,0.0
JFR-8_D,0.0
JFR-83_D,0.0
JFR-84_D,0.0
JFR-85_D,0.0
JFR-86_D,0.0
JFR-88_D,0.0
JFR-90_D,0.0
JFR-91_D,0.0
JFR-92_D,0.0
JFR-93_D,0.0
JFR-94_D,0.0
JFR-95_D,0.0
JFR-96_D,0.0
KARM-1_D,0.0
KARM-10_D,0.0
KARM-2_D,0.0
KARM-3_D,0.0
KARM-4_D,0.0
KARM-5_D,0.0
KARM-6_D,0.0
KARM-7_D,0.0
KARM-8_D,0.0
KARM-9_D,0.0
LAMB-4_D,0.0
Local_LC046_1407,0.0
Local_LC046_1501,0.0
Local_VanBurenDiversion,0.0
m3000-SOT14_D,0.0
m3020-SOT136010_D,0.0
m3020-SOT136010_D2,0.0
m3090-SOT13_D,0.0
M39_Hubbard_D,0.0
Martin_Outfall,9.21
MDOT_M102-01_D,0.0
MDOT_M102-02_D,0.0
MDOT_M102-03_D,0.0
MDOT_M102-04_D,0.0
MDOT_M102-05_D,0.0
MDOT_M102-06_D,0.0
MDOT_M102-07_D,0.0
MDOT_M102-08_D,0.0
MDOT_M102-09_D,0.0
MIDDD_DS_Cl_D,0.0
MIDDD_US_Cl_D,0.0
Milk_River_Outfall,3.23
MR-1020_D,0.0
MR-1040_D,0.0
MRD-17_D,0.0
MRD-18_D,0.0
MRD-19_D,0.0
MRD-20_D,0.0
MRD-21_D,0.0
MRD-22_D,0.0
MRD-23_D,0.0
MRD-28_D,0.0
MRD-29_D,0.0
MRD-30_D,0.0
MRD-31_D,0.0
MRD-32_D,0.0
MRD-33_D,0.0
MRD-34_D,0.0
MRD-35_D,0.0
MRD-36_D,0.0
MRD-37_D,0.0
MRD-41_D,0.0
MRD-43_D,0.0
MRD-45_D,0.0
MRD-46_D,0.0
MRD-47_D,0.0
MRD-48_D,0.0
MRD-49_D,0.0
MRD-50_D,0.0
MRD-51_D,0.0
MRD-53_D,0.0
MRD-54_D,0.0
MRD-55_D,0.0
MRD-57_D,0.0
MRD-59_D,0.0
MRD-60_D,0.0
MRD-63_D,0.0
NER-10_D,0.0
NER-13_D,0.0
NER-18_D,0.0
NER-19_D,0.0
NER-2_D,0.0
NER-21_D,0.0
NER-24_D,0.0
NER-25_D,0.0
NER-26_D,0.0
NER-3_D,0.0
NER-32_D,0.0
NER-33_D,0.0
NER-35_D,0.0
NER-36_D,0.0
NER-37_D,0.0
NER-39_D,0.0
NER-4_D,0.0
NER-49_D,0.0
NER-5_D,0.0
NER-51_D,0.0
NER-52_D,0.0
NER-55_D,0.0
NER-58_D,0.0
NER-59_D,0.0
NER-6_D,0.0
NER-61_D,0.0
NER-73_D,0.0
NER-76_D,0.0
NER-8_D,0.0
NER-9_D,0.0
NORM-4_D,0.0
NWR-12_D,0.0
NWR-25_D,0.0
NWR-29_D,0.0
NWR-33_D,0.0
NWR-34_D,0.0
NWR-36_D,0.0
NWR-39_D,0.0
NWR-42_D,0.0
NWR-6_D,0.0
NWRC-10_D,0.0
NWRC-11_D,0.0
NWRC-12_D,0.0
NWRC-2_D,0.0
NWRC-7_D,0.0
OF_GPF,2.36
OF_WCS1,8.5
OUT_OCS2_OMID,0.0
OUT_RCS1_OMID,0.0
OUT_STS1_OMID,0.0
OUT_STS2_OMID,0.0
OUT_STS3_OMID,0.0
OUT_STS4_OMID,0.0
OUT_SYS1_OMID,0.0
OUT_SYS2_OMID,0.0
OUT_UTS1_OMID,0.0
Outfallto8MileDrain,0.0
PIP-3_D,0.0
PLEA-4_D,0.0
PL-EFF-2_D,0.0
PS_GPK_D,0.0
RAU-3_D,0.0
RC27001A_D,0.0
REIN-4_D,0.0
RVSDS_CSO_07_(M14),0.87
RVSDS_CSO_08_(M13),0.96
RVSDS_CSO_11_(L42),0.79
RVSDS_CSO_12_(L43),0.0
RVSDS_CSO_13_(L41),0.0
RVSDS_CSO_18_(009),0.0
RVSDS_CSO_18_(L-46),0.0
RVSDS_CSO_39_(U05),0.0
RVSDS_CSO_40_(U03),0.0
RVSDS_CSO_41_(U04),0.0
RVSDS_CSO_42_(U11),0.0
RVSDS_CSO_43_(U09),0.0
RVSDS_CSO_44_(U10),0.0
RVSDS_CSO_45_(U02),0.0
RVSDS_CSO_46_(U01),0.0
RVSDS_CSO_55_(M22),0.0
RVSDS_CSO_56_(M21),0.0
RVSDS_CSO_57_(M25),0.0
RVSDS_CSO_59_(M24),0.0
RVSDS_RTB_DearbornHgts_3,2.63
RVSDS_RTB_Inkster_1,0.41
RVSDS_RTB_Redford_1,2.77
SAX-4_D,0.0
SCHR-4_D,0.0
SFIT0084_D,0.0
SFIT0312_D,0.0
SHAK-3_D,0.0
SMH23425_D,0.0
SMH30810_D,0.0
SMH62452_D,0.0
SOT132001_D,0.0
SOT132006_D,0.0
SOT135001_D,0.0
SOT135002_D,0.0
SOT135003_D,0.0
SOT135004_D,0.0
SOT135005_D,0.0
SOT135006_D,0.0
SOT135014_D,0.0
SOT136003_D,0.0
SOT136004_D,0.0
SOT136005_D,0.0
SOT136006_D,0.0
SOT136007_D,0.0
SOT139005_D,0.0
SOT140003_D,0.0
SOT140004_D,0.0
SOT140006_D,0.0
SOT143001_D,0.0
STS3_OMID_D,0.0
TUSC-4_D,0.0
WILM-4_D,0.0
1795-14,3.41
1795-24,79.5
1795-25,79.5
1795-26,79.5
1795-28,80.81
1795-29,80.81
1795-30,80.92
1795-31,81.01
20001,25.37
20001_D,65.8
20005,70.72
200100,9.53
200200,17.27
200300,12.68
21286_OMID,0.28
23016_OMID,0.41
23116_OMID,0.63
23211_OMID,0.2
23486_OMID,0.16
23555_OMID,0.69
24036_OMID,0.26
24120_OMID,0.31
2701,10.36
2702,4.89
29920,5.6
29930,3.51
29932,0.81
3009,38.72
3010,38.67
4000_OAK,10.02
4010_OAK,0.5
5879,26.0
6011A_OAK,10.99
6011B_OAK,10.95
6013A_OAK,10.77
6013D_OAK,10.24
6040,14.83
7003,32.57
7031A_OAK,11.52
7031B_OAK,11.49
7033A_OAK,11.59
7033D_OAK,11.06
8DR-1,32.44
8DR-24,29.26
8DR-27,30.55
8DR-30,27.43
8DR-35,27.82
8DR-69,25.27
9MD-1,10.67
9MD-1B,21.75
9MD-24-1B,12.02
9MD-24-2,13.74
9MD-27,15.29
9MD-28,15.87
9MD-L1,10.93
9MD-L2,10.57
AcaciaRegChamber,4.99
AcaciaRTB,33.19
AerationBasin,21.48
AP3408,6.43
B1_Chamber,27.81
BC_DblStor,23.76
BC_EastBarrStor,23.69
BelleIsleWetWell,19.85
BirminghamRTB,42.47
BlmfldRegChamber,6.1
BloomfieldRTB,32.98
BonHeurWetWell,2.31
CC_EffluentPt,22.32
CCForebay,21.6
Chamber11,19.44
Chamber11d,69.7
Chamber12,21.75
Chamber12_2,21.57
Chamber25,16.87
Chamber8,8.86
ChapatonBasinDrain,6.04
ChapatonCanal,10.09
ChapatonRTB,20.09
CS-4_Upstream_OMID,6.15
CS-5_Downstream_OMID,2.74
CS-5_Upstream_OMID,3.16
CS-6_Downstream_OMID,4.36
CS-6_Upstream_OMID,4.64
CS-7_Downstream_OMID,2.36
CS-7_Upstream_OMID,2.66
CS-8_Downstream_OMID,1.56
CS-8_Upstream_OMID,2.15
CS-9_Upstream_OMID,3.07
D11,12.63
D11d,9.15
D12,14.44
D13,11.57
D14,10.85
D16,6.78
D20,18.14
D21,9.64
D22,10.19
D24,10.97
D25,9.02
D26,12.35
D27,11.55
D28,10.3
D29,10.74
D3,5.26
D30,14.59
D32,7.14
D34,9.56
D35,9.28
D36,17.82
D37,7.88
D38,14.98
D39,18.23
D40,10.47
D41,18.64
D42,11.5
D44,1.22
D45,8.26
D59,8.98
D6,8.46
D7,11.19
DN106,36.2
DN1593310,2.08
DN1595,1.53
DN1596,0.0
DN200113,0.69
DN200120,1.18
DN200122,0.86
DN200125,0.54
DN200140,0.04
DN200141,1.09
DN200145,0.65
DN200150,1.52
DN20060,14.06
DN20079,159.61
DN200805,0.23
DN200806,1.19
DN200843,1.19
DN200844,1.41
DN200845,2.04
DN200846,1.65
DN200853,0.99
DN200854,0.88
DN200855,0.55
DN200856,1.5
DN200906,3.51
DN200910,3.85
DN200915,3.08
DN200918,2.07
DN200920,0.99
DN200925,0.39
DN2009294,0.51
DN2009300,0.59
DN2009301,0.92
DN200935,0.8
DN2009350,0.51
DN2009351,0.55
DN2009352,1.09
DN2009353,0.63
DN2009354,0.79
DN2009355,0.71
DN2009356,0.8
DN2009357,0.73
DN2009359,1.22
DN201151,1.04
DN201152,0.95
DN201153,1.15
DN201222,0.87
DN201223,0.97
DN201251,1.09
DN201252,1.23
DN201311B,1.28
DN201314B,1.27
DN201485B,1.64
DN201489,0.65
DN201501,1.12
DN201502,0.96
DN201503,1.12
DN201504,0.47
DN201510,0.58
DN201515,1.87
DN201516,3.68
DN201530,0.71
DN201535,0.67
DN201536,3.83
DN201555,0.71
DN201600,3.72
DN201601,2.44
DN201602,1.62
DN201603,1.43
DN201604,1.72
DN201606,1.52
DN201700,1.19
DN201701,5.39
DN201702,5.19
DN201703,5.58
DN201704,2.41
DN201705,1.78
DN201706,8.92
DN201710,0.85
DN201716,16.94
DN201720,18.65
DN201725,12.52
DN201726,1.53
DN201732,8.24
DN201735,10.59
DN201736,5.77
DN201737,8.31
DN201738,8.32
DN201748,14.66
DN201750,18.87
DN201751,0.42
DN201756,12.18
DN201757,7.7
DN201759,9.25
DN201760,17.3
DN201761,15.09
DN201763,4.17
DN201764,10.04
DN201765,6.56
DN201766,16.36
DN201776,5.46
DN201777,8.38
DN201778,6.92
DN201787,4.67
DN201788,8.38
DN201789,17.43
DN201794,6.7
DN201796,7.99
DN201798,8.02
DN201798B,7.99
DN202604,0.47
DN202606,0.93
DN202700,1.0
DN202704,15.02
DN202705,0.85
DN202706,12.79
DN202710,1.15
DN202716,33.42
DN202720,31.33
DN202725,32.92
DN202726,0.96
DN202732,32.46
DN202735,30.67
DN202736,15.08
DN202737,14.96
DN202738,14.75
DN202748,11.26
DN202750,25.52
DN202751,15.91
DN202756,25.4
DN202757,15.53
DN202759,13.71
DN202760,29.38
DN202761,6.41
DN202763,14.2
DN202764,28.47
DN202765,13.42
DN202776,14.43
DN202777,11.88
DN202778,13.24
DN202786,15.48
DN202787,13.81
DN202788,11.46
DN202794,12.14
DN202796,15.71
DN202798,11.76
DN202798B,12.34
DN203100,2.44
DN203101,1.39
DN203110,3.46
DN203111,18.7
DN203150,0.61
DN203151,0.78
DN203160,1.06
DN203161,0.89
DN203171,0.39
DN203211,0.88
DN20322,13.84
DN203220,1.19
DN203300,2.1
DN204200,2.75
DN204300,2.07
DN204301,0.99
DN204303,1.02
DN204350,0.38
DN204351,1.07
DN204353,0.98
DN205100,2.67
DN205200,0.81
DN20533,9.82
DN20535,9.7
DN205350,3.87
DN20570,2.98
DN20618,12.32
DN20623,0.0
DN207100,2.95
DN207251,2.06
DN207261,1.28
DN207361,1.2
DN207370,1.52
DN207371,1.02
DN207380,1.28
DN207381,0.8
DN207430,0.83
DN207431,0.91
DN207451,0.97
DN207461,1.08
DN207471,1.02
DN207480,2.5
DN207500,1.05
DN207501,0.77
DN207550,0.4
DN207551,0.77
DN208401,0.89
DN208403,0.33
DN208631,1.12
DN208632,0.63
DN208633,0.78
DN208651,0.99
DN208653,0.52
DN209450,0.72
DN209451,0.78
DN209992,1.52
DN209993,1.71
DN209995,0.74
DN210997,1.24
DN210998,0.69
DN210999,0.81
DN213060,2.35
DN213070,0.95
DN213080,3.05
DN213110,1.03
DN213120,1.78
DN213130,1.14
DN213140,1.66
DN213143B,1.98
DN213150,3.14
DN213160,3.31
DN213250,1.91
DN213350,1.45
DN213360,2.24
DN213370,2.55
DN214100,0.96
DN214151,1.89
DN214200,2.25
DN214251,1.81
DN214301,1.77
DN214321,1.39
DN214331,0.96
DN214340,2.13
DN214341,1.55
DN214350,1.85
DN214351,0.97
DN214361,0.94
DN214371,1.38
DN214401,1.18
DN214411,1.91
DN214421,1.34
DN214451,1.34
DN214471,1.37
DN214500,1.52
DN214501,1.38
DN214511,1.11
DN214521,1.55
DN214531,1.52
DN214550,2.05
DN214551,0.97
DN214561,1.5
DN214571,1.5
DN214581,1.49
DN214600,0.32
DN214601,0.9
DN214611,1.18
DN214651,0.69
DN214701,2.22
DN214710,0.74
DN214730,0.57
DN214740,0.82
DN214751,1.81
DN214770,0.68
DN214780,2.62
DN214800,2.06
DN214850,1.77
DN214901,1.81
DN214910,2.5
DN216050,1.28
DN216051,0.44
DN217400,0.62
DN217404,0.34
DN217405,0.34
DN217406,1.2
DN217410,1.01
DN217430,0.02
DN217440,0.76
DN217441,0.57
DN217442,0.47
DN217443,0.96
DN217450,7.28
DN217750,0.85
DN217751,1.25
DN217752,6.18
DN217801,0.79
DN217802,1.09
DN217811,0.6
DN217812,1.46
DN217840,0.78
DN217930,0.43
DN217931,0.43
DN217932,0.94
DN217933,1.16
DN217934,1.62
DN217935,1.27
DN221001,1.17
DN221011,0.65
DN221021,0.94
DN221031,0.63
DN221041,1.11
DN221050,2.24
DN221051,0.59
DN224000,0.89
DN224010,0.5
DN224020,1.69
DN224050,3.9
DN224060,0.55
DN224070,1.75
DN224080,1.12
DN224090,1.42
DN224100,0.96
DN224110,3.6
DN225001,19.26
DN227400,0.85
DN227401,0.85
DN227402,0.85
DN227403,0.67
DN227410,0.68
DN227411,0.83
DN227412,0.83
DN227413,0.83
DN227430,0.87
DN227431,0.92
DN227432,0.89
DN227440,0.85
DN227441,0.85
DN227442,0.85
DN227443,0.74
DN227450,15.07
DN227451,0.85
DN227750,0.53
DN227751,0.63
DN227752,7.84
DN227800,0.64
DN227801,0.71
DN227802,0.45
DN227810,0.55
DN227811,0.64
DN227840,0.67
DN227841,0.76
DN227842,0.76
DN227843,11.45
DN227844,10.55
DN227930,0.63
DN227931,0.61
DN227932,10.81
DN227933,10.61
DN227934,7.23
DN227935,10.62
DN23130,2.61
DN231310,2.52
DN231320,3.17
DN231330,1.95
DN231340,2.93
DN231350,1.53
DN231360,3.05
DN231510,0.35
DN231511,0.89
DN231520,0.35
DN231521,0.91
DN231530,1.68
DN231531,1.08
DN231710,1.45
DN231711,1.33
DN231720,0.81
DN231730,1.04
DN231740,0.72
DN231741,1.06
DN233010,1.39
DN233020,1.17
DN233030,1.9
DN233040,1.78
DN233050,1.17
DN233060,0.92
DN233070,1.57
DN233080,1.54
DN240811,0.72
DN240821,1.09
DN240830,2.4
DN240841,0.82
DN240851,1.01
DN240861,1.0
DN240871,1.08
DN240881,0.91
DN242011,1.15
DN242021,1.35
DN242031,1.33
DN243000,3.18
DN243001,1.17
DN243002,0.87
DN243003,0.57
DN243011,0.93
DN243013,0.61
DN243021,0.98
DN243022,0.71
DN243023,0.8
DN243510,0.48
DN243511,1.11
DN243520,0.38
DN243521,1.11
DN243523,1.57
DN243530,1.16
DN243531,1.23
DN243533,0.78
DN243540,0.39
DN243541,1.21
DN243543,0.82
DN244000,0.99
DN244001,1.3
DN244010,1.1
DN244011,0.95
DN244012,0.95
DN244022,1.36
DN244023,1.28
DN244030,1.21
DN244031,1.24
DN244032,0.2
DN244033,0.65
DN244041,1.23
DN245000,0.75
DN245001,1.01
DN245011,0.96
DN245021,0.96
DN245030,1.5
DN245031,1.1
DN245500,1.6
DN245501,1.25
DN245510,1.56
DN245511,1.16
DN245520,1.01
DN245521,1.25
DN245530,0.47
DN245531,1.23
DN245540,0.39
DN245541,1.09
DN251500,2.53
DN251501,0.28
DN251510,2.85
DN251520,2.09
DN251521,0.79
DN261030,0.89
DN261031,1.07
DN270910,2.38
DN270920,2.34
DN271010,2.91
DN271011,1.16
DN271500,2.28
DN271510,1.89
DN271520,1.66
DN271540,2.38
DN271550,2.62
DN271560,2.43
DN271570,2.66
DN271610,0.89
DN271710,2.36
DN271711,0.68
DN271721,1.19
DN271730,0.94
DN271731,0.82
DN271741,1.1
DN273511,1.29
DN273521,1.11
DN275010,2.02
DN275011,0.79
DN275021,0.98
DN275030,0.57
DN275031,0.67
DN275040,0.5
DN275041,0.63
DN275051,1.0
DN275061,0.61
DN275071,0.93
DN275081,1.04
DN275250,1.46
DN275251,1.04
DN275311,1.0
DN275320,1.95
DN275321,0.88
DN275361,1.36
DN275371,1.35
DN275450,0.78
DN275451,1.11
DN275460,1.51
DN275461,0.41
DN275470,0.93
DN275471,1.21
DN275501,1.18
DN275511,1.05
DN276010,1.36
DN276021,0.75
DN276030,0.52
DN276031,0.65
DN281500,1.1
DN281501,0.89
DN281511,0.89
DN281521,0.74
DN281531,0.96
DN281550,0.59
DN281551,0.86
DN284011,1.24
DN284013,0.69
DN284021,0.97
DN284031,0.89
DN284041,0.74
DN284043,0.59
DN286311,1.17
DN286312,0.95
DN286320,0.31
DN286321,1.47
DN286511,1.27
DN286513,0.86
DN286520,1.62
DN286521,0.9
DN286523,0.46
DN286530,0.91
DN286531,0.93
DN286533,0.86
DN296810,0.62
DN296811,3.16
DN296823,1.44
DN296824,0.25
DN296826,1.02
DN296848,0.56
DN296849,2.48
DN296850,0.76
DN296851,1.27
DN297823,0.81
DN297824,1.69
DN297825,0.21
DN297826,1.55
DN31,121.46
DN331210,1.35
DN331420,2.25
DN331430,2.21
DN331440,2.74
DN332010,1.41
DN339330,1.76
DN341511,2.09
DN341521,2.08
DN34250,2.24
DN342510,3.3
DN342520,3.33
DN343210,1.6
DN343211,1.31
DN343221,1.17
DN343240,1.63
DN343241,1.59
DN343251,1.17
DN343260,1.65
DN343261,1.33
DN343331,1.4
DN346511,0.81
DN346521,0.98
DN346531,0.96
DN346541,1.19
DN347510,2.04
DN347511,1.78
DN347521,1.67
DN347531,1.78
DN347541,1.82
DN347710,1.19
DN41,141.07
DN928,0.45
DN929,0.59
DN953011,1.09
DN953020,2.0
DN953021,0.74
DN953511,1.18
DN953521,1.17
DN953531,1.18
DN953541,1.08
DN953551,1.15
DN954011,1.14
DN954021,1.15
DN954031,1.19
DN954211,1.05
DN954221,1.01
DN954231,1.35
DN954241,1.74
DN954511,1.03
DN954521,0.7
DN954531,1.26
DN954541,1.49
DN955011,1.18
DN955020,1.09
DN955021,1.48
DN989,16.68
DNC4_CaptureShafts,36.23
DNC7_TreatmentShaft,123.51
DNC8_TreatmentShaft,142.34
DR02_DS,21.65
DR02_US,22.38
DrainControlChamber,22.05
DSScreen5-16,23.92
EPNE-14,22.53
GPI-16,17.89
GPI-17,18.01
GPS-CookRoadPS,0.85
GPS-CSO-A,0.43
GPS-Regulator-DS,0.54
GPS-Regulator-US,0.62
GWK_205110,18.82
GWK_205195,0.95
GWK_205197,13.54
GWK_205198,12.55
GWK_205199,9.24
GWK_205250,15.66
GWK_205251,4.01
GWK_206060,5.63
GWK_206080,6.57
GWK_206120,5.2
GWK_206140,6.78
GWK_206170,5.84
GWK_206190,6.66
GWK_206241,10.8
GWK_206270,16.7
GWK_207050,6.66
GWK_207053,0.86
GWK_207070,47.26
GWK_4100,30.32
GWK_4110,30.51
GWK_4150,26.26
GWK_82055,30.1
GWK_8206,28.9
GWK_82061,38.52
GWK_82062,27.93
GWK_82063,28.24
GWK_82064,28.57
HarperWoodsDiversionChamber,4.01
HoffmanWetWell,3.51
I375_Monroe,8.05
I75_7Mile,9.09
I75_Cameron,10.18
I75_Canfield,9.01
I75_Carpenter,8.95
I75_Clark,8.03
I75_Dragoon,8.04
I75_Ferry,13.21
I75_Grand,16.34
I75_GrandRiver,9.55
I75_Holbrook,9.51
I75_I375,10.01
I75_Junction,8.03
I75_Nevada,10.68
I75_StateFair,9.51
I75_Waterman,8.03
I75_Wheelock,8.06
I75_Wilkins,9.01
I94_14th,8.52
I94_28th,36.06
I94_Cadieux,8.52
I94_Cadillac,38.07
I94_Central,8.03
I94_Conner,12.19
I94_Dickerson,9.01
I94_Harper,8.52
I94_Hecla,39.54
I94_Howell,8.51
I94_Junction,8.03
I94_M10,8.52
I94_Martin,8.51
I94_Outer,8.55
I94_Seneca,9.02
I94_Whittier,8.52
I94_Wyoming,8.52
InfluentShaft1,47.78
InfluentShaft2,49.28
InfluentShaft3,45.9
InfluentShaft4,51.08
InfluentShaft5,49.84
Input_Dummy_LC026,0.27
Input_Dummy_LC028,1.97
Input_Dummy_LC029,0.57
Input_Dummy_LC033,0.03
Input_Dummy_LC034,0.1
Input_Dummy_LC045,1.87
Input_Dummy_LC049,0.27
Input_Dummy_LC093,0.06
Input_Dummy_LC094,0.07
Input_Dummy_LC105,2.48
Input_Dummy_LC107,0.65
Input_Dummy_LC116,2.22
Input_Dummy_LC120,1.13
Input_Dummy_LC183,0.19
Input_Dummy_LC185,0.11
Input_LC001_San_DearbornHgts,0.03
Input_LC002_San_DearbornHgts,0.04
Input_LC003_San_DearbornHgts_320,0.03
Input_LC003_San_DearbornHgts_3209,0.01
Input_LC003_San_DearbornHgts_323,0.01
Input_LC003_San_DearbornHgts_3239,0.02
Input_LC003_San_DearbornHgts_325,0.01
Input_LC003_San_DearbornHgts_3259,0.04
Input_LC003_San_DearbornHgts_330,0.01
Input_LC003_San_DearbornHgts_3309,0.05
Input_LC003_San_DearbornHgts_333,0.02
Input_LC003_San_DearbornHgts_3339,0.03
Input_LC003_San_DearbornHgts_335,0.02
Input_LC004_Com_DearbornHgts,6.08
Input_LC005_San_DearbornHgts,0.02
Input_LC006_San_DearbornHgts,0.05
Input_LC007_Com_DearbornHgts,9.94
Input_LC008_San_DearbornHgts,0.06
Input_LC009_Com_DearbornHgts,5.73
Input_LC010_Com_DearbornHgts,26.47
Input_LC011_Com_DearbornHgts,40.18
Input_LC012_Com_DearbornHgts,29.58
Input_LC013_Com_DearbornHgts,40.19
Input_LC014_San_DearbornHgts,0.02
Input_LC015_San_DearbornHgts_105,0.01
Input_LC015_San_DearbornHgts_110,0.07
Input_LC015_San_DearbornHgts_125,0.03
Input_LC015_San_DearbornHgts_1259,0.03
Input_LC015_San_DearbornHgts_135,0.03
Input_LC015_San_DearbornHgts_1359,0.03
Input_LC015_San_DearbornHgts_137,0.03
Input_LC015_San_DearbornHgts_140,0.01
Input_LC015_San_DearbornHgts_220,0.01
Input_LC015_San_DearbornHgts_235,0.02
Input_LC015_San_DearbornHgts_238,0.02
Input_LC015_San_DearbornHgts_240,0.02
Input_LC015_San_DearbornHgts_2409,0.02
Input_LC015_San_DearbornHgts_245,0.02
Input_LC015_San_DearbornHgts_2459,0.01
Input_LC015_San_DearbornHgts_250,0.02
Input_LC015_San_DearbornHgts_255,0.02
Input_LC015_San_DearbornHgts_270,0.01
Input_LC015_San_DearbornHgts_273,0.02
Input_LC015_San_DearbornHgts_275,0.02
Input_LC015_San_DearbornHgts_280,0.0
Input_LC015_San_DearbornHgts_285,0.02
Input_LC015_San_DearbornHgts_290,0.01
Input_LC015_San_DearbornHgts_295,0.02
Input_LC015_San_DearbornHgts_405,0.01
Input_LC015_San_DearbornHgts_4059,0.02
Input_LC015_San_DearbornHgts_410,0.01
Input_LC015_San_DearbornHgts_510,0.02
Input_LC015_San_DearbornHgts_515,0.02
Input_LC015_San_DearbornHgts_520,0.02
Input_LC016_Com_DearbornHgts,1.72
Input_LC017_Com_DearbornHgts,1.6
Input_LC018_San_DearbornHgts,0.03
Input_LC019_San_DearbornHgts,0.02
Input_LC020_San_DearbornHgts,0.05
Input_LC021_San_DearbornHgts,0.05
Input_LC022_Com_DearbornHgts,1.33
Input_LC023_Com_DearbornHgts,1.52
Input_LC023_San_Inkster,0.0
Input_LC024_San_DearbornHgts,0.03
Input_LC025_San_DearbornHgts,0.01
Input_LC026_San_GardenCity,0.11
Input_LC026_San_Westland,0.01
Input_LC027_San_GardenCity,0.12
Input_LC027_San_Westland,0.0
Input_LC028_Com_Inkster,3.0
Input_LC028_San_Inkster,0.03
Input_LC028_San_Westland,0.03
Input_LC029_Com_Inkster,2.07
Input_LC029_San_Inkster,0.04
Input_LC030_San_Inkster,0.01
Input_LC031_Com_Inkster,1.55
Input_LC032_San_Inkster,0.05
Input_LC033_San_Inkster,0.03
Input_LC033_San_Westland,0.01
Input_LC034_San_Inkster,0.07
Input_LC034_San_Westland,0.05
Input_LC035_San_Inkster,0.02
Input_LC036_San_Inkster,0.01
Input_LC037_San_Inkster,0.02
Input_LC038_San_Inkster,0.02
Input_LC039_San_Inkster,0.02
Input_LC040_San_Inkster,0.01
Input_LC041_San_Inkster,0.01
Input_LC042_San_Inkster,0.01
Input_LC043_Com_Inkster,1.87
Input_LC044_San_Inkster,0.01
Input_LC045_Com_Inkster,2.0
Input_LC045_Stm_Inkster,2.54
Input_LC046_Com_Inkster,1.65
Input_LC046_San_Inkster,0.05
Input_LC047_San_Inkster,0.01
Input_LC048_Com_Inkster,1.48
Input_LC049_Com_Inkster,1.45
Input_LC049_San_Inkster,0.04
Input_LC050_Com_Inkster,1.43
Input_LC051_San_Inkster,0.02
Input_LC052_Com_DearbornHgts,2.24
Input_LC052_Com_Inkster,2.01
Input_LC052_San_Inkster,0.16
Input_LC053_San_Inkster,0.0
Input_LC054_San_Inkster,0.01
Input_LC055_San_Inkster,0.0
Input_LC056_San_Inkster,0.0
Input_LC057_San_Inkster,0.0
Input_LC058_San_Livonia,0.03
Input_LC059_San_Livonia,0.02
Input_LC060_San_Livonia,0.06
Input_LC061_San_Livonia,0.03
Input_LC062_San_Livonia,0.01
Input_LC063_San_Livonia,0.02
Input_LC064_San_Livonia,0.03
Input_LC065_San_Livonia,0.03
Input_LC066_San_Livonia,0.01
Input_LC067_San_Livonia,0.02
Input_LC068_San_Livonia,0.02
Input_LC069_San_Livonia,0.01
Input_LC070_San_Livonia,0.04
Input_LC071_San_Livonia,0.03
Input_LC072_San_Livonia,0.03
Input_LC073_San_Livonia,0.09
Input_LC074_San_Livonia,0.1
Input_LC074_San_Westland,0.01
Input_LC075_San_Livonia,0.09
Input_LC076_San_Livonia,0.11
Input_LC077_San_Livonia,0.21
Input_LC078_San_Livonia,0.03
Input_LC079_San_Livonia,0.11
Input_LC080_San_Livonia,0.15
Input_LC081_San_Livonia,0.15
Input_LC082_San_Livonia,0.01
Input_LC083_San_Livonia,0.06
Input_LC084_San_Livonia,0.01
Input_LC085_San_Livonia,0.01
Input_LC086_San_Livonia,0.02
Input_LC087_San_Livonia,0.01
Input_LC088_San_Livonia,0.01
Input_LC089_San_Northville,0.02
Input_LC090_San_Northville,0.04
Input_LC091_San_Northville,0.02
Input_LC092_San_Northville,0.03
Input_LC093_San_Northville,0.06
Input_LC093_San_NorthvilleTwp,0.01
Input_LC094_San_Northville,0.07
Input_LC094_San_NorthvilleTwp,0.0
Input_LC095_San_Northville,0.04
Input_LC096_San_Novi_01,0.05
Input_LC096_San_Novi_02,0.03
Input_LC096_San_Novi_03,0.03
Input_LC096_San_Novi_04,0.02
Input_LC096_San_Novi_05,0.02
Input_LC096_San_Novi_06,0.02
Input_LC096_San_Novi_07,0.09
Input_LC096_San_Novi_08,0.02
Input_LC096_San_Novi_09,0.01
Input_LC096_San_Novi_10,0.01
Input_LC096_San_Novi_11,0.01
Input_LC096_San_Novi_12,0.01
Input_LC096_San_Novi_13,0.02
Input_LC096_San_Novi_14,0.02
Input_LC096_San_Novi_15,0.01
Input_LC096_San_Novi_16,0.0
Input_LC096_San_Novi_17,0.02
Input_LC096_San_Novi_18,0.02
Input_LC096_San_Novi_19,0.01
Input_LC096_San_Novi_20,0.06
Input_LC096_San_Novi_21,0.01
Input_LC096_San_Novi_22,0.04
Input_LC096_San_Novi_23,0.03
Input_LC096_San_Novi_24,0.01
Input_LC096_San_Novi_25,0.01
Input_LC096_San_Novi_26,0.03
Input_LC096_San_Novi_27,0.24
Input_LC096_San_Novi_28,0.02
Input_LC096_San_Novi_29,0.01
Input_LC096_San_Novi_30,0.13
Input_LC096_San_Novi_31,0.01
Input_LC096_San_Novi_32,0.01
Input_LC096_San_Novi_33,0.12
Input_LC096_San_Novi_34,0.02
Input_LC096_San_Novi_35,0.03
Input_LC096_San_Novi_36,0.01
Input_LC096_San_Novi_37,0.08
Input_LC096_San_Novi_38,0.21
Input_LC096_San_Novi_39,0.02
Input_LC096_San_Novi_40,0.01
Input_LC096_San_Novi_41,0.03
Input_LC096_San_Novi_42,0.08
Input_LC096_San_Novi_43,0.06
Input_LC096_San_Novi_44,0.0
Input_LC096_San_Novi_45,0.03
Input_LC096_San_Novi_46,0.03
Input_LC096_San_Novi_47,0.01
Input_LC096_San_Novi_48,0.01
Input_LC096_San_Novi_49,0.06
Input_LC097_San_Plymouth,0.04
Input_LC098_San_Plymouth,0.03
Input_LC099_San_Plymouth,0.07
Input_LC100_San_Plymouth,0.01
Input_LC101_San_Plymouth,0.13
Input_LC104_San_RedfordTwp,0.05
Input_LC105_Com_RedfordTwp,9.61
Input_LC105_San_Livonia,0.06
Input_LC105_San_RedfordTwp,0.09
Input_LC106_Com_RedfordTwp,6.39
Input_LC107_Com_RedfordTwp,7.73
Input_LC107_San_RedfordTwp,0.02
Input_LC108_San_RedfordTwp,0.02
Input_LC109_San_RedfordTwp,0.03
Input_LC110_San_RedfordTwp,0.01
Input_LC111_San_RedfordTwp,0.03
Input_LC112_San_RedfordTwp,0.05
Input_LC113_Com_RedfordTwp,7.23
Input_LC114_Com_RedfordTwp,10.64
Input_LC115_Com_RedfordTwp,5.77
Input_LC116_Com_RedfordTwp,14.42
Input_LC116_San_RedfordTwp,0.05
Input_LC117_San_RedfordTwp,0.0
Input_LC118_San_RedfordTwp,0.01
Input_LC119_San_RedfordTwp,0.03
Input_LC120_Com_RedfordTwp,20.27
Input_LC120_San_RedfordTwp,0.03
Input_LC121_Com_RedfordTwp,20.12
Input_LC122_Com_RedfordTwp,38.12
Input_LC122_San_RedfordTwp,0.22
Input_LC123_San_RedfordTwp,0.03
Input_LC124_San_RedfordTwp,0.02
Input_LC125_San_RedfordTwp,0.06
Input_LC126_San_RedfordTwp,0.04
Input_LC127_San_Romulus,0.02
Input_LC128_San_Romulus,0.06
Input_LC129_San_Romulus,0.07
Input_LC130_San_Romulus,0.05
Input_LC131_San_Romulus,0.03
Input_LC132_San_Romulus,0.02
Input_LC133_San_Romulus,0.05
Input_LC134_San_Romulus,0.02
Input_LC135_San_Romulus,0.07
Input_LC136_San_VanBurenTwp,0.27
Input_LC137_San_Wayne,0.04
Input_LC138_San_Wayne,0.02
Input_LC139_San_Wayne,0.03
Input_LC140_San_Wayne,0.05
Input_LC141_San_Wayne,0.02
Input_LC142_San_Wayne,0.04
Input_LC143_San_Wayne,0.0
Input_LC144_San_Wayne,0.01
Input_LC145_San_Wayne,0.01
Input_LC146_San_Wayne,0.63
Input_LC147_San_Wayne,0.05
Input_LC148_San_Wayne,0.05
Input_LC149_San_Wayne,0.04
Input_LC150_San_Wayne,0.03
Input_LC151_San_Wayne,8.46
Input_LC152_San_Wayne,0.01
Input_LC153_San_Wayne,0.02
Input_LC154_San_Wayne,0.0
Input_LC155_San_Wayne,0.02
Input_LC156_San_Wayne,0.03
Input_LC157_San_Wayne,0.01
Input_LC158_San_Wayne,0.19
Input_LC159_San_Wayne,0.02
Input_LC160_San_Wayne,0.02
Input_LC161_San_Wayne,0.05
Input_LC162_San_Westland,0.01
Input_LC163_San_Westland,0.02
Input_LC164_San_Westland,0.03
Input_LC165_San_Westland,0.01
Input_LC166_San_Westland,0.02
Input_LC167_San_Westland,0.01
Input_LC168_San_Westland,0.01
Input_LC169_San_Westland,0.01
Input_LC170_San_Westland,0.01
Input_LC171_San_Westland,0.0
Input_LC172_San_Westland,0.0
Input_LC173_San_Westland,0.01
Input_LC174_San_Westland,0.22
Input_LC175_San_Westland,0.01
Input_LC176_San_Westland,0.03
Input_LC177_San_Westland,0.01
Input_LC178_San_Westland,0.03
Input_LC179_San_Westland,0.03
Input_LC180_San_Westland,0.01
Input_LC181_San_Westland,0.04
Input_LC182_San_Westland,0.04
Input_LC183_San_Wayne,0.02
Input_LC183_San_Westland,0.18
Input_LC184_San_Wayne,0.01
Input_LC184_San_Westland,0.03
Input_LC185_San_Wayne,0.0
Input_LC185_San_Westland,0.11
Input_LC186_San_Westland,0.15
Input_LC187_San_Westland,0.02
Input_LC188_San_Westland,0.02
Input_LC189_San_Westland,0.01
Input_LC190_San_Westland,0.05
Input_LC191_San_Westland,0.07
Input_LC192_San_Westland,0.02
Input_LC193_Com_Inkster,0.8
Input_LC199_Com_DearbornHgts,16.2
Input_LC200_San_Wayne,0.02
Input_LC201_San_Wayne,0.0
Input_LC202_San_Northville,0.02
Input_LC203_San_Northville,0.02
Input_LC204_San_Westland,0.02
Input_LC205_San_Livonia,0.0
Input_WCAA,0.0
Input_WTUA-LR,0.0
Input_WTUA-MR,0.0
ISD001_DS,29.7
ISD001_US,30.65
ISD002_DS,24.28
ISD002_US,25.33
ISD003_DS,26.35
ISD003_US,27.85
ISD004_DS,31.29
ISD004_US,32.37
ISD005_DS,24.59
ISD005_US,25.44
ISD006_DS,34.43
ISD006_US,37.45
ISD007_DS,46.27
ISD007_US,47.3
ISD008_DS,42.66
ISD008_US,42.76
ISD009_DS,37.4
ISD009_US,37.49
ISD010_DS,25.9
ISD010_US,25.85
ISD011_DS,35.51
ISD011_US,35.95
ISD012_DS,17.86
ISD012_US,18.29
ISD013_DS,17.88
ISD013_US,18.0
J20,0.0
J21,0.0
J22,11.5
J6,0.0
J8,0.43
JCT-1000-S,0.52
JCT-100-S,6.32
JCT-1012-S,0.39
JCT-1016-S,0.32
JCT-1018-S,1.25
JCT-1022-S,7.81
JCT-1040-S,8.63
JCT-1044-S,8.08
JCT-104-S,8.69
JCT-1052-S,6.51
JCT-1054-S,7.24
JCT-1068-S,7.92
JCT-1070-S,7.43
JCT-110-S,6.63
JCT-1146-S,0.56
JCT-1148-S,1.88
JCT-1152-S,0.63
JCT-116-S,6.83
JCT-1174,17.55
JCT-1204-S,6.59
JCT-1206-S,6.13
JCT-1228-S,6.33
JCT-1230-S,6.72
JCT-1232-S,6.93
JCT-1254-S,8.98
JCT-1270,15.56
JCT-1306-S,6.66
JCT-1324-S,6.55
JCT-1346-S,2.1
JCT-1360-S,6.15
JCT-1364-S,0.39
JCT-1368-S,0.45
JCT-1384-S,7.05
JCT-1394-S,6.52
JCT-1396-S,6.81
JCT-1400-S,6.9
JCT-1410-S,6.74
JCT-1412-S,6.98
JCT-1416-S,7.03
JCT-1418-S,6.63
JCT-1422-S,6.82
JCT-1428-S,6.57
JCT-1432-S,6.66
JCT-1436-S,6.46
JCT-1448-S,6.32
JCT-1462,10.51
JCT-1462-S,9.3
JCT-1470-S,7.84
JCT-1474-S,8.69
JCT-1480-S,8.04
JCT-1482-S,6.73
JCT-1484-S,5.5
JCT-1518-S,0.23
JCT-1520-S,0.41
JCT-1550-S,9.26
JCT-1608-S,0.53
JCT-160-S,6.48
JCT-1618-S,0.22
JCT-1620-S,2.4
JCT-1622-S,0.44
JCT-1624-S,2.49
JCT-1628-S,0.45
JCT-1634-S,2.15
JCT-1640-S,6.17
JCT-1660-S,6.86
JCT-1674-S,6.08
JCT-1678-S,6.04
JCT-168,3.36
JCT-174,9.49
JCT-1748-S,2.11
JCT-1766-S,0.57
JCT-1768-S,0.51
JCT-1778-S,0.58
JCT-1792-S,6.69
JCT-1796-S,6.7
JCT-1800-S,0.44
JCT-1806-S,6.49
JCT-1808-S,6.89
JCT-1810-S,6.5
JCT-1812-S,7.02
JCT-1814-S,6.56
JCT-1816-S,7.06
JCT-1818-S,0.24
JCT-1820-S,6.93
JCT-1822-S,6.2
JCT-1828-S,6.73
JCT-182-S,2.19
JCT-1838-S,6.62
JCT-1842-S,6.95
JCT-1844-S,6.46
JCT-184-S,1.94
JCT-1858-S,6.76
JCT-1906-S,0.2
JCT-1908-S,0.46
JCT-1910-S,0.32
JCT-1914-S,8.3
JCT-1916-S,7.75
JCT-1918-S,8.65
JCT-1926-S,8.31
JCT-1932-S,7.03
JCT-1942-S,6.66
JCT-1948-S,8.85
JCT-1954-S,6.09
JCT-1960-S,7.61
JCT-1964-S,7.95
JCT-1974-S,4.98
JCT-1988-S,6.36
JCT-2002-S,6.25
JCT-2004-S,4.91
JCT-2018-S,6.42
JCT-2020-S,5.26
JCT-2082-S,0.67
JCT-2086-S,0.42
JCT-2092-S,2.01
JCT-2096-S,6.03
JCT-2098-S,7.23
JCT-2104-S,1.21
JCT-2106-S,2.08
JCT-2120-S,6.0
JCT-2170-S,6.82
JCT-2182-S,7.19
JCT-220-S,7.58
JCT-222-S,0.2
JCT-2268-S,6.65
JCT-2290,13.04
JCT-2298-S,6.26
JCT-2300-S,6.35
JCT-2328-S,6.21
JCT-2336-S,8.06
JCT-2338-S,0.23
JCT-234-S,1.86
JCT-2352-S,7.48
JCT-2356-S,6.21
JCT-2360-S,7.98
JCT-2364-S,6.6
JCT-2366-S,6.2
JCT-240-S,0.47
JCT-2410-S,5.25
JCT-2412-S,0.81
JCT-242-S,1.88
JCT-2444-S,6.94
JCT-2446-S,6.94
JCT-2448-S,6.31
JCT-2452-S,0.37
JCT-2454-S,6.45
JCT-2456-S,7.46
JCT-2458-S,6.14
JCT-2468-S,6.31
JCT-246-S,1.78
JCT-2476-S,6.52
JCT-2484-S,6.59
JCT-2506-S,6.87
JCT-2540-S,0.51
JCT-2544,12.97
JCT-2544d,11.82
JCT-2558-S,6.77
JCT-2562-S,6.8
JCT-2566-S,7.15
JCT-2572-S,6.67
JCT-258-S,0.55
JCT-2594,13.05
JCT-2650-S,6.28
JCT-2654-S,0.63
JCT-2692-S,6.29
JCT-2738-S,6.84
JCT-2748-S,0.41
JCT-2750-S,6.65
JCT-2754-S,6.49
JCT-2756-S,7.15
JCT-2758-S,7.29
JCT-2762-S,6.71
JCT-2764-S,6.68
JCT-2766-S,6.66
JCT-2770-S,6.36
JCT-2772-S,6.42
JCT-2774-S,6.33
JCT-2800-S,7.81
JCT-2808-S,4.02
JCT-2816-S,6.15
JCT-2822-S,6.52
JCT-2842-S,0.48
JCT-2856-S,2.53
JCT-286-S,6.47
JCT-2872-S,7.24
JCT-2882,13.49
JCT-288-S,6.86
JCT-2898-S,6.21
JCT-2908-S,0.56
JCT-290-S,2.33
JCT-2910-S,6.3
JCT-2912-S,0.22
JCT-2914-S,6.52
JCT-2930-S,7.34
JCT-2932-S,5.42
JCT-294-S,6.19
JCT-2986-S,6.44
JCT-2990-S,6.92
JCT-2992-S,7.22
JCT-2994-S,6.59
JCT-2996,14.3
JCT-2998,12.94
JCT-3000,4.98
JCT-3012-S,6.15
JCT-3014-S,6.13
JCT-3016-S,6.13
JCT-3020-S,6.96
JCT-302-S,0.49
JCT-304-S,0.47
JCT-3050-S,6.76
JCT-3052-S,6.04
JCT-30-S,6.77
JCT-3102,11.19
JCT-316-S,6.79
JCT-3180-S,6.55
JCT-3186-S,3.54
JCT-3188-S,3.12
JCT-3194-S,3.07
JCT-3196-S,6.57
JCT-324-S,6.16
JCT-3254-S,6.69
JCT-326-S,6.77
JCT-330-S,6.42
JCT-336-S,6.66
JCT-3374-S,6.36
JCT-3424-S,6.36
JCT-346-S,0.38
JCT-3488-S,6.18
JCT-3494-S,5.09
JCT-3496-S,4.99
JCT-3514-S,6.92
JCT-3516-S,6.06
JCT-3544,9.46
JCT-3546,7.96
JCT-3570,9.67
JCT-3572,9.65
JCT-3598-S,6.51
JCT-3652,13.08
JCT-3664,12.73
JCT-3704-S,6.36
JCT-3736-S,6.59
JCT-3756-S,0.45
JCT-3758,6.42
JCT-3770,8.39
JCT-38-S,6.78
JCT-442-S,0.23
JCT-454-S,6.9
JCT-464-S,6.34
JCT-468-S,0.45
JCT-482-S,9.32
JCT-48-S,6.6
JCT-50-S,6.83
JCT-510-S,6.72
JCT-566-S,0.21
JCT-572-S,0.55
JCT-574-S,1.92
JCT-582-S,1.85
JCT-608-S,6.87
JCT-60-S,6.39
JCT-616-S,6.64
JCT-618-S,6.83
JCT-648-S,8.21
JCT-654-S,0.38
JCT-690,15.86
JCT-694-S,6.62
JCT-698-S,6.36
JCT-730-S,1.91
JCT-732-S,0.51
JCT-734-S,8.06
JCT-754-S,6.28
JCT-756-S,7.08
JCT-764-S,0.42
JCT-770,21.77
JCT-776,4.95
JCT-787,10.1
JCT-789,10.25
JCT-791,11.23
JCT-795,12.54
JCT-801,19.24
JCT-802-S,7.58
JCT-814-S,3.0
JCT-817,18.97
JCT-819,18.76
JCT-828-S,6.48
JCT-830-S,6.44
JCT-846-S,2.43
JCT-848-S,6.63
JCT-858-S,7.22
JCT-864-S,6.76
JCT-868-S,6.45
JCT-876-S,7.19
JCT-878-S,6.25
JCT-880-S,6.49
JCT-886-S,6.51
JCT-888-S,6.75
JCT-890,16.82
JCT-896-S,6.37
JCT-900-S,6.73
JCT-910-S,6.68
JCT-924-S,7.31
JCT-932-S,6.55
JCT-944,16.45
JCT-94-S,7.15
JCT-951,6.42
JCT-953,12.77
JCT-955,13.47
JCT-959,11.31
JCT-969,18.79
JCT-96-S,6.3
JCT-973,14.65
JCT-975,17.37
JCT-977,13.96
JCT-979,17.69
JCT-986-S,0.23
JCT-996-S,9.6
JeffersonGateJunction,9.64
JFI-1,14.91
JFI-4,10.35
JFI-70,3.64
JFI-9A,10.72
JFI-9B,10.42
JFR-10,9.99
JFR-23,10.12
JFR-24,9.91
JFR-67,7.07
KerbyDischarge,11.08
KerbyDischarge1,19.42
KerbyDischarge2,19.42
KerbyDischarge3,19.42
KerbyDischarge4,19.42
KerbyDischarge5,0.0
KerbyMagmeter,21.25
KerbyWetWell,13.51
LathrupEQWetwell,0.5
LathrupTank,0.0
LathrupTankInlet,2.29
Local_LC003_&_LC015_DHLI-MH1-03,5.92
Local_LC003_&_LC015_DHLI-MH1-03A,5.93
Local_LC020_&_LC021_DHLI-MH2-03,8.5
Local_LC020_&_LC021_DHLI-MH2-04,8.5
Local_LC113_Reg_MH01,8.98
M10_1,10.11
M10_2nd,13.65
M10_Bagley,9.51
M10_Bethune,10.5
M10_Calvert,27.36
M10_Chicago,10.51
M10_Edison,7.53
M10_Eudid,10.51
M10_Forest,10.55
M10_GrandRiver,34.51
M10_Holmer,7.04
M10_I75,10.51
M10_Kentucky,7.03
M10_Linwood,7.01
M10_M8,7.53
M10_Milwaukee,8.03
M10_Oakman,8.02
M10_Puritan,10.02
M10_SantaRosa,7.04
M10_Selden,10.54
M10_Woodingham,7.03
m3001-SOCEND,15.74
M39_Hubbard,7.05
M8_2nd,6.14
M8_Dequindre,18.32
M8_Hamilton,12.86
M8_JosCampau,11.03
M8_Oakland,7.48
M8_Woodward,7.29
MarterDiversion,12.41
MarterWetWell,14.81
MartinDrainEffluent1,8.04
MartinRTB,12.31
MayflowerWetWell,9.2
ME3409,0.2
MH_2,0.44
MH_3,0.03
MH4,23.23
MH68,7.57
MIDDD_DS_Clintondale_OMID,1.69
MIDDD_US_Clintondale_OMID,1.26
MilkRiverConnection,15.57
MilkRiverDewatering1,9.34
MilkRiverDischarge1,11.64
MilkRiverSanitary,5.81
ML_059,20.37
ML_062,23.28
ML_066D,4.86
ML_066W,3.16
ML_067W,3.16
ML_069,11.44
ML_072,11.18
ML_075,6.42
ML_077W,3.28
ML_079W,6.23
MR-1000,46.7
MR-1020,34.21
MR-1040,27.62
MR-12,25.21
MR-13,37.16
MR-2020,29.27
MR-21,14.71
MR-21020,38.43
MR-21040,41.44
MR-22,14.54
MR-22020,37.26
MR-23,15.02
MR-24,15.02
MR-25,2.89
MR-26,14.54
MR-27,2.52
MR-37,9.6
MR-38,9.6
MRD-8,15.02
NESPS_DC,13.58
NESPS_WW,18.89
P1_4,30.47
P2_4,30.48
P3_4,30.48
P4_4,30.5
P5_4,30.5
P6_4,30.48
P7_4,30.48
P8_4,27.0
PC1_2,12.14
PC13,39.57
PC14,39.57
PC15,39.57
PC16,39.57
PC17,40.86
PC3_4,12.12
PC5_6,12.09
PC7_8,12.13
PC9_10,12.13
PCI-10B_Sta.218+84_MH_OMID,1.31
PCI-11_Sta.007+61_MH_OMID,0.77
PCI-11_Sta.013+62_MH_OMID,0.76
PCI-11_Sta.018+88_MH_OMID,0.77
PCI-11_Sta.048+55_MH_OMID,0.47
PCI-11_Sta.062+34_MH_OMID,0.71
PCI-11A_Sta.020+74_MH_OMID,0.62
PCI-7_Sta.096+53_MH_OMID,2.71
PS_Bluehill_SAN,37.65
PS_Bluehill_ST,45.8
PS_Conner,32.03
PS_Fairview,28.76
PS_Fischer,50.61
PS_Freud,65.95
PS_GPF,39.2
PS_GPK,1.37
PS_Oakwood,36.73
PS_Woodmere,27.1
PS1_Discharge,14.63
PS2_AeratedEffluentChannel,16.88
PS2_InfluentChannel,22.56
R10,22.13
R20,18.47
R21,14.71
R3,7.25
R36D,15.43
R38,14.59
R5,6.76
R7,12.59
RC-S-2_OMID,0.01
RioVistaWetWell,10.0
RTB_7Mile,30.32
RTB_BelleIsle,17.59
RTB_ConnerCreek,44.13
RTB_HS,18.54
RTB_Oakwood,16.15
RTB_PF,35.99
RVSDS_CSO_02_(M33)_Div,2.51
RVSDS_CSO_02_(M33)_Reg,0.25
RVSDS_CSO_03_(M18A)_Div,4.14
RVSDS_CSO_03_(M18A)_Div_Old,0.44
RVSDS_CSO_03_(M18A)_Reg2,0.23
RVSDS_CSO_04_(M16)_Div,3.54
RVSDS_CSO_04_(M16)_Reg,0.26
RVSDS_CSO_05_(M15)_Div,4.7
RVSDS_CSO_05_(M15)_Reg,0.33
RVSDS_CSO_06_(M17)_Div,1.12
RVSDS_CSO_06_(M17)_Div_Old,0.26
RVSDS_CSO_06_(M17)_Reg1,0.24
RVSDS_CSO_06_(M17)_Reg2,0.16
RVSDS_CSO_06_(M17)_Weir,1.12
RVSDS_CSO_08_(M13)_BWG,1.36
RVSDS_CSO_08_(M13)_Div,2.9
RVSDS_CSO_08_(M13)_Reg,3.17
RVSDS_CSO_09_Div,0.39
RVSDS_CSO_10_(M19)_Div,1.51
RVSDS_CSO_13_(L41)_Div,4.25
RVSDS_CSO_18_(L46)_Div,3.43
RVSDS_CSO_36_(U06)_Div,3.5
RVSDS_CSO_36_(U06)_Reg,1.19
RVSDS_CSO_36_(U06)_Weir,1.74
RVSDS_CSO_37_(U07)_Div,2.62
RVSDS_CSO_37_(U07)_Reg,1.32
RVSDS_CSO_37_(U07)_Weir,2.24
RVSDS_CSO_38_(U08)_Div,1.41
RVSDS_CSO_38_(U08)_Reg,1.53
RVSDS_CSO_38_(U08)_Weir,2.8
RVSDS_CSO_39_(U05)_Div,2.72
RVSDS_CSO_39_(U05)_Reg,9.17
RVSDS_CSO_40_(U03)_Div,2.89
RVSDS_CSO_40_(U03)_Reg,0.4
RVSDS_CSO_41_(U04)_Div,2.83
RVSDS_CSO_41_(U04)_Reg,0.41
RVSDS_CSO_42_(U11)_Div,4.87
RVSDS_CSO_42_(U11)_Reg,2.64
RVSDS_CSO_43_(U09)_Div,3.25
RVSDS_CSO_43_(U09)_Reg,1.46
RVSDS_CSO_44_(U10)_Div,2.39
RVSDS_CSO_44_(U10)_Reg,0.26
RVSDS_CSO_46_(U01)_Div,2.92
RVSDS_CSO_50_(L36)_Div,0.37
RVSDS_CSO_52_(L35)_Div,0.14
RVSDS_CSO_55_(M22)_Div,0.53
RVSDS_CSO_55_(M22)_Reg,0.7
RVSDS_CSO_56_(M21)_BWG,3.1
RVSDS_CSO_56_(M21)_Div,0.4
RVSDS_CSO_56_(M21)_Reg2,0.32
RVSDS_CSO_57_(M25)_Div,0.43
RVSDS_CSO_57_(M25)_Reg,0.92
RVSDS_CSO_58_(M20)_Div,1.1
RVSDS_CSO_58_(M20)_Reg,0.81
RVSDS_EQ_Livonia_B1,0.0
RVSDS_EQ_Livonia_B2,0.0
RVSDS_EQ_Livonia_DC,3.6
RVSDS_EQ_Livonia_Influent1,0.4
RVSDS_EQ_Livonia_IT,1.5
RVSDS_EQ_Livonia_WetWell,7.95
RVSDS_EQ_Wayne,0.0
RVSDS_EQ_Wayne_Chamber,4.83
RVSDS_EQ_Wayne_WetWell,0.0
RVSDS_INT_LRIR_IX_MH9-#2,3.5
RVSDS_INT_LRIR_IX_MH9-#3_DS,3.75
RVSDS_INT_LS1A_BGC,0.0
RVSDS_INT_LS1A_DischargeBox_1,8.21
RVSDS_INT_LS1A_DischargeBox_2,0.0
RVSDS_INT_LS1A_DischargeBox_3,2.68
RVSDS_INT_LS1A_JC1_High,2.49
RVSDS_INT_LS1A_JC1_Low,0.0
RVSDS_INT_LS1A_OF-MH3,0.0
RVSDS_INT_LS1A_WetWell,5.92
RVSDS_INT_LV_MH12,5.93
RVSDS_INT_LV_MH15,6.8
RVSDS_INT_LV_MH36,1.46
RVSDS_INT_MasterControl,3.74
RVSDS_INT_MasterControl_SluiceGate,2.5
RVSDS_INT_MRIR_I_JC1-18A,16.75
RVSDS_INT_MRIR_II_JC2-08,4.34
RVSDS_INT_MRIR_II_JC2-08A_A,2.01
RVSDS_INT_MRIR_II_JC2-08A_B,2.26
RVSDS_INT_MRIR_II_JC2-35,2.88
RVSDS_INT_MRIR_II_JC2-36,2.27
RVSDS_INT_MRIR_II_JC2-38_DS,5.69
RVSDS_INT_MRIR_II_JC2-38_HighPipe,2.93
RVSDS_INT_MRIR_II_JC2-38_US,5.77
RVSDS_INT_MRIR_III_JC3-13,1.46
RVSDS_INT_MRIR_III_JC3-16,1.52
RVSDS_INT_MRIR_III_JC3-21,1.47
RVSDS_INT_MRIR_III_JC3-37,1.49
RVSDS_INT_MRIR_III_MH3-38,1.24
RVSDS_INT_MRIR_IV_JC4A-03A,0.15
RVSDS_INT_MRIR_IV_MH4A-01,0.17
RVSDS_INT_MRIR_IV_MH4A-02,0.15
RVSDS_INT_MRIR_IV_MH4A-03,2.87
RVSDS_INT_MRIR_IV_MH4A-04,2.87
RVSDS_INT_MRIR_IV_MH4A-05,0.18
RVSDS_INT_MRIR_IV_MH4A-07,0.15
RVSDS_INT_MRIR_IV_MH4A-16A,0.28
RVSDS_INT_MRIR_IV_MH4A-16B,1.46
RVSDS_INT_MRIR_IV_MH4A-16C,1.06
RVSDS_INT_MRIR_IV_MH4A-17A,0.22
RVSDS_INT_MRIR_IV_MH4A-28,5.02
RVSDS_INT_MRIR_IV_MH4A-29,5.02
RVSDS_INT_MRIR_IV_MH4A-34,1.27
RVSDS_INT_MRIR_VA_MH5A-01,1.28
RVSDS_INT_MRIR_VA_MH5A-01A,0.77
RVSDS_INT_MRIR_VA_MH5A-04,8.58
RVSDS_INT_MRIR_VA_MH5A-05,8.64
RVSDS_INT_MRIR_VA_MH5A-15,5.39
RVSDS_INT_MRIR_VA_MH5A-16,5.42
RVSDS_INT_MRIR_VA_MH5A-32,4.16
RVSDS_INT_MRIR_VA_MH5A-33,4.19
RVSDS_INT_MRIR_VA_MH5A-47,5.14
RVSDS_INT_MRIR_VA_MH5A-48,5.18
RVSDS_INT_MRIR_VC_JC5C-04,0.91
RVSDS_INT_MRIR_VC_JC5C-16,1.35
RVSDS_INT_MRIR_VC_MH5C-02,8.61
RVSDS_INT_MRIR_VC_MH5C-03,8.7
RVSDS_INT_MRIR_VI_MH6-02,9.67
RVSDS_INT_MRIR_VI_MH6-03,9.7
RVSDS_INT_MRIR_VI_MH6-05A,6.34
RVSDS_INT_MRIR_VI_MH6-05B,6.36
RVSDS_INT_MRIR_VI_MH6-09,6.99
RVSDS_INT_MRIR_VI_MH6-10,7.02
RVSDS_INT_MRPIE_IV_MH4-1784.5,1.37
RVSDS_INT_MRPIE_IV_MH4-2296.1,0.46
RVSDS_INT_MRPIE_VI_MH6-20637.99,12.92
RVSDS_INT_MRPIE_VI_MH6-SARASOTA1,12.57
RVSDS_INT_NAI_I_MH1-10,1.4
RVSDS_INT_NAI_I_MH1-26,1.1
RVSDS_INT_NAI_I_MH1-27,0.81
RVSDS_INT_NAI_I_MH1-55,1.03
RVSDS_INT_PWI_IA_MH1A-SiphonDS_NoID,8.62
RVSDS_INT_PWI_IA_MH1A-SiphonUS_NoID,8.62
RVSDS_INT_RVI_IV_JC4-01,13.37
RVSDS_INT_RVI_IV_MH4-Ford-NorthChamber,13.56
RVSDS_INT_RVI_IV_MH4-Ford-SouthChamber,13.31
RVSDS_INT_RVI_IX_MH9-SiphonA-EastChamber,4.44
RVSDS_INT_RVI_IX_MH9-SiphonA-WestChamber,4.44
RVSDS_INT_RVI_V_MH5-Michigan-NorthChamber,10.69
RVSDS_INT_RVI_V_MH5-Michigan-SouthChamber,12.9
RVSDS_INT_RVI_V_MH5-SiphonA-EastChamber,11.63
RVSDS_INT_RVI_V_MH5-SiphonA-WestChamber,12.2
RVSDS_INT_RVI_V_MH5-SiphonB-EastChamber,10.04
RVSDS_INT_RVI_V_MH5-SiphonB-WestChamber,10.78
RVSDS_INT_RVI_VI_DC6-01,3.77
RVSDS_INT_RVI_VII_MH7-01,2.77
RVSDS_INT_RVI_VII_MH7-14A,2.74
RVSDS_INT_RVI_VII_MH7-14B,2.43
RVSDS_INT_RVI_VII_MH7-22,2.02
RVSDS_INT_RVI_VII_MH7-Beech-NorthChamber,12.38
RVSDS_INT_RVI_VII_MH7-Beech-SouthChamber,12.15
RVSDS_INT_RVI_VIII_JC8-27,1.38
RVSDS_INT_RVI_XII_MH12-12,1.54
RVSDS_INT_RVI_XII_MH12-SiphonA-NorthChamber,16.44
RVSDS_INT_RVI_XII_MH12-SiphonA-SouthChamber,16.52
RVSDS_INT_RVI_XII_MH12-SiphonB-E.SiphonChamber,9.44
RVSDS_INT_RVI_XII_MH12-SiphonB-W.SiphonChamber,9.4
RVSDS_INT_RVI_XIII_MH13-SiphonA-EastChamber,13.41
RVSDS_INT_RVI_XIII_MH13-SiphonA-WestChamber,14.0
RVSDS_INT_RVI_XIII_MH13-SiphonB-EastChamber,7.63
RVSDS_INT_RVI_XIII_MH13-SiphonB-WestChamber,8.08
RVSDS_INT_RVI_XV_JC15-18_High,0.75
RVSDS_INT_RVI_XV_JC15-18_Low,3.55
RVSDS_INT_RVI_XV_MH15-SiphonA-EastChamber,6.98
RVSDS_INT_RVI_XV_MH15-SiphonA-WestChamber,7.49
RVSDS_INT_RVI_XVI_JC16-11_High,0.63
RVSDS_INT_RVI_XVI_JC16-11_Low_(R53),1.41
RVSDS_INT_RVI_XVI_MH16-SiphonA-EastChamber,6.27
RVSDS_INT_RVI_XVI_MH16-SiphonA-WestChamber,6.32
RVSDS_INT_WI_W_DC21,0.8
RVSDS_INT_WIE_MH3794,5.12
RVSDS_INT_WIE_MH3890,5.15
RVSDS_INT_WIE_MH4431,5.28
RVSDS_INT_WIE_MH4505,5.3
RVSDS_INT_WIE_MH5582,5.04
RVSDS_INT_WIE_MH5692,5.06
RVSDS_RTB_DearbornHgts_3_BC1,15.5
RVSDS_RTB_DearbornHgts_3_BC2,15.48
RVSDS_RTB_DearbornHgts_3_BC3,15.5
RVSDS_RTB_DearbornHgts_3_BWG,2.64
RVSDS_RTB_DearbornHgts_3_D,0.0
RVSDS_RTB_DearbornHgts_3_Dummy,15.0
RVSDS_RTB_DearbornHgts_3_ET,2.84
RVSDS_RTB_DearbornHgts_3_IT,3.52
RVSDS_RTB_DearbornHgts_3_JC1,10.11
RVSDS_RTB_DearbornHgts_3_SE,2.63
RVSDS_RTB_DearbornHgts_3_WW,20.15
RVSDS_RTB_DearbornHgts_4_JC1,7.2
RVSDS_RTB_DearbornHgts_4_JC2,7.16
RVSDS_RTB_DearbornHgts_4_MH9,1.7
RVSDS_RTB_DearbornHgts_II_JC3,6.41
RVSDS_RTB_DearbornHgts_II_JC4,6.0
RVSDS_RTB_DearbornHgts_II_JC5,5.64
RVSDS_RTB_DearbornHgts_II_JC6,5.13
RVSDS_RTB_DearbornHgts_II_JC7,3.03
RVSDS_RTB_DearbornHgts_II_MHM03A,1.47
RVSDS_RTB_Inkster_1_BC1,16.14
RVSDS_RTB_Inkster_1_BC2,16.14
RVSDS_RTB_Inkster_1_BWG,0.52
RVSDS_RTB_Inkster_1_BWG2,0.96
RVSDS_RTB_Inkster_1_ET,0.87
RVSDS_RTB_Inkster_1_FFC,14.38
RVSDS_RTB_Inkster_1_IT,6.15
RVSDS_RTB_Inkster_1_JC1,0.89
RVSDS_RTB_Inkster_1_JC2,2.94
RVSDS_RTB_Inkster_1_MH2,2.91
RVSDS_RTB_Inkster_1_WW,12.02
RVSDS_RTB_Inkster_2_JC1,4.48
RVSDS_RTB_Inkster_2_JC2,2.03
RVSDS_RTB_Inkster_2_JC3,1.19
RVSDS_RTB_Inkster_2_JC4,1.56
RVSDS_RTB_Inkster_2_JC5,1.52
RVSDS_RTB_Inkster_2_JohnDaly_PS,6.63
RVSDS_RTB_Middlebelt_BWGS,0.0
RVSDS_RTB_Middlebelt_EB,15.81
RVSDS_RTB_Middlebelt_EC,0.0
RVSDS_RTB_Middlebelt_EJS,0.0
RVSDS_RTB_Middlebelt_IC,15.82
RVSDS_RTB_Middlebelt_IJS,4.31
RVSDS_RTB_Middlebelt_WB,15.81
RVSDS_RTB_Middlebelt_WW,26.8
RVSDS_RTB_Redford_1_BWG,3.29
RVSDS_RTB_Redford_1_Effluent,3.15
RVSDS_RTB_Redford_1_Flume,1.98
RVSDS_RTB_Redford_1_SB,3.26
RVSDS_RTB_Redford_1_SC,21.64
RVSDS_RTB_Redford_1_WW,13.61
RVSDS_RTB_Redford_2_JC1,6.42
RVSDS_RTB_Redford_2_JC2,6.09
RVSDS_RTB_Redford_2_JC3,5.89
RVSDS_RTB_Redford_BC1,16.16
RVSDS_RTB_Redford_BC2,16.16
RVSDS_RTB_Redford_SC,30.11
SCH00005,6.81
SCH00015,6.96
SCH00021,0.39
SCH00033,16.91
SCH00043,9.35
SCH00044,9.26
SCH00049,11.45
SCH00053,8.59
SCH00056,18.42
SCH00058,12.19
SCH00059,5.97
SCH00066,10.02
SCH02083,10.1
SDF_BabyCreekInfluent,24.89
SDF_Leib,16.66
SDF_StAubin,13.46
SDF_USBabyCreekScreen1-4,24.33
SDF_USBabyCreekScreen5-16,24.54
SFIT0010,31.48
SFIT0041,25.57
SFIT0042,30.82
SFIT0043,31.93
SFIT0048,10.33
SFIT0051,35.31
SFIT0052,30.11
SFIT0054,25.54
SFIT0058,23.66
SFIT0059,0.94
SFIT0060,29.97
SFIT0188,19.74
SFIT0189,13.48
SFIT0210,20.18
SFIT0308,12.12
SFIT0437,17.35
SFIT0445,3.08
SFIT0472,17.53
SFIT0474,19.37
SFIT0499,19.9
SFIT0504,20.13
SFIT0514,20.14
SFIT0516,20.26
SFIT0523,8.15
SFIT0524,8.4
SFIT0526,21.6
SFIT0531,21.5
SFIT0533,6.88
SFIT0534,7.62
SFIT0537,16.55
SFIT0553,22.45
SFIT0554,11.69
SFIT0560,22.51
SFIT0567,2.47
SFIT0568,22.51
SFIT0594,22.63
SFIT0609,25.26
SFIT0610,14.71
SFIT0615,14.19
SFIT0628,22.95
SFIT0653,24.08
SFIT0661,24.2
SFIT0662,24.41
SFIT0667,24.51
SFIT0678,24.62
SFIT0683,24.69
SFIT0686,24.74
SFIT0695,24.77
SFIT0698,25.36
SFIT0701,25.39
SFIT0707,25.4
SFIT0708,25.38
SFIT0714,25.4
SFIT0715,25.25
SFIT0719,24.98
SFIT0791,24.63
SFIT0793,24.24
SFIT0810,23.98
SFIT08722,17.5
SFIT09792,26.59
SFIT1200,10.86
SFIT1203,22.17
SFIT1204,20.69
SFIT1214,25.19
SFIT1216,38.81
SFIT1242,15.76
SFIT1342,28.79
SFIT1364,11.38
SFIT1409,15.47
SFIT1514,24.95
SFIT1531,27.36
SFIT1659,11.91
SFIT2145,12.32
SFIT2147,23.07
SFIT2205,22.49
SFIT2206,22.4
SFIT2208,13.79
SFIT2209,13.7
SFIT2219,112.84
SFIT2220,113.13
SFIT2362,16.31
SFIT2367,13.75
SFIT2444,25.92
SFIT2493,26.29
SFIT2506,28.04
SFIT2530,18.34
SFIT2547,9.32
SFIT2594,16.32
SFIT2619,24.36
SFIT2635,10.96
SFIT2702,10.53
SFIT2769,19.96
SFIT2839,19.99
SFIT3022,20.94
SFIT3070,20.45
SFIT3092,13.74
SFIT3093,11.64
SFIT3101,12.07
SFIT3104,14.29
SFIT3118,15.56
SFIT3268,7.63
SFIT3384,19.96
SFIT3392,15.42
SFIT3424,17.05
SFIT3443,16.38
SFIT3482,11.29
SFIT3483,11.37
SFIT3543,1.95
SFIT3649,3.73
SFIT3981,39.97
SFIT4194,38.0
SFIT4231,44.09
SFIT4392,7.69
SFIT4393,27.17
SFIT4398,26.94
SFIT4399,14.04
SFIT45805,2.28
SFIT55698,46.2
SFIT56551,11.95
SFIT56645,47.56
SFT0042,21.5
SFT0043,53.61
SMH02113,39.61
SMH04106,11.18
SMH04106_2,9.69
SMH05185,0.0
SMH05185o,3.25
SMH05729,29.62
SMH07581,16.62
SMH12283_2,24.89
SMH12330/12331,4.6
SMH13207,23.94
SMH14104,25.44
SMH14638,11.29
SMH18279d,24.48
SMH18279u,15.56
SMH19847,26.86
SMH20768,3.97
SMH22510,30.23
SMH23828,13.47
SMH25218,12.06
SMH25377,25.03
SMH25515,23.62
SMH25517,11.72
SMH26282,14.08
SMH26447,21.54
SMH30417,40.5
SMH30930,30.21
SMH32208,11.5
SMH32269,14.52
SMH32402,26.07
SMH33070,9.82
SMH34125,9.37
SMH34126,13.09
SMH34317,25.73
SMH35568,24.92
SMH38600,34.93
SMH38726,7.97
SMH39049,29.02
SMH39205,26.83
SMH39269,1.24
SMH44064,13.59
SMH45655,22.87
SMH45874,17.81
SMH47520,22.22
SMH52032,21.97
SMH52352,13.75
SMH52544,13.14
SMH52599,8.84
SMH52620d,18.92
SMH54296,13.42
SMH54312,21.84
SMH54535,35.69
SMH54564,29.14
SMH54587,25.22
SMH54766,15.11
SMH54809,8.57
SMH54815,13.38
SMH54820d,67.49
SMH54820u,16.8
SMH54821d,69.59
SMH54904,18.23
SMH61886,7.62
SMH62521d,61.01
SMH62555,19.57
SMH62581,19.58
SOT132004,12.44
SOT132005,11.19
SOT132005B,0.0
SOT132006,5.74
SOT136017,4.62
SOT140002,15.42
SOT140007,15.92
ST_Chrysler,7.82
ST_ElmwoodCemetery,4.58
ST_GM,4.49
ST_Oakwood,0.4
STS3_OMID,0.46
SU1,0.73
VioletWetWell,8.01
VR11_DS,29.31
VR11_US,30.0
WRRF_PS1,31.97
WRRF_PS2,53.57
WWMH38320,68.96
